path,filename,extension,size_bytes,modified_date,guessed_content_type
Production_data\Volve production data.xlsx,Volve production data.xlsx,.xlsx,2342595,2026-09-11T23:01:30.716063,application/vnd.openxmlformats-officedocument.spreadsheetml.sheet
Reports\Discovery_report.pdf,Discovery_report.pdf,.pdf,182392824,2026-09-11T23:03:52.825145,application/pdf
Reports\Volve PUD .pdf,Volve PUD .pdf,.pdf,4844993,2026-09-11T23:04:00.618279,application/pdf
Well_technical_data\EDT_EDM_read_me.txt,EDT_EDM_read_me.txt,.txt,272,2026-09-12T04:11:17.624637,text/plain
Well_technical_data\CasingSeat\left_intentionally_empty.txt,left_intentionally_empty.txt,.txt,0,2026-09-11T23:04:09.002062,text/plain
Well_technical_data\CasingWear\left_intentionally_empty.txt,left_intentionally_empty.txt,.txt,0,2026-09-11T23:04:14.062536,text/plain
Well_technical_data\Compass\left_intentionally_empty.txt,left_intentionally_empty.txt,.txt,0,2026-09-11T23:04:19.284652,text/plain
Well_technical_data\Daily Drilling Report - HTML Version\15_9_19_A_1980_01_01.html,15_9_19_A_1980_01_01.html,.html,9786,2026-09-11T23:04:25.845383,text/html
Well_technical_data\Daily Drilling Report - HTML Version\15_9_19_A_1997_07_25.html,15_9_19_A_1997_07_25.html,.html,8604,2026-09-11T23:04:29.433740,text/html
Well_technical_data\Daily Drilling Report - HTML Version\15_9_19_A_1997_07_26.html,15_9_19_A_1997_07_26.html,.html,18013,2026-09-11T23:04:33.213204,text/html
Well_technical_data\Daily Drilling Report - HTML Version\15_9_19_A_1997_07_27.html,15_9_19_A_1997_07_27.html,.html,17973,2026-09-11T23:04:36.715133,text/html
Well_technical_data\Daily Drilling Report - HTML Version\15_9_19_A_1997_07_28.html,15_9_19_A_1997_07_28.html,.html,15635,2026-09-11T23:04:40.435316,text/html
Well_technical_data\Daily Drilling Report - HTML Version\15_9_19_A_1997_07_29.html,15_9_19_A_1997_07_29.html,.html,16253,2026-09-11T23:04:43.524563,text/html
Well_technical_data\Daily Drilling Report - HTML Version\15_9_19_A_1997_07_30.html,15_9_19_A_1997_07_30.html,.html,21031,2026-09-11T23:04:47.004609,text/html
Well_technical_data\Daily Drilling Report - HTML Version\15_9_19_A_1997_07_31.html,15_9_19_A_1997_07_31.html,.html,19586,2026-09-11T23:04:50.586706,text/html
Well_technical_data\Daily Drilling Report - HTML Version\15_9_19_A_1997_08_01.html,15_9_19_A_1997_08_01.html,.html,19346,2026-09-11T23:04:54.201886,text/html
Well_technical_data\Daily Drilling Report - HTML Version\15_9_19_A_1997_08_02.html,15_9_19_A_1997_08_02.html,.html,18100,2026-09-11T23:04:57.772710,text/html
Well_technical_data\Daily Drilling Report - HTML Version\15_9_19_A_1997_08_03.html,15_9_19_A_1997_08_03.html,.html,16785,2026-09-11T23:05:00.962710,text/html
Well_technical_data\Daily Drilling Report - HTML Version\15_9_19_A_1997_08_04.html,15_9_19_A_1997_08_04.html,.html,20330,2026-09-11T23:05:04.593965,text/html
Well_technical_data\Daily Drilling Report - HTML Version\15_9_19_A_1997_08_05.html,15_9_19_A_1997_08_05.html,.html,19013,2026-09-11T23:05:07.997411,text/html
Well_technical_data\Daily Drilling Report - HTML Version\15_9_19_A_1997_08_06.html,15_9_19_A_1997_08_06.html,.html,22825,2026-09-11T23:05:11.696900,text/html
Well_technical_data\Daily Drilling Report - HTML Version\15_9_19_A_1997_08_07.html,15_9_19_A_1997_08_07.html,.html,22128,2026-09-11T23:05:15.286416,text/html
Well_technical_data\Daily Drilling Report - HTML Version\15_9_19_A_1997_08_08.html,15_9_19_A_1997_08_08.html,.html,19614,2026-09-11T23:05:18.670323,text/html
Well_technical_data\Daily Drilling Report - HTML Version\15_9_19_A_1997_08_09.html,15_9_19_A_1997_08_09.html,.html,19143,2026-09-11T23:05:22.095745,text/html
Well_technical_data\Daily Drilling Report - HTML Version\15_9_19_A_1997_08_10.html,15_9_19_A_1997_08_10.html,.html,21067,2026-09-11T23:05:25.366024,text/html
Well_technical_data\Daily Drilling Report - HTML Version\15_9_19_A_1997_08_11.html,15_9_19_A_1997_08_11.html,.html,19430,2026-09-11T23:05:28.729832,text/html
Well_technical_data\Daily Drilling Report - HTML Version\15_9_19_A_1997_08_12.html,15_9_19_A_1997_08_12.html,.html,18846,2026-09-11T23:05:32.351307,text/html
Well_technical_data\Daily Drilling Report - HTML Version\15_9_19_A_1997_08_13.html,15_9_19_A_1997_08_13.html,.html,17642,2026-09-11T23:05:35.708144,text/html
Well_technical_data\Daily Drilling Report - HTML Version\15_9_19_A_1997_08_14.html,15_9_19_A_1997_08_14.html,.html,18086,2026-09-11T23:05:39.098468,text/html
Well_technical_data\Daily Drilling Report - HTML Version\15_9_19_A_1997_08_15.html,15_9_19_A_1997_08_15.html,.html,20927,2026-09-11T23:05:42.557172,text/html
Well_technical_data\Daily Drilling Report - HTML Version\15_9_19_A_1997_08_16.html,15_9_19_A_1997_08_16.html,.html,21271,2026-09-11T23:05:46.947391,text/html
Well_technical_data\Daily Drilling Report - HTML Version\15_9_19_A_1997_08_17.html,15_9_19_A_1997_08_17.html,.html,20655,2026-09-11T23:05:50.647829,text/html
Well_technical_data\Daily Drilling Report - HTML Version\15_9_19_A_1997_08_18.html,15_9_19_A_1997_08_18.html,.html,20907,2026-09-11T23:05:55.068597,text/html
Well_technical_data\Daily Drilling Report - HTML Version\15_9_19_A_1997_08_19.html,15_9_19_A_1997_08_19.html,.html,19615,2026-09-11T23:05:58.526738,text/html
Well_technical_data\Daily Drilling Report - HTML Version\15_9_19_A_1997_08_20.html,15_9_19_A_1997_08_20.html,.html,18489,2026-09-11T23:06:01.884996,text/html
Well_technical_data\Daily Drilling Report - HTML Version\15_9_19_A_1997_08_21.html,15_9_19_A_1997_08_21.html,.html,19977,2026-09-11T23:06:04.808352,text/html
Well_technical_data\Daily Drilling Report - HTML Version\15_9_19_A_1997_08_22.html,15_9_19_A_1997_08_22.html,.html,20279,2026-09-11T23:06:08.146308,text/html
Well_technical_data\Daily Drilling Report - HTML Version\15_9_19_A_1997_08_23.html,15_9_19_A_1997_08_23.html,.html,12445,2026-09-11T23:06:11.726775,text/html
Well_technical_data\Daily Drilling Report - HTML Version\15_9_19_A_1997_08_24.html,15_9_19_A_1997_08_24.html,.html,14720,2026-09-11T23:06:15.309357,text/html
Well_technical_data\Daily Drilling Report - HTML Version\15_9_19_A_1997_08_25.html,15_9_19_A_1997_08_25.html,.html,14417,2026-09-11T23:06:18.781954,text/html
Well_technical_data\Daily Drilling Report - HTML Version\15_9_19_A_1997_08_26.html,15_9_19_A_1997_08_26.html,.html,17944,2026-09-11T23:06:22.412220,text/html
Well_technical_data\Daily Drilling Report - HTML Version\15_9_19_A_1997_08_27.html,15_9_19_A_1997_08_27.html,.html,12195,2026-09-11T23:06:25.887584,text/html
Well_technical_data\Daily Drilling Report - HTML Version\15_9_19_A_1997_08_28.html,15_9_19_A_1997_08_28.html,.html,16709,2026-09-11T23:06:30.033208,text/html
Well_technical_data\Daily Drilling Report - HTML Version\15_9_19_A_1997_08_29.html,15_9_19_A_1997_08_29.html,.html,16988,2026-09-11T23:06:33.381352,text/html
Well_technical_data\Daily Drilling Report - HTML Version\15_9_19_A_1997_08_30.html,15_9_19_A_1997_08_30.html,.html,14981,2026-09-11T23:06:36.524655,text/html
Well_technical_data\Daily Drilling Report - HTML Version\15_9_19_A_1997_08_31.html,15_9_19_A_1997_08_31.html,.html,16417,2026-09-11T23:06:39.716227,text/html
Well_technical_data\Daily Drilling Report - HTML Version\15_9_19_A_1997_09_01.html,15_9_19_A_1997_09_01.html,.html,15547,2026-09-11T23:06:43.275641,text/html
Well_technical_data\Daily Drilling Report - HTML Version\15_9_19_A_1997_09_02.html,15_9_19_A_1997_09_02.html,.html,17167,2026-09-11T23:06:46.577105,text/html
Well_technical_data\Daily Drilling Report - HTML Version\15_9_19_A_1997_09_03.html,15_9_19_A_1997_09_03.html,.html,17319,2026-09-11T23:06:49.491018,text/html
Well_technical_data\Daily Drilling Report - HTML Version\15_9_19_A_1997_09_04.html,15_9_19_A_1997_09_04.html,.html,10796,2026-09-11T23:06:52.664168,text/html
Well_technical_data\Daily Drilling Report - HTML Version\15_9_19_A_1997_09_05.html,15_9_19_A_1997_09_05.html,.html,9610,2026-09-11T23:06:55.985888,text/html
Well_technical_data\Daily Drilling Report - HTML Version\15_9_19_A_1997_09_06.html,15_9_19_A_1997_09_06.html,.html,9610,2026-09-11T23:06:59.510551,text/html
Well_technical_data\Daily Drilling Report - HTML Version\15_9_19_A_1997_09_07.html,15_9_19_A_1997_09_07.html,.html,9610,2026-09-11T23:07:02.850035,text/html
Well_technical_data\Daily Drilling Report - HTML Version\15_9_19_A_1997_09_08.html,15_9_19_A_1997_09_08.html,.html,9610,2026-09-11T23:07:05.642245,text/html
Well_technical_data\Daily Drilling Report - HTML Version\15_9_19_A_1997_09_09.html,15_9_19_A_1997_09_09.html,.html,9610,2026-09-11T23:07:08.736414,text/html
Well_technical_data\Daily Drilling Report - HTML Version\15_9_19_A_1997_09_10.html,15_9_19_A_1997_09_10.html,.html,9610,2026-09-11T23:07:11.666850,text/html
Well_technical_data\Daily Drilling Report - HTML Version\15_9_19_A_1997_09_11.html,15_9_19_A_1997_09_11.html,.html,9610,2026-09-11T23:07:14.563479,text/html
Well_technical_data\Daily Drilling Report - HTML Version\15_9_19_A_1997_09_12.html,15_9_19_A_1997_09_12.html,.html,9610,2026-09-11T23:07:17.756719,text/html
Well_technical_data\Daily Drilling Report - HTML Version\15_9_19_A_1997_09_13.html,15_9_19_A_1997_09_13.html,.html,9610,2026-09-11T23:07:20.831645,text/html
Well_technical_data\Daily Drilling Report - HTML Version\15_9_19_A_1997_09_14.html,15_9_19_A_1997_09_14.html,.html,9610,2026-09-11T23:07:23.874795,text/html
Well_technical_data\Daily Drilling Report - HTML Version\15_9_19_A_1997_09_15.html,15_9_19_A_1997_09_15.html,.html,9610,2026-09-11T23:07:26.827476,text/html
Well_technical_data\Daily Drilling Report - HTML Version\15_9_19_A_1997_09_16.html,15_9_19_A_1997_09_16.html,.html,9610,2026-09-11T23:07:30.246126,text/html
Well_technical_data\Daily Drilling Report - HTML Version\15_9_19_A_1997_09_17.html,15_9_19_A_1997_09_17.html,.html,9610,2026-09-11T23:07:33.500528,text/html
Well_technical_data\Daily Drilling Report - HTML Version\15_9_19_A_1997_09_18.html,15_9_19_A_1997_09_18.html,.html,9610,2026-09-11T23:07:36.606424,text/html
Well_technical_data\Daily Drilling Report - HTML Version\15_9_19_A_1997_09_19.html,15_9_19_A_1997_09_19.html,.html,9602,2026-09-11T23:07:39.993854,text/html
Well_technical_data\Daily Drilling Report - HTML Version\15_9_19_A_1997_09_20.html,15_9_19_A_1997_09_20.html,.html,9602,2026-09-11T23:07:42.884636,text/html
Well_technical_data\Daily Drilling Report - HTML Version\15_9_19_A_1997_09_21.html,15_9_19_A_1997_09_21.html,.html,9602,2026-09-11T23:07:45.844771,text/html
Well_technical_data\Daily Drilling Report - HTML Version\15_9_19_A_1997_09_22.html,15_9_19_A_1997_09_22.html,.html,9602,2026-09-11T23:07:48.795791,text/html
Well_technical_data\Daily Drilling Report - HTML Version\15_9_19_A_1997_09_23.html,15_9_19_A_1997_09_23.html,.html,9602,2026-09-11T23:07:51.834010,text/html
Well_technical_data\Daily Drilling Report - HTML Version\15_9_19_A_1997_09_24.html,15_9_19_A_1997_09_24.html,.html,9598,2026-09-11T23:07:54.665381,text/html
Well_technical_data\Daily Drilling Report - HTML Version\15_9_19_A_1997_09_25.html,15_9_19_A_1997_09_25.html,.html,9598,2026-09-11T23:07:57.840272,text/html
Well_technical_data\Daily Drilling Report - HTML Version\15_9_19_A_1997_09_26.html,15_9_19_A_1997_09_26.html,.html,9598,2026-09-11T23:08:01.240224,text/html
Well_technical_data\Daily Drilling Report - HTML Version\15_9_19_A_1997_09_27.html,15_9_19_A_1997_09_27.html,.html,9598,2026-09-11T23:08:04.306769,text/html
Well_technical_data\Daily Drilling Report - HTML Version\15_9_19_A_1997_09_28.html,15_9_19_A_1997_09_28.html,.html,9598,2026-09-11T23:08:07.407536,text/html
Well_technical_data\Daily Drilling Report - HTML Version\15_9_19_A_1997_09_29.html,15_9_19_A_1997_09_29.html,.html,9596,2026-09-11T23:08:10.515168,text/html
Well_technical_data\Daily Drilling Report - HTML Version\15_9_19_A_1997_09_30.html,15_9_19_A_1997_09_30.html,.html,9597,2026-09-11T23:08:13.460462,text/html
Well_technical_data\Daily Drilling Report - HTML Version\15_9_19_A_1997_10_01.html,15_9_19_A_1997_10_01.html,.html,9598,2026-09-11T23:08:16.620455,text/html
Well_technical_data\Daily Drilling Report - HTML Version\15_9_19_A_1997_10_02.html,15_9_19_A_1997_10_02.html,.html,9596,2026-09-11T23:08:21.095192,text/html
Well_technical_data\Daily Drilling Report - HTML Version\15_9_19_A_1997_10_03.html,15_9_19_A_1997_10_03.html,.html,9593,2026-09-11T23:08:23.783660,text/html
Well_technical_data\Daily Drilling Report - HTML Version\15_9_19_A_1997_10_04.html,15_9_19_A_1997_10_04.html,.html,9593,2026-09-11T23:08:27.002147,text/html
Well_technical_data\Daily Drilling Report - HTML Version\15_9_19_A_1997_10_05.html,15_9_19_A_1997_10_05.html,.html,11288,2026-09-11T23:08:30.006974,text/html
Well_technical_data\Daily Drilling Report - HTML Version\15_9_19_A_1997_10_06.html,15_9_19_A_1997_10_06.html,.html,11451,2026-09-11T23:08:32.887793,text/html
Well_technical_data\Daily Drilling Report - HTML Version\15_9_19_A_1997_10_07.html,15_9_19_A_1997_10_07.html,.html,11028,2026-09-11T23:08:36.107613,text/html
Well_technical_data\Daily Drilling Report - HTML Version\15_9_19_A_1997_10_08.html,15_9_19_A_1997_10_08.html,.html,12923,2026-09-11T23:08:39.074650,text/html
Well_technical_data\Daily Drilling Report - HTML Version\15_9_19_A_1997_10_09.html,15_9_19_A_1997_10_09.html,.html,16956,2026-09-11T23:08:43.121740,text/html
Well_technical_data\Daily Drilling Report - HTML Version\15_9_19_A_1997_10_10.html,15_9_19_A_1997_10_10.html,.html,14328,2026-09-11T23:08:46.106813,text/html
Well_technical_data\Daily Drilling Report - HTML Version\15_9_19_A_1997_10_11.html,15_9_19_A_1997_10_11.html,.html,15670,2026-09-11T23:08:49.357287,text/html
Well_technical_data\Daily Drilling Report - HTML Version\15_9_19_A_1997_10_12.html,15_9_19_A_1997_10_12.html,.html,14345,2026-09-11T23:08:52.501787,text/html
Well_technical_data\Daily Drilling Report - HTML Version\15_9_19_A_1997_10_13.html,15_9_19_A_1997_10_13.html,.html,15553,2026-09-11T23:08:55.938760,text/html
Well_technical_data\Daily Drilling Report - HTML Version\15_9_19_A_1997_10_14.html,15_9_19_A_1997_10_14.html,.html,14818,2026-09-11T23:08:59.155736,text/html
Well_technical_data\Daily Drilling Report - HTML Version\15_9_19_A_1997_10_15.html,15_9_19_A_1997_10_15.html,.html,15746,2026-09-11T23:09:02.770336,text/html
Well_technical_data\Daily Drilling Report - HTML Version\15_9_19_A_1997_10_16.html,15_9_19_A_1997_10_16.html,.html,14977,2026-09-11T23:09:06.295973,text/html
Well_technical_data\Daily Drilling Report - HTML Version\15_9_19_A_1997_10_17.html,15_9_19_A_1997_10_17.html,.html,16195,2026-09-11T23:09:09.864367,text/html
Well_technical_data\Daily Drilling Report - HTML Version\15_9_19_A_1997_10_18.html,15_9_19_A_1997_10_18.html,.html,15238,2026-09-11T23:09:13.310213,text/html
Well_technical_data\Daily Drilling Report - HTML Version\15_9_19_A_1997_10_19.html,15_9_19_A_1997_10_19.html,.html,14627,2026-09-11T23:09:16.923001,text/html
Well_technical_data\Daily Drilling Report - HTML Version\15_9_19_A_1997_10_20.html,15_9_19_A_1997_10_20.html,.html,15274,2026-09-11T23:09:20.225564,text/html
Well_technical_data\Daily Drilling Report - HTML Version\15_9_19_A_1997_10_21.html,15_9_19_A_1997_10_21.html,.html,16076,2026-09-11T23:09:23.389160,text/html
Well_technical_data\Daily Drilling Report - HTML Version\15_9_19_A_1997_10_22.html,15_9_19_A_1997_10_22.html,.html,16318,2026-09-11T23:09:26.811485,text/html
Well_technical_data\Daily Drilling Report - HTML Version\15_9_19_A_1997_10_23.html,15_9_19_A_1997_10_23.html,.html,14849,2026-09-11T23:09:30.190728,text/html
Well_technical_data\Daily Drilling Report - HTML Version\15_9_19_A_1997_10_24.html,15_9_19_A_1997_10_24.html,.html,15033,2026-09-11T23:09:33.527846,text/html
Well_technical_data\Daily Drilling Report - HTML Version\15_9_19_A_1997_10_25.html,15_9_19_A_1997_10_25.html,.html,14533,2026-09-11T23:09:36.596087,text/html
Well_technical_data\Daily Drilling Report - HTML Version\15_9_19_A_1997_10_26.html,15_9_19_A_1997_10_26.html,.html,13945,2026-09-11T23:09:39.907169,text/html
Well_technical_data\Daily Drilling Report - HTML Version\15_9_19_A_1997_10_27.html,15_9_19_A_1997_10_27.html,.html,16694,2026-09-11T23:09:43.441304,text/html
Well_technical_data\Daily Drilling Report - HTML Version\15_9_19_A_1997_10_28.html,15_9_19_A_1997_10_28.html,.html,15993,2026-09-11T23:09:46.701930,text/html
Well_technical_data\Daily Drilling Report - HTML Version\15_9_19_A_1997_10_29.html,15_9_19_A_1997_10_29.html,.html,15553,2026-09-11T23:09:51.024428,text/html
Well_technical_data\Daily Drilling Report - HTML Version\15_9_19_A_1997_10_30.html,15_9_19_A_1997_10_30.html,.html,15899,2026-09-11T23:09:54.761512,text/html
Well_technical_data\Daily Drilling Report - HTML Version\15_9_19_A_1997_10_31.html,15_9_19_A_1997_10_31.html,.html,13365,2026-09-11T23:09:57.754369,text/html
Well_technical_data\Daily Drilling Report - HTML Version\15_9_19_A_1997_11_01.html,15_9_19_A_1997_11_01.html,.html,15073,2026-09-11T23:10:01.079571,text/html
Well_technical_data\Daily Drilling Report - HTML Version\15_9_19_A_1997_11_02.html,15_9_19_A_1997_11_02.html,.html,13443,2026-09-11T23:10:04.402706,text/html
Well_technical_data\Daily Drilling Report - HTML Version\15_9_19_A_1997_11_03.html,15_9_19_A_1997_11_03.html,.html,15923,2026-09-11T23:10:07.777012,text/html
Well_technical_data\Daily Drilling Report - HTML Version\15_9_19_A_1997_11_04.html,15_9_19_A_1997_11_04.html,.html,14255,2026-09-11T23:10:11.030465,text/html
Well_technical_data\Daily Drilling Report - HTML Version\15_9_19_A_1997_11_05.html,15_9_19_A_1997_11_05.html,.html,14425,2026-09-11T23:10:14.236305,text/html
Well_technical_data\Daily Drilling Report - HTML Version\15_9_19_A_1997_11_06.html,15_9_19_A_1997_11_06.html,.html,17304,2026-09-11T23:10:17.512735,text/html
Well_technical_data\Daily Drilling Report - HTML Version\15_9_19_A_1997_11_07.html,15_9_19_A_1997_11_07.html,.html,15621,2026-09-11T23:10:20.542099,text/html
Well_technical_data\Daily Drilling Report - HTML Version\15_9_19_A_1997_11_08.html,15_9_19_A_1997_11_08.html,.html,15335,2026-09-11T23:10:23.670221,text/html
Well_technical_data\Daily Drilling Report - HTML Version\15_9_19_A_1997_11_09.html,15_9_19_A_1997_11_09.html,.html,17144,2026-09-11T23:10:27.076622,text/html
Well_technical_data\Daily Drilling Report - HTML Version\15_9_19_A_1997_11_10.html,15_9_19_A_1997_11_10.html,.html,15922,2026-09-11T23:10:30.078376,text/html
Well_technical_data\Daily Drilling Report - HTML Version\15_9_19_BT2_1997_12_06.html,15_9_19_BT2_1997_12_06.html,.html,14410,2026-09-11T23:10:32.783921,text/html
Well_technical_data\Daily Drilling Report - HTML Version\15_9_19_BT2_1997_12_07.html,15_9_19_BT2_1997_12_07.html,.html,15627,2026-09-11T23:10:35.857791,text/html
Well_technical_data\Daily Drilling Report - HTML Version\15_9_19_BT2_1997_12_08.html,15_9_19_BT2_1997_12_08.html,.html,18566,2026-09-11T23:10:38.959064,text/html
Well_technical_data\Daily Drilling Report - HTML Version\15_9_19_BT2_1997_12_09.html,15_9_19_BT2_1997_12_09.html,.html,19262,2026-09-11T23:10:42.078293,text/html
Well_technical_data\Daily Drilling Report - HTML Version\15_9_19_BT2_1997_12_10.html,15_9_19_BT2_1997_12_10.html,.html,16088,2026-09-11T23:10:45.408453,text/html
Well_technical_data\Daily Drilling Report - HTML Version\15_9_19_BT2_1997_12_11.html,15_9_19_BT2_1997_12_11.html,.html,14788,2026-09-11T23:10:48.805992,text/html
Well_technical_data\Daily Drilling Report - HTML Version\15_9_19_BT2_1997_12_12.html,15_9_19_BT2_1997_12_12.html,.html,14357,2026-09-11T23:10:52.189202,text/html
Well_technical_data\Daily Drilling Report - HTML Version\15_9_19_BT2_1997_12_13.html,15_9_19_BT2_1997_12_13.html,.html,17045,2026-09-11T23:10:55.218047,text/html
Well_technical_data\Daily Drilling Report - HTML Version\15_9_19_BT2_1997_12_14.html,15_9_19_BT2_1997_12_14.html,.html,15653,2026-09-11T23:10:58.895789,text/html
Well_technical_data\Daily Drilling Report - HTML Version\15_9_19_BT2_1997_12_15.html,15_9_19_BT2_1997_12_15.html,.html,20134,2026-09-11T23:11:02.225716,text/html
Well_technical_data\Daily Drilling Report - HTML Version\15_9_19_BT2_1997_12_16.html,15_9_19_BT2_1997_12_16.html,.html,16995,2026-09-11T23:11:05.939051,text/html
Well_technical_data\Daily Drilling Report - HTML Version\15_9_19_BT2_1997_12_17.html,15_9_19_BT2_1997_12_17.html,.html,15658,2026-09-11T23:11:09.184898,text/html
Well_technical_data\Daily Drilling Report - HTML Version\15_9_19_BT2_1997_12_18.html,15_9_19_BT2_1997_12_18.html,.html,16025,2026-09-11T23:11:12.214218,text/html
Well_technical_data\Daily Drilling Report - HTML Version\15_9_19_BT2_1997_12_19.html,15_9_19_BT2_1997_12_19.html,.html,19962,2026-09-11T23:11:15.541060,text/html
Well_technical_data\Daily Drilling Report - HTML Version\15_9_19_BT2_1997_12_20.html,15_9_19_BT2_1997_12_20.html,.html,19786,2026-09-11T23:11:18.747225,text/html
Well_technical_data\Daily Drilling Report - HTML Version\15_9_19_BT2_1997_12_21.html,15_9_19_BT2_1997_12_21.html,.html,19600,2026-09-11T23:11:22.105458,text/html
Well_technical_data\Daily Drilling Report - HTML Version\15_9_19_BT2_1997_12_22.html,15_9_19_BT2_1997_12_22.html,.html,18785,2026-09-11T23:11:25.927279,text/html
Well_technical_data\Daily Drilling Report - HTML Version\15_9_19_BT2_1997_12_23.html,15_9_19_BT2_1997_12_23.html,.html,16931,2026-09-11T23:11:29.404831,text/html
Well_technical_data\Daily Drilling Report - HTML Version\15_9_19_BT2_1997_12_24.html,15_9_19_BT2_1997_12_24.html,.html,18822,2026-09-11T23:11:33.641701,text/html
Well_technical_data\Daily Drilling Report - HTML Version\15_9_19_BT2_1997_12_25.html,15_9_19_BT2_1997_12_25.html,.html,20087,2026-09-11T23:11:36.910721,text/html
Well_technical_data\Daily Drilling Report - HTML Version\15_9_19_BT2_1997_12_26.html,15_9_19_BT2_1997_12_26.html,.html,19075,2026-09-11T23:11:40.624688,text/html
Well_technical_data\Daily Drilling Report - HTML Version\15_9_19_BT2_1997_12_27.html,15_9_19_BT2_1997_12_27.html,.html,18896,2026-09-11T23:11:43.981074,text/html
Well_technical_data\Daily Drilling Report - HTML Version\15_9_19_BT2_1997_12_28.html,15_9_19_BT2_1997_12_28.html,.html,18044,2026-09-11T23:11:47.836111,text/html
Well_technical_data\Daily Drilling Report - HTML Version\15_9_19_BT2_1997_12_29.html,15_9_19_BT2_1997_12_29.html,.html,19367,2026-09-11T23:11:52.592248,text/html
Well_technical_data\Daily Drilling Report - HTML Version\15_9_19_BT2_1997_12_30.html,15_9_19_BT2_1997_12_30.html,.html,18669,2026-09-11T23:11:56.233314,text/html
Well_technical_data\Daily Drilling Report - HTML Version\15_9_19_BT2_1997_12_31.html,15_9_19_BT2_1997_12_31.html,.html,19452,2026-09-11T23:11:59.618175,text/html
Well_technical_data\Daily Drilling Report - HTML Version\15_9_19_BT2_1998_01_01.html,15_9_19_BT2_1998_01_01.html,.html,17924,2026-09-11T23:12:03.129497,text/html
Well_technical_data\Daily Drilling Report - HTML Version\15_9_19_BT2_1998_01_02.html,15_9_19_BT2_1998_01_02.html,.html,16891,2026-09-11T23:12:06.327278,text/html
Well_technical_data\Daily Drilling Report - HTML Version\15_9_19_BT2_1998_01_03.html,15_9_19_BT2_1998_01_03.html,.html,16263,2026-09-11T23:12:09.630224,text/html
Well_technical_data\Daily Drilling Report - HTML Version\15_9_19_BT2_1998_01_04.html,15_9_19_BT2_1998_01_04.html,.html,16364,2026-09-11T23:12:13.183289,text/html
Well_technical_data\Daily Drilling Report - HTML Version\15_9_19_BT2_1998_01_05.html,15_9_19_BT2_1998_01_05.html,.html,15727,2026-09-11T23:12:16.088621,text/html
Well_technical_data\Daily Drilling Report - HTML Version\15_9_19_BT2_1998_01_06.html,15_9_19_BT2_1998_01_06.html,.html,18577,2026-09-11T23:12:19.581918,text/html
Well_technical_data\Daily Drilling Report - HTML Version\15_9_19_BT2_1998_01_07.html,15_9_19_BT2_1998_01_07.html,.html,21068,2026-09-11T23:12:22.717718,text/html
Well_technical_data\Daily Drilling Report - HTML Version\15_9_19_BT2_1998_01_08.html,15_9_19_BT2_1998_01_08.html,.html,17218,2026-09-11T23:12:25.902787,text/html
Well_technical_data\Daily Drilling Report - HTML Version\15_9_19_BT2_1998_01_09.html,15_9_19_BT2_1998_01_09.html,.html,19066,2026-09-11T23:12:29.266200,text/html
Well_technical_data\Daily Drilling Report - HTML Version\15_9_19_BT2_1998_01_10.html,15_9_19_BT2_1998_01_10.html,.html,19211,2026-09-11T23:12:32.504501,text/html
Well_technical_data\Daily Drilling Report - HTML Version\15_9_19_BT2_1998_01_11.html,15_9_19_BT2_1998_01_11.html,.html,17206,2026-09-11T23:12:35.978017,text/html
Well_technical_data\Daily Drilling Report - HTML Version\15_9_19_BT2_1998_01_12.html,15_9_19_BT2_1998_01_12.html,.html,16129,2026-09-11T23:12:39.183823,text/html
Well_technical_data\Daily Drilling Report - HTML Version\15_9_19_BT2_1998_01_13.html,15_9_19_BT2_1998_01_13.html,.html,16381,2026-09-11T23:12:42.462108,text/html
Well_technical_data\Daily Drilling Report - HTML Version\15_9_19_BT2_1998_01_14.html,15_9_19_BT2_1998_01_14.html,.html,15639,2026-09-11T23:12:45.573870,text/html
Well_technical_data\Daily Drilling Report - HTML Version\15_9_19_BT2_1998_01_15.html,15_9_19_BT2_1998_01_15.html,.html,17356,2026-09-11T23:12:49.025119,text/html
Well_technical_data\Daily Drilling Report - HTML Version\15_9_19_BT2_1998_01_16.html,15_9_19_BT2_1998_01_16.html,.html,16956,2026-09-11T23:12:53.847516,text/html
Well_technical_data\Daily Drilling Report - HTML Version\15_9_19_BT2_1998_01_17.html,15_9_19_BT2_1998_01_17.html,.html,17188,2026-09-11T23:12:57.575437,text/html
Well_technical_data\Daily Drilling Report - HTML Version\15_9_19_BT2_1998_01_18.html,15_9_19_BT2_1998_01_18.html,.html,16682,2026-09-11T23:13:01.415460,text/html
Well_technical_data\Daily Drilling Report - HTML Version\15_9_19_BT2_1998_01_19.html,15_9_19_BT2_1998_01_19.html,.html,17572,2026-09-11T23:13:05.253968,text/html
Well_technical_data\Daily Drilling Report - HTML Version\15_9_19_BT2_1998_01_20.html,15_9_19_BT2_1998_01_20.html,.html,17084,2026-09-11T23:13:08.749222,text/html
Well_technical_data\Daily Drilling Report - HTML Version\15_9_19_BT2_1998_01_21.html,15_9_19_BT2_1998_01_21.html,.html,17105,2026-09-11T23:13:12.058229,text/html
Well_technical_data\Daily Drilling Report - HTML Version\15_9_19_BT2_1998_01_22.html,15_9_19_BT2_1998_01_22.html,.html,20455,2026-09-11T23:13:15.341410,text/html
Well_technical_data\Daily Drilling Report - HTML Version\15_9_19_BT2_1998_01_23.html,15_9_19_BT2_1998_01_23.html,.html,17684,2026-09-11T23:13:18.877188,text/html
Well_technical_data\Daily Drilling Report - HTML Version\15_9_19_BT2_1998_01_24.html,15_9_19_BT2_1998_01_24.html,.html,18575,2026-09-11T23:13:22.266541,text/html
Well_technical_data\Daily Drilling Report - HTML Version\15_9_19_BT2_1998_01_25.html,15_9_19_BT2_1998_01_25.html,.html,16803,2026-09-11T23:13:25.346471,text/html
Well_technical_data\Daily Drilling Report - HTML Version\15_9_19_BT2_1998_01_26.html,15_9_19_BT2_1998_01_26.html,.html,19629,2026-09-11T23:13:28.897744,text/html
Well_technical_data\Daily Drilling Report - HTML Version\15_9_19_BT2_1998_01_27.html,15_9_19_BT2_1998_01_27.html,.html,16953,2026-09-11T23:13:32.401015,text/html
Well_technical_data\Daily Drilling Report - HTML Version\15_9_19_BT2_1998_01_28.html,15_9_19_BT2_1998_01_28.html,.html,12457,2026-09-11T23:13:35.158943,text/html
Well_technical_data\Daily Drilling Report - HTML Version\15_9_19_BT2_1998_01_29.html,15_9_19_BT2_1998_01_29.html,.html,13829,2026-09-11T23:13:39.006687,text/html
Well_technical_data\Daily Drilling Report - HTML Version\15_9_19_BT2_1998_01_30.html,15_9_19_BT2_1998_01_30.html,.html,12602,2026-09-11T23:13:41.897149,text/html
Well_technical_data\Daily Drilling Report - HTML Version\15_9_19_BT2_1998_01_31.html,15_9_19_BT2_1998_01_31.html,.html,11113,2026-09-11T23:13:45.086053,text/html
Well_technical_data\Daily Drilling Report - HTML Version\15_9_19_BT2_1998_02_01.html,15_9_19_BT2_1998_02_01.html,.html,11525,2026-09-11T23:13:48.168580,text/html
Well_technical_data\Daily Drilling Report - HTML Version\15_9_19_BT2_1998_02_02.html,15_9_19_BT2_1998_02_02.html,.html,11504,2026-09-11T23:13:51.334679,text/html
Well_technical_data\Daily Drilling Report - HTML Version\15_9_19_BT2_1998_02_03.html,15_9_19_BT2_1998_02_03.html,.html,10737,2026-09-11T23:13:54.504154,text/html
Well_technical_data\Daily Drilling Report - HTML Version\15_9_19_BT2_1998_02_04.html,15_9_19_BT2_1998_02_04.html,.html,11280,2026-09-11T23:13:57.717540,text/html
Well_technical_data\Daily Drilling Report - HTML Version\15_9_19_BT2_1998_02_05.html,15_9_19_BT2_1998_02_05.html,.html,9464,2026-09-11T23:14:00.614177,text/html
Well_technical_data\Daily Drilling Report - HTML Version\15_9_19_B_1997_11_10.html,15_9_19_B_1997_11_10.html,.html,10189,2026-09-11T23:14:04.074270,text/html
Well_technical_data\Daily Drilling Report - HTML Version\15_9_19_B_1997_11_11.html,15_9_19_B_1997_11_11.html,.html,17776,2026-09-11T23:14:07.022651,text/html
Well_technical_data\Daily Drilling Report - HTML Version\15_9_19_B_1997_11_12.html,15_9_19_B_1997_11_12.html,.html,18665,2026-09-11T23:14:10.399544,text/html
Well_technical_data\Daily Drilling Report - HTML Version\15_9_19_B_1997_11_13.html,15_9_19_B_1997_11_13.html,.html,21885,2026-09-11T23:14:14.076591,text/html
Well_technical_data\Daily Drilling Report - HTML Version\15_9_19_B_1997_11_14.html,15_9_19_B_1997_11_14.html,.html,18801,2026-09-11T23:14:17.694741,text/html
Well_technical_data\Daily Drilling Report - HTML Version\15_9_19_B_1997_11_15.html,15_9_19_B_1997_11_15.html,.html,23685,2026-09-11T23:14:22.617831,text/html
Well_technical_data\Daily Drilling Report - HTML Version\15_9_19_B_1997_11_16.html,15_9_19_B_1997_11_16.html,.html,19627,2026-09-11T23:14:26.333490,text/html
Well_technical_data\Daily Drilling Report - HTML Version\15_9_19_B_1997_11_17.html,15_9_19_B_1997_11_17.html,.html,15524,2026-09-11T23:14:30.356083,text/html
Well_technical_data\Daily Drilling Report - HTML Version\15_9_19_B_1997_11_18.html,15_9_19_B_1997_11_18.html,.html,20663,2026-09-11T23:14:33.721643,text/html
Well_technical_data\Daily Drilling Report - HTML Version\15_9_19_B_1997_11_19.html,15_9_19_B_1997_11_19.html,.html,16179,2026-09-11T23:14:37.208917,text/html
Well_technical_data\Daily Drilling Report - HTML Version\15_9_19_B_1997_11_20.html,15_9_19_B_1997_11_20.html,.html,14252,2026-09-11T23:14:40.713420,text/html
Well_technical_data\Daily Drilling Report - HTML Version\15_9_19_B_1997_11_21.html,15_9_19_B_1997_11_21.html,.html,14953,2026-09-11T23:14:44.709730,text/html
Well_technical_data\Daily Drilling Report - HTML Version\15_9_19_B_1997_11_22.html,15_9_19_B_1997_11_22.html,.html,11004,2026-09-11T23:14:47.875295,text/html
Well_technical_data\Daily Drilling Report - HTML Version\15_9_19_B_1997_11_23.html,15_9_19_B_1997_11_23.html,.html,13531,2026-09-11T23:14:52.164106,text/html
Well_technical_data\Daily Drilling Report - HTML Version\15_9_19_B_1997_11_24.html,15_9_19_B_1997_11_24.html,.html,17200,2026-09-11T23:14:55.666522,text/html
Well_technical_data\Daily Drilling Report - HTML Version\15_9_19_B_1997_11_25.html,15_9_19_B_1997_11_25.html,.html,16480,2026-09-11T23:14:59.224581,text/html
Well_technical_data\Daily Drilling Report - HTML Version\15_9_19_B_1997_11_26.html,15_9_19_B_1997_11_26.html,.html,17760,2026-09-11T23:15:03.030234,text/html
Well_technical_data\Daily Drilling Report - HTML Version\15_9_19_B_1997_11_27.html,15_9_19_B_1997_11_27.html,.html,25553,2026-09-11T23:15:06.649583,text/html
Well_technical_data\Daily Drilling Report - HTML Version\15_9_19_B_1997_11_28.html,15_9_19_B_1997_11_28.html,.html,23087,2026-09-11T23:15:09.981334,text/html
Well_technical_data\Daily Drilling Report - HTML Version\15_9_19_B_1997_11_29.html,15_9_19_B_1997_11_29.html,.html,15381,2026-09-11T23:15:13.299578,text/html
Well_technical_data\Daily Drilling Report - HTML Version\15_9_19_B_1997_11_30.html,15_9_19_B_1997_11_30.html,.html,16382,2026-09-11T23:15:17.016590,text/html
Well_technical_data\Daily Drilling Report - HTML Version\15_9_19_B_1997_12_01.html,15_9_19_B_1997_12_01.html,.html,16892,2026-09-11T23:15:20.607519,text/html
Well_technical_data\Daily Drilling Report - HTML Version\15_9_19_B_1997_12_02.html,15_9_19_B_1997_12_02.html,.html,16841,2026-09-11T23:15:24.003950,text/html
Well_technical_data\Daily Drilling Report - HTML Version\15_9_19_B_1997_12_03.html,15_9_19_B_1997_12_03.html,.html,17147,2026-09-11T23:15:27.161895,text/html
Well_technical_data\Daily Drilling Report - HTML Version\15_9_19_B_1997_12_04.html,15_9_19_B_1997_12_04.html,.html,18205,2026-09-11T23:15:31.178238,text/html
Well_technical_data\Daily Drilling Report - HTML Version\15_9_19_B_1997_12_05.html,15_9_19_B_1997_12_05.html,.html,16461,2026-09-11T23:15:35.501783,text/html
Well_technical_data\Daily Drilling Report - HTML Version\15_9_19_B_1997_12_06.html,15_9_19_B_1997_12_06.html,.html,16427,2026-09-11T23:15:40.257098,text/html
Well_technical_data\Daily Drilling Report - HTML Version\15_9_19_ST2_1992_12_19.html,15_9_19_ST2_1992_12_19.html,.html,9510,2026-09-11T23:15:43.653351,text/html
Well_technical_data\Daily Drilling Report - HTML Version\15_9_19_ST2_1992_12_20.html,15_9_19_ST2_1992_12_20.html,.html,18976,2026-09-11T23:15:47.383723,text/html
Well_technical_data\Daily Drilling Report - HTML Version\15_9_19_ST2_1992_12_21.html,15_9_19_ST2_1992_12_21.html,.html,20188,2026-09-11T23:15:50.881765,text/html
Well_technical_data\Daily Drilling Report - HTML Version\15_9_19_ST2_1992_12_22.html,15_9_19_ST2_1992_12_22.html,.html,19387,2026-09-11T23:15:54.527299,text/html
Well_technical_data\Daily Drilling Report - HTML Version\15_9_19_ST2_1992_12_23.html,15_9_19_ST2_1992_12_23.html,.html,18454,2026-09-11T23:15:58.177308,text/html
Well_technical_data\Daily Drilling Report - HTML Version\15_9_19_ST2_1992_12_24.html,15_9_19_ST2_1992_12_24.html,.html,20238,2026-09-11T23:16:01.851979,text/html
Well_technical_data\Daily Drilling Report - HTML Version\15_9_19_ST2_1992_12_25.html,15_9_19_ST2_1992_12_25.html,.html,18998,2026-09-11T23:16:05.299881,text/html
Well_technical_data\Daily Drilling Report - HTML Version\15_9_19_ST2_1992_12_26.html,15_9_19_ST2_1992_12_26.html,.html,16508,2026-09-11T23:16:09.334930,text/html
Well_technical_data\Daily Drilling Report - HTML Version\15_9_19_ST2_1992_12_27.html,15_9_19_ST2_1992_12_27.html,.html,15363,2026-09-11T23:16:12.684846,text/html
Well_technical_data\Daily Drilling Report - HTML Version\15_9_19_ST2_1992_12_28.html,15_9_19_ST2_1992_12_28.html,.html,15875,2026-09-11T23:16:16.620169,text/html
Well_technical_data\Daily Drilling Report - HTML Version\15_9_19_ST2_1992_12_29.html,15_9_19_ST2_1992_12_29.html,.html,15064,2026-09-11T23:16:20.478284,text/html
Well_technical_data\Daily Drilling Report - HTML Version\15_9_19_ST2_1992_12_30.html,15_9_19_ST2_1992_12_30.html,.html,16240,2026-09-11T23:16:24.030467,text/html
Well_technical_data\Daily Drilling Report - HTML Version\15_9_19_ST2_1992_12_31.html,15_9_19_ST2_1992_12_31.html,.html,19467,2026-09-11T23:16:27.711014,text/html
Well_technical_data\Daily Drilling Report - HTML Version\15_9_19_ST2_1993_01_01.html,15_9_19_ST2_1993_01_01.html,.html,17853,2026-09-11T23:16:34.140228,text/html
Well_technical_data\Daily Drilling Report - HTML Version\15_9_19_ST2_1993_01_02.html,15_9_19_ST2_1993_01_02.html,.html,15772,2026-09-11T23:16:37.346746,text/html
Well_technical_data\Daily Drilling Report - HTML Version\15_9_19_ST2_1993_01_03.html,15_9_19_ST2_1993_01_03.html,.html,20658,2026-09-11T23:16:40.865983,text/html
Well_technical_data\Daily Drilling Report - HTML Version\15_9_19_ST2_1993_01_04.html,15_9_19_ST2_1993_01_04.html,.html,16770,2026-09-11T23:16:44.422919,text/html
Well_technical_data\Daily Drilling Report - HTML Version\15_9_19_ST2_1993_01_05.html,15_9_19_ST2_1993_01_05.html,.html,19303,2026-09-11T23:16:48.076453,text/html
Well_technical_data\Daily Drilling Report - HTML Version\15_9_19_ST2_1993_01_06.html,15_9_19_ST2_1993_01_06.html,.html,22582,2026-09-11T23:16:52.017800,text/html
Well_technical_data\Daily Drilling Report - HTML Version\15_9_19_ST2_1993_01_07.html,15_9_19_ST2_1993_01_07.html,.html,19248,2026-09-11T23:16:55.448071,text/html
Well_technical_data\Daily Drilling Report - HTML Version\15_9_19_ST2_1993_01_08.html,15_9_19_ST2_1993_01_08.html,.html,19640,2026-09-11T23:16:59.272576,text/html
Well_technical_data\Daily Drilling Report - HTML Version\15_9_19_ST2_1993_01_09.html,15_9_19_ST2_1993_01_09.html,.html,18760,2026-09-11T23:17:02.365379,text/html
Well_technical_data\Daily Drilling Report - HTML Version\15_9_19_ST2_1993_01_10.html,15_9_19_ST2_1993_01_10.html,.html,18625,2026-09-11T23:17:05.524439,text/html
Well_technical_data\Daily Drilling Report - HTML Version\15_9_19_ST2_1993_01_11.html,15_9_19_ST2_1993_01_11.html,.html,19165,2026-09-11T23:17:08.988327,text/html
Well_technical_data\Daily Drilling Report - HTML Version\15_9_19_ST2_1993_01_12.html,15_9_19_ST2_1993_01_12.html,.html,13638,2026-09-11T23:17:12.185945,text/html
Well_technical_data\Daily Drilling Report - HTML Version\15_9_19_ST2_1993_01_13.html,15_9_19_ST2_1993_01_13.html,.html,16043,2026-09-11T23:17:15.413614,text/html
Well_technical_data\Daily Drilling Report - HTML Version\15_9_19_ST2_1993_01_14.html,15_9_19_ST2_1993_01_14.html,.html,16358,2026-09-11T23:17:19.952661,text/html
Well_technical_data\Daily Drilling Report - HTML Version\15_9_19_ST2_1993_01_15.html,15_9_19_ST2_1993_01_15.html,.html,15490,2026-09-11T23:17:23.725733,text/html
Well_technical_data\Daily Drilling Report - HTML Version\15_9_19_ST2_1993_01_16.html,15_9_19_ST2_1993_01_16.html,.html,15775,2026-09-11T23:17:27.252898,text/html
Well_technical_data\Daily Drilling Report - HTML Version\15_9_19_ST2_1993_01_17.html,15_9_19_ST2_1993_01_17.html,.html,15803,2026-09-11T23:17:30.823692,text/html
Well_technical_data\Daily Drilling Report - HTML Version\15_9_19_ST2_1993_01_18.html,15_9_19_ST2_1993_01_18.html,.html,14567,2026-09-11T23:17:33.978422,text/html
Well_technical_data\Daily Drilling Report - HTML Version\15_9_19_ST2_1993_01_19.html,15_9_19_ST2_1993_01_19.html,.html,13671,2026-09-11T23:17:38.072826,text/html
Well_technical_data\Daily Drilling Report - HTML Version\15_9_19_ST2_1993_01_20.html,15_9_19_ST2_1993_01_20.html,.html,16628,2026-09-11T23:17:41.729765,text/html
Well_technical_data\Daily Drilling Report - HTML Version\15_9_19_ST2_1993_01_21.html,15_9_19_ST2_1993_01_21.html,.html,14643,2026-09-11T23:17:45.179103,text/html
Well_technical_data\Daily Drilling Report - HTML Version\15_9_19_ST2_1993_01_22.html,15_9_19_ST2_1993_01_22.html,.html,13005,2026-09-11T23:17:48.214298,text/html
Well_technical_data\Daily Drilling Report - HTML Version\15_9_19_ST2_1993_01_23.html,15_9_19_ST2_1993_01_23.html,.html,15752,2026-09-11T23:17:51.815417,text/html
Well_technical_data\Daily Drilling Report - HTML Version\15_9_19_ST2_1993_01_24.html,15_9_19_ST2_1993_01_24.html,.html,15265,2026-09-11T23:17:55.533962,text/html
Well_technical_data\Daily Drilling Report - HTML Version\15_9_19_ST2_1993_01_25.html,15_9_19_ST2_1993_01_25.html,.html,16214,2026-09-11T23:17:59.448031,text/html
Well_technical_data\Daily Drilling Report - HTML Version\15_9_19_ST2_1993_01_26.html,15_9_19_ST2_1993_01_26.html,.html,18922,2026-09-11T23:18:03.075207,text/html
Well_technical_data\Daily Drilling Report - HTML Version\15_9_19_ST2_1993_01_27.html,15_9_19_ST2_1993_01_27.html,.html,16600,2026-09-11T23:18:06.136501,text/html
Well_technical_data\Daily Drilling Report - HTML Version\15_9_19_ST2_1993_01_28.html,15_9_19_ST2_1993_01_28.html,.html,17456,2026-09-11T23:18:09.566092,text/html
Well_technical_data\Daily Drilling Report - HTML Version\15_9_19_ST2_1993_01_29.html,15_9_19_ST2_1993_01_29.html,.html,15165,2026-09-11T23:18:13.078405,text/html
Well_technical_data\Daily Drilling Report - HTML Version\15_9_19_ST2_1993_01_30.html,15_9_19_ST2_1993_01_30.html,.html,15608,2026-09-11T23:18:16.415886,text/html
Well_technical_data\Daily Drilling Report - HTML Version\15_9_19_ST2_1993_01_31.html,15_9_19_ST2_1993_01_31.html,.html,9927,2026-09-11T23:18:19.351235,text/html
Well_technical_data\Daily Drilling Report - HTML Version\15_9_19_ST2_1993_02_01.html,15_9_19_ST2_1993_02_01.html,.html,10522,2026-09-11T23:18:22.809402,text/html
Well_technical_data\Daily Drilling Report - HTML Version\15_9_19_ST2_1993_02_18.html,15_9_19_ST2_1993_02_18.html,.html,9751,2026-09-11T23:18:26.974334,text/html
Well_technical_data\Daily Drilling Report - HTML Version\15_9_19_ST2_1993_02_19.html,15_9_19_ST2_1993_02_19.html,.html,14238,2026-09-11T23:18:32.597944,text/html
Well_technical_data\Daily Drilling Report - HTML Version\15_9_19_ST2_1993_02_20.html,15_9_19_ST2_1993_02_20.html,.html,13435,2026-09-11T23:18:36.826085,text/html
Well_technical_data\Daily Drilling Report - HTML Version\15_9_19_ST2_1993_02_21.html,15_9_19_ST2_1993_02_21.html,.html,9860,2026-09-11T23:18:41.070502,text/html
Well_technical_data\Daily Drilling Report - HTML Version\15_9_19_ST2_1993_02_22.html,15_9_19_ST2_1993_02_22.html,.html,14136,2026-09-11T23:18:44.726309,text/html
Well_technical_data\Daily Drilling Report - HTML Version\15_9_19_ST2_1993_02_23.html,15_9_19_ST2_1993_02_23.html,.html,14206,2026-09-11T23:18:48.117565,text/html
Well_technical_data\Daily Drilling Report - HTML Version\15_9_19_ST2_1993_02_24.html,15_9_19_ST2_1993_02_24.html,.html,16206,2026-09-11T23:18:51.593337,text/html
Well_technical_data\Daily Drilling Report - HTML Version\15_9_19_ST2_1993_02_25.html,15_9_19_ST2_1993_02_25.html,.html,11888,2026-09-11T23:18:55.058069,text/html
Well_technical_data\Daily Drilling Report - HTML Version\15_9_19_ST2_1993_02_26.html,15_9_19_ST2_1993_02_26.html,.html,17970,2026-09-11T23:18:58.927456,text/html
Well_technical_data\Daily Drilling Report - HTML Version\15_9_19_ST2_1993_02_27.html,15_9_19_ST2_1993_02_27.html,.html,19467,2026-09-11T23:19:05.044289,text/html
Well_technical_data\Daily Drilling Report - HTML Version\15_9_19_ST2_1993_02_28.html,15_9_19_ST2_1993_02_28.html,.html,18726,2026-09-11T23:19:09.040561,text/html
Well_technical_data\Daily Drilling Report - HTML Version\15_9_19_ST2_1993_03_01.html,15_9_19_ST2_1993_03_01.html,.html,18526,2026-09-11T23:19:13.203005,text/html
Well_technical_data\Daily Drilling Report - HTML Version\15_9_19_ST2_1993_03_02.html,15_9_19_ST2_1993_03_02.html,.html,19574,2026-09-11T23:19:17.170197,text/html
Well_technical_data\Daily Drilling Report - HTML Version\15_9_19_ST2_1993_03_03.html,15_9_19_ST2_1993_03_03.html,.html,15179,2026-09-11T23:19:20.846432,text/html
Well_technical_data\Daily Drilling Report - HTML Version\15_9_19_ST2_1993_03_04.html,15_9_19_ST2_1993_03_04.html,.html,15507,2026-09-11T23:19:24.495809,text/html
Well_technical_data\Daily Drilling Report - HTML Version\15_9_19_ST2_1993_03_05.html,15_9_19_ST2_1993_03_05.html,.html,19064,2026-09-11T23:19:27.848367,text/html
Well_technical_data\Daily Drilling Report - HTML Version\15_9_19_ST2_1993_03_06.html,15_9_19_ST2_1993_03_06.html,.html,19955,2026-09-11T23:19:31.136392,text/html
Well_technical_data\Daily Drilling Report - HTML Version\15_9_19_ST2_1993_03_07.html,15_9_19_ST2_1993_03_07.html,.html,19103,2026-09-11T23:19:35.060095,text/html
Well_technical_data\Daily Drilling Report - HTML Version\15_9_19_ST2_1993_03_08.html,15_9_19_ST2_1993_03_08.html,.html,19119,2026-09-11T23:19:38.759220,text/html
Well_technical_data\Daily Drilling Report - HTML Version\15_9_19_ST2_1993_03_09.html,15_9_19_ST2_1993_03_09.html,.html,22959,2026-09-11T23:19:42.020999,text/html
Well_technical_data\Daily Drilling Report - HTML Version\15_9_19_ST2_1993_03_10.html,15_9_19_ST2_1993_03_10.html,.html,19663,2026-09-11T23:19:45.606768,text/html
Well_technical_data\Daily Drilling Report - HTML Version\15_9_19_ST2_1993_03_11.html,15_9_19_ST2_1993_03_11.html,.html,20532,2026-09-11T23:19:48.941453,text/html
Well_technical_data\Daily Drilling Report - HTML Version\15_9_19_ST2_1993_03_12.html,15_9_19_ST2_1993_03_12.html,.html,17760,2026-09-11T23:19:52.011548,text/html
Well_technical_data\Daily Drilling Report - HTML Version\15_9_19_ST2_1993_03_13.html,15_9_19_ST2_1993_03_13.html,.html,17183,2026-09-11T23:19:55.328656,text/html
Well_technical_data\Daily Drilling Report - HTML Version\15_9_19_ST2_1993_03_14.html,15_9_19_ST2_1993_03_14.html,.html,17266,2026-09-11T23:19:59.568133,text/html
Well_technical_data\Daily Drilling Report - HTML Version\15_9_19_ST2_1993_03_15.html,15_9_19_ST2_1993_03_15.html,.html,16045,2026-09-11T23:20:03.059551,text/html
Well_technical_data\Daily Drilling Report - HTML Version\15_9_19_ST2_1993_03_16.html,15_9_19_ST2_1993_03_16.html,.html,17308,2026-09-11T23:20:07.134466,text/html
Well_technical_data\Daily Drilling Report - HTML Version\15_9_19_ST2_1993_03_17.html,15_9_19_ST2_1993_03_17.html,.html,15130,2026-09-11T23:20:10.452921,text/html
Well_technical_data\Daily Drilling Report - HTML Version\15_9_19_ST2_1993_03_18.html,15_9_19_ST2_1993_03_18.html,.html,17820,2026-09-11T23:20:14.153097,text/html
Well_technical_data\Daily Drilling Report - HTML Version\15_9_19_ST2_1993_03_19.html,15_9_19_ST2_1993_03_19.html,.html,19049,2026-09-11T23:20:19.697193,text/html
Well_technical_data\Daily Drilling Report - HTML Version\15_9_19_ST2_1993_03_20.html,15_9_19_ST2_1993_03_20.html,.html,14073,2026-09-11T23:20:23.853262,text/html
Well_technical_data\Daily Drilling Report - HTML Version\15_9_19_ST2_1993_03_21.html,15_9_19_ST2_1993_03_21.html,.html,14519,2026-09-11T23:20:27.386755,text/html
Well_technical_data\Daily Drilling Report - HTML Version\15_9_19_ST2_1993_03_22.html,15_9_19_ST2_1993_03_22.html,.html,16647,2026-09-11T23:20:31.126123,text/html
Well_technical_data\Daily Drilling Report - HTML Version\15_9_19_ST2_1993_03_23.html,15_9_19_ST2_1993_03_23.html,.html,15084,2026-09-11T23:20:34.652680,text/html
Well_technical_data\Daily Drilling Report - HTML Version\15_9_19_ST2_1993_03_24.html,15_9_19_ST2_1993_03_24.html,.html,14626,2026-09-11T23:20:38.120541,text/html
Well_technical_data\Daily Drilling Report - HTML Version\15_9_19_ST2_1993_03_25.html,15_9_19_ST2_1993_03_25.html,.html,15068,2026-09-11T23:20:42.442709,text/html
Well_technical_data\Daily Drilling Report - HTML Version\15_9_19_ST2_1993_03_26.html,15_9_19_ST2_1993_03_26.html,.html,14906,2026-09-11T23:20:45.821611,text/html
Well_technical_data\Daily Drilling Report - HTML Version\15_9_19_ST2_1993_03_27.html,15_9_19_ST2_1993_03_27.html,.html,11333,2026-09-11T23:20:50.112507,text/html
Well_technical_data\Daily Drilling Report - HTML Version\15_9_19_ST2_1993_03_28.html,15_9_19_ST2_1993_03_28.html,.html,14469,2026-09-11T23:20:57.519688,text/html
Well_technical_data\Daily Drilling Report - HTML Version\15_9_19_ST2_1993_03_29.html,15_9_19_ST2_1993_03_29.html,.html,14234,2026-09-11T23:21:01.194537,text/html
Well_technical_data\Daily Drilling Report - HTML Version\15_9_19_ST2_1993_03_30.html,15_9_19_ST2_1993_03_30.html,.html,15056,2026-09-11T23:21:05.092673,text/html
Well_technical_data\Daily Drilling Report - HTML Version\15_9_19_ST2_1993_03_31.html,15_9_19_ST2_1993_03_31.html,.html,15063,2026-09-11T23:21:08.518889,text/html
Well_technical_data\Daily Drilling Report - HTML Version\15_9_19_ST2_1993_04_01.html,15_9_19_ST2_1993_04_01.html,.html,17536,2026-09-11T23:21:12.055087,text/html
Well_technical_data\Daily Drilling Report - HTML Version\15_9_19_ST2_1993_04_02.html,15_9_19_ST2_1993_04_02.html,.html,14948,2026-09-11T23:21:15.645550,text/html
Well_technical_data\Daily Drilling Report - HTML Version\15_9_19_ST2_1993_04_03.html,15_9_19_ST2_1993_04_03.html,.html,15048,2026-09-11T23:21:18.885013,text/html
Well_technical_data\Daily Drilling Report - HTML Version\15_9_19_ST2_1993_04_04.html,15_9_19_ST2_1993_04_04.html,.html,15193,2026-09-11T23:21:21.985778,text/html
Well_technical_data\Daily Drilling Report - HTML Version\15_9_19_ST2_1993_04_05.html,15_9_19_ST2_1993_04_05.html,.html,15980,2026-09-11T23:21:25.541879,text/html
Well_technical_data\Daily Drilling Report - HTML Version\15_9_19_ST2_1993_04_06.html,15_9_19_ST2_1993_04_06.html,.html,16291,2026-09-11T23:21:28.560107,text/html
Well_technical_data\Daily Drilling Report - HTML Version\15_9_19_ST2_1993_04_07.html,15_9_19_ST2_1993_04_07.html,.html,14185,2026-09-11T23:21:33.226775,text/html
Well_technical_data\Daily Drilling Report - HTML Version\15_9_19_ST2_1993_04_08.html,15_9_19_ST2_1993_04_08.html,.html,15225,2026-09-11T23:21:37.378599,text/html
Well_technical_data\Daily Drilling Report - HTML Version\15_9_19_ST2_1993_04_09.html,15_9_19_ST2_1993_04_09.html,.html,14235,2026-09-11T23:21:40.676470,text/html
Well_technical_data\Daily Drilling Report - HTML Version\15_9_19_ST2_1993_04_10.html,15_9_19_ST2_1993_04_10.html,.html,16871,2026-09-11T23:21:44.522201,text/html
Well_technical_data\Daily Drilling Report - HTML Version\15_9_19_ST2_1993_04_11.html,15_9_19_ST2_1993_04_11.html,.html,15324,2026-09-11T23:21:47.909245,text/html
Well_technical_data\Daily Drilling Report - HTML Version\15_9_19_ST2_1993_04_12.html,15_9_19_ST2_1993_04_12.html,.html,14700,2026-09-11T23:21:51.289017,text/html
Well_technical_data\Daily Drilling Report - HTML Version\15_9_19_ST2_1993_04_13.html,15_9_19_ST2_1993_04_13.html,.html,14355,2026-09-11T23:21:54.682889,text/html
Well_technical_data\Daily Drilling Report - HTML Version\15_9_19_ST2_1993_04_14.html,15_9_19_ST2_1993_04_14.html,.html,15488,2026-09-11T23:21:58.392902,text/html
Well_technical_data\Daily Drilling Report - HTML Version\15_9_19_ST2_1993_04_15.html,15_9_19_ST2_1993_04_15.html,.html,15345,2026-09-11T23:22:01.878815,text/html
Well_technical_data\Daily Drilling Report - HTML Version\15_9_19_ST2_1993_04_16.html,15_9_19_ST2_1993_04_16.html,.html,15658,2026-09-11T23:22:05.275273,text/html
Well_technical_data\Daily Drilling Report - HTML Version\15_9_19_ST2_1993_04_17.html,15_9_19_ST2_1993_04_17.html,.html,16943,2026-09-11T23:22:08.631731,text/html
Well_technical_data\Daily Drilling Report - HTML Version\15_9_19_ST2_1993_04_18.html,15_9_19_ST2_1993_04_18.html,.html,14541,2026-09-11T23:22:11.567113,text/html
Well_technical_data\Daily Drilling Report - HTML Version\15_9_19_ST2_1993_04_19.html,15_9_19_ST2_1993_04_19.html,.html,13891,2026-09-11T23:22:15.075567,text/html
Well_technical_data\Daily Drilling Report - HTML Version\15_9_19_ST2_1993_04_20.html,15_9_19_ST2_1993_04_20.html,.html,15578,2026-09-11T23:22:18.532193,text/html
Well_technical_data\Daily Drilling Report - HTML Version\15_9_19_ST2_1993_04_21.html,15_9_19_ST2_1993_04_21.html,.html,12657,2026-09-11T23:22:21.367206,text/html
Well_technical_data\Daily Drilling Report - HTML Version\15_9_19_ST2_1993_04_22.html,15_9_19_ST2_1993_04_22.html,.html,13236,2026-09-11T23:22:24.500282,text/html
Well_technical_data\Daily Drilling Report - HTML Version\15_9_19_ST2_1993_04_23.html,15_9_19_ST2_1993_04_23.html,.html,13674,2026-09-11T23:22:28.108449,text/html
Well_technical_data\Daily Drilling Report - HTML Version\15_9_19_ST2_1993_04_24.html,15_9_19_ST2_1993_04_24.html,.html,17495,2026-09-11T23:22:30.940761,text/html
Well_technical_data\Daily Drilling Report - HTML Version\15_9_19_ST2_1993_04_25.html,15_9_19_ST2_1993_04_25.html,.html,13413,2026-09-11T23:22:34.185198,text/html
Well_technical_data\Daily Drilling Report - HTML Version\15_9_19_ST2_1993_04_26.html,15_9_19_ST2_1993_04_26.html,.html,15335,2026-09-11T23:22:37.633020,text/html
Well_technical_data\Daily Drilling Report - HTML Version\15_9_19_ST2_1993_04_27.html,15_9_19_ST2_1993_04_27.html,.html,15269,2026-09-11T23:22:40.807912,text/html
Well_technical_data\Daily Drilling Report - HTML Version\15_9_19_ST2_1993_04_28.html,15_9_19_ST2_1993_04_28.html,.html,17874,2026-09-11T23:22:43.793568,text/html
Well_technical_data\Daily Drilling Report - HTML Version\15_9_19_ST2_1993_04_29.html,15_9_19_ST2_1993_04_29.html,.html,18385,2026-09-11T23:22:47.281872,text/html
Well_technical_data\Daily Drilling Report - HTML Version\15_9_19_ST2_1993_04_30.html,15_9_19_ST2_1993_04_30.html,.html,12376,2026-09-11T23:22:51.147334,text/html
Well_technical_data\Daily Drilling Report - HTML Version\15_9_19_ST2_1997_07_17.html,15_9_19_ST2_1997_07_17.html,.html,9723,2026-09-11T23:22:55.058458,text/html
Well_technical_data\Daily Drilling Report - HTML Version\15_9_19_ST2_1997_07_18.html,15_9_19_ST2_1997_07_18.html,.html,11300,2026-09-11T23:22:58.525917,text/html
Well_technical_data\Daily Drilling Report - HTML Version\15_9_19_ST2_1997_07_19.html,15_9_19_ST2_1997_07_19.html,.html,12096,2026-09-11T23:23:01.659830,text/html
Well_technical_data\Daily Drilling Report - HTML Version\15_9_19_ST2_1997_07_20.html,15_9_19_ST2_1997_07_20.html,.html,10905,2026-09-11T23:23:04.856164,text/html
Well_technical_data\Daily Drilling Report - HTML Version\15_9_19_ST2_1997_07_21.html,15_9_19_ST2_1997_07_21.html,.html,16357,2026-09-11T23:23:08.222839,text/html
Well_technical_data\Daily Drilling Report - HTML Version\15_9_19_ST2_1997_07_22.html,15_9_19_ST2_1997_07_22.html,.html,14114,2026-09-11T23:23:11.780647,text/html
Well_technical_data\Daily Drilling Report - HTML Version\15_9_19_ST2_1997_07_23.html,15_9_19_ST2_1997_07_23.html,.html,16544,2026-09-11T23:23:14.978761,text/html
Well_technical_data\Daily Drilling Report - HTML Version\15_9_19_ST2_1997_07_24.html,15_9_19_ST2_1997_07_24.html,.html,13719,2026-09-11T23:23:18.409312,text/html
Well_technical_data\Daily Drilling Report - HTML Version\15_9_19_ST2_1997_07_25.html,15_9_19_ST2_1997_07_25.html,.html,11900,2026-09-11T23:23:21.884327,text/html
Well_technical_data\Daily Drilling Report - HTML Version\15_9_19_ST2_1997_07_26.html,15_9_19_ST2_1997_07_26.html,.html,9306,2026-09-11T23:23:24.923498,text/html
Well_technical_data\Daily Drilling Report - HTML Version\15_9_19_S_1992_09_09.html,15_9_19_S_1992_09_09.html,.html,9656,2026-09-11T23:23:27.978318,text/html
Well_technical_data\Daily Drilling Report - HTML Version\15_9_19_S_1992_09_10.html,15_9_19_S_1992_09_10.html,.html,10106,2026-09-11T23:23:30.856838,text/html
Well_technical_data\Daily Drilling Report - HTML Version\15_9_19_S_1992_09_11.html,15_9_19_S_1992_09_11.html,.html,10165,2026-09-11T23:23:33.669187,text/html
Well_technical_data\Daily Drilling Report - HTML Version\15_9_19_S_1992_09_12.html,15_9_19_S_1992_09_12.html,.html,9522,2026-09-11T23:23:37.046229,text/html
Well_technical_data\Daily Drilling Report - HTML Version\15_9_19_S_1992_09_13.html,15_9_19_S_1992_09_13.html,.html,9541,2026-09-11T23:23:40.293628,text/html
Well_technical_data\Daily Drilling Report - HTML Version\15_9_19_S_1992_09_14.html,15_9_19_S_1992_09_14.html,.html,9589,2026-09-11T23:23:43.725307,text/html
Well_technical_data\Daily Drilling Report - HTML Version\15_9_19_S_1992_09_15.html,15_9_19_S_1992_09_15.html,.html,11855,2026-09-11T23:23:46.410419,text/html
Well_technical_data\Daily Drilling Report - HTML Version\15_9_19_S_1992_09_16.html,15_9_19_S_1992_09_16.html,.html,13116,2026-09-11T23:23:49.671975,text/html
Well_technical_data\Daily Drilling Report - HTML Version\15_9_19_S_1992_09_17.html,15_9_19_S_1992_09_17.html,.html,16790,2026-09-11T23:23:53.156901,text/html
Well_technical_data\Daily Drilling Report - HTML Version\15_9_19_S_1992_09_18.html,15_9_19_S_1992_09_18.html,.html,15341,2026-09-11T23:23:56.396542,text/html
Well_technical_data\Daily Drilling Report - HTML Version\15_9_19_S_1992_09_19.html,15_9_19_S_1992_09_19.html,.html,17840,2026-09-11T23:23:59.868292,text/html
Well_technical_data\Daily Drilling Report - HTML Version\15_9_19_S_1992_09_20.html,15_9_19_S_1992_09_20.html,.html,16898,2026-09-11T23:24:03.012310,text/html
Well_technical_data\Daily Drilling Report - HTML Version\15_9_19_S_1992_09_21.html,15_9_19_S_1992_09_21.html,.html,18223,2026-09-11T23:24:06.140227,text/html
Well_technical_data\Daily Drilling Report - HTML Version\15_9_19_S_1992_09_22.html,15_9_19_S_1992_09_22.html,.html,17060,2026-09-11T23:24:09.301422,text/html
Well_technical_data\Daily Drilling Report - HTML Version\15_9_19_S_1992_09_23.html,15_9_19_S_1992_09_23.html,.html,16683,2026-09-11T23:24:12.668771,text/html
Well_technical_data\Daily Drilling Report - HTML Version\15_9_19_S_1992_09_24.html,15_9_19_S_1992_09_24.html,.html,16023,2026-09-11T23:24:15.699607,text/html
Well_technical_data\Daily Drilling Report - HTML Version\15_9_19_S_1992_09_25.html,15_9_19_S_1992_09_25.html,.html,17039,2026-09-11T23:24:19.134905,text/html
Well_technical_data\Daily Drilling Report - HTML Version\15_9_19_S_1992_11_18.html,15_9_19_S_1992_11_18.html,.html,9984,2026-09-11T23:24:22.272724,text/html
Well_technical_data\Daily Drilling Report - HTML Version\15_9_19_S_1992_11_19.html,15_9_19_S_1992_11_19.html,.html,14789,2026-09-11T23:24:25.994357,text/html
Well_technical_data\Daily Drilling Report - HTML Version\15_9_19_S_1992_11_20.html,15_9_19_S_1992_11_20.html,.html,13665,2026-09-11T23:24:29.213036,text/html
Well_technical_data\Daily Drilling Report - HTML Version\15_9_19_S_1992_11_21.html,15_9_19_S_1992_11_21.html,.html,13701,2026-09-11T23:24:32.499297,text/html
Well_technical_data\Daily Drilling Report - HTML Version\15_9_19_S_1992_11_22.html,15_9_19_S_1992_11_22.html,.html,15287,2026-09-11T23:24:35.851828,text/html
Well_technical_data\Daily Drilling Report - HTML Version\15_9_19_S_1992_11_23.html,15_9_19_S_1992_11_23.html,.html,21311,2026-09-11T23:24:39.057704,text/html
Well_technical_data\Daily Drilling Report - HTML Version\15_9_19_S_1992_11_24.html,15_9_19_S_1992_11_24.html,.html,20391,2026-09-11T23:24:42.503729,text/html
Well_technical_data\Daily Drilling Report - HTML Version\15_9_19_S_1992_11_25.html,15_9_19_S_1992_11_25.html,.html,19108,2026-09-11T23:24:46.140437,text/html
Well_technical_data\Daily Drilling Report - HTML Version\15_9_19_S_1992_11_26.html,15_9_19_S_1992_11_26.html,.html,17326,2026-09-11T23:24:49.250521,text/html
Well_technical_data\Daily Drilling Report - HTML Version\15_9_19_S_1992_11_27.html,15_9_19_S_1992_11_27.html,.html,16529,2026-09-11T23:24:52.452369,text/html
Well_technical_data\Daily Drilling Report - HTML Version\15_9_19_S_1992_11_28.html,15_9_19_S_1992_11_28.html,.html,18104,2026-09-11T23:24:55.852290,text/html
Well_technical_data\Daily Drilling Report - HTML Version\15_9_19_S_1992_11_29.html,15_9_19_S_1992_11_29.html,.html,16012,2026-09-11T23:24:59.427683,text/html
Well_technical_data\Daily Drilling Report - HTML Version\15_9_19_S_1992_11_30.html,15_9_19_S_1992_11_30.html,.html,21390,2026-09-11T23:25:02.372800,text/html
Well_technical_data\Daily Drilling Report - HTML Version\15_9_19_S_1992_12_01.html,15_9_19_S_1992_12_01.html,.html,20851,2026-09-11T23:25:05.672195,text/html
Well_technical_data\Daily Drilling Report - HTML Version\15_9_19_S_1992_12_02.html,15_9_19_S_1992_12_02.html,.html,18607,2026-09-11T23:25:08.631501,text/html
Well_technical_data\Daily Drilling Report - HTML Version\15_9_19_S_1992_12_03.html,15_9_19_S_1992_12_03.html,.html,20775,2026-09-11T23:25:11.760090,text/html
Well_technical_data\Daily Drilling Report - HTML Version\15_9_19_S_1992_12_04.html,15_9_19_S_1992_12_04.html,.html,19759,2026-09-11T23:25:15.086702,text/html
Well_technical_data\Daily Drilling Report - HTML Version\15_9_19_S_1992_12_05.html,15_9_19_S_1992_12_05.html,.html,19936,2026-09-11T23:25:18.386539,text/html
Well_technical_data\Daily Drilling Report - HTML Version\15_9_19_S_1992_12_06.html,15_9_19_S_1992_12_06.html,.html,16273,2026-09-11T23:25:22.033058,text/html
Well_technical_data\Daily Drilling Report - HTML Version\15_9_19_S_1992_12_07.html,15_9_19_S_1992_12_07.html,.html,20195,2026-09-11T23:25:25.296750,text/html
Well_technical_data\Daily Drilling Report - HTML Version\15_9_19_S_1992_12_08.html,15_9_19_S_1992_12_08.html,.html,18131,2026-09-11T23:25:28.546250,text/html
Well_technical_data\Daily Drilling Report - HTML Version\15_9_19_S_1992_12_09.html,15_9_19_S_1992_12_09.html,.html,19947,2026-09-11T23:25:31.698612,text/html
Well_technical_data\Daily Drilling Report - HTML Version\15_9_19_S_1992_12_10.html,15_9_19_S_1992_12_10.html,.html,17992,2026-09-11T23:25:34.805442,text/html
Well_technical_data\Daily Drilling Report - HTML Version\15_9_19_S_1992_12_11.html,15_9_19_S_1992_12_11.html,.html,16608,2026-09-11T23:25:37.866023,text/html
Well_technical_data\Daily Drilling Report - HTML Version\15_9_19_S_1992_12_12.html,15_9_19_S_1992_12_12.html,.html,15743,2026-09-11T23:25:40.931234,text/html
Well_technical_data\Daily Drilling Report - HTML Version\15_9_19_S_1992_12_13.html,15_9_19_S_1992_12_13.html,.html,15905,2026-09-11T23:25:44.358111,text/html
Well_technical_data\Daily Drilling Report - HTML Version\15_9_19_S_1992_12_14.html,15_9_19_S_1992_12_14.html,.html,16945,2026-09-11T23:25:47.845789,text/html
Well_technical_data\Daily Drilling Report - HTML Version\15_9_19_S_1992_12_15.html,15_9_19_S_1992_12_15.html,.html,20779,2026-09-11T23:25:51.312780,text/html
Well_technical_data\Daily Drilling Report - HTML Version\15_9_19_S_1992_12_16.html,15_9_19_S_1992_12_16.html,.html,17891,2026-09-11T23:25:54.420192,text/html
Well_technical_data\Daily Drilling Report - HTML Version\15_9_19_S_1992_12_17.html,15_9_19_S_1992_12_17.html,.html,13637,2026-09-11T23:25:57.699529,text/html
Well_technical_data\Daily Drilling Report - HTML Version\15_9_19_S_1992_12_18.html,15_9_19_S_1992_12_18.html,.html,13988,2026-09-11T23:26:01.282188,text/html
Well_technical_data\Daily Drilling Report - HTML Version\15_9_19_S_1992_12_19.html,15_9_19_S_1992_12_19.html,.html,19014,2026-09-11T23:26:04.766515,text/html
Well_technical_data\Daily Drilling Report - HTML Version\15_9_F_10_2009_04_07.html,15_9_F_10_2009_04_07.html,.html,15947,2026-09-11T23:26:07.875961,text/html
Well_technical_data\Daily Drilling Report - HTML Version\15_9_F_10_2009_04_08.html,15_9_F_10_2009_04_08.html,.html,18110,2026-09-11T23:26:11.220789,text/html
Well_technical_data\Daily Drilling Report - HTML Version\15_9_F_10_2009_04_09.html,15_9_F_10_2009_04_09.html,.html,15878,2026-09-11T23:26:14.344161,text/html
Well_technical_data\Daily Drilling Report - HTML Version\15_9_F_10_2009_04_10.html,15_9_F_10_2009_04_10.html,.html,20719,2026-09-11T23:26:17.370790,text/html
Well_technical_data\Daily Drilling Report - HTML Version\15_9_F_10_2009_04_11.html,15_9_F_10_2009_04_11.html,.html,19192,2026-09-11T23:26:20.652926,text/html
Well_technical_data\Daily Drilling Report - HTML Version\15_9_F_10_2009_04_12.html,15_9_F_10_2009_04_12.html,.html,24492,2026-09-11T23:26:24.117774,text/html
Well_technical_data\Daily Drilling Report - HTML Version\15_9_F_10_2009_04_13.html,15_9_F_10_2009_04_13.html,.html,20670,2026-09-11T23:26:27.671650,text/html
Well_technical_data\Daily Drilling Report - HTML Version\15_9_F_10_2009_04_14.html,15_9_F_10_2009_04_14.html,.html,18127,2026-09-11T23:26:31.553959,text/html
Well_technical_data\Daily Drilling Report - HTML Version\15_9_F_10_2009_04_15.html,15_9_F_10_2009_04_15.html,.html,17682,2026-09-11T23:26:34.758583,text/html
Well_technical_data\Daily Drilling Report - HTML Version\15_9_F_10_2009_04_16.html,15_9_F_10_2009_04_16.html,.html,17507,2026-09-11T23:26:38.836777,text/html
Well_technical_data\Daily Drilling Report - HTML Version\15_9_F_10_2009_04_17.html,15_9_F_10_2009_04_17.html,.html,13323,2026-09-11T23:26:42.165681,text/html
Well_technical_data\Daily Drilling Report - HTML Version\15_9_F_10_2009_04_18.html,15_9_F_10_2009_04_18.html,.html,17431,2026-09-11T23:26:45.498166,text/html
Well_technical_data\Daily Drilling Report - HTML Version\15_9_F_10_2009_04_19.html,15_9_F_10_2009_04_19.html,.html,16007,2026-09-11T23:26:49.089877,text/html
Well_technical_data\Daily Drilling Report - HTML Version\15_9_F_10_2009_04_20.html,15_9_F_10_2009_04_20.html,.html,18207,2026-09-11T23:26:52.389601,text/html
Well_technical_data\Daily Drilling Report - HTML Version\15_9_F_10_2009_04_21.html,15_9_F_10_2009_04_21.html,.html,17773,2026-09-11T23:26:55.725128,text/html
Well_technical_data\Daily Drilling Report - HTML Version\15_9_F_10_2009_04_22.html,15_9_F_10_2009_04_22.html,.html,20861,2026-09-11T23:26:59.251701,text/html
Well_technical_data\Daily Drilling Report - HTML Version\15_9_F_10_2009_04_23.html,15_9_F_10_2009_04_23.html,.html,26248,2026-09-11T23:27:02.825189,text/html
Well_technical_data\Daily Drilling Report - HTML Version\15_9_F_10_2009_04_24.html,15_9_F_10_2009_04_24.html,.html,25903,2026-09-11T23:27:06.351822,text/html
Well_technical_data\Daily Drilling Report - HTML Version\15_9_F_10_2009_04_25.html,15_9_F_10_2009_04_25.html,.html,22983,2026-09-11T23:27:09.885036,text/html
Well_technical_data\Daily Drilling Report - HTML Version\15_9_F_10_2009_04_26.html,15_9_F_10_2009_04_26.html,.html,23101,2026-09-11T23:27:12.975314,text/html
Well_technical_data\Daily Drilling Report - HTML Version\15_9_F_10_2009_04_27.html,15_9_F_10_2009_04_27.html,.html,24672,2026-09-11T23:27:16.115428,text/html
Well_technical_data\Daily Drilling Report - HTML Version\15_9_F_10_2009_04_28.html,15_9_F_10_2009_04_28.html,.html,23969,2026-09-11T23:27:19.629632,text/html
Well_technical_data\Daily Drilling Report - HTML Version\15_9_F_10_2009_04_29.html,15_9_F_10_2009_04_29.html,.html,18221,2026-09-11T23:27:22.816028,text/html
Well_technical_data\Daily Drilling Report - HTML Version\15_9_F_10_2009_04_30.html,15_9_F_10_2009_04_30.html,.html,23339,2026-09-11T23:27:26.366355,text/html
Well_technical_data\Daily Drilling Report - HTML Version\15_9_F_10_2009_05_01.html,15_9_F_10_2009_05_01.html,.html,21451,2026-09-11T23:27:29.972488,text/html
Well_technical_data\Daily Drilling Report - HTML Version\15_9_F_10_2009_05_02.html,15_9_F_10_2009_05_02.html,.html,16905,2026-09-11T23:27:33.289240,text/html
Well_technical_data\Daily Drilling Report - HTML Version\15_9_F_10_2009_05_03.html,15_9_F_10_2009_05_03.html,.html,19890,2026-09-11T23:27:36.940094,text/html
Well_technical_data\Daily Drilling Report - HTML Version\15_9_F_10_2009_05_04.html,15_9_F_10_2009_05_04.html,.html,20422,2026-09-11T23:27:40.436414,text/html
Well_technical_data\Daily Drilling Report - HTML Version\15_9_F_10_2009_05_05.html,15_9_F_10_2009_05_05.html,.html,19356,2026-09-11T23:27:43.700672,text/html
Well_technical_data\Daily Drilling Report - HTML Version\15_9_F_10_2009_05_06.html,15_9_F_10_2009_05_06.html,.html,20075,2026-09-11T23:27:47.145224,text/html
Well_technical_data\Daily Drilling Report - HTML Version\15_9_F_10_2009_05_07.html,15_9_F_10_2009_05_07.html,.html,23454,2026-09-11T23:27:50.288333,text/html
Well_technical_data\Daily Drilling Report - HTML Version\15_9_F_10_2009_05_08.html,15_9_F_10_2009_05_08.html,.html,24542,2026-09-11T23:27:53.672360,text/html
Well_technical_data\Daily Drilling Report - HTML Version\15_9_F_10_2009_05_09.html,15_9_F_10_2009_05_09.html,.html,22526,2026-09-11T23:27:57.481676,text/html
Well_technical_data\Daily Drilling Report - HTML Version\15_9_F_10_2009_05_10.html,15_9_F_10_2009_05_10.html,.html,18385,2026-09-11T23:28:00.658381,text/html
Well_technical_data\Daily Drilling Report - HTML Version\15_9_F_10_2009_05_11.html,15_9_F_10_2009_05_11.html,.html,21558,2026-09-11T23:28:04.458155,text/html
Well_technical_data\Daily Drilling Report - HTML Version\15_9_F_10_2009_05_12.html,15_9_F_10_2009_05_12.html,.html,23019,2026-09-11T23:28:07.978051,text/html
Well_technical_data\Daily Drilling Report - HTML Version\15_9_F_10_2009_05_13.html,15_9_F_10_2009_05_13.html,.html,20841,2026-09-11T23:28:11.133975,text/html
Well_technical_data\Daily Drilling Report - HTML Version\15_9_F_10_2009_05_14.html,15_9_F_10_2009_05_14.html,.html,23060,2026-09-11T23:28:14.836127,text/html
Well_technical_data\Daily Drilling Report - HTML Version\15_9_F_10_2009_05_15.html,15_9_F_10_2009_05_15.html,.html,21648,2026-09-11T23:28:18.336712,text/html
Well_technical_data\Daily Drilling Report - HTML Version\15_9_F_10_2009_05_16.html,15_9_F_10_2009_05_16.html,.html,22765,2026-09-11T23:28:21.908836,text/html
Well_technical_data\Daily Drilling Report - HTML Version\15_9_F_10_2009_05_17.html,15_9_F_10_2009_05_17.html,.html,21742,2026-09-11T23:28:25.127263,text/html
Well_technical_data\Daily Drilling Report - HTML Version\15_9_F_10_2009_05_18.html,15_9_F_10_2009_05_18.html,.html,18988,2026-09-11T23:28:28.595490,text/html
Well_technical_data\Daily Drilling Report - HTML Version\15_9_F_10_2009_05_19.html,15_9_F_10_2009_05_19.html,.html,20669,2026-09-11T23:28:32.267087,text/html
Well_technical_data\Daily Drilling Report - HTML Version\15_9_F_10_2009_05_20.html,15_9_F_10_2009_05_20.html,.html,20565,2026-09-11T23:28:35.738099,text/html
Well_technical_data\Daily Drilling Report - HTML Version\15_9_F_10_2009_05_21.html,15_9_F_10_2009_05_21.html,.html,18497,2026-09-11T23:28:39.526591,text/html
Well_technical_data\Daily Drilling Report - HTML Version\15_9_F_10_2009_05_22.html,15_9_F_10_2009_05_22.html,.html,18260,2026-09-11T23:28:43.347080,text/html
Well_technical_data\Daily Drilling Report - HTML Version\15_9_F_10_2009_05_23.html,15_9_F_10_2009_05_23.html,.html,17820,2026-09-11T23:28:46.759940,text/html
Well_technical_data\Daily Drilling Report - HTML Version\15_9_F_10_2009_05_24.html,15_9_F_10_2009_05_24.html,.html,24174,2026-09-11T23:28:50.583101,text/html
Well_technical_data\Daily Drilling Report - HTML Version\15_9_F_10_2009_05_25.html,15_9_F_10_2009_05_25.html,.html,22024,2026-09-11T23:28:53.700593,text/html
Well_technical_data\Daily Drilling Report - HTML Version\15_9_F_10_2009_05_26.html,15_9_F_10_2009_05_26.html,.html,22270,2026-09-11T23:28:57.017266,text/html
Well_technical_data\Daily Drilling Report - HTML Version\15_9_F_10_2009_05_27.html,15_9_F_10_2009_05_27.html,.html,23078,2026-09-11T23:29:00.906104,text/html
Well_technical_data\Daily Drilling Report - HTML Version\15_9_F_10_2009_05_28.html,15_9_F_10_2009_05_28.html,.html,22467,2026-09-11T23:29:04.547438,text/html
Well_technical_data\Daily Drilling Report - HTML Version\15_9_F_10_2009_05_29.html,15_9_F_10_2009_05_29.html,.html,23718,2026-09-11T23:29:08.214336,text/html
Well_technical_data\Daily Drilling Report - HTML Version\15_9_F_10_2009_05_30.html,15_9_F_10_2009_05_30.html,.html,19604,2026-09-11T23:29:11.363776,text/html
Well_technical_data\Daily Drilling Report - HTML Version\15_9_F_10_2009_05_31.html,15_9_F_10_2009_05_31.html,.html,19317,2026-09-11T23:29:14.726428,text/html
Well_technical_data\Daily Drilling Report - HTML Version\15_9_F_10_2009_06_01.html,15_9_F_10_2009_06_01.html,.html,24417,2026-09-11T23:29:18.303600,text/html
Well_technical_data\Daily Drilling Report - HTML Version\15_9_F_10_2009_06_02.html,15_9_F_10_2009_06_02.html,.html,26714,2026-09-11T23:29:22.170363,text/html
Well_technical_data\Daily Drilling Report - HTML Version\15_9_F_10_2009_06_03.html,15_9_F_10_2009_06_03.html,.html,24365,2026-09-11T23:29:25.760942,text/html
Well_technical_data\Daily Drilling Report - HTML Version\15_9_F_10_2009_06_04.html,15_9_F_10_2009_06_04.html,.html,20524,2026-09-11T23:29:29.412241,text/html
Well_technical_data\Daily Drilling Report - HTML Version\15_9_F_10_2009_06_05.html,15_9_F_10_2009_06_05.html,.html,17942,2026-09-11T23:29:32.865988,text/html
Well_technical_data\Daily Drilling Report - HTML Version\15_9_F_10_2009_06_06.html,15_9_F_10_2009_06_06.html,.html,22626,2026-09-11T23:29:36.330713,text/html
Well_technical_data\Daily Drilling Report - HTML Version\15_9_F_10_2009_06_07.html,15_9_F_10_2009_06_07.html,.html,19190,2026-09-11T23:29:40.166254,text/html
Well_technical_data\Daily Drilling Report - HTML Version\15_9_F_10_2009_06_08.html,15_9_F_10_2009_06_08.html,.html,20683,2026-09-11T23:29:43.653766,text/html
Well_technical_data\Daily Drilling Report - HTML Version\15_9_F_10_2009_06_09.html,15_9_F_10_2009_06_09.html,.html,18648,2026-09-11T23:29:47.355576,text/html
Well_technical_data\Daily Drilling Report - HTML Version\15_9_F_10_2009_06_10.html,15_9_F_10_2009_06_10.html,.html,20870,2026-09-11T23:29:50.982234,text/html
Well_technical_data\Daily Drilling Report - HTML Version\15_9_F_10_2009_06_11.html,15_9_F_10_2009_06_11.html,.html,19119,2026-09-11T23:29:54.583864,text/html
Well_technical_data\Daily Drilling Report - HTML Version\15_9_F_10_2009_06_12.html,15_9_F_10_2009_06_12.html,.html,16830,2026-09-11T23:29:58.111504,text/html
Well_technical_data\Daily Drilling Report - HTML Version\15_9_F_10_2009_06_13.html,15_9_F_10_2009_06_13.html,.html,20923,2026-09-11T23:30:01.631838,text/html
Well_technical_data\Daily Drilling Report - HTML Version\15_9_F_10_2009_06_14.html,15_9_F_10_2009_06_14.html,.html,19179,2026-09-11T23:30:05.538073,text/html
Well_technical_data\Daily Drilling Report - HTML Version\15_9_F_10_2009_06_15.html,15_9_F_10_2009_06_15.html,.html,19557,2026-09-11T23:30:09.043858,text/html
Well_technical_data\Daily Drilling Report - HTML Version\15_9_F_10_2009_06_16.html,15_9_F_10_2009_06_16.html,.html,14588,2026-09-11T23:30:12.151542,text/html
Well_technical_data\Daily Drilling Report - HTML Version\15_9_F_11_2013_03_08.html,15_9_F_11_2013_03_08.html,.html,18073,2026-09-11T23:30:15.896921,text/html
Well_technical_data\Daily Drilling Report - HTML Version\15_9_F_11_2013_03_09.html,15_9_F_11_2013_03_09.html,.html,20054,2026-09-11T23:30:20.139813,text/html
Well_technical_data\Daily Drilling Report - HTML Version\15_9_F_11_2013_03_10.html,15_9_F_11_2013_03_10.html,.html,18388,2026-09-11T23:30:23.593335,text/html
Well_technical_data\Daily Drilling Report - HTML Version\15_9_F_11_2013_03_11.html,15_9_F_11_2013_03_11.html,.html,14722,2026-09-11T23:30:26.990718,text/html
Well_technical_data\Daily Drilling Report - HTML Version\15_9_F_11_2013_03_12.html,15_9_F_11_2013_03_12.html,.html,18476,2026-09-11T23:30:30.660700,text/html
Well_technical_data\Daily Drilling Report - HTML Version\15_9_F_11_2013_03_13.html,15_9_F_11_2013_03_13.html,.html,20644,2026-09-11T23:30:34.112066,text/html
Well_technical_data\Daily Drilling Report - HTML Version\15_9_F_11_2013_03_14.html,15_9_F_11_2013_03_14.html,.html,27120,2026-09-11T23:30:37.698936,text/html
Well_technical_data\Daily Drilling Report - HTML Version\15_9_F_11_2013_03_15.html,15_9_F_11_2013_03_15.html,.html,18167,2026-09-11T23:30:41.246160,text/html
Well_technical_data\Daily Drilling Report - HTML Version\15_9_F_11_2013_03_16.html,15_9_F_11_2013_03_16.html,.html,17974,2026-09-11T23:30:44.489622,text/html
Well_technical_data\Daily Drilling Report - HTML Version\15_9_F_11_2013_03_17.html,15_9_F_11_2013_03_17.html,.html,21146,2026-09-11T23:30:48.333374,text/html
Well_technical_data\Daily Drilling Report - HTML Version\15_9_F_11_2013_03_18.html,15_9_F_11_2013_03_18.html,.html,18235,2026-09-11T23:30:52.228675,text/html
Well_technical_data\Daily Drilling Report - HTML Version\15_9_F_11_2013_03_19.html,15_9_F_11_2013_03_19.html,.html,17321,2026-09-11T23:30:55.742998,text/html
Well_technical_data\Daily Drilling Report - HTML Version\15_9_F_11_2013_03_20.html,15_9_F_11_2013_03_20.html,.html,26585,2026-09-11T23:30:59.275898,text/html
Well_technical_data\Daily Drilling Report - HTML Version\15_9_F_11_2013_03_21.html,15_9_F_11_2013_03_21.html,.html,18382,2026-09-11T23:31:03.026167,text/html
Well_technical_data\Daily Drilling Report - HTML Version\15_9_F_11_2013_03_22.html,15_9_F_11_2013_03_22.html,.html,18266,2026-09-11T23:31:06.811297,text/html
Well_technical_data\Daily Drilling Report - HTML Version\15_9_F_11_2013_03_23.html,15_9_F_11_2013_03_23.html,.html,18223,2026-09-11T23:31:10.533245,text/html
Well_technical_data\Daily Drilling Report - HTML Version\15_9_F_11_2013_03_24.html,15_9_F_11_2013_03_24.html,.html,18612,2026-09-11T23:31:14.286948,text/html
Well_technical_data\Daily Drilling Report - HTML Version\15_9_F_11_A_2013_05_15.html,15_9_F_11_A_2013_05_15.html,.html,16606,2026-09-11T23:31:17.961778,text/html
Well_technical_data\Daily Drilling Report - HTML Version\15_9_F_11_A_2013_05_16.html,15_9_F_11_A_2013_05_16.html,.html,21183,2026-09-11T23:31:21.756487,text/html
Well_technical_data\Daily Drilling Report - HTML Version\15_9_F_11_A_2013_05_17.html,15_9_F_11_A_2013_05_17.html,.html,18509,2026-09-11T23:31:25.686935,text/html
Well_technical_data\Daily Drilling Report - HTML Version\15_9_F_11_A_2013_05_18.html,15_9_F_11_A_2013_05_18.html,.html,15379,2026-09-11T23:31:29.095403,text/html
Well_technical_data\Daily Drilling Report - HTML Version\15_9_F_11_A_2013_05_20.html,15_9_F_11_A_2013_05_20.html,.html,19258,2026-09-11T23:31:33.286390,text/html
Well_technical_data\Daily Drilling Report - HTML Version\15_9_F_11_A_2013_05_21.html,15_9_F_11_A_2013_05_21.html,.html,27004,2026-09-11T23:31:38.337095,text/html
Well_technical_data\Daily Drilling Report - HTML Version\15_9_F_11_A_2013_05_22.html,15_9_F_11_A_2013_05_22.html,.html,17015,2026-09-11T23:31:42.530376,text/html
Well_technical_data\Daily Drilling Report - HTML Version\15_9_F_11_A_2013_05_23.html,15_9_F_11_A_2013_05_23.html,.html,16381,2026-09-11T23:31:46.072265,text/html
Well_technical_data\Daily Drilling Report - HTML Version\15_9_F_11_A_2013_05_24.html,15_9_F_11_A_2013_05_24.html,.html,17404,2026-09-11T23:31:49.363221,text/html
Well_technical_data\Daily Drilling Report - HTML Version\15_9_F_11_A_2013_05_25.html,15_9_F_11_A_2013_05_25.html,.html,17925,2026-09-11T23:31:52.847048,text/html
Well_technical_data\Daily Drilling Report - HTML Version\15_9_F_11_A_2013_05_26.html,15_9_F_11_A_2013_05_26.html,.html,18035,2026-09-11T23:31:56.554524,text/html
Well_technical_data\Daily Drilling Report - HTML Version\15_9_F_11_A_2013_05_27.html,15_9_F_11_A_2013_05_27.html,.html,17461,2026-09-11T23:32:00.070201,text/html
Well_technical_data\Daily Drilling Report - HTML Version\15_9_F_11_A_2013_05_28.html,15_9_F_11_A_2013_05_28.html,.html,16504,2026-09-11T23:32:03.739954,text/html
Well_technical_data\Daily Drilling Report - HTML Version\15_9_F_11_A_2013_05_29.html,15_9_F_11_A_2013_05_29.html,.html,18058,2026-09-11T23:32:06.863387,text/html
Well_technical_data\Daily Drilling Report - HTML Version\15_9_F_11_B_2013_05_29.html,15_9_F_11_B_2013_05_29.html,.html,17286,2026-09-11T23:32:10.791819,text/html
Well_technical_data\Daily Drilling Report - HTML Version\15_9_F_11_B_2013_05_30.html,15_9_F_11_B_2013_05_30.html,.html,19716,2026-09-11T23:32:14.416072,text/html
Well_technical_data\Daily Drilling Report - HTML Version\15_9_F_11_B_2013_05_31.html,15_9_F_11_B_2013_05_31.html,.html,23328,2026-09-11T23:32:17.759462,text/html
Well_technical_data\Daily Drilling Report - HTML Version\15_9_F_11_B_2013_06_01.html,15_9_F_11_B_2013_06_01.html,.html,22088,2026-09-11T23:32:20.979687,text/html
Well_technical_data\Daily Drilling Report - HTML Version\15_9_F_11_B_2013_06_02.html,15_9_F_11_B_2013_06_02.html,.html,16600,2026-09-11T23:32:24.436175,text/html
Well_technical_data\Daily Drilling Report - HTML Version\15_9_F_11_B_2013_06_03.html,15_9_F_11_B_2013_06_03.html,.html,16387,2026-09-11T23:32:27.716352,text/html
Well_technical_data\Daily Drilling Report - HTML Version\15_9_F_11_B_2013_06_04.html,15_9_F_11_B_2013_06_04.html,.html,16929,2026-09-11T23:32:31.099343,text/html
Well_technical_data\Daily Drilling Report - HTML Version\15_9_F_11_B_2013_06_05.html,15_9_F_11_B_2013_06_05.html,.html,19176,2026-09-11T23:32:34.875988,text/html
Well_technical_data\Daily Drilling Report - HTML Version\15_9_F_11_B_2013_06_06.html,15_9_F_11_B_2013_06_06.html,.html,18322,2026-09-11T23:32:38.607525,text/html
Well_technical_data\Daily Drilling Report - HTML Version\15_9_F_11_B_2013_06_07.html,15_9_F_11_B_2013_06_07.html,.html,20381,2026-09-11T23:32:42.458795,text/html
Well_technical_data\Daily Drilling Report - HTML Version\15_9_F_11_B_2013_06_08.html,15_9_F_11_B_2013_06_08.html,.html,22065,2026-09-11T23:32:45.775453,text/html
Well_technical_data\Daily Drilling Report - HTML Version\15_9_F_11_B_2013_06_09.html,15_9_F_11_B_2013_06_09.html,.html,25161,2026-09-11T23:32:49.143941,text/html
Well_technical_data\Daily Drilling Report - HTML Version\15_9_F_11_B_2013_06_10.html,15_9_F_11_B_2013_06_10.html,.html,24847,2026-09-11T23:32:52.426002,text/html
Well_technical_data\Daily Drilling Report - HTML Version\15_9_F_11_B_2013_06_11.html,15_9_F_11_B_2013_06_11.html,.html,22586,2026-09-11T23:32:55.801640,text/html
Well_technical_data\Daily Drilling Report - HTML Version\15_9_F_11_B_2013_06_12.html,15_9_F_11_B_2013_06_12.html,.html,20809,2026-09-11T23:32:59.170110,text/html
Well_technical_data\Daily Drilling Report - HTML Version\15_9_F_11_B_2013_06_13.html,15_9_F_11_B_2013_06_13.html,.html,21991,2026-09-11T23:33:02.436965,text/html
Well_technical_data\Daily Drilling Report - HTML Version\15_9_F_11_B_2013_06_14.html,15_9_F_11_B_2013_06_14.html,.html,11006,2026-09-11T23:33:06.103128,text/html
Well_technical_data\Daily Drilling Report - HTML Version\15_9_F_11_B_2013_06_15.html,15_9_F_11_B_2013_06_15.html,.html,23137,2026-09-11T23:33:09.398942,text/html
Well_technical_data\Daily Drilling Report - HTML Version\15_9_F_11_B_2013_06_16.html,15_9_F_11_B_2013_06_16.html,.html,17959,2026-09-11T23:33:12.643484,text/html
Well_technical_data\Daily Drilling Report - HTML Version\15_9_F_11_B_2013_06_17.html,15_9_F_11_B_2013_06_17.html,.html,18526,2026-09-11T23:33:16.428127,text/html
Well_technical_data\Daily Drilling Report - HTML Version\15_9_F_11_B_2013_06_18.html,15_9_F_11_B_2013_06_18.html,.html,13796,2026-09-11T23:33:20.012597,text/html
Well_technical_data\Daily Drilling Report - HTML Version\15_9_F_11_B_2013_06_19.html,15_9_F_11_B_2013_06_19.html,.html,17226,2026-09-11T23:33:23.522997,text/html
Well_technical_data\Daily Drilling Report - HTML Version\15_9_F_11_B_2013_06_20.html,15_9_F_11_B_2013_06_20.html,.html,20757,2026-09-11T23:33:26.831425,text/html
Well_technical_data\Daily Drilling Report - HTML Version\15_9_F_11_B_2013_06_21.html,15_9_F_11_B_2013_06_21.html,.html,17878,2026-09-11T23:33:30.102557,text/html
Well_technical_data\Daily Drilling Report - HTML Version\15_9_F_11_B_2013_06_22.html,15_9_F_11_B_2013_06_22.html,.html,21674,2026-09-11T23:33:33.453816,text/html
Well_technical_data\Daily Drilling Report - HTML Version\15_9_F_11_B_2013_06_23.html,15_9_F_11_B_2013_06_23.html,.html,15725,2026-09-11T23:33:36.896613,text/html
Well_technical_data\Daily Drilling Report - HTML Version\15_9_F_11_B_2013_06_24.html,15_9_F_11_B_2013_06_24.html,.html,17919,2026-09-11T23:33:40.430712,text/html
Well_technical_data\Daily Drilling Report - HTML Version\15_9_F_11_B_2013_06_25.html,15_9_F_11_B_2013_06_25.html,.html,18521,2026-09-11T23:33:44.081978,text/html
Well_technical_data\Daily Drilling Report - HTML Version\15_9_F_11_B_2013_06_26.html,15_9_F_11_B_2013_06_26.html,.html,21887,2026-09-11T23:33:47.529666,text/html
Well_technical_data\Daily Drilling Report - HTML Version\15_9_F_11_B_2013_06_27.html,15_9_F_11_B_2013_06_27.html,.html,15757,2026-09-11T23:33:50.937326,text/html
Well_technical_data\Daily Drilling Report - HTML Version\15_9_F_11_B_2013_06_28.html,15_9_F_11_B_2013_06_28.html,.html,16299,2026-09-11T23:33:54.792005,text/html
Well_technical_data\Daily Drilling Report - HTML Version\15_9_F_11_B_2013_06_29.html,15_9_F_11_B_2013_06_29.html,.html,16716,2026-09-11T23:33:58.791263,text/html
Well_technical_data\Daily Drilling Report - HTML Version\15_9_F_11_B_2013_06_30.html,15_9_F_11_B_2013_06_30.html,.html,19758,2026-09-11T23:34:02.527604,text/html
Well_technical_data\Daily Drilling Report - HTML Version\15_9_F_11_B_2013_07_01.html,15_9_F_11_B_2013_07_01.html,.html,18248,2026-09-11T23:34:06.129355,text/html
Well_technical_data\Daily Drilling Report - HTML Version\15_9_F_11_B_2013_07_02.html,15_9_F_11_B_2013_07_02.html,.html,14370,2026-09-11T23:34:09.987013,text/html
Well_technical_data\Daily Drilling Report - HTML Version\15_9_F_11_B_2013_07_03.html,15_9_F_11_B_2013_07_03.html,.html,17207,2026-09-11T23:34:13.330087,text/html
Well_technical_data\Daily Drilling Report - HTML Version\15_9_F_11_B_2013_07_04.html,15_9_F_11_B_2013_07_04.html,.html,14834,2026-09-11T23:34:16.876098,text/html
Well_technical_data\Daily Drilling Report - HTML Version\15_9_F_11_B_2013_07_05.html,15_9_F_11_B_2013_07_05.html,.html,16691,2026-09-11T23:34:20.283232,text/html
Well_technical_data\Daily Drilling Report - HTML Version\15_9_F_11_B_2013_07_06.html,15_9_F_11_B_2013_07_06.html,.html,17419,2026-09-11T23:34:24.054970,text/html
Well_technical_data\Daily Drilling Report - HTML Version\15_9_F_11_B_2013_07_07.html,15_9_F_11_B_2013_07_07.html,.html,13172,2026-09-11T23:34:27.303734,text/html
Well_technical_data\Daily Drilling Report - HTML Version\15_9_F_11_B_2013_07_08.html,15_9_F_11_B_2013_07_08.html,.html,10748,2026-09-11T23:34:30.651970,text/html
Well_technical_data\Daily Drilling Report - HTML Version\15_9_F_11_B_2013_07_09.html,15_9_F_11_B_2013_07_09.html,.html,10069,2026-09-11T23:34:33.947709,text/html
Well_technical_data\Daily Drilling Report - HTML Version\15_9_F_11_B_2013_07_10.html,15_9_F_11_B_2013_07_10.html,.html,11672,2026-09-11T23:34:37.335879,text/html
Well_technical_data\Daily Drilling Report - HTML Version\15_9_F_11_B_2013_07_11.html,15_9_F_11_B_2013_07_11.html,.html,12994,2026-09-11T23:34:40.548687,text/html
Well_technical_data\Daily Drilling Report - HTML Version\15_9_F_11_B_2013_07_12.html,15_9_F_11_B_2013_07_12.html,.html,14455,2026-09-11T23:34:43.565406,text/html
Well_technical_data\Daily Drilling Report - HTML Version\15_9_F_11_B_2013_07_13.html,15_9_F_11_B_2013_07_13.html,.html,13513,2026-09-11T23:34:46.815542,text/html
Well_technical_data\Daily Drilling Report - HTML Version\15_9_F_11_B_2013_07_14.html,15_9_F_11_B_2013_07_14.html,.html,12437,2026-09-11T23:34:50.118898,text/html
Well_technical_data\Daily Drilling Report - HTML Version\15_9_F_11_B_2013_07_15.html,15_9_F_11_B_2013_07_15.html,.html,13287,2026-09-11T23:34:53.840405,text/html
Well_technical_data\Daily Drilling Report - HTML Version\15_9_F_11_B_2013_07_16.html,15_9_F_11_B_2013_07_16.html,.html,13359,2026-09-11T23:34:57.342245,text/html
Well_technical_data\Daily Drilling Report - HTML Version\15_9_F_11_B_2013_07_17.html,15_9_F_11_B_2013_07_17.html,.html,12703,2026-09-11T23:35:00.475527,text/html
Well_technical_data\Daily Drilling Report - HTML Version\15_9_F_11_B_2013_07_18.html,15_9_F_11_B_2013_07_18.html,.html,13379,2026-09-11T23:35:04.105325,text/html
Well_technical_data\Daily Drilling Report - HTML Version\15_9_F_11_B_2013_07_19.html,15_9_F_11_B_2013_07_19.html,.html,13198,2026-09-11T23:35:07.394689,text/html
Well_technical_data\Daily Drilling Report - HTML Version\15_9_F_11_B_2013_07_20.html,15_9_F_11_B_2013_07_20.html,.html,13482,2026-09-11T23:35:10.657525,text/html
Well_technical_data\Daily Drilling Report - HTML Version\15_9_F_11_B_2013_07_21.html,15_9_F_11_B_2013_07_21.html,.html,13068,2026-09-11T23:35:14.467606,text/html
Well_technical_data\Daily Drilling Report - HTML Version\15_9_F_11_B_2013_07_22.html,15_9_F_11_B_2013_07_22.html,.html,10681,2026-09-11T23:35:17.802902,text/html
Well_technical_data\Daily Drilling Report - HTML Version\15_9_F_11_B_2013_07_23.html,15_9_F_11_B_2013_07_23.html,.html,10107,2026-09-11T23:35:20.879496,text/html
Well_technical_data\Daily Drilling Report - HTML Version\15_9_F_11_B_2013_07_24.html,15_9_F_11_B_2013_07_24.html,.html,11744,2026-09-11T23:35:24.209176,text/html
Well_technical_data\Daily Drilling Report - HTML Version\15_9_F_11_B_2015_10_25.html,15_9_F_11_B_2015_10_25.html,.html,9495,2026-09-11T23:35:27.268061,text/html
Well_technical_data\Daily Drilling Report - HTML Version\15_9_F_11_B_2015_10_26.html,15_9_F_11_B_2015_10_26.html,.html,13261,2026-09-11T23:35:30.449257,text/html
Well_technical_data\Daily Drilling Report - HTML Version\15_9_F_11_B_2015_10_27.html,15_9_F_11_B_2015_10_27.html,.html,15926,2026-09-11T23:35:33.682210,text/html
Well_technical_data\Daily Drilling Report - HTML Version\15_9_F_11_B_2015_10_28.html,15_9_F_11_B_2015_10_28.html,.html,15028,2026-09-11T23:35:37.493776,text/html
Well_technical_data\Daily Drilling Report - HTML Version\15_9_F_11_B_2015_10_29.html,15_9_F_11_B_2015_10_29.html,.html,10630,2026-09-11T23:35:40.440943,text/html
Well_technical_data\Daily Drilling Report - HTML Version\15_9_F_11_B_2015_10_30.html,15_9_F_11_B_2015_10_30.html,.html,12216,2026-09-11T23:35:43.259432,text/html
Well_technical_data\Daily Drilling Report - HTML Version\15_9_F_11_B_2015_10_31.html,15_9_F_11_B_2015_10_31.html,.html,14219,2026-09-11T23:35:46.333651,text/html
Well_technical_data\Daily Drilling Report - HTML Version\15_9_F_11_B_2015_11_01.html,15_9_F_11_B_2015_11_01.html,.html,18239,2026-09-11T23:35:49.659610,text/html
Well_technical_data\Daily Drilling Report - HTML Version\15_9_F_11_B_2015_11_02.html,15_9_F_11_B_2015_11_02.html,.html,16714,2026-09-11T23:35:52.928773,text/html
Well_technical_data\Daily Drilling Report - HTML Version\15_9_F_11_B_2015_11_03.html,15_9_F_11_B_2015_11_03.html,.html,15015,2026-09-11T23:35:56.323989,text/html
Well_technical_data\Daily Drilling Report - HTML Version\15_9_F_11_B_2016_04_15.html,15_9_F_11_B_2016_04_15.html,.html,9684,2026-09-11T23:35:59.529235,text/html
Well_technical_data\Daily Drilling Report - HTML Version\15_9_F_11_B_2016_04_16.html,15_9_F_11_B_2016_04_16.html,.html,12360,2026-09-11T23:36:02.902412,text/html
Well_technical_data\Daily Drilling Report - HTML Version\15_9_F_11_B_2016_04_17.html,15_9_F_11_B_2016_04_17.html,.html,16093,2026-09-11T23:36:07.262896,text/html
Well_technical_data\Daily Drilling Report - HTML Version\15_9_F_11_B_2016_04_18.html,15_9_F_11_B_2016_04_18.html,.html,19807,2026-09-11T23:36:10.680684,text/html
Well_technical_data\Daily Drilling Report - HTML Version\15_9_F_11_B_2016_04_19.html,15_9_F_11_B_2016_04_19.html,.html,11366,2026-09-11T23:36:13.528574,text/html
Well_technical_data\Daily Drilling Report - HTML Version\15_9_F_11_B_2016_04_21.html,15_9_F_11_B_2016_04_21.html,.html,13492,2026-09-11T23:36:16.617060,text/html
Well_technical_data\Daily Drilling Report - HTML Version\15_9_F_11_B_2016_04_22.html,15_9_F_11_B_2016_04_22.html,.html,15588,2026-09-11T23:36:20.162046,text/html
Well_technical_data\Daily Drilling Report - HTML Version\15_9_F_11_B_2016_04_23.html,15_9_F_11_B_2016_04_23.html,.html,16659,2026-09-11T23:36:23.298995,text/html
Well_technical_data\Daily Drilling Report - HTML Version\15_9_F_11_B_2016_04_24.html,15_9_F_11_B_2016_04_24.html,.html,15009,2026-09-11T23:36:26.629946,text/html
Well_technical_data\Daily Drilling Report - HTML Version\15_9_F_11_B_2016_04_25.html,15_9_F_11_B_2016_04_25.html,.html,9830,2026-09-11T23:36:30.059972,text/html
Well_technical_data\Daily Drilling Report - HTML Version\15_9_F_11_B_2016_09_19.html,15_9_F_11_B_2016_09_19.html,.html,13433,2026-09-11T23:36:32.984004,text/html
Well_technical_data\Daily Drilling Report - HTML Version\15_9_F_11_B_2016_09_20.html,15_9_F_11_B_2016_09_20.html,.html,16101,2026-09-11T23:36:37.142041,text/html
Well_technical_data\Daily Drilling Report - HTML Version\15_9_F_11_B_2016_09_21.html,15_9_F_11_B_2016_09_21.html,.html,17441,2026-09-11T23:36:40.390956,text/html
Well_technical_data\Daily Drilling Report - HTML Version\15_9_F_11_B_2016_09_22.html,15_9_F_11_B_2016_09_22.html,.html,20796,2026-09-11T23:36:44.742108,text/html
Well_technical_data\Daily Drilling Report - HTML Version\15_9_F_11_B_2016_09_23.html,15_9_F_11_B_2016_09_23.html,.html,20310,2026-09-11T23:36:48.048184,text/html
Well_technical_data\Daily Drilling Report - HTML Version\15_9_F_11_B_2016_09_24.html,15_9_F_11_B_2016_09_24.html,.html,17156,2026-09-11T23:36:51.197347,text/html
Well_technical_data\Daily Drilling Report - HTML Version\15_9_F_11_B_2016_09_25.html,15_9_F_11_B_2016_09_25.html,.html,23690,2026-09-11T23:36:54.285261,text/html
Well_technical_data\Daily Drilling Report - HTML Version\15_9_F_11_B_2016_09_26.html,15_9_F_11_B_2016_09_26.html,.html,18217,2026-09-11T23:36:57.702547,text/html
Well_technical_data\Daily Drilling Report - HTML Version\15_9_F_11_B_2016_09_27.html,15_9_F_11_B_2016_09_27.html,.html,21724,2026-09-11T23:37:01.194935,text/html
Well_technical_data\Daily Drilling Report - HTML Version\15_9_F_11_B_2016_09_28.html,15_9_F_11_B_2016_09_28.html,.html,16187,2026-09-11T23:37:04.605119,text/html
Well_technical_data\Daily Drilling Report - HTML Version\15_9_F_11_B_2016_09_29.html,15_9_F_11_B_2016_09_29.html,.html,16258,2026-09-11T23:37:07.943193,text/html
Well_technical_data\Daily Drilling Report - HTML Version\15_9_F_11_B_2016_10_21.html,15_9_F_11_B_2016_10_21.html,.html,17130,2026-09-11T23:37:11.158670,text/html
Well_technical_data\Daily Drilling Report - HTML Version\15_9_F_11_B_2016_10_22.html,15_9_F_11_B_2016_10_22.html,.html,11094,2026-09-11T23:37:14.683824,text/html
Well_technical_data\Daily Drilling Report - HTML Version\15_9_F_11_T2_2013_03_24.html,15_9_F_11_T2_2013_03_24.html,.html,18868,2026-09-11T23:37:18.523782,text/html
Well_technical_data\Daily Drilling Report - HTML Version\15_9_F_11_T2_2013_03_25.html,15_9_F_11_T2_2013_03_25.html,.html,24063,2026-09-11T23:37:22.190317,text/html
Well_technical_data\Daily Drilling Report - HTML Version\15_9_F_11_T2_2013_03_26.html,15_9_F_11_T2_2013_03_26.html,.html,17735,2026-09-11T23:37:25.318715,text/html
Well_technical_data\Daily Drilling Report - HTML Version\15_9_F_11_T2_2013_03_27.html,15_9_F_11_T2_2013_03_27.html,.html,14119,2026-09-11T23:37:29.010758,text/html
Well_technical_data\Daily Drilling Report - HTML Version\15_9_F_11_T2_2013_03_28.html,15_9_F_11_T2_2013_03_28.html,.html,14119,2026-09-11T23:37:31.971721,text/html
Well_technical_data\Daily Drilling Report - HTML Version\15_9_F_11_T2_2013_03_29.html,15_9_F_11_T2_2013_03_29.html,.html,16254,2026-09-11T23:37:35.262828,text/html
Well_technical_data\Daily Drilling Report - HTML Version\15_9_F_11_T2_2013_03_30.html,15_9_F_11_T2_2013_03_30.html,.html,17556,2026-09-11T23:37:38.556124,text/html
Well_technical_data\Daily Drilling Report - HTML Version\15_9_F_11_T2_2013_03_31.html,15_9_F_11_T2_2013_03_31.html,.html,16598,2026-09-11T23:37:42.572411,text/html
Well_technical_data\Daily Drilling Report - HTML Version\15_9_F_11_T2_2013_04_01.html,15_9_F_11_T2_2013_04_01.html,.html,14850,2026-09-11T23:37:45.859574,text/html
Well_technical_data\Daily Drilling Report - HTML Version\15_9_F_11_T2_2013_04_02.html,15_9_F_11_T2_2013_04_02.html,.html,14123,2026-09-11T23:37:49.269031,text/html
Well_technical_data\Daily Drilling Report - HTML Version\15_9_F_11_T2_2013_04_03.html,15_9_F_11_T2_2013_04_03.html,.html,16520,2026-09-11T23:37:52.632905,text/html
Well_technical_data\Daily Drilling Report - HTML Version\15_9_F_11_T2_2013_04_04.html,15_9_F_11_T2_2013_04_04.html,.html,16984,2026-09-11T23:37:55.966659,text/html
Well_technical_data\Daily Drilling Report - HTML Version\15_9_F_11_T2_2013_04_05.html,15_9_F_11_T2_2013_04_05.html,.html,16582,2026-09-11T23:37:59.298960,text/html
Well_technical_data\Daily Drilling Report - HTML Version\15_9_F_11_T2_2013_04_06.html,15_9_F_11_T2_2013_04_06.html,.html,20275,2026-09-11T23:38:02.312190,text/html
Well_technical_data\Daily Drilling Report - HTML Version\15_9_F_11_T2_2013_04_07.html,15_9_F_11_T2_2013_04_07.html,.html,15484,2026-09-11T23:38:05.264180,text/html
Well_technical_data\Daily Drilling Report - HTML Version\15_9_F_11_T2_2013_04_08.html,15_9_F_11_T2_2013_04_08.html,.html,15500,2026-09-11T23:38:09.169560,text/html
Well_technical_data\Daily Drilling Report - HTML Version\15_9_F_11_T2_2013_04_09.html,15_9_F_11_T2_2013_04_09.html,.html,15749,2026-09-11T23:38:12.726385,text/html
Well_technical_data\Daily Drilling Report - HTML Version\15_9_F_11_T2_2013_04_10.html,15_9_F_11_T2_2013_04_10.html,.html,15877,2026-09-11T23:38:16.243968,text/html
Well_technical_data\Daily Drilling Report - HTML Version\15_9_F_11_T2_2013_04_11.html,15_9_F_11_T2_2013_04_11.html,.html,15846,2026-09-11T23:38:19.403767,text/html
Well_technical_data\Daily Drilling Report - HTML Version\15_9_F_11_T2_2013_04_12.html,15_9_F_11_T2_2013_04_12.html,.html,16209,2026-09-11T23:38:22.566727,text/html
Well_technical_data\Daily Drilling Report - HTML Version\15_9_F_11_T2_2013_04_13.html,15_9_F_11_T2_2013_04_13.html,.html,15872,2026-09-11T23:38:25.693907,text/html
Well_technical_data\Daily Drilling Report - HTML Version\15_9_F_11_T2_2013_04_14.html,15_9_F_11_T2_2013_04_14.html,.html,20377,2026-09-11T23:38:29.268374,text/html
Well_technical_data\Daily Drilling Report - HTML Version\15_9_F_11_T2_2013_04_15.html,15_9_F_11_T2_2013_04_15.html,.html,20510,2026-09-11T23:38:32.442761,text/html
Well_technical_data\Daily Drilling Report - HTML Version\15_9_F_11_T2_2013_04_16.html,15_9_F_11_T2_2013_04_16.html,.html,17363,2026-09-11T23:38:35.549691,text/html
Well_technical_data\Daily Drilling Report - HTML Version\15_9_F_11_T2_2013_04_17.html,15_9_F_11_T2_2013_04_17.html,.html,21917,2026-09-11T23:38:38.756306,text/html
Well_technical_data\Daily Drilling Report - HTML Version\15_9_F_11_T2_2013_04_18.html,15_9_F_11_T2_2013_04_18.html,.html,20054,2026-09-11T23:38:43.158552,text/html
Well_technical_data\Daily Drilling Report - HTML Version\15_9_F_11_T2_2013_04_19.html,15_9_F_11_T2_2013_04_19.html,.html,23419,2026-09-11T23:38:46.335993,text/html
Well_technical_data\Daily Drilling Report - HTML Version\15_9_F_11_T2_2013_04_20.html,15_9_F_11_T2_2013_04_20.html,.html,20686,2026-09-11T23:38:49.493973,text/html
Well_technical_data\Daily Drilling Report - HTML Version\15_9_F_11_T2_2013_04_21.html,15_9_F_11_T2_2013_04_21.html,.html,24666,2026-09-11T23:38:53.078512,text/html
Well_technical_data\Daily Drilling Report - HTML Version\15_9_F_11_T2_2013_04_22.html,15_9_F_11_T2_2013_04_22.html,.html,20576,2026-09-11T23:38:56.459957,text/html
Well_technical_data\Daily Drilling Report - HTML Version\15_9_F_11_T2_2013_04_23.html,15_9_F_11_T2_2013_04_23.html,.html,15568,2026-09-11T23:38:59.625068,text/html
Well_technical_data\Daily Drilling Report - HTML Version\15_9_F_11_T2_2013_04_24.html,15_9_F_11_T2_2013_04_24.html,.html,17545,2026-09-11T23:39:02.898204,text/html
Well_technical_data\Daily Drilling Report - HTML Version\15_9_F_11_T2_2013_04_25.html,15_9_F_11_T2_2013_04_25.html,.html,17754,2026-09-11T23:39:06.511564,text/html
Well_technical_data\Daily Drilling Report - HTML Version\15_9_F_11_T2_2013_04_26.html,15_9_F_11_T2_2013_04_26.html,.html,16128,2026-09-11T23:39:09.640695,text/html
Well_technical_data\Daily Drilling Report - HTML Version\15_9_F_11_T2_2013_04_27.html,15_9_F_11_T2_2013_04_27.html,.html,21738,2026-09-11T23:39:13.133554,text/html
Well_technical_data\Daily Drilling Report - HTML Version\15_9_F_11_T2_2013_04_28.html,15_9_F_11_T2_2013_04_28.html,.html,16796,2026-09-11T23:39:16.439819,text/html
Well_technical_data\Daily Drilling Report - HTML Version\15_9_F_11_T2_2013_04_29.html,15_9_F_11_T2_2013_04_29.html,.html,21991,2026-09-11T23:39:19.831587,text/html
Well_technical_data\Daily Drilling Report - HTML Version\15_9_F_11_T2_2013_04_30.html,15_9_F_11_T2_2013_04_30.html,.html,21224,2026-09-11T23:39:23.547630,text/html
Well_technical_data\Daily Drilling Report - HTML Version\15_9_F_11_T2_2013_05_01.html,15_9_F_11_T2_2013_05_01.html,.html,19309,2026-09-11T23:39:26.650490,text/html
Well_technical_data\Daily Drilling Report - HTML Version\15_9_F_11_T2_2013_05_02.html,15_9_F_11_T2_2013_05_02.html,.html,22671,2026-09-11T23:39:30.011945,text/html
Well_technical_data\Daily Drilling Report - HTML Version\15_9_F_11_T2_2013_05_03.html,15_9_F_11_T2_2013_05_03.html,.html,25429,2026-09-11T23:39:33.255901,text/html
Well_technical_data\Daily Drilling Report - HTML Version\15_9_F_11_T2_2013_05_04.html,15_9_F_11_T2_2013_05_04.html,.html,25889,2026-09-11T23:39:36.950553,text/html
Well_technical_data\Daily Drilling Report - HTML Version\15_9_F_11_T2_2013_05_05.html,15_9_F_11_T2_2013_05_05.html,.html,21010,2026-09-11T23:39:40.349075,text/html
Well_technical_data\Daily Drilling Report - HTML Version\15_9_F_11_T2_2013_05_06.html,15_9_F_11_T2_2013_05_06.html,.html,18430,2026-09-11T23:39:43.776115,text/html
Well_technical_data\Daily Drilling Report - HTML Version\15_9_F_11_T2_2013_05_07.html,15_9_F_11_T2_2013_05_07.html,.html,22493,2026-09-11T23:39:47.081956,text/html
Well_technical_data\Daily Drilling Report - HTML Version\15_9_F_11_T2_2013_05_08.html,15_9_F_11_T2_2013_05_08.html,.html,18266,2026-09-11T23:39:50.256846,text/html
Well_technical_data\Daily Drilling Report - HTML Version\15_9_F_11_T2_2013_05_09.html,15_9_F_11_T2_2013_05_09.html,.html,19429,2026-09-11T23:39:53.730785,text/html
Well_technical_data\Daily Drilling Report - HTML Version\15_9_F_11_T2_2013_05_10.html,15_9_F_11_T2_2013_05_10.html,.html,15837,2026-09-11T23:39:57.404564,text/html
Well_technical_data\Daily Drilling Report - HTML Version\15_9_F_11_T2_2013_05_11.html,15_9_F_11_T2_2013_05_11.html,.html,19621,2026-09-11T23:40:00.580098,text/html
Well_technical_data\Daily Drilling Report - HTML Version\15_9_F_11_T2_2013_05_12.html,15_9_F_11_T2_2013_05_12.html,.html,17136,2026-09-11T23:40:03.821274,text/html
Well_technical_data\Daily Drilling Report - HTML Version\15_9_F_11_T2_2013_05_13.html,15_9_F_11_T2_2013_05_13.html,.html,18026,2026-09-11T23:40:07.246019,text/html
Well_technical_data\Daily Drilling Report - HTML Version\15_9_F_11_T2_2013_05_14.html,15_9_F_11_T2_2013_05_14.html,.html,19219,2026-09-11T23:40:10.056784,text/html
Well_technical_data\Daily Drilling Report - HTML Version\15_9_F_11_T2_2013_05_15.html,15_9_F_11_T2_2013_05_15.html,.html,16386,2026-09-11T23:40:13.812591,text/html
Well_technical_data\Daily Drilling Report - HTML Version\15_9_F_12_2007_06_14.html,15_9_F_12_2007_06_14.html,.html,10117,2026-09-11T23:40:16.526639,text/html
Well_technical_data\Daily Drilling Report - HTML Version\15_9_F_12_2007_06_15.html,15_9_F_12_2007_06_15.html,.html,16387,2026-09-11T23:40:19.841021,text/html
Well_technical_data\Daily Drilling Report - HTML Version\15_9_F_12_2007_06_16.html,15_9_F_12_2007_06_16.html,.html,20020,2026-09-11T23:40:23.337319,text/html
Well_technical_data\Daily Drilling Report - HTML Version\15_9_F_12_2007_06_17.html,15_9_F_12_2007_06_17.html,.html,21407,2026-09-11T23:40:26.188275,text/html
Well_technical_data\Daily Drilling Report - HTML Version\15_9_F_12_2007_06_18.html,15_9_F_12_2007_06_18.html,.html,23052,2026-09-11T23:40:29.643194,text/html
Well_technical_data\Daily Drilling Report - HTML Version\15_9_F_12_2007_06_19.html,15_9_F_12_2007_06_19.html,.html,17649,2026-09-11T23:40:32.824294,text/html
Well_technical_data\Daily Drilling Report - HTML Version\15_9_F_12_2007_06_20.html,15_9_F_12_2007_06_20.html,.html,17061,2026-09-11T23:40:35.751523,text/html
Well_technical_data\Daily Drilling Report - HTML Version\15_9_F_12_2007_06_21.html,15_9_F_12_2007_06_21.html,.html,16261,2026-09-11T23:40:38.920297,text/html
Well_technical_data\Daily Drilling Report - HTML Version\15_9_F_12_2007_06_22.html,15_9_F_12_2007_06_22.html,.html,19925,2026-09-11T23:40:42.920828,text/html
Well_technical_data\Daily Drilling Report - HTML Version\15_9_F_12_2007_06_23.html,15_9_F_12_2007_06_23.html,.html,18543,2026-09-11T23:40:46.423549,text/html
Well_technical_data\Daily Drilling Report - HTML Version\15_9_F_12_2007_06_24.html,15_9_F_12_2007_06_24.html,.html,14957,2026-09-11T23:40:49.457612,text/html
Well_technical_data\Daily Drilling Report - HTML Version\15_9_F_12_2007_06_25.html,15_9_F_12_2007_06_25.html,.html,14393,2026-09-11T23:40:52.520803,text/html
Well_technical_data\Daily Drilling Report - HTML Version\15_9_F_12_2007_06_26.html,15_9_F_12_2007_06_26.html,.html,21202,2026-09-11T23:40:55.704408,text/html
Well_technical_data\Daily Drilling Report - HTML Version\15_9_F_12_2007_06_27.html,15_9_F_12_2007_06_27.html,.html,19520,2026-09-11T23:40:59.530187,text/html
Well_technical_data\Daily Drilling Report - HTML Version\15_9_F_12_2007_06_28.html,15_9_F_12_2007_06_28.html,.html,23427,2026-09-11T23:41:02.660098,text/html
Well_technical_data\Daily Drilling Report - HTML Version\15_9_F_12_2007_06_29.html,15_9_F_12_2007_06_29.html,.html,22568,2026-09-11T23:41:06.030908,text/html
Well_technical_data\Daily Drilling Report - HTML Version\15_9_F_12_2007_06_30.html,15_9_F_12_2007_06_30.html,.html,25573,2026-09-11T23:41:09.264207,text/html
Well_technical_data\Daily Drilling Report - HTML Version\15_9_F_12_2007_07_01.html,15_9_F_12_2007_07_01.html,.html,21890,2026-09-11T23:41:12.650840,text/html
Well_technical_data\Daily Drilling Report - HTML Version\15_9_F_12_2007_07_02.html,15_9_F_12_2007_07_02.html,.html,18869,2026-09-11T23:41:16.365267,text/html
Well_technical_data\Daily Drilling Report - HTML Version\15_9_F_12_2007_07_03.html,15_9_F_12_2007_07_03.html,.html,14984,2026-09-11T23:41:19.606030,text/html
Well_technical_data\Daily Drilling Report - HTML Version\15_9_F_12_2007_07_04.html,15_9_F_12_2007_07_04.html,.html,16167,2026-09-11T23:41:22.856318,text/html
Well_technical_data\Daily Drilling Report - HTML Version\15_9_F_12_2007_07_05.html,15_9_F_12_2007_07_05.html,.html,17651,2026-09-11T23:41:26.686884,text/html
Well_technical_data\Daily Drilling Report - HTML Version\15_9_F_12_2007_07_06.html,15_9_F_12_2007_07_06.html,.html,17616,2026-09-11T23:41:30.227275,text/html
Well_technical_data\Daily Drilling Report - HTML Version\15_9_F_12_2007_07_07.html,15_9_F_12_2007_07_07.html,.html,17597,2026-09-11T23:41:33.450331,text/html
Well_technical_data\Daily Drilling Report - HTML Version\15_9_F_12_2007_07_08.html,15_9_F_12_2007_07_08.html,.html,18174,2026-09-11T23:41:36.553643,text/html
Well_technical_data\Daily Drilling Report - HTML Version\15_9_F_12_2007_07_09.html,15_9_F_12_2007_07_09.html,.html,18493,2026-09-11T23:41:40.899367,text/html
Well_technical_data\Daily Drilling Report - HTML Version\15_9_F_12_2007_07_10.html,15_9_F_12_2007_07_10.html,.html,15835,2026-09-11T23:41:45.001274,text/html
Well_technical_data\Daily Drilling Report - HTML Version\15_9_F_12_2007_07_11.html,15_9_F_12_2007_07_11.html,.html,18825,2026-09-11T23:41:48.362266,text/html
Well_technical_data\Daily Drilling Report - HTML Version\15_9_F_12_2007_07_12.html,15_9_F_12_2007_07_12.html,.html,18112,2026-09-11T23:41:51.936317,text/html
Well_technical_data\Daily Drilling Report - HTML Version\15_9_F_12_2007_07_13.html,15_9_F_12_2007_07_13.html,.html,18044,2026-09-11T23:41:55.355527,text/html
Well_technical_data\Daily Drilling Report - HTML Version\15_9_F_12_2007_07_14.html,15_9_F_12_2007_07_14.html,.html,19956,2026-09-11T23:41:58.789067,text/html
Well_technical_data\Daily Drilling Report - HTML Version\15_9_F_12_2007_07_15.html,15_9_F_12_2007_07_15.html,.html,21517,2026-09-11T23:42:02.123669,text/html
Well_technical_data\Daily Drilling Report - HTML Version\15_9_F_12_2007_07_16.html,15_9_F_12_2007_07_16.html,.html,18750,2026-09-11T23:42:05.047035,text/html
Well_technical_data\Daily Drilling Report - HTML Version\15_9_F_12_2007_07_17.html,15_9_F_12_2007_07_17.html,.html,16866,2026-09-11T23:42:08.382584,text/html
Well_technical_data\Daily Drilling Report - HTML Version\15_9_F_12_2007_07_18.html,15_9_F_12_2007_07_18.html,.html,18230,2026-09-11T23:42:11.731175,text/html
Well_technical_data\Daily Drilling Report - HTML Version\15_9_F_12_2007_07_19.html,15_9_F_12_2007_07_19.html,.html,16137,2026-09-11T23:42:14.938115,text/html
Well_technical_data\Daily Drilling Report - HTML Version\15_9_F_12_2007_07_20.html,15_9_F_12_2007_07_20.html,.html,23614,2026-09-11T23:42:18.315928,text/html
Well_technical_data\Daily Drilling Report - HTML Version\15_9_F_12_2007_07_21.html,15_9_F_12_2007_07_21.html,.html,21170,2026-09-11T23:42:21.914681,text/html
Well_technical_data\Daily Drilling Report - HTML Version\15_9_F_12_2007_07_22.html,15_9_F_12_2007_07_22.html,.html,24254,2026-09-11T23:42:25.426937,text/html
Well_technical_data\Daily Drilling Report - HTML Version\15_9_F_12_2007_07_23.html,15_9_F_12_2007_07_23.html,.html,23736,2026-09-11T23:42:28.834934,text/html
Well_technical_data\Daily Drilling Report - HTML Version\15_9_F_12_2007_07_24.html,15_9_F_12_2007_07_24.html,.html,20280,2026-09-11T23:42:32.318417,text/html
Well_technical_data\Daily Drilling Report - HTML Version\15_9_F_12_2007_07_25.html,15_9_F_12_2007_07_25.html,.html,23422,2026-09-11T23:42:35.636469,text/html
Well_technical_data\Daily Drilling Report - HTML Version\15_9_F_12_2007_07_26.html,15_9_F_12_2007_07_26.html,.html,21483,2026-09-11T23:42:39.124800,text/html
Well_technical_data\Daily Drilling Report - HTML Version\15_9_F_12_2007_07_27.html,15_9_F_12_2007_07_27.html,.html,21923,2026-09-11T23:42:42.397121,text/html
Well_technical_data\Daily Drilling Report - HTML Version\15_9_F_12_2007_07_28.html,15_9_F_12_2007_07_28.html,.html,18529,2026-09-11T23:42:46.187001,text/html
Well_technical_data\Daily Drilling Report - HTML Version\15_9_F_12_2007_07_29.html,15_9_F_12_2007_07_29.html,.html,22989,2026-09-11T23:42:50.253767,text/html
Well_technical_data\Daily Drilling Report - HTML Version\15_9_F_12_2007_07_30.html,15_9_F_12_2007_07_30.html,.html,22819,2026-09-11T23:42:53.463162,text/html
Well_technical_data\Daily Drilling Report - HTML Version\15_9_F_12_2007_07_31.html,15_9_F_12_2007_07_31.html,.html,24588,2026-09-11T23:42:57.059769,text/html
Well_technical_data\Daily Drilling Report - HTML Version\15_9_F_12_2007_08_01.html,15_9_F_12_2007_08_01.html,.html,21781,2026-09-11T23:43:00.708413,text/html
Well_technical_data\Daily Drilling Report - HTML Version\15_9_F_12_2007_08_02.html,15_9_F_12_2007_08_02.html,.html,19818,2026-09-11T23:43:04.012512,text/html
Well_technical_data\Daily Drilling Report - HTML Version\15_9_F_12_2007_08_03.html,15_9_F_12_2007_08_03.html,.html,14810,2026-09-11T23:43:07.090810,text/html
Well_technical_data\Daily Drilling Report - HTML Version\15_9_F_12_2007_08_04.html,15_9_F_12_2007_08_04.html,.html,15621,2026-09-11T23:43:10.309639,text/html
Well_technical_data\Daily Drilling Report - HTML Version\15_9_F_12_2007_08_05.html,15_9_F_12_2007_08_05.html,.html,17254,2026-09-11T23:43:13.717929,text/html
Well_technical_data\Daily Drilling Report - HTML Version\15_9_F_12_2007_08_06.html,15_9_F_12_2007_08_06.html,.html,17441,2026-09-11T23:43:17.037962,text/html
Well_technical_data\Daily Drilling Report - HTML Version\15_9_F_12_2007_08_07.html,15_9_F_12_2007_08_07.html,.html,16533,2026-09-11T23:43:20.512948,text/html
Well_technical_data\Daily Drilling Report - HTML Version\15_9_F_12_2007_08_08.html,15_9_F_12_2007_08_08.html,.html,15495,2026-09-11T23:43:24.129806,text/html
Well_technical_data\Daily Drilling Report - HTML Version\15_9_F_12_2007_08_09.html,15_9_F_12_2007_08_09.html,.html,17888,2026-09-11T23:43:27.465095,text/html
Well_technical_data\Daily Drilling Report - HTML Version\15_9_F_12_2007_08_10.html,15_9_F_12_2007_08_10.html,.html,17139,2026-09-11T23:43:30.630514,text/html
Well_technical_data\Daily Drilling Report - HTML Version\15_9_F_12_2007_08_11.html,15_9_F_12_2007_08_11.html,.html,15055,2026-09-11T23:43:33.959187,text/html
Well_technical_data\Daily Drilling Report - HTML Version\15_9_F_12_2007_08_12.html,15_9_F_12_2007_08_12.html,.html,20965,2026-09-11T23:43:37.424117,text/html
Well_technical_data\Daily Drilling Report - HTML Version\15_9_F_12_2007_08_13.html,15_9_F_12_2007_08_13.html,.html,22012,2026-09-11T23:43:41.094419,text/html
Well_technical_data\Daily Drilling Report - HTML Version\15_9_F_12_2007_08_14.html,15_9_F_12_2007_08_14.html,.html,21142,2026-09-11T23:43:44.613310,text/html
Well_technical_data\Daily Drilling Report - HTML Version\15_9_F_12_2007_08_15.html,15_9_F_12_2007_08_15.html,.html,21541,2026-09-11T23:43:48.259063,text/html
Well_technical_data\Daily Drilling Report - HTML Version\15_9_F_12_2007_08_16.html,15_9_F_12_2007_08_16.html,.html,19022,2026-09-11T23:43:51.681921,text/html
Well_technical_data\Daily Drilling Report - HTML Version\15_9_F_12_2007_08_17.html,15_9_F_12_2007_08_17.html,.html,23197,2026-09-11T23:43:55.631694,text/html
Well_technical_data\Daily Drilling Report - HTML Version\15_9_F_12_2007_08_18.html,15_9_F_12_2007_08_18.html,.html,18580,2026-09-11T23:43:59.442053,text/html
Well_technical_data\Daily Drilling Report - HTML Version\15_9_F_12_2007_08_19.html,15_9_F_12_2007_08_19.html,.html,16065,2026-09-11T23:44:03.067409,text/html
Well_technical_data\Daily Drilling Report - HTML Version\15_9_F_12_2007_08_20.html,15_9_F_12_2007_08_20.html,.html,20606,2026-09-11T23:44:06.470277,text/html
Well_technical_data\Daily Drilling Report - HTML Version\15_9_F_12_2007_08_21.html,15_9_F_12_2007_08_21.html,.html,17854,2026-09-11T23:44:10.085446,text/html
Well_technical_data\Daily Drilling Report - HTML Version\15_9_F_12_2007_08_22.html,15_9_F_12_2007_08_22.html,.html,18527,2026-09-11T23:44:13.198501,text/html
Well_technical_data\Daily Drilling Report - HTML Version\15_9_F_12_2007_08_23.html,15_9_F_12_2007_08_23.html,.html,20849,2026-09-11T23:44:16.527355,text/html
Well_technical_data\Daily Drilling Report - HTML Version\15_9_F_12_2007_08_24.html,15_9_F_12_2007_08_24.html,.html,24133,2026-09-11T23:44:19.839891,text/html
Well_technical_data\Daily Drilling Report - HTML Version\15_9_F_12_2007_08_25.html,15_9_F_12_2007_08_25.html,.html,20436,2026-09-11T23:44:23.040113,text/html
Well_technical_data\Daily Drilling Report - HTML Version\15_9_F_12_2007_08_26.html,15_9_F_12_2007_08_26.html,.html,19013,2026-09-11T23:44:26.235295,text/html
Well_technical_data\Daily Drilling Report - HTML Version\15_9_F_12_2007_08_27.html,15_9_F_12_2007_08_27.html,.html,18168,2026-09-11T23:44:29.719850,text/html
Well_technical_data\Daily Drilling Report - HTML Version\15_9_F_12_2007_08_28.html,15_9_F_12_2007_08_28.html,.html,19701,2026-09-11T23:44:33.528697,text/html
Well_technical_data\Daily Drilling Report - HTML Version\15_9_F_12_2007_08_29.html,15_9_F_12_2007_08_29.html,.html,19183,2026-09-11T23:44:36.770846,text/html
Well_technical_data\Daily Drilling Report - HTML Version\15_9_F_12_2007_08_30.html,15_9_F_12_2007_08_30.html,.html,16556,2026-09-11T23:44:40.244345,text/html
Well_technical_data\Daily Drilling Report - HTML Version\15_9_F_12_2007_08_31.html,15_9_F_12_2007_08_31.html,.html,20144,2026-09-11T23:44:43.597965,text/html
Well_technical_data\Daily Drilling Report - HTML Version\15_9_F_12_2007_09_01.html,15_9_F_12_2007_09_01.html,.html,16311,2026-09-11T23:44:46.778737,text/html
Well_technical_data\Daily Drilling Report - HTML Version\15_9_F_12_2007_09_02.html,15_9_F_12_2007_09_02.html,.html,16345,2026-09-11T23:44:50.288670,text/html
Well_technical_data\Daily Drilling Report - HTML Version\15_9_F_12_2007_09_03.html,15_9_F_12_2007_09_03.html,.html,19322,2026-09-11T23:44:53.386046,text/html
Well_technical_data\Daily Drilling Report - HTML Version\15_9_F_12_2007_09_04.html,15_9_F_12_2007_09_04.html,.html,16291,2026-09-11T23:44:57.070352,text/html
Well_technical_data\Daily Drilling Report - HTML Version\15_9_F_12_2007_09_05.html,15_9_F_12_2007_09_05.html,.html,15878,2026-09-11T23:45:00.750340,text/html
Well_technical_data\Daily Drilling Report - HTML Version\15_9_F_12_2007_09_06.html,15_9_F_12_2007_09_06.html,.html,18251,2026-09-11T23:45:04.303072,text/html
Well_technical_data\Daily Drilling Report - HTML Version\15_9_F_12_2007_09_07.html,15_9_F_12_2007_09_07.html,.html,16435,2026-09-11T23:45:07.674331,text/html
Well_technical_data\Daily Drilling Report - HTML Version\15_9_F_12_2007_09_08.html,15_9_F_12_2007_09_08.html,.html,16159,2026-09-11T23:45:11.078493,text/html
Well_technical_data\Daily Drilling Report - HTML Version\15_9_F_12_2007_09_09.html,15_9_F_12_2007_09_09.html,.html,18209,2026-09-11T23:45:14.105052,text/html
Well_technical_data\Daily Drilling Report - HTML Version\15_9_F_12_2007_09_10.html,15_9_F_12_2007_09_10.html,.html,16898,2026-09-11T23:45:17.338629,text/html
Well_technical_data\Daily Drilling Report - HTML Version\15_9_F_12_2007_09_11.html,15_9_F_12_2007_09_11.html,.html,16938,2026-09-11T23:45:21.136017,text/html
Well_technical_data\Daily Drilling Report - HTML Version\15_9_F_12_2007_09_12.html,15_9_F_12_2007_09_12.html,.html,17250,2026-09-11T23:45:24.626595,text/html
Well_technical_data\Daily Drilling Report - HTML Version\15_9_F_12_2007_09_13.html,15_9_F_12_2007_09_13.html,.html,17732,2026-09-11T23:45:28.111520,text/html
Well_technical_data\Daily Drilling Report - HTML Version\15_9_F_12_2007_09_14.html,15_9_F_12_2007_09_14.html,.html,18138,2026-09-11T23:45:31.723927,text/html
Well_technical_data\Daily Drilling Report - HTML Version\15_9_F_12_2007_09_15.html,15_9_F_12_2007_09_15.html,.html,17076,2026-09-11T23:45:35.483667,text/html
Well_technical_data\Daily Drilling Report - HTML Version\15_9_F_12_2007_10_12.html,15_9_F_12_2007_10_12.html,.html,9950,2026-09-11T23:45:38.537906,text/html
Well_technical_data\Daily Drilling Report - HTML Version\15_9_F_12_2007_12_31.html,15_9_F_12_2007_12_31.html,.html,16122,2026-09-11T23:45:42.689667,text/html
Well_technical_data\Daily Drilling Report - HTML Version\15_9_F_12_2008_01_01.html,15_9_F_12_2008_01_01.html,.html,19458,2026-09-11T23:45:46.047143,text/html
Well_technical_data\Daily Drilling Report - HTML Version\15_9_F_12_2008_01_02.html,15_9_F_12_2008_01_02.html,.html,21705,2026-09-11T23:45:49.010087,text/html
Well_technical_data\Daily Drilling Report - HTML Version\15_9_F_12_2008_01_03.html,15_9_F_12_2008_01_03.html,.html,21447,2026-09-11T23:45:52.510376,text/html
Well_technical_data\Daily Drilling Report - HTML Version\15_9_F_12_2008_01_04.html,15_9_F_12_2008_01_04.html,.html,19500,2026-09-11T23:45:56.021062,text/html
Well_technical_data\Daily Drilling Report - HTML Version\15_9_F_12_2008_01_05.html,15_9_F_12_2008_01_05.html,.html,16921,2026-09-11T23:45:59.722789,text/html
Well_technical_data\Daily Drilling Report - HTML Version\15_9_F_12_2008_01_06.html,15_9_F_12_2008_01_06.html,.html,16179,2026-09-11T23:46:02.938648,text/html
Well_technical_data\Daily Drilling Report - HTML Version\15_9_F_12_2008_01_07.html,15_9_F_12_2008_01_07.html,.html,16675,2026-09-11T23:46:06.444113,text/html
Well_technical_data\Daily Drilling Report - HTML Version\15_9_F_12_2008_01_08.html,15_9_F_12_2008_01_08.html,.html,15683,2026-09-11T23:46:10.129963,text/html
Well_technical_data\Daily Drilling Report - HTML Version\15_9_F_12_2008_01_09.html,15_9_F_12_2008_01_09.html,.html,15545,2026-09-11T23:46:13.755112,text/html
Well_technical_data\Daily Drilling Report - HTML Version\15_9_F_12_2008_01_10.html,15_9_F_12_2008_01_10.html,.html,14280,2026-09-11T23:46:17.201404,text/html
Well_technical_data\Daily Drilling Report - HTML Version\15_9_F_12_2008_01_11.html,15_9_F_12_2008_01_11.html,.html,13222,2026-09-11T23:46:20.295893,text/html
Well_technical_data\Daily Drilling Report - HTML Version\15_9_F_12_2008_01_12.html,15_9_F_12_2008_01_12.html,.html,18715,2026-09-11T23:46:23.861408,text/html
Well_technical_data\Daily Drilling Report - HTML Version\15_9_F_12_2008_01_13.html,15_9_F_12_2008_01_13.html,.html,20089,2026-09-11T23:46:27.322995,text/html
Well_technical_data\Daily Drilling Report - HTML Version\15_9_F_12_2008_01_14.html,15_9_F_12_2008_01_14.html,.html,21215,2026-09-11T23:46:30.775064,text/html
Well_technical_data\Daily Drilling Report - HTML Version\15_9_F_12_2008_01_15.html,15_9_F_12_2008_01_15.html,.html,22498,2026-09-11T23:46:34.331048,text/html
Well_technical_data\Daily Drilling Report - HTML Version\15_9_F_12_2008_01_16.html,15_9_F_12_2008_01_16.html,.html,18479,2026-09-11T23:46:37.092816,text/html
Well_technical_data\Daily Drilling Report - HTML Version\15_9_F_12_2008_01_17.html,15_9_F_12_2008_01_17.html,.html,16117,2026-09-11T23:46:41.157308,text/html
Well_technical_data\Daily Drilling Report - HTML Version\15_9_F_12_2008_01_18.html,15_9_F_12_2008_01_18.html,.html,18158,2026-09-11T23:46:45.525269,text/html
Well_technical_data\Daily Drilling Report - HTML Version\15_9_F_12_2008_01_19.html,15_9_F_12_2008_01_19.html,.html,14888,2026-09-11T23:46:48.844721,text/html
Well_technical_data\Daily Drilling Report - HTML Version\15_9_F_12_2008_01_20.html,15_9_F_12_2008_01_20.html,.html,17986,2026-09-11T23:46:52.442207,text/html
Well_technical_data\Daily Drilling Report - HTML Version\15_9_F_12_2008_01_21.html,15_9_F_12_2008_01_21.html,.html,14601,2026-09-11T23:46:55.629191,text/html
Well_technical_data\Daily Drilling Report - HTML Version\15_9_F_12_2008_01_22.html,15_9_F_12_2008_01_22.html,.html,16125,2026-09-11T23:46:59.013276,text/html
Well_technical_data\Daily Drilling Report - HTML Version\15_9_F_12_2008_01_23.html,15_9_F_12_2008_01_23.html,.html,17485,2026-09-11T23:47:02.106947,text/html
Well_technical_data\Daily Drilling Report - HTML Version\15_9_F_12_2008_01_24.html,15_9_F_12_2008_01_24.html,.html,16990,2026-09-11T23:47:05.416117,text/html
Well_technical_data\Daily Drilling Report - HTML Version\15_9_F_12_2008_01_25.html,15_9_F_12_2008_01_25.html,.html,15962,2026-09-11T23:47:09.393093,text/html
Well_technical_data\Daily Drilling Report - HTML Version\15_9_F_12_2008_01_26.html,15_9_F_12_2008_01_26.html,.html,16314,2026-09-11T23:47:12.644785,text/html
Well_technical_data\Daily Drilling Report - HTML Version\15_9_F_12_2008_01_27.html,15_9_F_12_2008_01_27.html,.html,15027,2026-09-11T23:47:16.035120,text/html
Well_technical_data\Daily Drilling Report - HTML Version\15_9_F_12_2008_01_28.html,15_9_F_12_2008_01_28.html,.html,14919,2026-09-11T23:47:19.411029,text/html
Well_technical_data\Daily Drilling Report - HTML Version\15_9_F_12_2008_01_29.html,15_9_F_12_2008_01_29.html,.html,17076,2026-09-11T23:47:22.891826,text/html
Well_technical_data\Daily Drilling Report - HTML Version\15_9_F_12_2008_01_30.html,15_9_F_12_2008_01_30.html,.html,17808,2026-09-11T23:47:25.905061,text/html
Well_technical_data\Daily Drilling Report - HTML Version\15_9_F_12_2008_01_31.html,15_9_F_12_2008_01_31.html,.html,19380,2026-09-11T23:47:29.188751,text/html
Well_technical_data\Daily Drilling Report - HTML Version\15_9_F_12_2008_02_01.html,15_9_F_12_2008_02_01.html,.html,17690,2026-09-11T23:47:32.386181,text/html
Well_technical_data\Daily Drilling Report - HTML Version\15_9_F_12_2008_02_02.html,15_9_F_12_2008_02_02.html,.html,19257,2026-09-11T23:47:36.136982,text/html
Well_technical_data\Daily Drilling Report - HTML Version\15_9_F_12_2008_02_03.html,15_9_F_12_2008_02_03.html,.html,18328,2026-09-11T23:47:40.351979,text/html
Well_technical_data\Daily Drilling Report - HTML Version\15_9_F_12_2008_02_04.html,15_9_F_12_2008_02_04.html,.html,15910,2026-09-11T23:47:43.279505,text/html
Well_technical_data\Daily Drilling Report - HTML Version\15_9_F_12_2008_02_05.html,15_9_F_12_2008_02_05.html,.html,17890,2026-09-11T23:47:46.646702,text/html
Well_technical_data\Daily Drilling Report - HTML Version\15_9_F_12_2008_02_12.html,15_9_F_12_2008_02_12.html,.html,17986,2026-09-11T23:47:49.812943,text/html
Well_technical_data\Daily Drilling Report - HTML Version\15_9_F_12_2009_03_14.html,15_9_F_12_2009_03_14.html,.html,13679,2026-09-11T23:47:53.338401,text/html
Well_technical_data\Daily Drilling Report - HTML Version\15_9_F_12_2009_03_15.html,15_9_F_12_2009_03_15.html,.html,20676,2026-09-11T23:47:56.668824,text/html
Well_technical_data\Daily Drilling Report - HTML Version\15_9_F_12_2009_03_16.html,15_9_F_12_2009_03_16.html,.html,18795,2026-09-11T23:48:00.400385,text/html
Well_technical_data\Daily Drilling Report - HTML Version\15_9_F_12_2009_03_17.html,15_9_F_12_2009_03_17.html,.html,19422,2026-09-11T23:48:03.791900,text/html
Well_technical_data\Daily Drilling Report - HTML Version\15_9_F_12_2009_03_18.html,15_9_F_12_2009_03_18.html,.html,17033,2026-09-11T23:48:06.918515,text/html
Well_technical_data\Daily Drilling Report - HTML Version\15_9_F_12_2010_09_21.html,15_9_F_12_2010_09_21.html,.html,10473,2026-09-11T23:48:09.937616,text/html
Well_technical_data\Daily Drilling Report - HTML Version\15_9_F_12_2010_09_22.html,15_9_F_12_2010_09_22.html,.html,13999,2026-09-11T23:48:13.274814,text/html
Well_technical_data\Daily Drilling Report - HTML Version\15_9_F_12_2010_09_23.html,15_9_F_12_2010_09_23.html,.html,13758,2026-09-11T23:48:16.254534,text/html
Well_technical_data\Daily Drilling Report - HTML Version\15_9_F_12_2010_09_24.html,15_9_F_12_2010_09_24.html,.html,12965,2026-09-11T23:48:19.371768,text/html
Well_technical_data\Daily Drilling Report - HTML Version\15_9_F_12_2014_11_23.html,15_9_F_12_2014_11_23.html,.html,9890,2026-09-11T23:48:22.630866,text/html
Well_technical_data\Daily Drilling Report - HTML Version\15_9_F_12_2014_11_24.html,15_9_F_12_2014_11_24.html,.html,11824,2026-09-11T23:48:26.491246,text/html
Well_technical_data\Daily Drilling Report - HTML Version\15_9_F_12_2014_11_25.html,15_9_F_12_2014_11_25.html,.html,13395,2026-09-11T23:48:30.019427,text/html
Well_technical_data\Daily Drilling Report - HTML Version\15_9_F_12_2014_11_26.html,15_9_F_12_2014_11_26.html,.html,16125,2026-09-11T23:48:33.276432,text/html
Well_technical_data\Daily Drilling Report - HTML Version\15_9_F_12_2014_11_27.html,15_9_F_12_2014_11_27.html,.html,16454,2026-09-11T23:48:36.554545,text/html
Well_technical_data\Daily Drilling Report - HTML Version\15_9_F_12_2014_11_28.html,15_9_F_12_2014_11_28.html,.html,12685,2026-09-11T23:48:40.406855,text/html
Well_technical_data\Daily Drilling Report - HTML Version\15_9_F_12_2016_08_15.html,15_9_F_12_2016_08_15.html,.html,10893,2026-09-11T23:48:43.679389,text/html
Well_technical_data\Daily Drilling Report - HTML Version\15_9_F_12_2016_08_16.html,15_9_F_12_2016_08_16.html,.html,17408,2026-09-11T23:48:47.132539,text/html
Well_technical_data\Daily Drilling Report - HTML Version\15_9_F_12_2016_08_17.html,15_9_F_12_2016_08_17.html,.html,19308,2026-09-11T23:48:50.346297,text/html
Well_technical_data\Daily Drilling Report - HTML Version\15_9_F_12_2016_08_18.html,15_9_F_12_2016_08_18.html,.html,22174,2026-09-11T23:48:53.708771,text/html
Well_technical_data\Daily Drilling Report - HTML Version\15_9_F_12_2016_08_19.html,15_9_F_12_2016_08_19.html,.html,18816,2026-09-11T23:48:57.472320,text/html
Well_technical_data\Daily Drilling Report - HTML Version\15_9_F_12_2016_08_20.html,15_9_F_12_2016_08_20.html,.html,19477,2026-09-11T23:49:00.688348,text/html
Well_technical_data\Daily Drilling Report - HTML Version\15_9_F_12_2016_08_21.html,15_9_F_12_2016_08_21.html,.html,23525,2026-09-11T23:49:03.904957,text/html
Well_technical_data\Daily Drilling Report - HTML Version\15_9_F_12_2016_08_22.html,15_9_F_12_2016_08_22.html,.html,21107,2026-09-11T23:49:07.612803,text/html
Well_technical_data\Daily Drilling Report - HTML Version\15_9_F_12_2016_08_23.html,15_9_F_12_2016_08_23.html,.html,18642,2026-09-11T23:49:11.362778,text/html
Well_technical_data\Daily Drilling Report - HTML Version\15_9_F_12_2016_08_24.html,15_9_F_12_2016_08_24.html,.html,18739,2026-09-11T23:49:15.276962,text/html
Well_technical_data\Daily Drilling Report - HTML Version\15_9_F_12_2016_08_25.html,15_9_F_12_2016_08_25.html,.html,16783,2026-09-11T23:49:19.016695,text/html
Well_technical_data\Daily Drilling Report - HTML Version\15_9_F_12_2016_08_26.html,15_9_F_12_2016_08_26.html,.html,18613,2026-09-11T23:49:22.291505,text/html
Well_technical_data\Daily Drilling Report - HTML Version\15_9_F_12_2016_08_27.html,15_9_F_12_2016_08_27.html,.html,20056,2026-09-11T23:49:26.031868,text/html
Well_technical_data\Daily Drilling Report - HTML Version\15_9_F_12_2016_08_28.html,15_9_F_12_2016_08_28.html,.html,14539,2026-09-11T23:49:29.765470,text/html
Well_technical_data\Daily Drilling Report - HTML Version\15_9_F_12_2016_08_29.html,15_9_F_12_2016_08_29.html,.html,14830,2026-09-11T23:49:33.170027,text/html
Well_technical_data\Daily Drilling Report - HTML Version\15_9_F_12_2016_10_20.html,15_9_F_12_2016_10_20.html,.html,15825,2026-09-11T23:49:36.617753,text/html
Well_technical_data\Daily Drilling Report - HTML Version\15_9_F_12_2016_10_21.html,15_9_F_12_2016_10_21.html,.html,12885,2026-09-11T23:49:40.233563,text/html
Well_technical_data\Daily Drilling Report - HTML Version\15_9_F_14_2007_11_06.html,15_9_F_14_2007_11_06.html,.html,14554,2026-09-11T23:49:43.286004,text/html
Well_technical_data\Daily Drilling Report - HTML Version\15_9_F_14_2007_11_07.html,15_9_F_14_2007_11_07.html,.html,17882,2026-09-11T23:49:46.662591,text/html
Well_technical_data\Daily Drilling Report - HTML Version\15_9_F_14_2007_11_08.html,15_9_F_14_2007_11_08.html,.html,19006,2026-09-11T23:49:50.035949,text/html
Well_technical_data\Daily Drilling Report - HTML Version\15_9_F_14_2007_11_09.html,15_9_F_14_2007_11_09.html,.html,16092,2026-09-11T23:49:53.127219,text/html
Well_technical_data\Daily Drilling Report - HTML Version\15_9_F_14_2007_11_10.html,15_9_F_14_2007_11_10.html,.html,14304,2026-09-11T23:49:56.508457,text/html
Well_technical_data\Daily Drilling Report - HTML Version\15_9_F_14_2007_11_11.html,15_9_F_14_2007_11_11.html,.html,16293,2026-09-11T23:49:59.871700,text/html
Well_technical_data\Daily Drilling Report - HTML Version\15_9_F_14_2007_11_12.html,15_9_F_14_2007_11_12.html,.html,20816,2026-09-11T23:50:03.643876,text/html
Well_technical_data\Daily Drilling Report - HTML Version\15_9_F_14_2007_11_13.html,15_9_F_14_2007_11_13.html,.html,16658,2026-09-11T23:50:06.852219,text/html
Well_technical_data\Daily Drilling Report - HTML Version\15_9_F_14_2007_11_14.html,15_9_F_14_2007_11_14.html,.html,18750,2026-09-11T23:50:09.972380,text/html
Well_technical_data\Daily Drilling Report - HTML Version\15_9_F_14_2007_11_15.html,15_9_F_14_2007_11_15.html,.html,20877,2026-09-11T23:50:13.539050,text/html
Well_technical_data\Daily Drilling Report - HTML Version\15_9_F_14_2007_11_16.html,15_9_F_14_2007_11_16.html,.html,9363,2026-09-11T23:50:16.999984,text/html
Well_technical_data\Daily Drilling Report - HTML Version\15_9_F_14_2007_12_04.html,15_9_F_14_2007_12_04.html,.html,11783,2026-09-11T23:50:20.499497,text/html
Well_technical_data\Daily Drilling Report - HTML Version\15_9_F_14_2007_12_05.html,15_9_F_14_2007_12_05.html,.html,16536,2026-09-11T23:50:23.783741,text/html
Well_technical_data\Daily Drilling Report - HTML Version\15_9_F_14_2007_12_06.html,15_9_F_14_2007_12_06.html,.html,23035,2026-09-11T23:50:27.366588,text/html
Well_technical_data\Daily Drilling Report - HTML Version\15_9_F_14_2007_12_07.html,15_9_F_14_2007_12_07.html,.html,18639,2026-09-11T23:50:30.931020,text/html
Well_technical_data\Daily Drilling Report - HTML Version\15_9_F_14_2007_12_08.html,15_9_F_14_2007_12_08.html,.html,17139,2026-09-11T23:50:34.133885,text/html
Well_technical_data\Daily Drilling Report - HTML Version\15_9_F_14_2007_12_09.html,15_9_F_14_2007_12_09.html,.html,18541,2026-09-11T23:50:38.823320,text/html
Well_technical_data\Daily Drilling Report - HTML Version\15_9_F_14_2007_12_10.html,15_9_F_14_2007_12_10.html,.html,17185,2026-09-11T23:50:42.214413,text/html
Well_technical_data\Daily Drilling Report - HTML Version\15_9_F_14_2007_12_11.html,15_9_F_14_2007_12_11.html,.html,15644,2026-09-11T23:50:45.923979,text/html
Well_technical_data\Daily Drilling Report - HTML Version\15_9_F_14_2007_12_12.html,15_9_F_14_2007_12_12.html,.html,20656,2026-09-11T23:50:49.264969,text/html
Well_technical_data\Daily Drilling Report - HTML Version\15_9_F_14_2008_04_27.html,15_9_F_14_2008_04_27.html,.html,14823,2026-09-11T23:50:52.519297,text/html
Well_technical_data\Daily Drilling Report - HTML Version\15_9_F_14_2008_04_28.html,15_9_F_14_2008_04_28.html,.html,15438,2026-09-11T23:50:55.888961,text/html
Well_technical_data\Daily Drilling Report - HTML Version\15_9_F_14_2008_04_29.html,15_9_F_14_2008_04_29.html,.html,16354,2026-09-11T23:50:59.599206,text/html
Well_technical_data\Daily Drilling Report - HTML Version\15_9_F_14_2008_04_30.html,15_9_F_14_2008_04_30.html,.html,17339,2026-09-11T23:51:03.162385,text/html
Well_technical_data\Daily Drilling Report - HTML Version\15_9_F_14_2008_05_01.html,15_9_F_14_2008_05_01.html,.html,15213,2026-09-11T23:51:06.352294,text/html
Well_technical_data\Daily Drilling Report - HTML Version\15_9_F_14_2008_05_11.html,15_9_F_14_2008_05_11.html,.html,20361,2026-09-11T23:51:09.525103,text/html
Well_technical_data\Daily Drilling Report - HTML Version\15_9_F_14_2008_05_12.html,15_9_F_14_2008_05_12.html,.html,23733,2026-09-11T23:51:12.712363,text/html
Well_technical_data\Daily Drilling Report - HTML Version\15_9_F_14_2008_05_13.html,15_9_F_14_2008_05_13.html,.html,23357,2026-09-11T23:51:16.275088,text/html
Well_technical_data\Daily Drilling Report - HTML Version\15_9_F_14_2008_05_14.html,15_9_F_14_2008_05_14.html,.html,21847,2026-09-11T23:51:19.922934,text/html
Well_technical_data\Daily Drilling Report - HTML Version\15_9_F_14_2008_05_15.html,15_9_F_14_2008_05_15.html,.html,25752,2026-09-11T23:51:23.274947,text/html
Well_technical_data\Daily Drilling Report - HTML Version\15_9_F_14_2008_05_16.html,15_9_F_14_2008_05_16.html,.html,21645,2026-09-11T23:51:27.217449,text/html
Well_technical_data\Daily Drilling Report - HTML Version\15_9_F_14_2008_05_17.html,15_9_F_14_2008_05_17.html,.html,22396,2026-09-11T23:51:30.776016,text/html
Well_technical_data\Daily Drilling Report - HTML Version\15_9_F_14_2008_05_18.html,15_9_F_14_2008_05_18.html,.html,15970,2026-09-11T23:51:34.617757,text/html
Well_technical_data\Daily Drilling Report - HTML Version\15_9_F_14_2008_05_19.html,15_9_F_14_2008_05_19.html,.html,24195,2026-09-11T23:51:38.527667,text/html
Well_technical_data\Daily Drilling Report - HTML Version\15_9_F_14_2008_05_20.html,15_9_F_14_2008_05_20.html,.html,23807,2026-09-11T23:51:41.863147,text/html
Well_technical_data\Daily Drilling Report - HTML Version\15_9_F_14_2008_05_21.html,15_9_F_14_2008_05_21.html,.html,18821,2026-09-11T23:51:46.320717,text/html
Well_technical_data\Daily Drilling Report - HTML Version\15_9_F_14_2008_05_22.html,15_9_F_14_2008_05_22.html,.html,22533,2026-09-11T23:51:49.653904,text/html
Well_technical_data\Daily Drilling Report - HTML Version\15_9_F_14_2008_05_23.html,15_9_F_14_2008_05_23.html,.html,23547,2026-09-11T23:51:52.915832,text/html
Well_technical_data\Daily Drilling Report - HTML Version\15_9_F_14_2008_05_24.html,15_9_F_14_2008_05_24.html,.html,21863,2026-09-11T23:51:56.175399,text/html
Well_technical_data\Daily Drilling Report - HTML Version\15_9_F_14_2008_05_25.html,15_9_F_14_2008_05_25.html,.html,20327,2026-09-11T23:52:00.044411,text/html
Well_technical_data\Daily Drilling Report - HTML Version\15_9_F_14_2008_05_26.html,15_9_F_14_2008_05_26.html,.html,18350,2026-09-11T23:52:03.394393,text/html
Well_technical_data\Daily Drilling Report - HTML Version\15_9_F_14_2008_05_27.html,15_9_F_14_2008_05_27.html,.html,19977,2026-09-11T23:52:06.902994,text/html
Well_technical_data\Daily Drilling Report - HTML Version\15_9_F_14_2008_05_28.html,15_9_F_14_2008_05_28.html,.html,20238,2026-09-11T23:52:10.316119,text/html
Well_technical_data\Daily Drilling Report - HTML Version\15_9_F_14_2008_05_29.html,15_9_F_14_2008_05_29.html,.html,18475,2026-09-11T23:52:13.605686,text/html
Well_technical_data\Daily Drilling Report - HTML Version\15_9_F_14_2008_05_30.html,15_9_F_14_2008_05_30.html,.html,20141,2026-09-11T23:52:17.179157,text/html
Well_technical_data\Daily Drilling Report - HTML Version\15_9_F_14_2008_05_31.html,15_9_F_14_2008_05_31.html,.html,16467,2026-09-11T23:52:20.549764,text/html
Well_technical_data\Daily Drilling Report - HTML Version\15_9_F_14_2008_06_01.html,15_9_F_14_2008_06_01.html,.html,19203,2026-09-11T23:52:24.537551,text/html
Well_technical_data\Daily Drilling Report - HTML Version\15_9_F_14_2008_06_02.html,15_9_F_14_2008_06_02.html,.html,17527,2026-09-11T23:52:27.891034,text/html
Well_technical_data\Daily Drilling Report - HTML Version\15_9_F_14_2008_06_03.html,15_9_F_14_2008_06_03.html,.html,18867,2026-09-11T23:52:31.046608,text/html
Well_technical_data\Daily Drilling Report - HTML Version\15_9_F_14_2008_06_04.html,15_9_F_14_2008_06_04.html,.html,19329,2026-09-11T23:52:34.616234,text/html
Well_technical_data\Daily Drilling Report - HTML Version\15_9_F_14_2008_06_05.html,15_9_F_14_2008_06_05.html,.html,18293,2026-09-11T23:52:38.004748,text/html
Well_technical_data\Daily Drilling Report - HTML Version\15_9_F_14_2008_06_06.html,15_9_F_14_2008_06_06.html,.html,17538,2026-09-11T23:52:41.408089,text/html
Well_technical_data\Daily Drilling Report - HTML Version\15_9_F_14_2008_06_07.html,15_9_F_14_2008_06_07.html,.html,21036,2026-09-11T23:52:44.709897,text/html
Well_technical_data\Daily Drilling Report - HTML Version\15_9_F_14_2008_06_08.html,15_9_F_14_2008_06_08.html,.html,17931,2026-09-11T23:52:48.829808,text/html
Well_technical_data\Daily Drilling Report - HTML Version\15_9_F_14_2008_06_09.html,15_9_F_14_2008_06_09.html,.html,23147,2026-09-11T23:52:52.696139,text/html
Well_technical_data\Daily Drilling Report - HTML Version\15_9_F_14_2008_06_10.html,15_9_F_14_2008_06_10.html,.html,20538,2026-09-11T23:52:56.518284,text/html
Well_technical_data\Daily Drilling Report - HTML Version\15_9_F_14_2008_06_11.html,15_9_F_14_2008_06_11.html,.html,23160,2026-09-11T23:52:59.947416,text/html
Well_technical_data\Daily Drilling Report - HTML Version\15_9_F_14_2008_06_12.html,15_9_F_14_2008_06_12.html,.html,23395,2026-09-11T23:53:03.312808,text/html
Well_technical_data\Daily Drilling Report - HTML Version\15_9_F_14_2008_06_13.html,15_9_F_14_2008_06_13.html,.html,28951,2026-09-11T23:53:07.020481,text/html
Well_technical_data\Daily Drilling Report - HTML Version\15_9_F_14_2008_06_14.html,15_9_F_14_2008_06_14.html,.html,33290,2026-09-11T23:53:10.567099,text/html
Well_technical_data\Daily Drilling Report - HTML Version\15_9_F_14_2008_06_15.html,15_9_F_14_2008_06_15.html,.html,31011,2026-09-11T23:53:14.171090,text/html
Well_technical_data\Daily Drilling Report - HTML Version\15_9_F_14_2008_06_16.html,15_9_F_14_2008_06_16.html,.html,21407,2026-09-11T23:53:17.843265,text/html
Well_technical_data\Daily Drilling Report - HTML Version\15_9_F_14_2008_06_17.html,15_9_F_14_2008_06_17.html,.html,22344,2026-09-11T23:53:21.402442,text/html
Well_technical_data\Daily Drilling Report - HTML Version\15_9_F_14_2008_06_18.html,15_9_F_14_2008_06_18.html,.html,24170,2026-09-11T23:53:24.739771,text/html
Well_technical_data\Daily Drilling Report - HTML Version\15_9_F_14_2008_06_19.html,15_9_F_14_2008_06_19.html,.html,22170,2026-09-11T23:53:28.123189,text/html
Well_technical_data\Daily Drilling Report - HTML Version\15_9_F_14_2008_06_20.html,15_9_F_14_2008_06_20.html,.html,21018,2026-09-11T23:53:31.632108,text/html
Well_technical_data\Daily Drilling Report - HTML Version\15_9_F_14_2008_06_21.html,15_9_F_14_2008_06_21.html,.html,22817,2026-09-11T23:53:35.035706,text/html
Well_technical_data\Daily Drilling Report - HTML Version\15_9_F_14_2008_06_22.html,15_9_F_14_2008_06_22.html,.html,19992,2026-09-11T23:53:39.988444,text/html
Well_technical_data\Daily Drilling Report - HTML Version\15_9_F_14_2008_06_23.html,15_9_F_14_2008_06_23.html,.html,20277,2026-09-11T23:53:43.202761,text/html
Well_technical_data\Daily Drilling Report - HTML Version\15_9_F_14_2008_06_24.html,15_9_F_14_2008_06_24.html,.html,13464,2026-09-11T23:53:46.591531,text/html
Well_technical_data\Daily Drilling Report - HTML Version\15_9_F_14_2008_06_25.html,15_9_F_14_2008_06_25.html,.html,18510,2026-09-11T23:53:49.954004,text/html
Well_technical_data\Daily Drilling Report - HTML Version\15_9_F_14_2008_06_26.html,15_9_F_14_2008_06_26.html,.html,18311,2026-09-11T23:53:53.421236,text/html
Well_technical_data\Daily Drilling Report - HTML Version\15_9_F_14_2008_06_27.html,15_9_F_14_2008_06_27.html,.html,20333,2026-09-11T23:53:56.867114,text/html
Well_technical_data\Daily Drilling Report - HTML Version\15_9_F_14_2008_06_28.html,15_9_F_14_2008_06_28.html,.html,24001,2026-09-11T23:54:00.129490,text/html
Well_technical_data\Daily Drilling Report - HTML Version\15_9_F_14_2008_06_29.html,15_9_F_14_2008_06_29.html,.html,19308,2026-09-11T23:54:03.545542,text/html
Well_technical_data\Daily Drilling Report - HTML Version\15_9_F_14_2008_06_30.html,15_9_F_14_2008_06_30.html,.html,18714,2026-09-11T23:54:06.816662,text/html
Well_technical_data\Daily Drilling Report - HTML Version\15_9_F_14_2008_07_01.html,15_9_F_14_2008_07_01.html,.html,18670,2026-09-11T23:54:10.317359,text/html
Well_technical_data\Daily Drilling Report - HTML Version\15_9_F_14_2008_07_02.html,15_9_F_14_2008_07_02.html,.html,14029,2026-09-11T23:54:13.291874,text/html
Well_technical_data\Daily Drilling Report - HTML Version\15_9_F_14_2008_07_03.html,15_9_F_14_2008_07_03.html,.html,13336,2026-09-11T23:54:16.782977,text/html
Well_technical_data\Daily Drilling Report - HTML Version\15_9_F_14_2008_07_04.html,15_9_F_14_2008_07_04.html,.html,18835,2026-09-11T23:54:20.643300,text/html
Well_technical_data\Daily Drilling Report - HTML Version\15_9_F_14_2008_07_05.html,15_9_F_14_2008_07_05.html,.html,16900,2026-09-11T23:54:24.252859,text/html
Well_technical_data\Daily Drilling Report - HTML Version\15_9_F_14_2008_07_06.html,15_9_F_14_2008_07_06.html,.html,22326,2026-09-11T23:54:27.544407,text/html
Well_technical_data\Daily Drilling Report - HTML Version\15_9_F_14_2008_07_07.html,15_9_F_14_2008_07_07.html,.html,22387,2026-09-11T23:54:31.098168,text/html
Well_technical_data\Daily Drilling Report - HTML Version\15_9_F_14_2008_07_08.html,15_9_F_14_2008_07_08.html,.html,23141,2026-09-11T23:54:34.540916,text/html
Well_technical_data\Daily Drilling Report - HTML Version\15_9_F_14_2008_07_09.html,15_9_F_14_2008_07_09.html,.html,21551,2026-09-11T23:54:38.038340,text/html
Well_technical_data\Daily Drilling Report - HTML Version\15_9_F_14_2008_07_10.html,15_9_F_14_2008_07_10.html,.html,22748,2026-09-11T23:54:41.900970,text/html
Well_technical_data\Daily Drilling Report - HTML Version\15_9_F_14_2008_07_11.html,15_9_F_14_2008_07_11.html,.html,16928,2026-09-11T23:54:45.083782,text/html
Well_technical_data\Daily Drilling Report - HTML Version\15_9_F_14_2009_03_07.html,15_9_F_14_2009_03_07.html,.html,11046,2026-09-11T23:54:48.732071,text/html
Well_technical_data\Daily Drilling Report - HTML Version\15_9_F_14_2009_03_08.html,15_9_F_14_2009_03_08.html,.html,10302,2026-09-11T23:54:52.381085,text/html
Well_technical_data\Daily Drilling Report - HTML Version\15_9_F_14_2009_03_09.html,15_9_F_14_2009_03_09.html,.html,15446,2026-09-11T23:54:55.669555,text/html
Well_technical_data\Daily Drilling Report - HTML Version\15_9_F_14_2009_03_10.html,15_9_F_14_2009_03_10.html,.html,20827,2026-09-11T23:54:59.113103,text/html
Well_technical_data\Daily Drilling Report - HTML Version\15_9_F_14_2009_03_11.html,15_9_F_14_2009_03_11.html,.html,20528,2026-09-11T23:55:02.698101,text/html
Well_technical_data\Daily Drilling Report - HTML Version\15_9_F_14_2009_03_12.html,15_9_F_14_2009_03_12.html,.html,18010,2026-09-11T23:55:05.941940,text/html
Well_technical_data\Daily Drilling Report - HTML Version\15_9_F_14_2009_03_13.html,15_9_F_14_2009_03_13.html,.html,14666,2026-09-11T23:55:09.457617,text/html
Well_technical_data\Daily Drilling Report - HTML Version\15_9_F_14_2009_03_14.html,15_9_F_14_2009_03_14.html,.html,16999,2026-09-11T23:55:12.809737,text/html
Well_technical_data\Daily Drilling Report - HTML Version\15_9_F_14_2010_09_11.html,15_9_F_14_2010_09_11.html,.html,9940,2026-09-11T23:55:16.062638,text/html
Well_technical_data\Daily Drilling Report - HTML Version\15_9_F_14_2010_09_12.html,15_9_F_14_2010_09_12.html,.html,11938,2026-09-11T23:55:20.146409,text/html
Well_technical_data\Daily Drilling Report - HTML Version\15_9_F_14_2010_09_13.html,15_9_F_14_2010_09_13.html,.html,14559,2026-09-11T23:55:23.349521,text/html
Well_technical_data\Daily Drilling Report - HTML Version\15_9_F_14_2010_09_14.html,15_9_F_14_2010_09_14.html,.html,14940,2026-09-11T23:55:26.841056,text/html
Well_technical_data\Daily Drilling Report - HTML Version\15_9_F_14_2010_09_15.html,15_9_F_14_2010_09_15.html,.html,10764,2026-09-11T23:55:31.267718,text/html
Well_technical_data\Daily Drilling Report - HTML Version\15_9_F_14_2010_09_16.html,15_9_F_14_2010_09_16.html,.html,10494,2026-09-11T23:55:34.718530,text/html
Well_technical_data\Daily Drilling Report - HTML Version\15_9_F_14_2010_09_17.html,15_9_F_14_2010_09_17.html,.html,13742,2026-09-11T23:55:38.259515,text/html
Well_technical_data\Daily Drilling Report - HTML Version\15_9_F_14_2010_09_18.html,15_9_F_14_2010_09_18.html,.html,10257,2026-09-11T23:55:41.849366,text/html
Well_technical_data\Daily Drilling Report - HTML Version\15_9_F_14_2010_09_19.html,15_9_F_14_2010_09_19.html,.html,11817,2026-09-11T23:55:45.236484,text/html
Well_technical_data\Daily Drilling Report - HTML Version\15_9_F_14_2010_09_20.html,15_9_F_14_2010_09_20.html,.html,14031,2026-09-11T23:55:48.749790,text/html
Well_technical_data\Daily Drilling Report - HTML Version\15_9_F_14_2010_09_21.html,15_9_F_14_2010_09_21.html,.html,12194,2026-09-11T23:55:52.129729,text/html
Well_technical_data\Daily Drilling Report - HTML Version\15_9_F_14_2012_01_28.html,15_9_F_14_2012_01_28.html,.html,10847,2026-09-11T23:55:55.462260,text/html
Well_technical_data\Daily Drilling Report - HTML Version\15_9_F_14_2012_01_29.html,15_9_F_14_2012_01_29.html,.html,13242,2026-09-11T23:55:58.770647,text/html
Well_technical_data\Daily Drilling Report - HTML Version\15_9_F_14_2012_01_30.html,15_9_F_14_2012_01_30.html,.html,12428,2026-09-11T23:56:02.176452,text/html
Well_technical_data\Daily Drilling Report - HTML Version\15_9_F_14_2012_01_31.html,15_9_F_14_2012_01_31.html,.html,12706,2026-09-11T23:56:05.082187,text/html
Well_technical_data\Daily Drilling Report - HTML Version\15_9_F_14_2012_02_01.html,15_9_F_14_2012_02_01.html,.html,9697,2026-09-11T23:56:08.436045,text/html
Well_technical_data\Daily Drilling Report - HTML Version\15_9_F_14_2016_07_31.html,15_9_F_14_2016_07_31.html,.html,17236,2026-09-11T23:56:12.538293,text/html
Well_technical_data\Daily Drilling Report - HTML Version\15_9_F_14_2016_08_01.html,15_9_F_14_2016_08_01.html,.html,14745,2026-09-11T23:56:16.062470,text/html
Well_technical_data\Daily Drilling Report - HTML Version\15_9_F_14_2016_08_02.html,15_9_F_14_2016_08_02.html,.html,18493,2026-09-11T23:56:19.453374,text/html
Well_technical_data\Daily Drilling Report - HTML Version\15_9_F_14_2016_08_03.html,15_9_F_14_2016_08_03.html,.html,19001,2026-09-11T23:56:22.791680,text/html
Well_technical_data\Daily Drilling Report - HTML Version\15_9_F_14_2016_08_04.html,15_9_F_14_2016_08_04.html,.html,20635,2026-09-11T23:56:26.428022,text/html
Well_technical_data\Daily Drilling Report - HTML Version\15_9_F_14_2016_08_05.html,15_9_F_14_2016_08_05.html,.html,22253,2026-09-11T23:56:29.924524,text/html
Well_technical_data\Daily Drilling Report - HTML Version\15_9_F_14_2016_08_06.html,15_9_F_14_2016_08_06.html,.html,18540,2026-09-11T23:56:33.668992,text/html
Well_technical_data\Daily Drilling Report - HTML Version\15_9_F_14_2016_08_07.html,15_9_F_14_2016_08_07.html,.html,17619,2026-09-11T23:56:36.682603,text/html
Well_technical_data\Daily Drilling Report - HTML Version\15_9_F_14_2016_08_08.html,15_9_F_14_2016_08_08.html,.html,20562,2026-09-11T23:56:40.239913,text/html
Well_technical_data\Daily Drilling Report - HTML Version\15_9_F_14_2016_08_09.html,15_9_F_14_2016_08_09.html,.html,20038,2026-09-11T23:56:43.680860,text/html
Well_technical_data\Daily Drilling Report - HTML Version\15_9_F_14_2016_08_10.html,15_9_F_14_2016_08_10.html,.html,17078,2026-09-11T23:56:47.971368,text/html
Well_technical_data\Daily Drilling Report - HTML Version\15_9_F_14_2016_08_11.html,15_9_F_14_2016_08_11.html,.html,17426,2026-09-11T23:56:51.384408,text/html
Well_technical_data\Daily Drilling Report - HTML Version\15_9_F_14_2016_08_12.html,15_9_F_14_2016_08_12.html,.html,17648,2026-09-11T23:56:54.306598,text/html
Well_technical_data\Daily Drilling Report - HTML Version\15_9_F_14_2016_08_13.html,15_9_F_14_2016_08_13.html,.html,16991,2026-09-11T23:56:57.251426,text/html
Well_technical_data\Daily Drilling Report - HTML Version\15_9_F_14_2016_08_14.html,15_9_F_14_2016_08_14.html,.html,18800,2026-09-11T23:57:00.983232,text/html
Well_technical_data\Daily Drilling Report - HTML Version\15_9_F_14_2016_08_15.html,15_9_F_14_2016_08_15.html,.html,17630,2026-09-11T23:57:04.275981,text/html
Well_technical_data\Daily Drilling Report - HTML Version\15_9_F_14_2016_09_12.html,15_9_F_14_2016_09_12.html,.html,13376,2026-09-11T23:57:07.609399,text/html
Well_technical_data\Daily Drilling Report - HTML Version\15_9_F_14_2016_09_13.html,15_9_F_14_2016_09_13.html,.html,22324,2026-09-11T23:57:11.026952,text/html
Well_technical_data\Daily Drilling Report - HTML Version\15_9_F_14_2016_09_14.html,15_9_F_14_2016_09_14.html,.html,19549,2026-09-11T23:57:14.426665,text/html
Well_technical_data\Daily Drilling Report - HTML Version\15_9_F_14_2016_09_15.html,15_9_F_14_2016_09_15.html,.html,23013,2026-09-11T23:57:17.529505,text/html
Well_technical_data\Daily Drilling Report - HTML Version\15_9_F_14_2016_09_16.html,15_9_F_14_2016_09_16.html,.html,9447,2026-09-11T23:57:20.912149,text/html
Well_technical_data\Daily Drilling Report - HTML Version\15_9_F_14_2016_10_19.html,15_9_F_14_2016_10_19.html,.html,14107,2026-09-11T23:57:23.967385,text/html
Well_technical_data\Daily Drilling Report - HTML Version\15_9_F_14_2016_10_20.html,15_9_F_14_2016_10_20.html,.html,14499,2026-09-11T23:57:27.024106,text/html
Well_technical_data\Daily Drilling Report - HTML Version\15_9_F_15_2007_11_19.html,15_9_F_15_2007_11_19.html,.html,13157,2026-09-11T23:57:30.406420,text/html
Well_technical_data\Daily Drilling Report - HTML Version\15_9_F_15_2007_11_20.html,15_9_F_15_2007_11_20.html,.html,19124,2026-09-11T23:57:33.626128,text/html
Well_technical_data\Daily Drilling Report - HTML Version\15_9_F_15_2007_11_21.html,15_9_F_15_2007_11_21.html,.html,19716,2026-09-11T23:57:37.196405,text/html
Well_technical_data\Daily Drilling Report - HTML Version\15_9_F_15_2007_11_22.html,15_9_F_15_2007_11_22.html,.html,13568,2026-09-11T23:57:40.261334,text/html
Well_technical_data\Daily Drilling Report - HTML Version\15_9_F_15_2007_12_23.html,15_9_F_15_2007_12_23.html,.html,10166,2026-09-11T23:57:43.345387,text/html
Well_technical_data\Daily Drilling Report - HTML Version\15_9_F_15_2007_12_24.html,15_9_F_15_2007_12_24.html,.html,19431,2026-09-11T23:57:46.778770,text/html
Well_technical_data\Daily Drilling Report - HTML Version\15_9_F_15_2007_12_25.html,15_9_F_15_2007_12_25.html,.html,19272,2026-09-11T23:57:50.399472,text/html
Well_technical_data\Daily Drilling Report - HTML Version\15_9_F_15_2007_12_26.html,15_9_F_15_2007_12_26.html,.html,18248,2026-09-11T23:57:53.825763,text/html
Well_technical_data\Daily Drilling Report - HTML Version\15_9_F_15_2007_12_27.html,15_9_F_15_2007_12_27.html,.html,17450,2026-09-11T23:57:57.210423,text/html
Well_technical_data\Daily Drilling Report - HTML Version\15_9_F_15_2007_12_28.html,15_9_F_15_2007_12_28.html,.html,18388,2026-09-11T23:58:00.807387,text/html
Well_technical_data\Daily Drilling Report - HTML Version\15_9_F_15_2007_12_29.html,15_9_F_15_2007_12_29.html,.html,17363,2026-09-11T23:58:04.268493,text/html
Well_technical_data\Daily Drilling Report - HTML Version\15_9_F_15_2007_12_30.html,15_9_F_15_2007_12_30.html,.html,21592,2026-09-11T23:58:07.722995,text/html
Well_technical_data\Daily Drilling Report - HTML Version\15_9_F_15_2007_12_31.html,15_9_F_15_2007_12_31.html,.html,16131,2026-09-11T23:58:11.259537,text/html
Well_technical_data\Daily Drilling Report - HTML Version\15_9_F_15_2008_09_07.html,15_9_F_15_2008_09_07.html,.html,14039,2026-09-11T23:58:14.798266,text/html
Well_technical_data\Daily Drilling Report - HTML Version\15_9_F_15_2008_09_08.html,15_9_F_15_2008_09_08.html,.html,18813,2026-09-11T23:58:18.328083,text/html
Well_technical_data\Daily Drilling Report - HTML Version\15_9_F_15_2008_09_09.html,15_9_F_15_2008_09_09.html,.html,19340,2026-09-11T23:58:21.554909,text/html
Well_technical_data\Daily Drilling Report - HTML Version\15_9_F_15_2008_09_10.html,15_9_F_15_2008_09_10.html,.html,18430,2026-09-11T23:58:24.784935,text/html
Well_technical_data\Daily Drilling Report - HTML Version\15_9_F_15_2008_09_11.html,15_9_F_15_2008_09_11.html,.html,21596,2026-09-11T23:58:27.964012,text/html
Well_technical_data\Daily Drilling Report - HTML Version\15_9_F_15_2008_09_19.html,15_9_F_15_2008_09_19.html,.html,13563,2026-09-11T23:58:31.455431,text/html
Well_technical_data\Daily Drilling Report - HTML Version\15_9_F_15_2008_09_20.html,15_9_F_15_2008_09_20.html,.html,21388,2026-09-11T23:58:34.769484,text/html
Well_technical_data\Daily Drilling Report - HTML Version\15_9_F_15_2008_09_21.html,15_9_F_15_2008_09_21.html,.html,23555,2026-09-11T23:58:37.782621,text/html
Well_technical_data\Daily Drilling Report - HTML Version\15_9_F_15_2008_09_22.html,15_9_F_15_2008_09_22.html,.html,12485,2026-09-11T23:58:40.591216,text/html
Well_technical_data\Daily Drilling Report - HTML Version\15_9_F_15_2008_09_23.html,15_9_F_15_2008_09_23.html,.html,16459,2026-09-11T23:58:43.780519,text/html
Well_technical_data\Daily Drilling Report - HTML Version\15_9_F_15_2008_09_24.html,15_9_F_15_2008_09_24.html,.html,16120,2026-09-11T23:58:47.272166,text/html
Well_technical_data\Daily Drilling Report - HTML Version\15_9_F_15_2008_09_25.html,15_9_F_15_2008_09_25.html,.html,14047,2026-09-11T23:58:50.537671,text/html
Well_technical_data\Daily Drilling Report - HTML Version\15_9_F_15_2008_09_26.html,15_9_F_15_2008_09_26.html,.html,13115,2026-09-11T23:58:53.390222,text/html
Well_technical_data\Daily Drilling Report - HTML Version\15_9_F_15_2008_09_27.html,15_9_F_15_2008_09_27.html,.html,13025,2026-09-11T23:58:56.575293,text/html
Well_technical_data\Daily Drilling Report - HTML Version\15_9_F_15_2008_09_28.html,15_9_F_15_2008_09_28.html,.html,11738,2026-09-11T23:59:00.057415,text/html
Well_technical_data\Daily Drilling Report - HTML Version\15_9_F_15_2008_09_29.html,15_9_F_15_2008_09_29.html,.html,12960,2026-09-11T23:59:03.338857,text/html
Well_technical_data\Daily Drilling Report - HTML Version\15_9_F_15_2008_09_30.html,15_9_F_15_2008_09_30.html,.html,13660,2026-09-11T23:59:06.529971,text/html
Well_technical_data\Daily Drilling Report - HTML Version\15_9_F_15_2008_10_01.html,15_9_F_15_2008_10_01.html,.html,13928,2026-09-11T23:59:10.218918,text/html
Well_technical_data\Daily Drilling Report - HTML Version\15_9_F_15_2008_10_02.html,15_9_F_15_2008_10_02.html,.html,13247,2026-09-11T23:59:13.266727,text/html
Well_technical_data\Daily Drilling Report - HTML Version\15_9_F_15_2008_10_03.html,15_9_F_15_2008_10_03.html,.html,12522,2026-09-11T23:59:16.933182,text/html
Well_technical_data\Daily Drilling Report - HTML Version\15_9_F_15_2008_10_04.html,15_9_F_15_2008_10_04.html,.html,13422,2026-09-11T23:59:20.166961,text/html
Well_technical_data\Daily Drilling Report - HTML Version\15_9_F_15_2008_10_05.html,15_9_F_15_2008_10_05.html,.html,13930,2026-09-11T23:59:23.227618,text/html
Well_technical_data\Daily Drilling Report - HTML Version\15_9_F_15_2008_10_06.html,15_9_F_15_2008_10_06.html,.html,17422,2026-09-11T23:59:26.322170,text/html
Well_technical_data\Daily Drilling Report - HTML Version\15_9_F_15_2008_11_11.html,15_9_F_15_2008_11_11.html,.html,11650,2026-09-11T23:59:29.283199,text/html
Well_technical_data\Daily Drilling Report - HTML Version\15_9_F_15_2008_11_12.html,15_9_F_15_2008_11_12.html,.html,13540,2026-09-11T23:59:32.706271,text/html
Well_technical_data\Daily Drilling Report - HTML Version\15_9_F_15_2008_11_13.html,15_9_F_15_2008_11_13.html,.html,12413,2026-09-11T23:59:36.022305,text/html
Well_technical_data\Daily Drilling Report - HTML Version\15_9_F_15_2008_11_14.html,15_9_F_15_2008_11_14.html,.html,17152,2026-09-11T23:59:39.250063,text/html
Well_technical_data\Daily Drilling Report - HTML Version\15_9_F_15_2008_11_15.html,15_9_F_15_2008_11_15.html,.html,13600,2026-09-11T23:59:43.235355,text/html
Well_technical_data\Daily Drilling Report - HTML Version\15_9_F_15_2008_11_16.html,15_9_F_15_2008_11_16.html,.html,14381,2026-09-11T23:59:46.185810,text/html
Well_technical_data\Daily Drilling Report - HTML Version\15_9_F_15_2008_11_17.html,15_9_F_15_2008_11_17.html,.html,14064,2026-09-11T23:59:49.548324,text/html
Well_technical_data\Daily Drilling Report - HTML Version\15_9_F_15_2008_11_18.html,15_9_F_15_2008_11_18.html,.html,11069,2026-09-11T23:59:52.558832,text/html
Well_technical_data\Daily Drilling Report - HTML Version\15_9_F_15_2008_11_19.html,15_9_F_15_2008_11_19.html,.html,17013,2026-09-11T23:59:56.190160,text/html
Well_technical_data\Daily Drilling Report - HTML Version\15_9_F_15_2008_11_20.html,15_9_F_15_2008_11_20.html,.html,9851,2026-09-11T23:59:59.316595,text/html
Well_technical_data\Daily Drilling Report - HTML Version\15_9_F_15_2008_11_21.html,15_9_F_15_2008_11_21.html,.html,12131,2026-09-12T00:00:02.452774,text/html
Well_technical_data\Daily Drilling Report - HTML Version\15_9_F_15_2008_11_22.html,15_9_F_15_2008_11_22.html,.html,15680,2026-09-12T00:00:05.603933,text/html
Well_technical_data\Daily Drilling Report - HTML Version\15_9_F_15_2008_11_23.html,15_9_F_15_2008_11_23.html,.html,13279,2026-09-12T00:00:09.217585,text/html
Well_technical_data\Daily Drilling Report - HTML Version\15_9_F_15_2008_11_24.html,15_9_F_15_2008_11_24.html,.html,16886,2026-09-12T00:00:13.010079,text/html
Well_technical_data\Daily Drilling Report - HTML Version\15_9_F_15_2008_11_25.html,15_9_F_15_2008_11_25.html,.html,15595,2026-09-12T00:00:16.075740,text/html
Well_technical_data\Daily Drilling Report - HTML Version\15_9_F_15_2008_11_26.html,15_9_F_15_2008_11_26.html,.html,14138,2026-09-12T00:00:19.450732,text/html
Well_technical_data\Daily Drilling Report - HTML Version\15_9_F_15_2008_11_27.html,15_9_F_15_2008_11_27.html,.html,13151,2026-09-12T00:00:23.465536,text/html
Well_technical_data\Daily Drilling Report - HTML Version\15_9_F_15_2008_11_28.html,15_9_F_15_2008_11_28.html,.html,11806,2026-09-12T00:00:28.014317,text/html
Well_technical_data\Daily Drilling Report - HTML Version\15_9_F_15_2008_11_29.html,15_9_F_15_2008_11_29.html,.html,17288,2026-09-12T00:00:31.339338,text/html
Well_technical_data\Daily Drilling Report - HTML Version\15_9_F_15_2008_11_30.html,15_9_F_15_2008_11_30.html,.html,19661,2026-09-12T00:00:34.682078,text/html
Well_technical_data\Daily Drilling Report - HTML Version\15_9_F_15_2008_12_01.html,15_9_F_15_2008_12_01.html,.html,10588,2026-09-12T00:00:37.880769,text/html
Well_technical_data\Daily Drilling Report - HTML Version\15_9_F_15_2008_12_02.html,15_9_F_15_2008_12_02.html,.html,16896,2026-09-12T00:00:41.604570,text/html
Well_technical_data\Daily Drilling Report - HTML Version\15_9_F_15_2008_12_03.html,15_9_F_15_2008_12_03.html,.html,16265,2026-09-12T00:00:44.772585,text/html
Well_technical_data\Daily Drilling Report - HTML Version\15_9_F_15_2008_12_04.html,15_9_F_15_2008_12_04.html,.html,19287,2026-09-12T00:00:48.340602,text/html
Well_technical_data\Daily Drilling Report - HTML Version\15_9_F_15_2008_12_05.html,15_9_F_15_2008_12_05.html,.html,19549,2026-09-12T00:00:51.723385,text/html
Well_technical_data\Daily Drilling Report - HTML Version\15_9_F_15_2008_12_06.html,15_9_F_15_2008_12_06.html,.html,15981,2026-09-12T00:00:54.964974,text/html
Well_technical_data\Daily Drilling Report - HTML Version\15_9_F_15_2008_12_07.html,15_9_F_15_2008_12_07.html,.html,20523,2026-09-12T00:00:58.655899,text/html
Well_technical_data\Daily Drilling Report - HTML Version\15_9_F_15_2008_12_08.html,15_9_F_15_2008_12_08.html,.html,19975,2026-09-12T00:01:02.441794,text/html
Well_technical_data\Daily Drilling Report - HTML Version\15_9_F_15_2008_12_09.html,15_9_F_15_2008_12_09.html,.html,16511,2026-09-12T00:01:06.037071,text/html
Well_technical_data\Daily Drilling Report - HTML Version\15_9_F_15_2008_12_10.html,15_9_F_15_2008_12_10.html,.html,14114,2026-09-12T00:01:09.659133,text/html
Well_technical_data\Daily Drilling Report - HTML Version\15_9_F_15_2008_12_11.html,15_9_F_15_2008_12_11.html,.html,11631,2026-09-12T00:01:12.711200,text/html
Well_technical_data\Daily Drilling Report - HTML Version\15_9_F_15_2008_12_12.html,15_9_F_15_2008_12_12.html,.html,12242,2026-09-12T00:01:15.906063,text/html
Well_technical_data\Daily Drilling Report - HTML Version\15_9_F_15_2018_01_25.html,15_9_F_15_2018_01_25.html,.html,8572,2026-09-12T00:01:18.811831,text/html
Well_technical_data\Daily Drilling Report - HTML Version\15_9_F_15_A_2008_12_12.html,15_9_F_15_A_2008_12_12.html,.html,15338,2026-09-12T00:01:22.628223,text/html
Well_technical_data\Daily Drilling Report - HTML Version\15_9_F_15_A_2008_12_13.html,15_9_F_15_A_2008_12_13.html,.html,21671,2026-09-12T00:01:26.280739,text/html
Well_technical_data\Daily Drilling Report - HTML Version\15_9_F_15_A_2008_12_14.html,15_9_F_15_A_2008_12_14.html,.html,23566,2026-09-12T00:01:29.908162,text/html
Well_technical_data\Daily Drilling Report - HTML Version\15_9_F_15_A_2008_12_15.html,15_9_F_15_A_2008_12_15.html,.html,25395,2026-09-12T00:01:33.772448,text/html
Well_technical_data\Daily Drilling Report - HTML Version\15_9_F_15_A_2008_12_16.html,15_9_F_15_A_2008_12_16.html,.html,23343,2026-09-12T00:01:37.101423,text/html
Well_technical_data\Daily Drilling Report - HTML Version\15_9_F_15_A_2008_12_17.html,15_9_F_15_A_2008_12_17.html,.html,22843,2026-09-12T00:01:40.806367,text/html
Well_technical_data\Daily Drilling Report - HTML Version\15_9_F_15_A_2008_12_18.html,15_9_F_15_A_2008_12_18.html,.html,20742,2026-09-12T00:01:44.728247,text/html
Well_technical_data\Daily Drilling Report - HTML Version\15_9_F_15_A_2008_12_19.html,15_9_F_15_A_2008_12_19.html,.html,19846,2026-09-12T00:01:48.449284,text/html
Well_technical_data\Daily Drilling Report - HTML Version\15_9_F_15_A_2008_12_20.html,15_9_F_15_A_2008_12_20.html,.html,16213,2026-09-12T00:01:51.774881,text/html
Well_technical_data\Daily Drilling Report - HTML Version\15_9_F_15_A_2008_12_21.html,15_9_F_15_A_2008_12_21.html,.html,17319,2026-09-12T00:01:55.059060,text/html
Well_technical_data\Daily Drilling Report - HTML Version\15_9_F_15_A_2008_12_22.html,15_9_F_15_A_2008_12_22.html,.html,20971,2026-09-12T00:01:57.918075,text/html
Well_technical_data\Daily Drilling Report - HTML Version\15_9_F_15_A_2008_12_23.html,15_9_F_15_A_2008_12_23.html,.html,18233,2026-09-12T00:02:01.615616,text/html
Well_technical_data\Daily Drilling Report - HTML Version\15_9_F_15_A_2008_12_24.html,15_9_F_15_A_2008_12_24.html,.html,19091,2026-09-12T00:02:07.438722,text/html
Well_technical_data\Daily Drilling Report - HTML Version\15_9_F_15_A_2008_12_25.html,15_9_F_15_A_2008_12_25.html,.html,21961,2026-09-12T00:02:11.088108,text/html
Well_technical_data\Daily Drilling Report - HTML Version\15_9_F_15_A_2008_12_26.html,15_9_F_15_A_2008_12_26.html,.html,19399,2026-09-12T00:02:14.536569,text/html
Well_technical_data\Daily Drilling Report - HTML Version\15_9_F_15_A_2008_12_27.html,15_9_F_15_A_2008_12_27.html,.html,17723,2026-09-12T00:02:18.091005,text/html
Well_technical_data\Daily Drilling Report - HTML Version\15_9_F_15_A_2008_12_28.html,15_9_F_15_A_2008_12_28.html,.html,20345,2026-09-12T00:02:21.548485,text/html
Well_technical_data\Daily Drilling Report - HTML Version\15_9_F_15_A_2008_12_29.html,15_9_F_15_A_2008_12_29.html,.html,25520,2026-09-12T00:02:25.172565,text/html
Well_technical_data\Daily Drilling Report - HTML Version\15_9_F_15_A_2008_12_30.html,15_9_F_15_A_2008_12_30.html,.html,27598,2026-09-12T00:02:28.298663,text/html
Well_technical_data\Daily Drilling Report - HTML Version\15_9_F_15_A_2008_12_31.html,15_9_F_15_A_2008_12_31.html,.html,22625,2026-09-12T00:02:31.526477,text/html
Well_technical_data\Daily Drilling Report - HTML Version\15_9_F_15_A_2009_01_01.html,15_9_F_15_A_2009_01_01.html,.html,23889,2026-09-12T00:02:35.034419,text/html
Well_technical_data\Daily Drilling Report - HTML Version\15_9_F_15_A_2009_01_02.html,15_9_F_15_A_2009_01_02.html,.html,22843,2026-09-12T00:02:38.508496,text/html
Well_technical_data\Daily Drilling Report - HTML Version\15_9_F_15_A_2009_01_03.html,15_9_F_15_A_2009_01_03.html,.html,20974,2026-09-12T00:02:41.749563,text/html
Well_technical_data\Daily Drilling Report - HTML Version\15_9_F_15_A_2009_01_04.html,15_9_F_15_A_2009_01_04.html,.html,21267,2026-09-12T00:02:44.580541,text/html
Well_technical_data\Daily Drilling Report - HTML Version\15_9_F_15_A_2009_01_05.html,15_9_F_15_A_2009_01_05.html,.html,22740,2026-09-12T00:02:47.730651,text/html
Well_technical_data\Daily Drilling Report - HTML Version\15_9_F_15_A_2009_01_06.html,15_9_F_15_A_2009_01_06.html,.html,18539,2026-09-12T00:02:50.919119,text/html
Well_technical_data\Daily Drilling Report - HTML Version\15_9_F_15_A_2009_01_07.html,15_9_F_15_A_2009_01_07.html,.html,18290,2026-09-12T00:02:54.282611,text/html
Well_technical_data\Daily Drilling Report - HTML Version\15_9_F_15_A_2009_01_08.html,15_9_F_15_A_2009_01_08.html,.html,16029,2026-09-12T00:02:57.673912,text/html
Well_technical_data\Daily Drilling Report - HTML Version\15_9_F_15_A_2009_01_09.html,15_9_F_15_A_2009_01_09.html,.html,21344,2026-09-12T00:03:00.895154,text/html
Well_technical_data\Daily Drilling Report - HTML Version\15_9_F_15_A_2009_01_10.html,15_9_F_15_A_2009_01_10.html,.html,21048,2026-09-12T00:03:04.064002,text/html
Well_technical_data\Daily Drilling Report - HTML Version\15_9_F_15_A_2009_01_11.html,15_9_F_15_A_2009_01_11.html,.html,24923,2026-09-12T00:03:07.392179,text/html
Well_technical_data\Daily Drilling Report - HTML Version\15_9_F_15_A_2009_01_12.html,15_9_F_15_A_2009_01_12.html,.html,15666,2026-09-12T00:03:10.718709,text/html
Well_technical_data\Daily Drilling Report - HTML Version\15_9_F_15_A_2009_01_13.html,15_9_F_15_A_2009_01_13.html,.html,16465,2026-09-12T00:03:14.254067,text/html
Well_technical_data\Daily Drilling Report - HTML Version\15_9_F_15_A_2009_01_14.html,15_9_F_15_A_2009_01_14.html,.html,14025,2026-09-12T00:03:17.112106,text/html
Well_technical_data\Daily Drilling Report - HTML Version\15_9_F_15_B_2009_01_14.html,15_9_F_15_B_2009_01_14.html,.html,22089,2026-09-12T00:03:20.255978,text/html
Well_technical_data\Daily Drilling Report - HTML Version\15_9_F_15_B_2009_01_15.html,15_9_F_15_B_2009_01_15.html,.html,21323,2026-09-12T00:03:28.858989,text/html
Well_technical_data\Daily Drilling Report - HTML Version\15_9_F_15_B_2009_01_16.html,15_9_F_15_B_2009_01_16.html,.html,20477,2026-09-12T00:03:32.144598,text/html
Well_technical_data\Daily Drilling Report - HTML Version\15_9_F_15_B_2009_01_17.html,15_9_F_15_B_2009_01_17.html,.html,23646,2026-09-12T00:03:35.395376,text/html
Well_technical_data\Daily Drilling Report - HTML Version\15_9_F_15_B_2009_01_18.html,15_9_F_15_B_2009_01_18.html,.html,18269,2026-09-12T00:03:39.005232,text/html
Well_technical_data\Daily Drilling Report - HTML Version\15_9_F_15_B_2009_01_19.html,15_9_F_15_B_2009_01_19.html,.html,14973,2026-09-12T00:03:42.071937,text/html
Well_technical_data\Daily Drilling Report - HTML Version\15_9_F_15_C_2009_01_19.html,15_9_F_15_C_2009_01_19.html,.html,9615,2026-09-12T00:03:45.229931,text/html
Well_technical_data\Daily Drilling Report - HTML Version\15_9_F_15_C_2009_01_20.html,15_9_F_15_C_2009_01_20.html,.html,15997,2026-09-12T00:03:48.452513,text/html
Well_technical_data\Daily Drilling Report - HTML Version\15_9_F_15_C_2009_01_21.html,15_9_F_15_C_2009_01_21.html,.html,15321,2026-09-12T00:03:51.348331,text/html
Well_technical_data\Daily Drilling Report - HTML Version\15_9_F_15_C_2009_01_22.html,15_9_F_15_C_2009_01_22.html,.html,12423,2026-09-12T00:03:54.483624,text/html
Well_technical_data\Daily Drilling Report - HTML Version\15_9_F_15_C_2009_01_23.html,15_9_F_15_C_2009_01_23.html,.html,12231,2026-09-12T00:03:57.465013,text/html
Well_technical_data\Daily Drilling Report - HTML Version\15_9_F_15_C_2009_01_24.html,15_9_F_15_C_2009_01_24.html,.html,11948,2026-09-12T00:04:00.514063,text/html
Well_technical_data\Daily Drilling Report - HTML Version\15_9_F_15_C_2009_01_25.html,15_9_F_15_C_2009_01_25.html,.html,12953,2026-09-12T00:04:03.647044,text/html
Well_technical_data\Daily Drilling Report - HTML Version\15_9_F_15_C_2009_01_26.html,15_9_F_15_C_2009_01_26.html,.html,13795,2026-09-12T00:04:07.180955,text/html
Well_technical_data\Daily Drilling Report - HTML Version\15_9_F_15_C_2009_01_27.html,15_9_F_15_C_2009_01_27.html,.html,18459,2026-09-12T00:04:10.366318,text/html
Well_technical_data\Daily Drilling Report - HTML Version\15_9_F_15_C_2009_01_28.html,15_9_F_15_C_2009_01_28.html,.html,16936,2026-09-12T00:04:13.778111,text/html
Well_technical_data\Daily Drilling Report - HTML Version\15_9_F_15_C_2009_01_29.html,15_9_F_15_C_2009_01_29.html,.html,17679,2026-09-12T00:04:17.181513,text/html
Well_technical_data\Daily Drilling Report - HTML Version\15_9_F_15_C_2009_01_30.html,15_9_F_15_C_2009_01_30.html,.html,13907,2026-09-12T00:04:20.301430,text/html
Well_technical_data\Daily Drilling Report - HTML Version\15_9_F_15_C_2009_01_31.html,15_9_F_15_C_2009_01_31.html,.html,10449,2026-09-12T00:04:23.456225,text/html
Well_technical_data\Daily Drilling Report - HTML Version\15_9_F_15_C_2009_02_01.html,15_9_F_15_C_2009_02_01.html,.html,10620,2026-09-12T00:04:26.824305,text/html
Well_technical_data\Daily Drilling Report - HTML Version\15_9_F_15_C_2009_02_02.html,15_9_F_15_C_2009_02_02.html,.html,13681,2026-09-12T00:04:29.810790,text/html
Well_technical_data\Daily Drilling Report - HTML Version\15_9_F_15_C_2009_02_03.html,15_9_F_15_C_2009_02_03.html,.html,10275,2026-09-12T00:04:32.706852,text/html
Well_technical_data\Daily Drilling Report - HTML Version\15_9_F_15_C_2009_02_04.html,15_9_F_15_C_2009_02_04.html,.html,10657,2026-09-12T00:04:36.079758,text/html
Well_technical_data\Daily Drilling Report - HTML Version\15_9_F_15_C_2009_02_05.html,15_9_F_15_C_2009_02_05.html,.html,16755,2026-09-12T00:04:39.444810,text/html
Well_technical_data\Daily Drilling Report - HTML Version\15_9_F_15_C_2009_02_06.html,15_9_F_15_C_2009_02_06.html,.html,9935,2026-09-12T00:04:42.494880,text/html
Well_technical_data\Daily Drilling Report - HTML Version\15_9_F_15_C_2009_02_07.html,15_9_F_15_C_2009_02_07.html,.html,12612,2026-09-12T00:04:45.512909,text/html
Well_technical_data\Daily Drilling Report - HTML Version\15_9_F_15_C_2009_02_08.html,15_9_F_15_C_2009_02_08.html,.html,16685,2026-09-12T00:04:48.528567,text/html
Well_technical_data\Daily Drilling Report - HTML Version\15_9_F_15_C_2009_02_09.html,15_9_F_15_C_2009_02_09.html,.html,13929,2026-09-12T00:04:51.884502,text/html
Well_technical_data\Daily Drilling Report - HTML Version\15_9_F_15_C_2009_02_10.html,15_9_F_15_C_2009_02_10.html,.html,15899,2026-09-12T00:04:55.231629,text/html
Well_technical_data\Daily Drilling Report - HTML Version\15_9_F_15_C_2009_02_11.html,15_9_F_15_C_2009_02_11.html,.html,9561,2026-09-12T00:04:58.898023,text/html
Well_technical_data\Daily Drilling Report - HTML Version\15_9_F_15_C_2009_02_12.html,15_9_F_15_C_2009_02_12.html,.html,12834,2026-09-12T00:05:02.115742,text/html
Well_technical_data\Daily Drilling Report - HTML Version\15_9_F_15_C_2009_02_13.html,15_9_F_15_C_2009_02_13.html,.html,14263,2026-09-12T00:05:05.558200,text/html
Well_technical_data\Daily Drilling Report - HTML Version\15_9_F_15_C_2009_02_14.html,15_9_F_15_C_2009_02_14.html,.html,15248,2026-09-12T00:05:08.915994,text/html
Well_technical_data\Daily Drilling Report - HTML Version\15_9_F_15_C_2009_02_15.html,15_9_F_15_C_2009_02_15.html,.html,14313,2026-09-12T00:05:12.184249,text/html
Well_technical_data\Daily Drilling Report - HTML Version\15_9_F_15_C_2009_02_16.html,15_9_F_15_C_2009_02_16.html,.html,12712,2026-09-12T00:05:15.185690,text/html
Well_technical_data\Daily Drilling Report - HTML Version\15_9_F_15_C_2009_02_17.html,15_9_F_15_C_2009_02_17.html,.html,14952,2026-09-12T00:05:18.592438,text/html
Well_technical_data\Daily Drilling Report - HTML Version\15_9_F_15_C_2009_02_18.html,15_9_F_15_C_2009_02_18.html,.html,19721,2026-09-12T00:05:21.662833,text/html
Well_technical_data\Daily Drilling Report - HTML Version\15_9_F_15_C_2009_02_19.html,15_9_F_15_C_2009_02_19.html,.html,16027,2026-09-12T00:05:25.319019,text/html
Well_technical_data\Daily Drilling Report - HTML Version\15_9_F_15_C_2009_02_20.html,15_9_F_15_C_2009_02_20.html,.html,11275,2026-09-12T00:05:28.577975,text/html
Well_technical_data\Daily Drilling Report - HTML Version\15_9_F_15_C_2009_02_21.html,15_9_F_15_C_2009_02_21.html,.html,11046,2026-09-12T00:05:31.475457,text/html
Well_technical_data\Daily Drilling Report - HTML Version\15_9_F_15_C_2009_02_22.html,15_9_F_15_C_2009_02_22.html,.html,11416,2026-09-12T00:05:34.447109,text/html
Well_technical_data\Daily Drilling Report - HTML Version\15_9_F_15_C_2009_02_23.html,15_9_F_15_C_2009_02_23.html,.html,11382,2026-09-12T00:05:37.699003,text/html
Well_technical_data\Daily Drilling Report - HTML Version\15_9_F_15_C_2009_02_24.html,15_9_F_15_C_2009_02_24.html,.html,11756,2026-09-12T00:05:40.996756,text/html
Well_technical_data\Daily Drilling Report - HTML Version\15_9_F_15_C_2009_02_25.html,15_9_F_15_C_2009_02_25.html,.html,12346,2026-09-12T00:05:44.435260,text/html
Well_technical_data\Daily Drilling Report - HTML Version\15_9_F_15_C_2009_02_26.html,15_9_F_15_C_2009_02_26.html,.html,15419,2026-09-12T00:05:47.466150,text/html
Well_technical_data\Daily Drilling Report - HTML Version\15_9_F_15_C_2009_02_27.html,15_9_F_15_C_2009_02_27.html,.html,22267,2026-09-12T00:05:50.604175,text/html
Well_technical_data\Daily Drilling Report - HTML Version\15_9_F_15_C_2009_02_28.html,15_9_F_15_C_2009_02_28.html,.html,17433,2026-09-12T00:05:53.599458,text/html
Well_technical_data\Daily Drilling Report - HTML Version\15_9_F_15_C_2009_03_01.html,15_9_F_15_C_2009_03_01.html,.html,16318,2026-09-12T00:05:57.158553,text/html
Well_technical_data\Daily Drilling Report - HTML Version\15_9_F_15_C_2009_03_02.html,15_9_F_15_C_2009_03_02.html,.html,16044,2026-09-12T00:06:00.705492,text/html
Well_technical_data\Daily Drilling Report - HTML Version\15_9_F_15_C_2009_03_03.html,15_9_F_15_C_2009_03_03.html,.html,10328,2026-09-12T00:06:03.763302,text/html
Well_technical_data\Daily Drilling Report - HTML Version\15_9_F_15_C_2009_03_04.html,15_9_F_15_C_2009_03_04.html,.html,10356,2026-09-12T00:06:07.314131,text/html
Well_technical_data\Daily Drilling Report - HTML Version\15_9_F_15_C_2009_03_05.html,15_9_F_15_C_2009_03_05.html,.html,10438,2026-09-12T00:06:10.362037,text/html
Well_technical_data\Daily Drilling Report - HTML Version\15_9_F_15_C_2009_03_06.html,15_9_F_15_C_2009_03_06.html,.html,18252,2026-09-12T00:06:13.544322,text/html
Well_technical_data\Daily Drilling Report - HTML Version\15_9_F_15_C_2009_03_07.html,15_9_F_15_C_2009_03_07.html,.html,18859,2026-09-12T00:06:16.684341,text/html
Well_technical_data\Daily Drilling Report - HTML Version\15_9_F_15_C_2013_10_07.html,15_9_F_15_C_2013_10_07.html,.html,18745,2026-09-12T00:06:20.391633,text/html
Well_technical_data\Daily Drilling Report - HTML Version\15_9_F_15_C_2013_10_08.html,15_9_F_15_C_2013_10_08.html,.html,20172,2026-09-12T00:06:23.533529,text/html
Well_technical_data\Daily Drilling Report - HTML Version\15_9_F_15_C_2013_10_09.html,15_9_F_15_C_2013_10_09.html,.html,18279,2026-09-12T00:06:26.793641,text/html
Well_technical_data\Daily Drilling Report - HTML Version\15_9_F_15_C_2013_10_10.html,15_9_F_15_C_2013_10_10.html,.html,19969,2026-09-12T00:06:30.231499,text/html
Well_technical_data\Daily Drilling Report - HTML Version\15_9_F_15_C_2013_10_11.html,15_9_F_15_C_2013_10_11.html,.html,20457,2026-09-12T00:06:33.719212,text/html
Well_technical_data\Daily Drilling Report - HTML Version\15_9_F_15_C_2013_10_12.html,15_9_F_15_C_2013_10_12.html,.html,19336,2026-09-12T00:06:37.232813,text/html
Well_technical_data\Daily Drilling Report - HTML Version\15_9_F_15_C_2013_10_13.html,15_9_F_15_C_2013_10_13.html,.html,22290,2026-09-12T00:06:40.953411,text/html
Well_technical_data\Daily Drilling Report - HTML Version\15_9_F_15_C_2013_10_14.html,15_9_F_15_C_2013_10_14.html,.html,23199,2026-09-12T00:06:44.500802,text/html
Well_technical_data\Daily Drilling Report - HTML Version\15_9_F_15_C_2013_10_15.html,15_9_F_15_C_2013_10_15.html,.html,23171,2026-09-12T00:06:48.551212,text/html
Well_technical_data\Daily Drilling Report - HTML Version\15_9_F_15_C_2013_10_16.html,15_9_F_15_C_2013_10_16.html,.html,22676,2026-09-12T00:06:51.410861,text/html
Well_technical_data\Daily Drilling Report - HTML Version\15_9_F_15_C_2013_10_17.html,15_9_F_15_C_2013_10_17.html,.html,20956,2026-09-12T00:06:54.719713,text/html
Well_technical_data\Daily Drilling Report - HTML Version\15_9_F_15_C_2013_10_18.html,15_9_F_15_C_2013_10_18.html,.html,19473,2026-09-12T00:06:57.908562,text/html
Well_technical_data\Daily Drilling Report - HTML Version\15_9_F_15_C_2013_10_19.html,15_9_F_15_C_2013_10_19.html,.html,20533,2026-09-12T00:07:01.482214,text/html
Well_technical_data\Daily Drilling Report - HTML Version\15_9_F_15_C_2013_10_20.html,15_9_F_15_C_2013_10_20.html,.html,16319,2026-09-12T00:07:04.741822,text/html
Well_technical_data\Daily Drilling Report - HTML Version\15_9_F_15_C_2013_10_21.html,15_9_F_15_C_2013_10_21.html,.html,14619,2026-09-12T00:07:07.673440,text/html
Well_technical_data\Daily Drilling Report - HTML Version\15_9_F_15_C_2013_10_22.html,15_9_F_15_C_2013_10_22.html,.html,14366,2026-09-12T00:07:11.224339,text/html
Well_technical_data\Daily Drilling Report - HTML Version\15_9_F_15_C_2013_10_23.html,15_9_F_15_C_2013_10_23.html,.html,17975,2026-09-12T00:07:14.455923,text/html
Well_technical_data\Daily Drilling Report - HTML Version\15_9_F_15_C_2013_10_24.html,15_9_F_15_C_2013_10_24.html,.html,17426,2026-09-12T00:07:17.836106,text/html
Well_technical_data\Daily Drilling Report - HTML Version\15_9_F_15_C_2013_10_25.html,15_9_F_15_C_2013_10_25.html,.html,19709,2026-09-12T00:07:21.247579,text/html
Well_technical_data\Daily Drilling Report - HTML Version\15_9_F_15_C_2013_10_26.html,15_9_F_15_C_2013_10_26.html,.html,19076,2026-09-12T00:07:24.394976,text/html
Well_technical_data\Daily Drilling Report - HTML Version\15_9_F_15_C_2013_10_27.html,15_9_F_15_C_2013_10_27.html,.html,14704,2026-09-12T00:07:27.974711,text/html
Well_technical_data\Daily Drilling Report - HTML Version\15_9_F_15_C_2013_10_28.html,15_9_F_15_C_2013_10_28.html,.html,20120,2026-09-12T00:07:31.483880,text/html
Well_technical_data\Daily Drilling Report - HTML Version\15_9_F_15_C_2013_10_29.html,15_9_F_15_C_2013_10_29.html,.html,19448,2026-09-12T00:07:34.887520,text/html
Well_technical_data\Daily Drilling Report - HTML Version\15_9_F_15_C_2013_10_30.html,15_9_F_15_C_2013_10_30.html,.html,20590,2026-09-12T00:07:38.601325,text/html
Well_technical_data\Daily Drilling Report - HTML Version\15_9_F_15_C_2013_10_31.html,15_9_F_15_C_2013_10_31.html,.html,15503,2026-09-12T00:07:42.528200,text/html
Well_technical_data\Daily Drilling Report - HTML Version\15_9_F_15_C_2013_11_01.html,15_9_F_15_C_2013_11_01.html,.html,14072,2026-09-12T00:07:45.945113,text/html
Well_technical_data\Daily Drilling Report - HTML Version\15_9_F_15_C_2013_11_02.html,15_9_F_15_C_2013_11_02.html,.html,14049,2026-09-12T00:07:49.474905,text/html
Well_technical_data\Daily Drilling Report - HTML Version\15_9_F_15_C_2013_11_03.html,15_9_F_15_C_2013_11_03.html,.html,19884,2026-09-12T00:07:52.622614,text/html
Well_technical_data\Daily Drilling Report - HTML Version\15_9_F_15_C_2013_11_04.html,15_9_F_15_C_2013_11_04.html,.html,18112,2026-09-12T00:07:56.371410,text/html
Well_technical_data\Daily Drilling Report - HTML Version\15_9_F_15_C_2013_11_05.html,15_9_F_15_C_2013_11_05.html,.html,22338,2026-09-12T00:07:59.170316,text/html
Well_technical_data\Daily Drilling Report - HTML Version\15_9_F_15_C_2013_11_06.html,15_9_F_15_C_2013_11_06.html,.html,18710,2026-09-12T00:08:02.731150,text/html
Well_technical_data\Daily Drilling Report - HTML Version\15_9_F_15_C_2013_11_07.html,15_9_F_15_C_2013_11_07.html,.html,22407,2026-09-12T00:08:06.488157,text/html
Well_technical_data\Daily Drilling Report - HTML Version\15_9_F_15_C_2013_11_08.html,15_9_F_15_C_2013_11_08.html,.html,16339,2026-09-12T00:08:10.092858,text/html
Well_technical_data\Daily Drilling Report - HTML Version\15_9_F_15_C_2013_11_09.html,15_9_F_15_C_2013_11_09.html,.html,17851,2026-09-12T00:08:13.364772,text/html
Well_technical_data\Daily Drilling Report - HTML Version\15_9_F_15_C_2013_11_10.html,15_9_F_15_C_2013_11_10.html,.html,20564,2026-09-12T00:08:16.527980,text/html
Well_technical_data\Daily Drilling Report - HTML Version\15_9_F_15_C_2013_11_11.html,15_9_F_15_C_2013_11_11.html,.html,12274,2026-09-12T00:08:19.912451,text/html
Well_technical_data\Daily Drilling Report - HTML Version\15_9_F_15_D_2013_11_11.html,15_9_F_15_D_2013_11_11.html,.html,18767,2026-09-12T00:08:23.026202,text/html
Well_technical_data\Daily Drilling Report - HTML Version\15_9_F_15_D_2013_11_12.html,15_9_F_15_D_2013_11_12.html,.html,17528,2026-09-12T00:08:26.934732,text/html
Well_technical_data\Daily Drilling Report - HTML Version\15_9_F_15_D_2013_11_13.html,15_9_F_15_D_2013_11_13.html,.html,20314,2026-09-12T00:08:30.119434,text/html
Well_technical_data\Daily Drilling Report - HTML Version\15_9_F_15_D_2013_11_14.html,15_9_F_15_D_2013_11_14.html,.html,21514,2026-09-12T00:08:33.536576,text/html
Well_technical_data\Daily Drilling Report - HTML Version\15_9_F_15_D_2013_11_15.html,15_9_F_15_D_2013_11_15.html,.html,18237,2026-09-12T00:08:36.952351,text/html
Well_technical_data\Daily Drilling Report - HTML Version\15_9_F_15_D_2013_11_16.html,15_9_F_15_D_2013_11_16.html,.html,23882,2026-09-12T00:08:40.142874,text/html
Well_technical_data\Daily Drilling Report - HTML Version\15_9_F_15_D_2013_11_17.html,15_9_F_15_D_2013_11_17.html,.html,22938,2026-09-12T00:08:45.010746,text/html
Well_technical_data\Daily Drilling Report - HTML Version\15_9_F_15_D_2013_11_18.html,15_9_F_15_D_2013_11_18.html,.html,25034,2026-09-12T00:08:48.029052,text/html
Well_technical_data\Daily Drilling Report - HTML Version\15_9_F_15_D_2013_11_19.html,15_9_F_15_D_2013_11_19.html,.html,21626,2026-09-12T00:08:51.791479,text/html
Well_technical_data\Daily Drilling Report - HTML Version\15_9_F_15_D_2013_11_20.html,15_9_F_15_D_2013_11_20.html,.html,27135,2026-09-12T00:08:54.929601,text/html
Well_technical_data\Daily Drilling Report - HTML Version\15_9_F_15_D_2013_11_21.html,15_9_F_15_D_2013_11_21.html,.html,22149,2026-09-12T00:08:58.855569,text/html
Well_technical_data\Daily Drilling Report - HTML Version\15_9_F_15_D_2013_11_22.html,15_9_F_15_D_2013_11_22.html,.html,21166,2026-09-12T00:09:02.498996,text/html
Well_technical_data\Daily Drilling Report - HTML Version\15_9_F_15_D_2013_11_23.html,15_9_F_15_D_2013_11_23.html,.html,22959,2026-09-12T00:09:05.664972,text/html
Well_technical_data\Daily Drilling Report - HTML Version\15_9_F_15_D_2013_11_24.html,15_9_F_15_D_2013_11_24.html,.html,22045,2026-09-12T00:09:08.756145,text/html
Well_technical_data\Daily Drilling Report - HTML Version\15_9_F_15_D_2013_11_25.html,15_9_F_15_D_2013_11_25.html,.html,25478,2026-09-12T00:09:12.305361,text/html
Well_technical_data\Daily Drilling Report - HTML Version\15_9_F_15_D_2013_11_26.html,15_9_F_15_D_2013_11_26.html,.html,20948,2026-09-12T00:09:15.680154,text/html
Well_technical_data\Daily Drilling Report - HTML Version\15_9_F_15_D_2013_11_27.html,15_9_F_15_D_2013_11_27.html,.html,28059,2026-09-12T00:09:19.226135,text/html
Well_technical_data\Daily Drilling Report - HTML Version\15_9_F_15_D_2013_11_28.html,15_9_F_15_D_2013_11_28.html,.html,23437,2026-09-12T00:09:22.664598,text/html
Well_technical_data\Daily Drilling Report - HTML Version\15_9_F_15_D_2013_11_29.html,15_9_F_15_D_2013_11_29.html,.html,27507,2026-09-12T00:09:26.235989,text/html
Well_technical_data\Daily Drilling Report - HTML Version\15_9_F_15_D_2013_11_30.html,15_9_F_15_D_2013_11_30.html,.html,29390,2026-09-12T00:09:31.370093,text/html
Well_technical_data\Daily Drilling Report - HTML Version\15_9_F_15_D_2013_12_01.html,15_9_F_15_D_2013_12_01.html,.html,28802,2026-09-12T00:09:35.304890,text/html
Well_technical_data\Daily Drilling Report - HTML Version\15_9_F_15_D_2013_12_02.html,15_9_F_15_D_2013_12_02.html,.html,25164,2026-09-12T00:09:38.987209,text/html
Well_technical_data\Daily Drilling Report - HTML Version\15_9_F_15_D_2013_12_03.html,15_9_F_15_D_2013_12_03.html,.html,29776,2026-09-12T00:09:42.948447,text/html
Well_technical_data\Daily Drilling Report - HTML Version\15_9_F_15_D_2013_12_04.html,15_9_F_15_D_2013_12_04.html,.html,20440,2026-09-12T00:09:47.038913,text/html
Well_technical_data\Daily Drilling Report - HTML Version\15_9_F_15_D_2013_12_05.html,15_9_F_15_D_2013_12_05.html,.html,21843,2026-09-12T00:09:50.245181,text/html
Well_technical_data\Daily Drilling Report - HTML Version\15_9_F_15_D_2013_12_06.html,15_9_F_15_D_2013_12_06.html,.html,18981,2026-09-12T00:09:53.787694,text/html
Well_technical_data\Daily Drilling Report - HTML Version\15_9_F_15_D_2013_12_07.html,15_9_F_15_D_2013_12_07.html,.html,17171,2026-09-12T00:09:57.382504,text/html
Well_technical_data\Daily Drilling Report - HTML Version\15_9_F_15_D_2013_12_08.html,15_9_F_15_D_2013_12_08.html,.html,20237,2026-09-12T00:10:00.910974,text/html
Well_technical_data\Daily Drilling Report - HTML Version\15_9_F_15_D_2013_12_09.html,15_9_F_15_D_2013_12_09.html,.html,21139,2026-09-12T00:10:04.922390,text/html
Well_technical_data\Daily Drilling Report - HTML Version\15_9_F_15_D_2013_12_10.html,15_9_F_15_D_2013_12_10.html,.html,20379,2026-09-12T00:10:08.274942,text/html
Well_technical_data\Daily Drilling Report - HTML Version\15_9_F_15_D_2013_12_11.html,15_9_F_15_D_2013_12_11.html,.html,20387,2026-09-12T00:10:12.181416,text/html
Well_technical_data\Daily Drilling Report - HTML Version\15_9_F_15_D_2013_12_12.html,15_9_F_15_D_2013_12_12.html,.html,18983,2026-09-12T00:10:15.481896,text/html
Well_technical_data\Daily Drilling Report - HTML Version\15_9_F_15_D_2013_12_13.html,15_9_F_15_D_2013_12_13.html,.html,17731,2026-09-12T00:10:19.281553,text/html
Well_technical_data\Daily Drilling Report - HTML Version\15_9_F_15_D_2013_12_14.html,15_9_F_15_D_2013_12_14.html,.html,17895,2026-09-12T00:10:22.977384,text/html
Well_technical_data\Daily Drilling Report - HTML Version\15_9_F_15_D_2013_12_15.html,15_9_F_15_D_2013_12_15.html,.html,17721,2026-09-12T00:10:26.038922,text/html
Well_technical_data\Daily Drilling Report - HTML Version\15_9_F_15_D_2013_12_16.html,15_9_F_15_D_2013_12_16.html,.html,20842,2026-09-12T00:10:29.619705,text/html
Well_technical_data\Daily Drilling Report - HTML Version\15_9_F_15_D_2013_12_17.html,15_9_F_15_D_2013_12_17.html,.html,16668,2026-09-12T00:10:32.554514,text/html
Well_technical_data\Daily Drilling Report - HTML Version\15_9_F_15_D_2013_12_18.html,15_9_F_15_D_2013_12_18.html,.html,22650,2026-09-12T00:10:36.047277,text/html
Well_technical_data\Daily Drilling Report - HTML Version\15_9_F_15_D_2013_12_19.html,15_9_F_15_D_2013_12_19.html,.html,21430,2026-09-12T00:10:39.700221,text/html
Well_technical_data\Daily Drilling Report - HTML Version\15_9_F_15_D_2013_12_20.html,15_9_F_15_D_2013_12_20.html,.html,19847,2026-09-12T00:10:43.283818,text/html
Well_technical_data\Daily Drilling Report - HTML Version\15_9_F_15_D_2013_12_21.html,15_9_F_15_D_2013_12_21.html,.html,13240,2026-09-12T00:10:46.323308,text/html
Well_technical_data\Daily Drilling Report - HTML Version\15_9_F_15_D_2013_12_27.html,15_9_F_15_D_2013_12_27.html,.html,16023,2026-09-12T00:10:49.487967,text/html
Well_technical_data\Daily Drilling Report - HTML Version\15_9_F_15_D_2013_12_28.html,15_9_F_15_D_2013_12_28.html,.html,21525,2026-09-12T00:10:53.545721,text/html
Well_technical_data\Daily Drilling Report - HTML Version\15_9_F_15_D_2013_12_29.html,15_9_F_15_D_2013_12_29.html,.html,21243,2026-09-12T00:10:56.499749,text/html
Well_technical_data\Daily Drilling Report - HTML Version\15_9_F_15_D_2013_12_30.html,15_9_F_15_D_2013_12_30.html,.html,20371,2026-09-12T00:10:59.580371,text/html
Well_technical_data\Daily Drilling Report - HTML Version\15_9_F_15_D_2013_12_31.html,15_9_F_15_D_2013_12_31.html,.html,12607,2026-09-12T00:11:02.678854,text/html
Well_technical_data\Daily Drilling Report - HTML Version\15_9_F_15_D_2014_01_01.html,15_9_F_15_D_2014_01_01.html,.html,13664,2026-09-12T00:11:05.981413,text/html
Well_technical_data\Daily Drilling Report - HTML Version\15_9_F_15_D_2014_01_02.html,15_9_F_15_D_2014_01_02.html,.html,12625,2026-09-12T00:11:09.225114,text/html
Well_technical_data\Daily Drilling Report - HTML Version\15_9_F_15_D_2014_01_03.html,15_9_F_15_D_2014_01_03.html,.html,12049,2026-09-12T00:11:12.307893,text/html
Well_technical_data\Daily Drilling Report - HTML Version\15_9_F_15_D_2014_01_04.html,15_9_F_15_D_2014_01_04.html,.html,18794,2026-09-12T00:11:15.471220,text/html
Well_technical_data\Daily Drilling Report - HTML Version\15_9_F_15_D_2014_01_05.html,15_9_F_15_D_2014_01_05.html,.html,17863,2026-09-12T00:11:19.163131,text/html
Well_technical_data\Daily Drilling Report - HTML Version\15_9_F_15_D_2014_01_06.html,15_9_F_15_D_2014_01_06.html,.html,12143,2026-09-12T00:11:21.726456,text/html
Well_technical_data\Daily Drilling Report - HTML Version\15_9_F_15_D_2014_01_07.html,15_9_F_15_D_2014_01_07.html,.html,14202,2026-09-12T00:11:25.276906,text/html
Well_technical_data\Daily Drilling Report - HTML Version\15_9_F_15_D_2014_01_08.html,15_9_F_15_D_2014_01_08.html,.html,17513,2026-09-12T00:11:28.262146,text/html
Well_technical_data\Daily Drilling Report - HTML Version\15_9_F_15_D_2014_01_09.html,15_9_F_15_D_2014_01_09.html,.html,16692,2026-09-12T00:11:31.380331,text/html
Well_technical_data\Daily Drilling Report - HTML Version\15_9_F_15_D_2014_01_10.html,15_9_F_15_D_2014_01_10.html,.html,18491,2026-09-12T00:11:35.345719,text/html
Well_technical_data\Daily Drilling Report - HTML Version\15_9_F_15_D_2014_01_11.html,15_9_F_15_D_2014_01_11.html,.html,18441,2026-09-12T00:11:38.960533,text/html
Well_technical_data\Daily Drilling Report - HTML Version\15_9_F_15_D_2014_01_12.html,15_9_F_15_D_2014_01_12.html,.html,18326,2026-09-12T00:11:42.396059,text/html
Well_technical_data\Daily Drilling Report - HTML Version\15_9_F_15_D_2014_01_13.html,15_9_F_15_D_2014_01_13.html,.html,19156,2026-09-12T00:11:45.543036,text/html
Well_technical_data\Daily Drilling Report - HTML Version\15_9_F_15_D_2014_01_14.html,15_9_F_15_D_2014_01_14.html,.html,16883,2026-09-12T00:11:49.539129,text/html
Well_technical_data\Daily Drilling Report - HTML Version\15_9_F_15_D_2014_01_15.html,15_9_F_15_D_2014_01_15.html,.html,19959,2026-09-12T00:11:53.306962,text/html
Well_technical_data\Daily Drilling Report - HTML Version\15_9_F_15_D_2014_01_16.html,15_9_F_15_D_2014_01_16.html,.html,15363,2026-09-12T00:11:56.401996,text/html
Well_technical_data\Daily Drilling Report - HTML Version\15_9_F_15_D_2015_08_06.html,15_9_F_15_D_2015_08_06.html,.html,11142,2026-09-12T00:11:59.541280,text/html
Well_technical_data\Daily Drilling Report - HTML Version\15_9_F_15_D_2015_08_07.html,15_9_F_15_D_2015_08_07.html,.html,12446,2026-09-12T00:12:02.536366,text/html
Well_technical_data\Daily Drilling Report - HTML Version\15_9_F_15_D_2015_08_08.html,15_9_F_15_D_2015_08_08.html,.html,15428,2026-09-12T00:12:05.785237,text/html
Well_technical_data\Daily Drilling Report - HTML Version\15_9_F_15_D_2015_08_09.html,15_9_F_15_D_2015_08_09.html,.html,14940,2026-09-12T00:12:09.448906,text/html
Well_technical_data\Daily Drilling Report - HTML Version\15_9_F_15_D_2015_08_10.html,15_9_F_15_D_2015_08_10.html,.html,16055,2026-09-12T00:12:13.129239,text/html
Well_technical_data\Daily Drilling Report - HTML Version\15_9_F_15_D_2015_08_11.html,15_9_F_15_D_2015_08_11.html,.html,11434,2026-09-12T00:12:16.492801,text/html
Well_technical_data\Daily Drilling Report - HTML Version\15_9_F_15_D_2015_08_12.html,15_9_F_15_D_2015_08_12.html,.html,12727,2026-09-12T00:12:19.570489,text/html
Well_technical_data\Daily Drilling Report - HTML Version\15_9_F_15_D_2015_08_13.html,15_9_F_15_D_2015_08_13.html,.html,17436,2026-09-12T00:12:24.464216,text/html
Well_technical_data\Daily Drilling Report - HTML Version\15_9_F_15_D_2015_08_14.html,15_9_F_15_D_2015_08_14.html,.html,15744,2026-09-12T00:12:28.642437,text/html
Well_technical_data\Daily Drilling Report - HTML Version\15_9_F_15_D_2015_08_15.html,15_9_F_15_D_2015_08_15.html,.html,18547,2026-09-12T00:12:31.890571,text/html
Well_technical_data\Daily Drilling Report - HTML Version\15_9_F_15_D_2015_08_16.html,15_9_F_15_D_2015_08_16.html,.html,11612,2026-09-12T00:12:35.307253,text/html
Well_technical_data\Daily Drilling Report - HTML Version\15_9_F_15_D_2015_08_17.html,15_9_F_15_D_2015_08_17.html,.html,9672,2026-09-12T00:12:38.779612,text/html
Well_technical_data\Daily Drilling Report - HTML Version\15_9_F_15_D_2016_07_09.html,15_9_F_15_D_2016_07_09.html,.html,12839,2026-09-12T00:12:41.610656,text/html
Well_technical_data\Daily Drilling Report - HTML Version\15_9_F_15_D_2016_07_10.html,15_9_F_15_D_2016_07_10.html,.html,15586,2026-09-12T00:12:45.220038,text/html
Well_technical_data\Daily Drilling Report - HTML Version\15_9_F_15_D_2016_07_11.html,15_9_F_15_D_2016_07_11.html,.html,12977,2026-09-12T00:12:48.078631,text/html
Well_technical_data\Daily Drilling Report - HTML Version\15_9_F_15_D_2016_07_12.html,15_9_F_15_D_2016_07_12.html,.html,15479,2026-09-12T00:12:51.303264,text/html
Well_technical_data\Daily Drilling Report - HTML Version\15_9_F_15_D_2016_07_13.html,15_9_F_15_D_2016_07_13.html,.html,13977,2026-09-12T00:12:54.976811,text/html
Well_technical_data\Daily Drilling Report - HTML Version\15_9_F_15_D_2016_07_14.html,15_9_F_15_D_2016_07_14.html,.html,18220,2026-09-12T00:12:58.474911,text/html
Well_technical_data\Daily Drilling Report - HTML Version\15_9_F_15_D_2016_07_15.html,15_9_F_15_D_2016_07_15.html,.html,17452,2026-09-12T00:13:02.454750,text/html
Well_technical_data\Daily Drilling Report - HTML Version\15_9_F_15_D_2016_07_16.html,15_9_F_15_D_2016_07_16.html,.html,17355,2026-09-12T00:13:05.730056,text/html
Well_technical_data\Daily Drilling Report - HTML Version\15_9_F_15_D_2016_07_17.html,15_9_F_15_D_2016_07_17.html,.html,20183,2026-09-12T00:13:09.027728,text/html
Well_technical_data\Daily Drilling Report - HTML Version\15_9_F_15_D_2016_07_18.html,15_9_F_15_D_2016_07_18.html,.html,17730,2026-09-12T00:13:12.118851,text/html
Well_technical_data\Daily Drilling Report - HTML Version\15_9_F_15_D_2016_07_19.html,15_9_F_15_D_2016_07_19.html,.html,15687,2026-09-12T00:13:15.389590,text/html
Well_technical_data\Daily Drilling Report - HTML Version\15_9_F_15_D_2016_07_20.html,15_9_F_15_D_2016_07_20.html,.html,17588,2026-09-12T00:13:19.017792,text/html
Well_technical_data\Daily Drilling Report - HTML Version\15_9_F_15_D_2016_07_21.html,15_9_F_15_D_2016_07_21.html,.html,19296,2026-09-12T00:13:22.564871,text/html
Well_technical_data\Daily Drilling Report - HTML Version\15_9_F_15_D_2016_07_22.html,15_9_F_15_D_2016_07_22.html,.html,19446,2026-09-12T00:13:25.926630,text/html
Well_technical_data\Daily Drilling Report - HTML Version\15_9_F_15_D_2016_07_23.html,15_9_F_15_D_2016_07_23.html,.html,19350,2026-09-12T00:13:30.362468,text/html
Well_technical_data\Daily Drilling Report - HTML Version\15_9_F_15_D_2016_07_24.html,15_9_F_15_D_2016_07_24.html,.html,18646,2026-09-12T00:13:34.213636,text/html
Well_technical_data\Daily Drilling Report - HTML Version\15_9_F_15_D_2016_07_25.html,15_9_F_15_D_2016_07_25.html,.html,19490,2026-09-12T00:13:37.762181,text/html
Well_technical_data\Daily Drilling Report - HTML Version\15_9_F_15_D_2016_07_26.html,15_9_F_15_D_2016_07_26.html,.html,15700,2026-09-12T00:13:41.147629,text/html
Well_technical_data\Daily Drilling Report - HTML Version\15_9_F_15_D_2016_07_27.html,15_9_F_15_D_2016_07_27.html,.html,15635,2026-09-12T00:13:45.443699,text/html
Well_technical_data\Daily Drilling Report - HTML Version\15_9_F_15_D_2016_07_28.html,15_9_F_15_D_2016_07_28.html,.html,22376,2026-09-12T00:13:49.456294,text/html
Well_technical_data\Daily Drilling Report - HTML Version\15_9_F_15_D_2016_07_29.html,15_9_F_15_D_2016_07_29.html,.html,12226,2026-09-12T00:13:52.632852,text/html
Well_technical_data\Daily Drilling Report - HTML Version\15_9_F_15_D_2016_09_16.html,15_9_F_15_D_2016_09_16.html,.html,18512,2026-09-12T00:13:56.036340,text/html
Well_technical_data\Daily Drilling Report - HTML Version\15_9_F_15_D_2016_09_17.html,15_9_F_15_D_2016_09_17.html,.html,24491,2026-09-12T00:13:59.570931,text/html
Well_technical_data\Daily Drilling Report - HTML Version\15_9_F_15_D_2016_10_18.html,15_9_F_15_D_2016_10_18.html,.html,16674,2026-09-12T00:14:03.878817,text/html
Well_technical_data\Daily Drilling Report - HTML Version\15_9_F_15_D_2016_10_19.html,15_9_F_15_D_2016_10_19.html,.html,14610,2026-09-12T00:14:07.314594,text/html
Well_technical_data\Daily Drilling Report - HTML Version\15_9_F_1_2007_12_02.html,15_9_F_1_2007_12_02.html,.html,18602,2026-09-12T00:14:10.539937,text/html
Well_technical_data\Daily Drilling Report - HTML Version\15_9_F_1_2007_12_03.html,15_9_F_1_2007_12_03.html,.html,24968,2026-09-12T00:14:14.126970,text/html
Well_technical_data\Daily Drilling Report - HTML Version\15_9_F_1_2007_12_04.html,15_9_F_1_2007_12_04.html,.html,18223,2026-09-12T00:14:17.521484,text/html
Well_technical_data\Daily Drilling Report - HTML Version\15_9_F_1_2007_12_05.html,15_9_F_1_2007_12_05.html,.html,12683,2026-09-12T00:14:20.469942,text/html
Well_technical_data\Daily Drilling Report - HTML Version\15_9_F_1_2013_07_22.html,15_9_F_1_2013_07_22.html,.html,13356,2026-09-12T00:14:23.657271,text/html
Well_technical_data\Daily Drilling Report - HTML Version\15_9_F_1_2013_07_23.html,15_9_F_1_2013_07_23.html,.html,17106,2026-09-12T00:14:26.887222,text/html
Well_technical_data\Daily Drilling Report - HTML Version\15_9_F_1_2013_07_24.html,15_9_F_1_2013_07_24.html,.html,16822,2026-09-12T00:14:30.158330,text/html
Well_technical_data\Daily Drilling Report - HTML Version\15_9_F_1_2013_07_25.html,15_9_F_1_2013_07_25.html,.html,19080,2026-09-12T00:14:33.900807,text/html
Well_technical_data\Daily Drilling Report - HTML Version\15_9_F_1_2013_07_26.html,15_9_F_1_2013_07_26.html,.html,18354,2026-09-12T00:14:37.279700,text/html
Well_technical_data\Daily Drilling Report - HTML Version\15_9_F_1_2013_07_27.html,15_9_F_1_2013_07_27.html,.html,21146,2026-09-12T00:14:42.135264,text/html
Well_technical_data\Daily Drilling Report - HTML Version\15_9_F_1_2013_07_28.html,15_9_F_1_2013_07_28.html,.html,19895,2026-09-12T00:14:45.885324,text/html
Well_technical_data\Daily Drilling Report - HTML Version\15_9_F_1_2013_07_29.html,15_9_F_1_2013_07_29.html,.html,18263,2026-09-12T00:14:49.194990,text/html
Well_technical_data\Daily Drilling Report - HTML Version\15_9_F_1_2013_07_30.html,15_9_F_1_2013_07_30.html,.html,14927,2026-09-12T00:14:52.647502,text/html
Well_technical_data\Daily Drilling Report - HTML Version\15_9_F_1_2013_07_31.html,15_9_F_1_2013_07_31.html,.html,16030,2026-09-12T00:14:56.171162,text/html
Well_technical_data\Daily Drilling Report - HTML Version\15_9_F_1_2013_08_01.html,15_9_F_1_2013_08_01.html,.html,18451,2026-09-12T00:14:59.670672,text/html
Well_technical_data\Daily Drilling Report - HTML Version\15_9_F_1_2013_08_02.html,15_9_F_1_2013_08_02.html,.html,17180,2026-09-12T00:15:02.763326,text/html
Well_technical_data\Daily Drilling Report - HTML Version\15_9_F_1_2013_08_03.html,15_9_F_1_2013_08_03.html,.html,20358,2026-09-12T00:15:06.063823,text/html
Well_technical_data\Daily Drilling Report - HTML Version\15_9_F_1_2013_08_04.html,15_9_F_1_2013_08_04.html,.html,22010,2026-09-12T00:15:10.680318,text/html
Well_technical_data\Daily Drilling Report - HTML Version\15_9_F_1_2013_08_05.html,15_9_F_1_2013_08_05.html,.html,20551,2026-09-12T00:15:14.539927,text/html
Well_technical_data\Daily Drilling Report - HTML Version\15_9_F_1_2013_08_06.html,15_9_F_1_2013_08_06.html,.html,19755,2026-09-12T00:15:17.629013,text/html
Well_technical_data\Daily Drilling Report - HTML Version\15_9_F_1_2013_08_07.html,15_9_F_1_2013_08_07.html,.html,24932,2026-09-12T00:15:21.056098,text/html
Well_technical_data\Daily Drilling Report - HTML Version\15_9_F_1_2013_08_08.html,15_9_F_1_2013_08_08.html,.html,23828,2026-09-12T00:15:24.465865,text/html
Well_technical_data\Daily Drilling Report - HTML Version\15_9_F_1_2013_08_09.html,15_9_F_1_2013_08_09.html,.html,20478,2026-09-12T00:15:28.013491,text/html
Well_technical_data\Daily Drilling Report - HTML Version\15_9_F_1_2013_08_10.html,15_9_F_1_2013_08_10.html,.html,19923,2026-09-12T00:15:31.809049,text/html
Well_technical_data\Daily Drilling Report - HTML Version\15_9_F_1_2013_08_11.html,15_9_F_1_2013_08_11.html,.html,16551,2026-09-12T00:15:35.244863,text/html
Well_technical_data\Daily Drilling Report - HTML Version\15_9_F_1_2013_08_12.html,15_9_F_1_2013_08_12.html,.html,21908,2026-09-12T00:15:38.735832,text/html
Well_technical_data\Daily Drilling Report - HTML Version\15_9_F_1_2013_08_13.html,15_9_F_1_2013_08_13.html,.html,17205,2026-09-12T00:15:42.194605,text/html
Well_technical_data\Daily Drilling Report - HTML Version\15_9_F_1_2013_08_14.html,15_9_F_1_2013_08_14.html,.html,22317,2026-09-12T00:15:46.955943,text/html
Well_technical_data\Daily Drilling Report - HTML Version\15_9_F_1_2013_08_15.html,15_9_F_1_2013_08_15.html,.html,22086,2026-09-12T00:15:50.684501,text/html
Well_technical_data\Daily Drilling Report - HTML Version\15_9_F_1_2013_08_16.html,15_9_F_1_2013_08_16.html,.html,24867,2026-09-12T00:15:54.154282,text/html
Well_technical_data\Daily Drilling Report - HTML Version\15_9_F_1_2013_08_17.html,15_9_F_1_2013_08_17.html,.html,23156,2026-09-12T00:15:57.761977,text/html
Well_technical_data\Daily Drilling Report - HTML Version\15_9_F_1_2013_08_18.html,15_9_F_1_2013_08_18.html,.html,23416,2026-09-12T00:16:02.093204,text/html
Well_technical_data\Daily Drilling Report - HTML Version\15_9_F_1_2013_08_19.html,15_9_F_1_2013_08_19.html,.html,22454,2026-09-12T00:16:05.663292,text/html
Well_technical_data\Daily Drilling Report - HTML Version\15_9_F_1_2013_08_20.html,15_9_F_1_2013_08_20.html,.html,16662,2026-09-12T00:16:09.305329,text/html
Well_technical_data\Daily Drilling Report - HTML Version\15_9_F_1_2013_08_21.html,15_9_F_1_2013_08_21.html,.html,22092,2026-09-12T00:16:12.762776,text/html
Well_technical_data\Daily Drilling Report - HTML Version\15_9_F_1_2013_08_22.html,15_9_F_1_2013_08_22.html,.html,20248,2026-09-12T00:16:16.348022,text/html
Well_technical_data\Daily Drilling Report - HTML Version\15_9_F_1_2013_08_23.html,15_9_F_1_2013_08_23.html,.html,21698,2026-09-12T00:16:19.662413,text/html
Well_technical_data\Daily Drilling Report - HTML Version\15_9_F_1_2013_08_24.html,15_9_F_1_2013_08_24.html,.html,18130,2026-09-12T00:16:23.004213,text/html
Well_technical_data\Daily Drilling Report - HTML Version\15_9_F_1_A_2013_08_24.html,15_9_F_1_A_2013_08_24.html,.html,23344,2026-09-12T00:16:26.603951,text/html
Well_technical_data\Daily Drilling Report - HTML Version\15_9_F_1_A_2013_08_25.html,15_9_F_1_A_2013_08_25.html,.html,21976,2026-09-12T00:16:29.732747,text/html
Well_technical_data\Daily Drilling Report - HTML Version\15_9_F_1_A_2013_08_26.html,15_9_F_1_A_2013_08_26.html,.html,25051,2026-09-12T00:16:33.431350,text/html
Well_technical_data\Daily Drilling Report - HTML Version\15_9_F_1_A_2013_08_27.html,15_9_F_1_A_2013_08_27.html,.html,27820,2026-09-12T00:16:38.254614,text/html
Well_technical_data\Daily Drilling Report - HTML Version\15_9_F_1_A_2013_08_28.html,15_9_F_1_A_2013_08_28.html,.html,23294,2026-09-12T00:16:41.758535,text/html
Well_technical_data\Daily Drilling Report - HTML Version\15_9_F_1_A_2013_08_29.html,15_9_F_1_A_2013_08_29.html,.html,19188,2026-09-12T00:16:45.090446,text/html
Well_technical_data\Daily Drilling Report - HTML Version\15_9_F_1_A_2013_08_30.html,15_9_F_1_A_2013_08_30.html,.html,19705,2026-09-12T00:16:48.865532,text/html
Well_technical_data\Daily Drilling Report - HTML Version\15_9_F_1_B_2013_08_30.html,15_9_F_1_B_2013_08_30.html,.html,17889,2026-09-12T00:16:53.289758,text/html
Well_technical_data\Daily Drilling Report - HTML Version\15_9_F_1_B_2013_08_31.html,15_9_F_1_B_2013_08_31.html,.html,21689,2026-09-12T00:16:56.604988,text/html
Well_technical_data\Daily Drilling Report - HTML Version\15_9_F_1_B_2013_09_01.html,15_9_F_1_B_2013_09_01.html,.html,23908,2026-09-12T00:16:59.892819,text/html
Well_technical_data\Daily Drilling Report - HTML Version\15_9_F_1_B_2013_09_02.html,15_9_F_1_B_2013_09_02.html,.html,23884,2026-09-12T00:17:03.038900,text/html
Well_technical_data\Daily Drilling Report - HTML Version\15_9_F_1_B_2013_09_03.html,15_9_F_1_B_2013_09_03.html,.html,20171,2026-09-12T00:17:07.669212,text/html
Well_technical_data\Daily Drilling Report - HTML Version\15_9_F_1_B_2013_09_05.html,15_9_F_1_B_2013_09_05.html,.html,17110,2026-09-12T00:17:10.902160,text/html
Well_technical_data\Daily Drilling Report - HTML Version\15_9_F_1_B_2013_09_06.html,15_9_F_1_B_2013_09_06.html,.html,26869,2026-09-12T00:17:14.494573,text/html
Well_technical_data\Daily Drilling Report - HTML Version\15_9_F_1_B_2013_09_07.html,15_9_F_1_B_2013_09_07.html,.html,24149,2026-09-12T00:17:19.801100,text/html
Well_technical_data\Daily Drilling Report - HTML Version\15_9_F_1_B_2013_09_08.html,15_9_F_1_B_2013_09_08.html,.html,20837,2026-09-12T00:17:23.440437,text/html
Well_technical_data\Daily Drilling Report - HTML Version\15_9_F_1_B_2013_09_09.html,15_9_F_1_B_2013_09_09.html,.html,26654,2026-09-12T00:17:27.434116,text/html
Well_technical_data\Daily Drilling Report - HTML Version\15_9_F_1_B_2013_09_10.html,15_9_F_1_B_2013_09_10.html,.html,18886,2026-09-12T00:17:31.213844,text/html
Well_technical_data\Daily Drilling Report - HTML Version\15_9_F_1_B_2013_09_11.html,15_9_F_1_B_2013_09_11.html,.html,20745,2026-09-12T00:17:34.689296,text/html
Well_technical_data\Daily Drilling Report - HTML Version\15_9_F_1_B_2013_09_12.html,15_9_F_1_B_2013_09_12.html,.html,20223,2026-09-12T00:17:37.896625,text/html
Well_technical_data\Daily Drilling Report - HTML Version\15_9_F_1_B_2013_09_13.html,15_9_F_1_B_2013_09_13.html,.html,23981,2026-09-12T00:17:41.277227,text/html
Well_technical_data\Daily Drilling Report - HTML Version\15_9_F_1_B_2013_09_14.html,15_9_F_1_B_2013_09_14.html,.html,18604,2026-09-12T00:17:44.541904,text/html
Well_technical_data\Daily Drilling Report - HTML Version\15_9_F_1_B_2013_09_15.html,15_9_F_1_B_2013_09_15.html,.html,16267,2026-09-12T00:17:48.303311,text/html
Well_technical_data\Daily Drilling Report - HTML Version\15_9_F_1_B_2013_09_16.html,15_9_F_1_B_2013_09_16.html,.html,13105,2026-09-12T00:17:51.667753,text/html
Well_technical_data\Daily Drilling Report - HTML Version\15_9_F_1_B_2013_09_17.html,15_9_F_1_B_2013_09_17.html,.html,13183,2026-09-12T00:17:54.593073,text/html
Well_technical_data\Daily Drilling Report - HTML Version\15_9_F_1_B_2013_09_18.html,15_9_F_1_B_2013_09_18.html,.html,13085,2026-09-12T00:17:57.518604,text/html
Well_technical_data\Daily Drilling Report - HTML Version\15_9_F_1_B_2013_09_19.html,15_9_F_1_B_2013_09_19.html,.html,16337,2026-09-12T00:18:00.930418,text/html
Well_technical_data\Daily Drilling Report - HTML Version\15_9_F_1_B_2013_09_20.html,15_9_F_1_B_2013_09_20.html,.html,18884,2026-09-12T00:18:04.391606,text/html
Well_technical_data\Daily Drilling Report - HTML Version\15_9_F_1_B_2013_09_21.html,15_9_F_1_B_2013_09_21.html,.html,15869,2026-09-12T00:18:07.719060,text/html
Well_technical_data\Daily Drilling Report - HTML Version\15_9_F_1_B_2013_09_22.html,15_9_F_1_B_2013_09_22.html,.html,16967,2026-09-12T00:18:11.002834,text/html
Well_technical_data\Daily Drilling Report - HTML Version\15_9_F_1_B_2013_09_23.html,15_9_F_1_B_2013_09_23.html,.html,19822,2026-09-12T00:18:14.338364,text/html
Well_technical_data\Daily Drilling Report - HTML Version\15_9_F_1_B_2013_09_24.html,15_9_F_1_B_2013_09_24.html,.html,20070,2026-09-12T00:18:17.877730,text/html
Well_technical_data\Daily Drilling Report - HTML Version\15_9_F_1_B_2013_09_25.html,15_9_F_1_B_2013_09_25.html,.html,17047,2026-09-12T00:18:21.542832,text/html
Well_technical_data\Daily Drilling Report - HTML Version\15_9_F_1_B_2013_09_26.html,15_9_F_1_B_2013_09_26.html,.html,15385,2026-09-12T00:18:24.871509,text/html
Well_technical_data\Daily Drilling Report - HTML Version\15_9_F_1_B_2013_09_27.html,15_9_F_1_B_2013_09_27.html,.html,19159,2026-09-12T00:18:28.004299,text/html
Well_technical_data\Daily Drilling Report - HTML Version\15_9_F_1_B_2013_09_28.html,15_9_F_1_B_2013_09_28.html,.html,16214,2026-09-12T00:18:31.772582,text/html
Well_technical_data\Daily Drilling Report - HTML Version\15_9_F_1_B_2013_09_29.html,15_9_F_1_B_2013_09_29.html,.html,14499,2026-09-12T00:18:35.326889,text/html
Well_technical_data\Daily Drilling Report - HTML Version\15_9_F_1_B_2013_09_30.html,15_9_F_1_B_2013_09_30.html,.html,14340,2026-09-12T00:18:38.708025,text/html
Well_technical_data\Daily Drilling Report - HTML Version\15_9_F_1_B_2013_10_01.html,15_9_F_1_B_2013_10_01.html,.html,15310,2026-09-12T00:18:42.214134,text/html
Well_technical_data\Daily Drilling Report - HTML Version\15_9_F_1_B_2013_10_02.html,15_9_F_1_B_2013_10_02.html,.html,18887,2026-09-12T00:18:45.946380,text/html
Well_technical_data\Daily Drilling Report - HTML Version\15_9_F_1_B_2013_10_03.html,15_9_F_1_B_2013_10_03.html,.html,18026,2026-09-12T00:18:50.951979,text/html
Well_technical_data\Daily Drilling Report - HTML Version\15_9_F_1_B_2013_10_04.html,15_9_F_1_B_2013_10_04.html,.html,18107,2026-09-12T00:18:54.392693,text/html
Well_technical_data\Daily Drilling Report - HTML Version\15_9_F_1_B_2013_10_05.html,15_9_F_1_B_2013_10_05.html,.html,17750,2026-09-12T00:18:57.803163,text/html
Well_technical_data\Daily Drilling Report - HTML Version\15_9_F_1_B_2013_10_06.html,15_9_F_1_B_2013_10_06.html,.html,17891,2026-09-12T00:19:01.578798,text/html
Well_technical_data\Daily Drilling Report - HTML Version\15_9_F_1_B_2013_10_07.html,15_9_F_1_B_2013_10_07.html,.html,17792,2026-09-12T00:19:05.230883,text/html
Well_technical_data\Daily Drilling Report - HTML Version\15_9_F_1_B_2013_12_21.html,15_9_F_1_B_2013_12_21.html,.html,18419,2026-09-12T00:19:08.767012,text/html
Well_technical_data\Daily Drilling Report - HTML Version\15_9_F_1_B_2013_12_22.html,15_9_F_1_B_2013_12_22.html,.html,13350,2026-09-12T00:19:11.938336,text/html
Well_technical_data\Daily Drilling Report - HTML Version\15_9_F_1_B_2013_12_23.html,15_9_F_1_B_2013_12_23.html,.html,20104,2026-09-12T00:19:15.363367,text/html
Well_technical_data\Daily Drilling Report - HTML Version\15_9_F_1_B_2013_12_24.html,15_9_F_1_B_2013_12_24.html,.html,19297,2026-09-12T00:19:21.691273,text/html
Well_technical_data\Daily Drilling Report - HTML Version\15_9_F_1_B_2013_12_25.html,15_9_F_1_B_2013_12_25.html,.html,16088,2026-09-12T00:19:31.051545,text/html
Well_technical_data\Daily Drilling Report - HTML Version\15_9_F_1_B_2013_12_26.html,15_9_F_1_B_2013_12_26.html,.html,12633,2026-09-12T00:19:34.217997,text/html
Well_technical_data\Daily Drilling Report - HTML Version\15_9_F_1_B_2013_12_27.html,15_9_F_1_B_2013_12_27.html,.html,10425,2026-09-12T00:19:37.578806,text/html
Well_technical_data\Daily Drilling Report - HTML Version\15_9_F_1_B_2014_01_26.html,15_9_F_1_B_2014_01_26.html,.html,16104,2026-09-12T00:19:41.097440,text/html
Well_technical_data\Daily Drilling Report - HTML Version\15_9_F_1_B_2014_01_27.html,15_9_F_1_B_2014_01_27.html,.html,19122,2026-09-12T00:19:45.177079,text/html
Well_technical_data\Daily Drilling Report - HTML Version\15_9_F_1_B_2014_01_28.html,15_9_F_1_B_2014_01_28.html,.html,16025,2026-09-12T00:19:49.180726,text/html
Well_technical_data\Daily Drilling Report - HTML Version\15_9_F_1_B_2014_01_29.html,15_9_F_1_B_2014_01_29.html,.html,20006,2026-09-12T00:19:53.537082,text/html
Well_technical_data\Daily Drilling Report - HTML Version\15_9_F_1_B_2014_01_30.html,15_9_F_1_B_2014_01_30.html,.html,18060,2026-09-12T00:19:57.238601,text/html
Well_technical_data\Daily Drilling Report - HTML Version\15_9_F_1_B_2014_01_31.html,15_9_F_1_B_2014_01_31.html,.html,17297,2026-09-12T00:20:00.499395,text/html
Well_technical_data\Daily Drilling Report - HTML Version\15_9_F_1_B_2014_02_01.html,15_9_F_1_B_2014_02_01.html,.html,18725,2026-09-12T00:20:05.482326,text/html
Well_technical_data\Daily Drilling Report - HTML Version\15_9_F_1_B_2014_02_02.html,15_9_F_1_B_2014_02_02.html,.html,16289,2026-09-12T00:20:09.563061,text/html
Well_technical_data\Daily Drilling Report - HTML Version\15_9_F_1_B_2014_02_03.html,15_9_F_1_B_2014_02_03.html,.html,21807,2026-09-12T00:20:12.979732,text/html
Well_technical_data\Daily Drilling Report - HTML Version\15_9_F_1_B_2014_02_04.html,15_9_F_1_B_2014_02_04.html,.html,18393,2026-09-12T00:20:16.898992,text/html
Well_technical_data\Daily Drilling Report - HTML Version\15_9_F_1_B_2014_02_05.html,15_9_F_1_B_2014_02_05.html,.html,16927,2026-09-12T00:20:20.676686,text/html
Well_technical_data\Daily Drilling Report - HTML Version\15_9_F_1_B_2014_02_06.html,15_9_F_1_B_2014_02_06.html,.html,21493,2026-09-12T00:20:24.331165,text/html
Well_technical_data\Daily Drilling Report - HTML Version\15_9_F_1_B_2014_02_07.html,15_9_F_1_B_2014_02_07.html,.html,20610,2026-09-12T00:20:28.491045,text/html
Well_technical_data\Daily Drilling Report - HTML Version\15_9_F_1_B_2014_02_08.html,15_9_F_1_B_2014_02_08.html,.html,18313,2026-09-12T00:20:32.342015,text/html
Well_technical_data\Daily Drilling Report - HTML Version\15_9_F_1_B_2014_02_09.html,15_9_F_1_B_2014_02_09.html,.html,14538,2026-09-12T00:20:35.626816,text/html
Well_technical_data\Daily Drilling Report - HTML Version\15_9_F_1_B_2014_02_10.html,15_9_F_1_B_2014_02_10.html,.html,14183,2026-09-12T00:20:38.874243,text/html
Well_technical_data\Daily Drilling Report - HTML Version\15_9_F_1_B_2014_02_11.html,15_9_F_1_B_2014_02_11.html,.html,17663,2026-09-12T00:20:42.240509,text/html
Well_technical_data\Daily Drilling Report - HTML Version\15_9_F_1_B_2014_02_12.html,15_9_F_1_B_2014_02_12.html,.html,19789,2026-09-12T00:20:45.498608,text/html
Well_technical_data\Daily Drilling Report - HTML Version\15_9_F_1_B_2014_02_13.html,15_9_F_1_B_2014_02_13.html,.html,22113,2026-09-12T00:20:48.712550,text/html
Well_technical_data\Daily Drilling Report - HTML Version\15_9_F_1_B_2014_02_14.html,15_9_F_1_B_2014_02_14.html,.html,23087,2026-09-12T00:20:52.044522,text/html
Well_technical_data\Daily Drilling Report - HTML Version\15_9_F_1_B_2014_02_15.html,15_9_F_1_B_2014_02_15.html,.html,25619,2026-09-12T00:20:55.730769,text/html
Well_technical_data\Daily Drilling Report - HTML Version\15_9_F_1_B_2014_02_16.html,15_9_F_1_B_2014_02_16.html,.html,28064,2026-09-12T00:20:59.215007,text/html
Well_technical_data\Daily Drilling Report - HTML Version\15_9_F_1_B_2014_02_17.html,15_9_F_1_B_2014_02_17.html,.html,24132,2026-09-12T00:21:03.039511,text/html
Well_technical_data\Daily Drilling Report - HTML Version\15_9_F_1_B_2014_02_18.html,15_9_F_1_B_2014_02_18.html,.html,27583,2026-09-12T00:21:06.194921,text/html
Well_technical_data\Daily Drilling Report - HTML Version\15_9_F_1_B_2014_02_19.html,15_9_F_1_B_2014_02_19.html,.html,22508,2026-09-12T00:21:09.559947,text/html
Well_technical_data\Daily Drilling Report - HTML Version\15_9_F_1_B_2014_02_20.html,15_9_F_1_B_2014_02_20.html,.html,22831,2026-09-12T00:21:13.113504,text/html
Well_technical_data\Daily Drilling Report - HTML Version\15_9_F_1_B_2014_02_21.html,15_9_F_1_B_2014_02_21.html,.html,17662,2026-09-12T00:21:16.734741,text/html
Well_technical_data\Daily Drilling Report - HTML Version\15_9_F_1_B_2014_02_22.html,15_9_F_1_B_2014_02_22.html,.html,17337,2026-09-12T00:21:20.137990,text/html
Well_technical_data\Daily Drilling Report - HTML Version\15_9_F_1_C_2014_02_22.html,15_9_F_1_C_2014_02_22.html,.html,27020,2026-09-12T00:21:24.077247,text/html
Well_technical_data\Daily Drilling Report - HTML Version\15_9_F_1_C_2014_02_23.html,15_9_F_1_C_2014_02_23.html,.html,21819,2026-09-12T00:21:28.070957,text/html
Well_technical_data\Daily Drilling Report - HTML Version\15_9_F_1_C_2014_02_24.html,15_9_F_1_C_2014_02_24.html,.html,19068,2026-09-12T00:21:31.549934,text/html
Well_technical_data\Daily Drilling Report - HTML Version\15_9_F_1_C_2014_02_25.html,15_9_F_1_C_2014_02_25.html,.html,17119,2026-09-12T00:21:35.628621,text/html
Well_technical_data\Daily Drilling Report - HTML Version\15_9_F_1_C_2014_02_26.html,15_9_F_1_C_2014_02_26.html,.html,24869,2026-09-12T00:21:39.452338,text/html
Well_technical_data\Daily Drilling Report - HTML Version\15_9_F_1_C_2014_02_27.html,15_9_F_1_C_2014_02_27.html,.html,21628,2026-09-12T00:21:42.877126,text/html
Well_technical_data\Daily Drilling Report - HTML Version\15_9_F_1_C_2014_02_28.html,15_9_F_1_C_2014_02_28.html,.html,20880,2026-09-12T00:21:47.869862,text/html
Well_technical_data\Daily Drilling Report - HTML Version\15_9_F_1_C_2014_03_01.html,15_9_F_1_C_2014_03_01.html,.html,20942,2026-09-12T00:21:51.005469,text/html
Well_technical_data\Daily Drilling Report - HTML Version\15_9_F_1_C_2014_03_02.html,15_9_F_1_C_2014_03_02.html,.html,24005,2026-09-12T00:21:54.990103,text/html
Well_technical_data\Daily Drilling Report - HTML Version\15_9_F_1_C_2014_03_03.html,15_9_F_1_C_2014_03_03.html,.html,20513,2026-09-12T00:22:00.699665,text/html
Well_technical_data\Daily Drilling Report - HTML Version\15_9_F_1_C_2014_03_04.html,15_9_F_1_C_2014_03_04.html,.html,25195,2026-09-12T00:22:04.689348,text/html
Well_technical_data\Daily Drilling Report - HTML Version\15_9_F_1_C_2014_03_05.html,15_9_F_1_C_2014_03_05.html,.html,21684,2026-09-12T00:22:07.985787,text/html
Well_technical_data\Daily Drilling Report - HTML Version\15_9_F_1_C_2014_03_06.html,15_9_F_1_C_2014_03_06.html,.html,25756,2026-09-12T00:22:11.181606,text/html
Well_technical_data\Daily Drilling Report - HTML Version\15_9_F_1_C_2014_03_07.html,15_9_F_1_C_2014_03_07.html,.html,17394,2026-09-12T00:22:15.286575,text/html
Well_technical_data\Daily Drilling Report - HTML Version\15_9_F_1_C_2014_03_08.html,15_9_F_1_C_2014_03_08.html,.html,29271,2026-09-12T00:22:18.442440,text/html
Well_technical_data\Daily Drilling Report - HTML Version\15_9_F_1_C_2014_03_09.html,15_9_F_1_C_2014_03_09.html,.html,21066,2026-09-12T00:22:21.460536,text/html
Well_technical_data\Daily Drilling Report - HTML Version\15_9_F_1_C_2014_03_10.html,15_9_F_1_C_2014_03_10.html,.html,17653,2026-09-12T00:22:24.912910,text/html
Well_technical_data\Daily Drilling Report - HTML Version\15_9_F_1_C_2014_03_11.html,15_9_F_1_C_2014_03_11.html,.html,20753,2026-09-12T00:22:28.450403,text/html
Well_technical_data\Daily Drilling Report - HTML Version\15_9_F_1_C_2014_03_12.html,15_9_F_1_C_2014_03_12.html,.html,26145,2026-09-12T00:22:33.443438,text/html
Well_technical_data\Daily Drilling Report - HTML Version\15_9_F_1_C_2014_03_13.html,15_9_F_1_C_2014_03_13.html,.html,26709,2026-09-12T00:22:37.312429,text/html
Well_technical_data\Daily Drilling Report - HTML Version\15_9_F_1_C_2014_03_14.html,15_9_F_1_C_2014_03_14.html,.html,25927,2026-09-12T00:22:41.155982,text/html
Well_technical_data\Daily Drilling Report - HTML Version\15_9_F_1_C_2014_03_15.html,15_9_F_1_C_2014_03_15.html,.html,29232,2026-09-12T00:22:44.954193,text/html
Well_technical_data\Daily Drilling Report - HTML Version\15_9_F_1_C_2014_03_16.html,15_9_F_1_C_2014_03_16.html,.html,23397,2026-09-12T00:22:47.868515,text/html
Well_technical_data\Daily Drilling Report - HTML Version\15_9_F_1_C_2014_03_17.html,15_9_F_1_C_2014_03_17.html,.html,18810,2026-09-12T00:22:51.379515,text/html
Well_technical_data\Daily Drilling Report - HTML Version\15_9_F_1_C_2014_03_18.html,15_9_F_1_C_2014_03_18.html,.html,20134,2026-09-12T00:22:54.806107,text/html
Well_technical_data\Daily Drilling Report - HTML Version\15_9_F_1_C_2014_03_19.html,15_9_F_1_C_2014_03_19.html,.html,29406,2026-09-12T00:22:58.324704,text/html
Well_technical_data\Daily Drilling Report - HTML Version\15_9_F_1_C_2014_03_20.html,15_9_F_1_C_2014_03_20.html,.html,22683,2026-09-12T00:23:01.435219,text/html
Well_technical_data\Daily Drilling Report - HTML Version\15_9_F_1_C_2014_03_21.html,15_9_F_1_C_2014_03_21.html,.html,23293,2026-09-12T00:23:05.055943,text/html
Well_technical_data\Daily Drilling Report - HTML Version\15_9_F_1_C_2014_03_22.html,15_9_F_1_C_2014_03_22.html,.html,21610,2026-09-12T00:23:09.350598,text/html
Well_technical_data\Daily Drilling Report - HTML Version\15_9_F_1_C_2014_03_23.html,15_9_F_1_C_2014_03_23.html,.html,24517,2026-09-12T00:23:12.695141,text/html
Well_technical_data\Daily Drilling Report - HTML Version\15_9_F_1_C_2014_03_24.html,15_9_F_1_C_2014_03_24.html,.html,13169,2026-09-12T00:23:16.219833,text/html
Well_technical_data\Daily Drilling Report - HTML Version\15_9_F_1_C_2014_03_25.html,15_9_F_1_C_2014_03_25.html,.html,20737,2026-09-12T00:23:19.594043,text/html
Well_technical_data\Daily Drilling Report - HTML Version\15_9_F_1_C_2014_03_26.html,15_9_F_1_C_2014_03_26.html,.html,14280,2026-09-12T00:23:22.639867,text/html
Well_technical_data\Daily Drilling Report - HTML Version\15_9_F_1_C_2014_03_27.html,15_9_F_1_C_2014_03_27.html,.html,16209,2026-09-12T00:23:25.893675,text/html
Well_technical_data\Daily Drilling Report - HTML Version\15_9_F_1_C_2014_03_28.html,15_9_F_1_C_2014_03_28.html,.html,16717,2026-09-12T00:23:29.321062,text/html
Well_technical_data\Daily Drilling Report - HTML Version\15_9_F_1_C_2014_03_29.html,15_9_F_1_C_2014_03_29.html,.html,23131,2026-09-12T00:23:34.392000,text/html
Well_technical_data\Daily Drilling Report - HTML Version\15_9_F_1_C_2014_03_30.html,15_9_F_1_C_2014_03_30.html,.html,23924,2026-09-12T00:23:38.105201,text/html
Well_technical_data\Daily Drilling Report - HTML Version\15_9_F_1_C_2014_03_31.html,15_9_F_1_C_2014_03_31.html,.html,13382,2026-09-12T00:23:41.548968,text/html
Well_technical_data\Daily Drilling Report - HTML Version\15_9_F_1_C_2014_04_01.html,15_9_F_1_C_2014_04_01.html,.html,19648,2026-09-12T00:23:44.980253,text/html
Well_technical_data\Daily Drilling Report - HTML Version\15_9_F_1_C_2014_04_02.html,15_9_F_1_C_2014_04_02.html,.html,19055,2026-09-12T00:23:48.224821,text/html
Well_technical_data\Daily Drilling Report - HTML Version\15_9_F_1_C_2014_04_03.html,15_9_F_1_C_2014_04_03.html,.html,24403,2026-09-12T00:23:51.615760,text/html
Well_technical_data\Daily Drilling Report - HTML Version\15_9_F_1_C_2014_04_04.html,15_9_F_1_C_2014_04_04.html,.html,17181,2026-09-12T00:23:55.569619,text/html
Well_technical_data\Daily Drilling Report - HTML Version\15_9_F_1_C_2014_04_05.html,15_9_F_1_C_2014_04_05.html,.html,15475,2026-09-12T00:23:59.067921,text/html
Well_technical_data\Daily Drilling Report - HTML Version\15_9_F_1_C_2014_04_06.html,15_9_F_1_C_2014_04_06.html,.html,22352,2026-09-12T00:24:04.117725,text/html
Well_technical_data\Daily Drilling Report - HTML Version\15_9_F_1_C_2014_04_07.html,15_9_F_1_C_2014_04_07.html,.html,22638,2026-09-12T00:24:07.563626,text/html
Well_technical_data\Daily Drilling Report - HTML Version\15_9_F_1_C_2014_04_08.html,15_9_F_1_C_2014_04_08.html,.html,16398,2026-09-12T00:24:10.775802,text/html
Well_technical_data\Daily Drilling Report - HTML Version\15_9_F_1_C_2014_04_09.html,15_9_F_1_C_2014_04_09.html,.html,17396,2026-09-12T00:24:14.682680,text/html
Well_technical_data\Daily Drilling Report - HTML Version\15_9_F_1_C_2014_04_10.html,15_9_F_1_C_2014_04_10.html,.html,18275,2026-09-12T00:24:17.943497,text/html
Well_technical_data\Daily Drilling Report - HTML Version\15_9_F_1_C_2014_04_11.html,15_9_F_1_C_2014_04_11.html,.html,20073,2026-09-12T00:24:21.394026,text/html
Well_technical_data\Daily Drilling Report - HTML Version\15_9_F_1_C_2014_04_12.html,15_9_F_1_C_2014_04_12.html,.html,20036,2026-09-12T00:24:24.409710,text/html
Well_technical_data\Daily Drilling Report - HTML Version\15_9_F_1_C_2014_04_13.html,15_9_F_1_C_2014_04_13.html,.html,22440,2026-09-12T00:24:27.563936,text/html
Well_technical_data\Daily Drilling Report - HTML Version\15_9_F_1_C_2014_04_14.html,15_9_F_1_C_2014_04_14.html,.html,20540,2026-09-12T00:24:30.745666,text/html
Well_technical_data\Daily Drilling Report - HTML Version\15_9_F_1_C_2014_04_15.html,15_9_F_1_C_2014_04_15.html,.html,19588,2026-09-12T00:24:34.965296,text/html
Well_technical_data\Daily Drilling Report - HTML Version\15_9_F_1_C_2014_04_16.html,15_9_F_1_C_2014_04_16.html,.html,18448,2026-09-12T00:24:38.647071,text/html
Well_technical_data\Daily Drilling Report - HTML Version\15_9_F_1_C_2014_04_17.html,15_9_F_1_C_2014_04_17.html,.html,17590,2026-09-12T00:24:41.931576,text/html
Well_technical_data\Daily Drilling Report - HTML Version\15_9_F_1_C_2014_04_18.html,15_9_F_1_C_2014_04_18.html,.html,15872,2026-09-12T00:24:45.137421,text/html
Well_technical_data\Daily Drilling Report - HTML Version\15_9_F_1_C_2014_04_19.html,15_9_F_1_C_2014_04_19.html,.html,17009,2026-09-12T00:24:48.850889,text/html
Well_technical_data\Daily Drilling Report - HTML Version\15_9_F_1_C_2014_04_20.html,15_9_F_1_C_2014_04_20.html,.html,15536,2026-09-12T00:24:52.212186,text/html
Well_technical_data\Daily Drilling Report - HTML Version\15_9_F_1_C_2014_04_21.html,15_9_F_1_C_2014_04_21.html,.html,14633,2026-09-12T00:24:55.236123,text/html
Well_technical_data\Daily Drilling Report - HTML Version\15_9_F_1_C_2014_04_22.html,15_9_F_1_C_2014_04_22.html,.html,10000,2026-09-12T00:24:58.301461,text/html
Well_technical_data\Daily Drilling Report - HTML Version\15_9_F_1_C_2014_11_28.html,15_9_F_1_C_2014_11_28.html,.html,11394,2026-09-12T00:25:01.620404,text/html
Well_technical_data\Daily Drilling Report - HTML Version\15_9_F_1_C_2014_11_29.html,15_9_F_1_C_2014_11_29.html,.html,17981,2026-09-12T00:25:07.833758,text/html
Well_technical_data\Daily Drilling Report - HTML Version\15_9_F_1_C_2014_11_30.html,15_9_F_1_C_2014_11_30.html,.html,13433,2026-09-12T00:25:11.703663,text/html
Well_technical_data\Daily Drilling Report - HTML Version\15_9_F_1_C_2014_12_01.html,15_9_F_1_C_2014_12_01.html,.html,13933,2026-09-12T00:25:15.001221,text/html
Well_technical_data\Daily Drilling Report - HTML Version\15_9_F_1_C_2014_12_02.html,15_9_F_1_C_2014_12_02.html,.html,12634,2026-09-12T00:25:19.424363,text/html
Well_technical_data\Daily Drilling Report - HTML Version\15_9_F_1_C_2014_12_03.html,15_9_F_1_C_2014_12_03.html,.html,17057,2026-09-12T00:25:22.531014,text/html
Well_technical_data\Daily Drilling Report - HTML Version\15_9_F_1_C_2014_12_04.html,15_9_F_1_C_2014_12_04.html,.html,16512,2026-09-12T00:25:25.849174,text/html
Well_technical_data\Daily Drilling Report - HTML Version\15_9_F_1_C_2014_12_05.html,15_9_F_1_C_2014_12_05.html,.html,17592,2026-09-12T00:25:32.783137,text/html
Well_technical_data\Daily Drilling Report - HTML Version\15_9_F_1_C_2014_12_06.html,15_9_F_1_C_2014_12_06.html,.html,13523,2026-09-12T00:25:38.425687,text/html
Well_technical_data\Daily Drilling Report - HTML Version\15_9_F_1_C_2014_12_07.html,15_9_F_1_C_2014_12_07.html,.html,11881,2026-09-12T00:25:42.804440,text/html
Well_technical_data\Daily Drilling Report - HTML Version\15_9_F_1_C_2016_06_16.html,15_9_F_1_C_2016_06_16.html,.html,16659,2026-09-12T00:25:46.557996,text/html
Well_technical_data\Daily Drilling Report - HTML Version\15_9_F_1_C_2016_06_17.html,15_9_F_1_C_2016_06_17.html,.html,17102,2026-09-12T00:25:50.032733,text/html
Well_technical_data\Daily Drilling Report - HTML Version\15_9_F_1_C_2016_06_18.html,15_9_F_1_C_2016_06_18.html,.html,15438,2026-09-12T00:25:53.413813,text/html
Well_technical_data\Daily Drilling Report - HTML Version\15_9_F_1_C_2016_06_19.html,15_9_F_1_C_2016_06_19.html,.html,18895,2026-09-12T00:25:57.564895,text/html
Well_technical_data\Daily Drilling Report - HTML Version\15_9_F_1_C_2016_06_20.html,15_9_F_1_C_2016_06_20.html,.html,17675,2026-09-12T00:26:01.193900,text/html
Well_technical_data\Daily Drilling Report - HTML Version\15_9_F_1_C_2016_06_21.html,15_9_F_1_C_2016_06_21.html,.html,17806,2026-09-12T00:26:04.612511,text/html
Well_technical_data\Daily Drilling Report - HTML Version\15_9_F_1_C_2016_06_22.html,15_9_F_1_C_2016_06_22.html,.html,15596,2026-09-12T00:26:08.049789,text/html
Well_technical_data\Daily Drilling Report - HTML Version\15_9_F_1_C_2016_06_23.html,15_9_F_1_C_2016_06_23.html,.html,18065,2026-09-12T00:26:11.682500,text/html
Well_technical_data\Daily Drilling Report - HTML Version\15_9_F_1_C_2016_06_24.html,15_9_F_1_C_2016_06_24.html,.html,16568,2026-09-12T00:26:15.927971,text/html
Well_technical_data\Daily Drilling Report - HTML Version\15_9_F_1_C_2016_06_25.html,15_9_F_1_C_2016_06_25.html,.html,17389,2026-09-12T00:26:19.729607,text/html
Well_technical_data\Daily Drilling Report - HTML Version\15_9_F_1_C_2016_06_26.html,15_9_F_1_C_2016_06_26.html,.html,19976,2026-09-12T00:26:23.341508,text/html
Well_technical_data\Daily Drilling Report - HTML Version\15_9_F_1_C_2016_06_27.html,15_9_F_1_C_2016_06_27.html,.html,20730,2026-09-12T00:26:27.240561,text/html
Well_technical_data\Daily Drilling Report - HTML Version\15_9_F_1_C_2016_06_28.html,15_9_F_1_C_2016_06_28.html,.html,17978,2026-09-12T00:26:31.830946,text/html
Well_technical_data\Daily Drilling Report - HTML Version\15_9_F_1_C_2016_06_29.html,15_9_F_1_C_2016_06_29.html,.html,16202,2026-09-12T00:26:35.729802,text/html
Well_technical_data\Daily Drilling Report - HTML Version\15_9_F_1_C_2016_06_30.html,15_9_F_1_C_2016_06_30.html,.html,14960,2026-09-12T00:26:39.183906,text/html
Well_technical_data\Daily Drilling Report - HTML Version\15_9_F_1_C_2016_07_01.html,15_9_F_1_C_2016_07_01.html,.html,11623,2026-09-12T00:26:42.589407,text/html
Well_technical_data\Daily Drilling Report - HTML Version\15_9_F_1_C_2016_07_02.html,15_9_F_1_C_2016_07_02.html,.html,15228,2026-09-12T00:26:46.396662,text/html
Well_technical_data\Daily Drilling Report - HTML Version\15_9_F_1_C_2016_07_03.html,15_9_F_1_C_2016_07_03.html,.html,16697,2026-09-12T00:26:53.449670,text/html
Well_technical_data\Daily Drilling Report - HTML Version\15_9_F_1_C_2016_07_04.html,15_9_F_1_C_2016_07_04.html,.html,15035,2026-09-12T00:26:57.490610,text/html
Well_technical_data\Daily Drilling Report - HTML Version\15_9_F_1_C_2016_07_05.html,15_9_F_1_C_2016_07_05.html,.html,13956,2026-09-12T00:27:00.786436,text/html
Well_technical_data\Daily Drilling Report - HTML Version\15_9_F_1_C_2016_07_06.html,15_9_F_1_C_2016_07_06.html,.html,18275,2026-09-12T00:27:04.282488,text/html
Well_technical_data\Daily Drilling Report - HTML Version\15_9_F_1_C_2016_07_07.html,15_9_F_1_C_2016_07_07.html,.html,15940,2026-09-12T00:27:07.639477,text/html
Well_technical_data\Daily Drilling Report - HTML Version\15_9_F_1_C_2016_07_08.html,15_9_F_1_C_2016_07_08.html,.html,15493,2026-09-12T00:27:11.319958,text/html
Well_technical_data\Daily Drilling Report - HTML Version\15_9_F_1_C_2016_07_09.html,15_9_F_1_C_2016_07_09.html,.html,11816,2026-09-12T00:27:14.059180,text/html
Well_technical_data\Daily Drilling Report - HTML Version\15_9_F_1_C_2016_09_17.html,15_9_F_1_C_2016_09_17.html,.html,10267,2026-09-12T00:27:17.500045,text/html
Well_technical_data\Daily Drilling Report - HTML Version\15_9_F_1_C_2016_09_18.html,15_9_F_1_C_2016_09_18.html,.html,22418,2026-09-12T00:27:21.126518,text/html
Well_technical_data\Daily Drilling Report - HTML Version\15_9_F_1_C_2016_09_19.html,15_9_F_1_C_2016_09_19.html,.html,12502,2026-09-12T00:27:24.534368,text/html
Well_technical_data\Daily Drilling Report - HTML Version\15_9_F_1_C_2016_10_22.html,15_9_F_1_C_2016_10_22.html,.html,18730,2026-09-12T00:27:27.808650,text/html
Well_technical_data\Daily Drilling Report - HTML Version\15_9_F_4_2007_06_10.html,15_9_F_4_2007_06_10.html,.html,11234,2026-09-12T00:27:30.570508,text/html
Well_technical_data\Daily Drilling Report - HTML Version\15_9_F_4_2007_06_11.html,15_9_F_4_2007_06_11.html,.html,17551,2026-09-12T00:27:33.787756,text/html
Well_technical_data\Daily Drilling Report - HTML Version\15_9_F_4_2007_06_12.html,15_9_F_4_2007_06_12.html,.html,16468,2026-09-12T00:27:37.019537,text/html
Well_technical_data\Daily Drilling Report - HTML Version\15_9_F_4_2007_06_13.html,15_9_F_4_2007_06_13.html,.html,15537,2026-09-12T00:27:40.301411,text/html
Well_technical_data\Daily Drilling Report - HTML Version\15_9_F_4_2007_06_14.html,15_9_F_4_2007_06_14.html,.html,16129,2026-09-12T00:27:43.767747,text/html
Well_technical_data\Daily Drilling Report - HTML Version\15_9_F_4_2007_10_13.html,15_9_F_4_2007_10_13.html,.html,15973,2026-09-12T00:27:47.368902,text/html
Well_technical_data\Daily Drilling Report - HTML Version\15_9_F_4_2007_10_14.html,15_9_F_4_2007_10_14.html,.html,23835,2026-09-12T00:27:50.812537,text/html
Well_technical_data\Daily Drilling Report - HTML Version\15_9_F_4_2007_10_15.html,15_9_F_4_2007_10_15.html,.html,19594,2026-09-12T00:27:54.096350,text/html
Well_technical_data\Daily Drilling Report - HTML Version\15_9_F_4_2007_10_16.html,15_9_F_4_2007_10_16.html,.html,19490,2026-09-12T00:27:57.659415,text/html
Well_technical_data\Daily Drilling Report - HTML Version\15_9_F_4_2007_10_17.html,15_9_F_4_2007_10_17.html,.html,22743,2026-09-12T00:28:01.086689,text/html
Well_technical_data\Daily Drilling Report - HTML Version\15_9_F_4_2007_10_18.html,15_9_F_4_2007_10_18.html,.html,18343,2026-09-12T00:28:04.242457,text/html
Well_technical_data\Daily Drilling Report - HTML Version\15_9_F_4_2007_10_19.html,15_9_F_4_2007_10_19.html,.html,21067,2026-09-12T00:28:07.423637,text/html
Well_technical_data\Daily Drilling Report - HTML Version\15_9_F_4_2007_10_20.html,15_9_F_4_2007_10_20.html,.html,17291,2026-09-12T00:28:11.217179,text/html
Well_technical_data\Daily Drilling Report - HTML Version\15_9_F_4_2007_10_21.html,15_9_F_4_2007_10_21.html,.html,15586,2026-09-12T00:28:14.549165,text/html
Well_technical_data\Daily Drilling Report - HTML Version\15_9_F_4_2007_10_22.html,15_9_F_4_2007_10_22.html,.html,20062,2026-09-12T00:28:18.022421,text/html
Well_technical_data\Daily Drilling Report - HTML Version\15_9_F_4_2007_10_23.html,15_9_F_4_2007_10_23.html,.html,19354,2026-09-12T00:28:21.245897,text/html
Well_technical_data\Daily Drilling Report - HTML Version\15_9_F_4_2007_10_24.html,15_9_F_4_2007_10_24.html,.html,22885,2026-09-12T00:28:24.584715,text/html
Well_technical_data\Daily Drilling Report - HTML Version\15_9_F_4_2007_10_25.html,15_9_F_4_2007_10_25.html,.html,22367,2026-09-12T00:28:28.241139,text/html
Well_technical_data\Daily Drilling Report - HTML Version\15_9_F_4_2007_10_26.html,15_9_F_4_2007_10_26.html,.html,20073,2026-09-12T00:28:31.707405,text/html
Well_technical_data\Daily Drilling Report - HTML Version\15_9_F_4_2007_10_27.html,15_9_F_4_2007_10_27.html,.html,21124,2026-09-12T00:28:34.882019,text/html
Well_technical_data\Daily Drilling Report - HTML Version\15_9_F_4_2007_10_28.html,15_9_F_4_2007_10_28.html,.html,24917,2026-09-12T00:28:37.980508,text/html
Well_technical_data\Daily Drilling Report - HTML Version\15_9_F_4_2007_10_29.html,15_9_F_4_2007_10_29.html,.html,20699,2026-09-12T00:28:41.365493,text/html
Well_technical_data\Daily Drilling Report - HTML Version\15_9_F_4_2007_10_30.html,15_9_F_4_2007_10_30.html,.html,19781,2026-09-12T00:28:44.561698,text/html
Well_technical_data\Daily Drilling Report - HTML Version\15_9_F_4_2007_10_31.html,15_9_F_4_2007_10_31.html,.html,18407,2026-09-12T00:28:48.272763,text/html
Well_technical_data\Daily Drilling Report - HTML Version\15_9_F_4_2007_11_01.html,15_9_F_4_2007_11_01.html,.html,15033,2026-09-12T00:28:51.964379,text/html
Well_technical_data\Daily Drilling Report - HTML Version\15_9_F_4_2007_11_02.html,15_9_F_4_2007_11_02.html,.html,18065,2026-09-12T00:28:55.113673,text/html
Well_technical_data\Daily Drilling Report - HTML Version\15_9_F_4_2007_11_03.html,15_9_F_4_2007_11_03.html,.html,20502,2026-09-12T00:28:58.587112,text/html
Well_technical_data\Daily Drilling Report - HTML Version\15_9_F_4_2007_11_04.html,15_9_F_4_2007_11_04.html,.html,18360,2026-09-12T00:29:01.831602,text/html
Well_technical_data\Daily Drilling Report - HTML Version\15_9_F_4_2007_11_05.html,15_9_F_4_2007_11_05.html,.html,17412,2026-09-12T00:29:05.180182,text/html
Well_technical_data\Daily Drilling Report - HTML Version\15_9_F_4_2007_11_06.html,15_9_F_4_2007_11_06.html,.html,13881,2026-09-12T00:29:08.949576,text/html
Well_technical_data\Daily Drilling Report - HTML Version\15_9_F_4_2008_02_05.html,15_9_F_4_2008_02_05.html,.html,10398,2026-09-12T00:29:12.111849,text/html
Well_technical_data\Daily Drilling Report - HTML Version\15_9_F_4_2008_02_06.html,15_9_F_4_2008_02_06.html,.html,16990,2026-09-12T00:29:15.048782,text/html
Well_technical_data\Daily Drilling Report - HTML Version\15_9_F_4_2008_02_07.html,15_9_F_4_2008_02_07.html,.html,17201,2026-09-12T00:29:18.497405,text/html
Well_technical_data\Daily Drilling Report - HTML Version\15_9_F_4_2008_02_08.html,15_9_F_4_2008_02_08.html,.html,21246,2026-09-12T00:29:21.886301,text/html
Well_technical_data\Daily Drilling Report - HTML Version\15_9_F_4_2008_02_09.html,15_9_F_4_2008_02_09.html,.html,21581,2026-09-12T00:29:25.189233,text/html
Well_technical_data\Daily Drilling Report - HTML Version\15_9_F_4_2008_02_10.html,15_9_F_4_2008_02_10.html,.html,22161,2026-09-12T00:29:28.586021,text/html
Well_technical_data\Daily Drilling Report - HTML Version\15_9_F_4_2008_02_11.html,15_9_F_4_2008_02_11.html,.html,14616,2026-09-12T00:29:31.950422,text/html
Well_technical_data\Daily Drilling Report - HTML Version\15_9_F_4_2008_02_14.html,15_9_F_4_2008_02_14.html,.html,16861,2026-09-12T00:29:35.343492,text/html
Well_technical_data\Daily Drilling Report - HTML Version\15_9_F_4_2008_02_15.html,15_9_F_4_2008_02_15.html,.html,24286,2026-09-12T00:29:38.965527,text/html
Well_technical_data\Daily Drilling Report - HTML Version\15_9_F_4_2008_02_16.html,15_9_F_4_2008_02_16.html,.html,27477,2026-09-12T00:29:42.470016,text/html
Well_technical_data\Daily Drilling Report - HTML Version\15_9_F_4_2008_02_17.html,15_9_F_4_2008_02_17.html,.html,21348,2026-09-12T00:29:45.651620,text/html
Well_technical_data\Daily Drilling Report - HTML Version\15_9_F_4_2008_02_18.html,15_9_F_4_2008_02_18.html,.html,19730,2026-09-12T00:29:49.066688,text/html
Well_technical_data\Daily Drilling Report - HTML Version\15_9_F_4_2008_02_19.html,15_9_F_4_2008_02_19.html,.html,20109,2026-09-12T00:29:52.598473,text/html
Well_technical_data\Daily Drilling Report - HTML Version\15_9_F_4_2008_02_20.html,15_9_F_4_2008_02_20.html,.html,18096,2026-09-12T00:29:55.937734,text/html
Well_technical_data\Daily Drilling Report - HTML Version\15_9_F_4_2008_02_21.html,15_9_F_4_2008_02_21.html,.html,14745,2026-09-12T00:29:58.805386,text/html
Well_technical_data\Daily Drilling Report - HTML Version\15_9_F_4_2008_02_22.html,15_9_F_4_2008_02_22.html,.html,18338,2026-09-12T00:30:01.776037,text/html
Well_technical_data\Daily Drilling Report - HTML Version\15_9_F_4_2008_02_23.html,15_9_F_4_2008_02_23.html,.html,17773,2026-09-12T00:30:04.945540,text/html
Well_technical_data\Daily Drilling Report - HTML Version\15_9_F_4_2008_02_24.html,15_9_F_4_2008_02_24.html,.html,20202,2026-09-12T00:30:08.754133,text/html
Well_technical_data\Daily Drilling Report - HTML Version\15_9_F_4_2008_02_25.html,15_9_F_4_2008_02_25.html,.html,20220,2026-09-12T00:30:11.892963,text/html
Well_technical_data\Daily Drilling Report - HTML Version\15_9_F_4_2008_02_26.html,15_9_F_4_2008_02_26.html,.html,20033,2026-09-12T00:30:15.725684,text/html
Well_technical_data\Daily Drilling Report - HTML Version\15_9_F_4_2008_02_27.html,15_9_F_4_2008_02_27.html,.html,17787,2026-09-12T00:30:19.269331,text/html
Well_technical_data\Daily Drilling Report - HTML Version\15_9_F_4_2008_02_28.html,15_9_F_4_2008_02_28.html,.html,22148,2026-09-12T00:30:22.549480,text/html
Well_technical_data\Daily Drilling Report - HTML Version\15_9_F_4_2008_02_29.html,15_9_F_4_2008_02_29.html,.html,16250,2026-09-12T00:30:25.716456,text/html
Well_technical_data\Daily Drilling Report - HTML Version\15_9_F_4_2008_03_01.html,15_9_F_4_2008_03_01.html,.html,15785,2026-09-12T00:30:29.057125,text/html
Well_technical_data\Daily Drilling Report - HTML Version\15_9_F_4_2008_03_02.html,15_9_F_4_2008_03_02.html,.html,18355,2026-09-12T00:30:32.714087,text/html
Well_technical_data\Daily Drilling Report - HTML Version\15_9_F_4_2008_03_03.html,15_9_F_4_2008_03_03.html,.html,16842,2026-09-12T00:30:37.888178,text/html
Well_technical_data\Daily Drilling Report - HTML Version\15_9_F_4_2008_03_04.html,15_9_F_4_2008_03_04.html,.html,18416,2026-09-12T00:30:41.708538,text/html
Well_technical_data\Daily Drilling Report - HTML Version\15_9_F_4_2008_03_05.html,15_9_F_4_2008_03_05.html,.html,15761,2026-09-12T00:30:45.230692,text/html
Well_technical_data\Daily Drilling Report - HTML Version\15_9_F_4_2008_03_06.html,15_9_F_4_2008_03_06.html,.html,17077,2026-09-12T00:30:48.698150,text/html
Well_technical_data\Daily Drilling Report - HTML Version\15_9_F_4_2008_03_07.html,15_9_F_4_2008_03_07.html,.html,19180,2026-09-12T00:30:52.249338,text/html
Well_technical_data\Daily Drilling Report - HTML Version\15_9_F_4_2008_03_08.html,15_9_F_4_2008_03_08.html,.html,19585,2026-09-12T00:30:55.246849,text/html
Well_technical_data\Daily Drilling Report - HTML Version\15_9_F_4_2008_03_09.html,15_9_F_4_2008_03_09.html,.html,19174,2026-09-12T00:30:58.927603,text/html
Well_technical_data\Daily Drilling Report - HTML Version\15_9_F_4_2008_03_10.html,15_9_F_4_2008_03_10.html,.html,19495,2026-09-12T00:31:02.409853,text/html
Well_technical_data\Daily Drilling Report - HTML Version\15_9_F_4_2008_03_11.html,15_9_F_4_2008_03_11.html,.html,17201,2026-09-12T00:31:06.199535,text/html
Well_technical_data\Daily Drilling Report - HTML Version\15_9_F_4_2008_03_12.html,15_9_F_4_2008_03_12.html,.html,18622,2026-09-12T00:31:09.534193,text/html
Well_technical_data\Daily Drilling Report - HTML Version\15_9_F_4_2008_03_13.html,15_9_F_4_2008_03_13.html,.html,19464,2026-09-12T00:31:12.990254,text/html
Well_technical_data\Daily Drilling Report - HTML Version\15_9_F_4_2008_03_14.html,15_9_F_4_2008_03_14.html,.html,20994,2026-09-12T00:31:16.708978,text/html
Well_technical_data\Daily Drilling Report - HTML Version\15_9_F_4_2008_03_15.html,15_9_F_4_2008_03_15.html,.html,19223,2026-09-12T00:31:20.270317,text/html
Well_technical_data\Daily Drilling Report - HTML Version\15_9_F_4_2008_03_16.html,15_9_F_4_2008_03_16.html,.html,20160,2026-09-12T00:31:23.884025,text/html
Well_technical_data\Daily Drilling Report - HTML Version\15_9_F_4_2008_03_17.html,15_9_F_4_2008_03_17.html,.html,21309,2026-09-12T00:31:28.272582,text/html
Well_technical_data\Daily Drilling Report - HTML Version\15_9_F_4_2008_03_18.html,15_9_F_4_2008_03_18.html,.html,18317,2026-09-12T00:31:32.057871,text/html
Well_technical_data\Daily Drilling Report - HTML Version\15_9_F_4_2008_03_19.html,15_9_F_4_2008_03_19.html,.html,20218,2026-09-12T00:31:35.510764,text/html
Well_technical_data\Daily Drilling Report - HTML Version\15_9_F_4_2008_03_20.html,15_9_F_4_2008_03_20.html,.html,16746,2026-09-12T00:31:38.801413,text/html
Well_technical_data\Daily Drilling Report - HTML Version\15_9_F_4_2008_03_21.html,15_9_F_4_2008_03_21.html,.html,14691,2026-09-12T00:31:42.176042,text/html
Well_technical_data\Daily Drilling Report - HTML Version\15_9_F_4_2008_03_22.html,15_9_F_4_2008_03_22.html,.html,14975,2026-09-12T00:31:45.453377,text/html
Well_technical_data\Daily Drilling Report - HTML Version\15_9_F_4_2008_03_23.html,15_9_F_4_2008_03_23.html,.html,16345,2026-09-12T00:31:48.650181,text/html
Well_technical_data\Daily Drilling Report - HTML Version\15_9_F_4_2008_03_24.html,15_9_F_4_2008_03_24.html,.html,16527,2026-09-12T00:31:52.310204,text/html
Well_technical_data\Daily Drilling Report - HTML Version\15_9_F_4_2008_03_25.html,15_9_F_4_2008_03_25.html,.html,16898,2026-09-12T00:31:56.135153,text/html
Well_technical_data\Daily Drilling Report - HTML Version\15_9_F_4_2008_03_26.html,15_9_F_4_2008_03_26.html,.html,16634,2026-09-12T00:31:59.739527,text/html
Well_technical_data\Daily Drilling Report - HTML Version\15_9_F_4_2008_03_27.html,15_9_F_4_2008_03_27.html,.html,19468,2026-09-12T00:32:03.080188,text/html
Well_technical_data\Daily Drilling Report - HTML Version\15_9_F_4_2008_03_28.html,15_9_F_4_2008_03_28.html,.html,19528,2026-09-12T00:32:06.312963,text/html
Well_technical_data\Daily Drilling Report - HTML Version\15_9_F_4_2008_03_29.html,15_9_F_4_2008_03_29.html,.html,13041,2026-09-12T00:32:09.611499,text/html
Well_technical_data\Daily Drilling Report - HTML Version\15_9_F_4_2008_03_30.html,15_9_F_4_2008_03_30.html,.html,14468,2026-09-12T00:32:12.755845,text/html
Well_technical_data\Daily Drilling Report - HTML Version\15_9_F_4_2008_03_31.html,15_9_F_4_2008_03_31.html,.html,12769,2026-09-12T00:32:15.779797,text/html
Well_technical_data\Daily Drilling Report - HTML Version\15_9_F_4_2008_04_01.html,15_9_F_4_2008_04_01.html,.html,21639,2026-09-12T00:32:18.962032,text/html
Well_technical_data\Daily Drilling Report - HTML Version\15_9_F_4_2008_04_02.html,15_9_F_4_2008_04_02.html,.html,18604,2026-09-12T00:32:22.155800,text/html
Well_technical_data\Daily Drilling Report - HTML Version\15_9_F_4_2008_04_03.html,15_9_F_4_2008_04_03.html,.html,23428,2026-09-12T00:32:25.385848,text/html
Well_technical_data\Daily Drilling Report - HTML Version\15_9_F_4_2008_04_04.html,15_9_F_4_2008_04_04.html,.html,17331,2026-09-12T00:32:28.715025,text/html
Well_technical_data\Daily Drilling Report - HTML Version\15_9_F_4_2008_04_05.html,15_9_F_4_2008_04_05.html,.html,21292,2026-09-12T00:32:31.787851,text/html
Well_technical_data\Daily Drilling Report - HTML Version\15_9_F_4_2008_04_06.html,15_9_F_4_2008_04_06.html,.html,18118,2026-09-12T00:32:35.057859,text/html
Well_technical_data\Daily Drilling Report - HTML Version\15_9_F_4_2008_04_07.html,15_9_F_4_2008_04_07.html,.html,21200,2026-09-12T00:32:38.568477,text/html
Well_technical_data\Daily Drilling Report - HTML Version\15_9_F_4_2008_04_08.html,15_9_F_4_2008_04_08.html,.html,20745,2026-09-12T00:32:42.967739,text/html
Well_technical_data\Daily Drilling Report - HTML Version\15_9_F_4_2008_04_09.html,15_9_F_4_2008_04_09.html,.html,20195,2026-09-12T00:32:46.409451,text/html
Well_technical_data\Daily Drilling Report - HTML Version\15_9_F_4_2008_04_10.html,15_9_F_4_2008_04_10.html,.html,17408,2026-09-12T00:32:50.006071,text/html
Well_technical_data\Daily Drilling Report - HTML Version\15_9_F_4_2008_04_11.html,15_9_F_4_2008_04_11.html,.html,18330,2026-09-12T00:32:53.107152,text/html
Well_technical_data\Daily Drilling Report - HTML Version\15_9_F_4_2008_04_12.html,15_9_F_4_2008_04_12.html,.html,22705,2026-09-12T00:32:56.761873,text/html
Well_technical_data\Daily Drilling Report - HTML Version\15_9_F_4_2008_04_13.html,15_9_F_4_2008_04_13.html,.html,18370,2026-09-12T00:33:00.258552,text/html
Well_technical_data\Daily Drilling Report - HTML Version\15_9_F_4_2008_04_14.html,15_9_F_4_2008_04_14.html,.html,18689,2026-09-12T00:33:03.836793,text/html
Well_technical_data\Daily Drilling Report - HTML Version\15_9_F_4_2008_04_15.html,15_9_F_4_2008_04_15.html,.html,16567,2026-09-12T00:33:07.165283,text/html
Well_technical_data\Daily Drilling Report - HTML Version\15_9_F_4_2008_04_16.html,15_9_F_4_2008_04_16.html,.html,17472,2026-09-12T00:33:10.485113,text/html
Well_technical_data\Daily Drilling Report - HTML Version\15_9_F_4_2008_04_17.html,15_9_F_4_2008_04_17.html,.html,14738,2026-09-12T00:33:14.102463,text/html
Well_technical_data\Daily Drilling Report - HTML Version\15_9_F_4_2008_04_18.html,15_9_F_4_2008_04_18.html,.html,15435,2026-09-12T00:33:17.334573,text/html
Well_technical_data\Daily Drilling Report - HTML Version\15_9_F_4_2008_04_19.html,15_9_F_4_2008_04_19.html,.html,18925,2026-09-12T00:33:20.729999,text/html
Well_technical_data\Daily Drilling Report - HTML Version\15_9_F_4_2008_04_20.html,15_9_F_4_2008_04_20.html,.html,19291,2026-09-12T00:33:23.752552,text/html
Well_technical_data\Daily Drilling Report - HTML Version\15_9_F_4_2008_04_21.html,15_9_F_4_2008_04_21.html,.html,20036,2026-09-12T00:33:27.130807,text/html
Well_technical_data\Daily Drilling Report - HTML Version\15_9_F_4_2008_04_22.html,15_9_F_4_2008_04_22.html,.html,22433,2026-09-12T00:33:30.826161,text/html
Well_technical_data\Daily Drilling Report - HTML Version\15_9_F_4_2008_04_23.html,15_9_F_4_2008_04_23.html,.html,17011,2026-09-12T00:33:34.065728,text/html
Well_technical_data\Daily Drilling Report - HTML Version\15_9_F_4_2010_09_24.html,15_9_F_4_2010_09_24.html,.html,10004,2026-09-12T00:33:36.961438,text/html
Well_technical_data\Daily Drilling Report - HTML Version\15_9_F_4_2010_09_25.html,15_9_F_4_2010_09_25.html,.html,13680,2026-09-12T00:33:40.195187,text/html
Well_technical_data\Daily Drilling Report - HTML Version\15_9_F_4_2010_09_26.html,15_9_F_4_2010_09_26.html,.html,12382,2026-09-12T00:33:43.791266,text/html
Well_technical_data\Daily Drilling Report - HTML Version\15_9_F_4_2010_09_27.html,15_9_F_4_2010_09_27.html,.html,9709,2026-09-12T00:33:46.818767,text/html
Well_technical_data\Daily Drilling Report - HTML Version\15_9_F_4_2012_09_12.html,15_9_F_4_2012_09_12.html,.html,11163,2026-09-12T00:33:49.669176,text/html
Well_technical_data\Daily Drilling Report - HTML Version\15_9_F_4_2012_09_13.html,15_9_F_4_2012_09_13.html,.html,11922,2026-09-12T00:33:52.359914,text/html
Well_technical_data\Daily Drilling Report - HTML Version\15_9_F_4_2012_09_14.html,15_9_F_4_2012_09_14.html,.html,13142,2026-09-12T00:33:55.702341,text/html
Well_technical_data\Daily Drilling Report - HTML Version\15_9_F_4_2012_09_15.html,15_9_F_4_2012_09_15.html,.html,12607,2026-09-12T00:33:59.106176,text/html
Well_technical_data\Daily Drilling Report - HTML Version\15_9_F_4_2012_09_16.html,15_9_F_4_2012_09_16.html,.html,11648,2026-09-12T00:34:02.235750,text/html
Well_technical_data\Daily Drilling Report - HTML Version\15_9_F_4_2016_10_01.html,15_9_F_4_2016_10_01.html,.html,8795,2026-09-12T00:34:06.159202,text/html
Well_technical_data\Daily Drilling Report - HTML Version\15_9_F_4_2016_10_02.html,15_9_F_4_2016_10_02.html,.html,12162,2026-09-12T00:34:09.521555,text/html
Well_technical_data\Daily Drilling Report - HTML Version\15_9_F_4_2016_10_03.html,15_9_F_4_2016_10_03.html,.html,17851,2026-09-12T00:34:12.862254,text/html
Well_technical_data\Daily Drilling Report - HTML Version\15_9_F_4_2016_10_04.html,15_9_F_4_2016_10_04.html,.html,20164,2026-09-12T00:34:17.008180,text/html
Well_technical_data\Daily Drilling Report - HTML Version\15_9_F_4_2016_10_05.html,15_9_F_4_2016_10_05.html,.html,18008,2026-09-12T00:34:21.342776,text/html
Well_technical_data\Daily Drilling Report - HTML Version\15_9_F_4_2016_10_06.html,15_9_F_4_2016_10_06.html,.html,22348,2026-09-12T00:34:25.590695,text/html
Well_technical_data\Daily Drilling Report - HTML Version\15_9_F_4_2016_10_07.html,15_9_F_4_2016_10_07.html,.html,24121,2026-09-12T00:34:29.791179,text/html
Well_technical_data\Daily Drilling Report - HTML Version\15_9_F_4_2016_10_08.html,15_9_F_4_2016_10_08.html,.html,19131,2026-09-12T00:34:33.300298,text/html
Well_technical_data\Daily Drilling Report - HTML Version\15_9_F_4_2016_10_09.html,15_9_F_4_2016_10_09.html,.html,17698,2026-09-12T00:34:36.942844,text/html
Well_technical_data\Daily Drilling Report - HTML Version\15_9_F_4_2016_10_10.html,15_9_F_4_2016_10_10.html,.html,12638,2026-09-12T00:34:40.167121,text/html
Well_technical_data\Daily Drilling Report - HTML Version\15_9_F_4_2016_10_11.html,15_9_F_4_2016_10_11.html,.html,12255,2026-09-12T00:34:43.715354,text/html
Well_technical_data\Daily Drilling Report - HTML Version\15_9_F_4_2016_10_12.html,15_9_F_4_2016_10_12.html,.html,15034,2026-09-12T00:34:46.868375,text/html
Well_technical_data\Daily Drilling Report - HTML Version\15_9_F_4_2016_10_13.html,15_9_F_4_2016_10_13.html,.html,22034,2026-09-12T00:34:50.068938,text/html
Well_technical_data\Daily Drilling Report - HTML Version\15_9_F_4_2016_10_14.html,15_9_F_4_2016_10_14.html,.html,10460,2026-09-12T00:34:54.281983,text/html
Well_technical_data\Daily Drilling Report - HTML Version\15_9_F_5_2007_11_15.html,15_9_F_5_2007_11_15.html,.html,8702,2026-09-12T00:34:58.603084,text/html
Well_technical_data\Daily Drilling Report - HTML Version\15_9_F_5_2007_11_16.html,15_9_F_5_2007_11_16.html,.html,18830,2026-09-12T00:35:02.001333,text/html
Well_technical_data\Daily Drilling Report - HTML Version\15_9_F_5_2007_11_17.html,15_9_F_5_2007_11_17.html,.html,18282,2026-09-12T00:35:05.557683,text/html
Well_technical_data\Daily Drilling Report - HTML Version\15_9_F_5_2007_11_18.html,15_9_F_5_2007_11_18.html,.html,25098,2026-09-12T00:35:09.222409,text/html
Well_technical_data\Daily Drilling Report - HTML Version\15_9_F_5_2007_11_19.html,15_9_F_5_2007_11_19.html,.html,18603,2026-09-12T00:35:12.740305,text/html
Well_technical_data\Daily Drilling Report - HTML Version\15_9_F_5_2007_12_18.html,15_9_F_5_2007_12_18.html,.html,18480,2026-09-12T00:35:16.190268,text/html
Well_technical_data\Daily Drilling Report - HTML Version\15_9_F_5_2007_12_19.html,15_9_F_5_2007_12_19.html,.html,23111,2026-09-12T00:35:19.895345,text/html
Well_technical_data\Daily Drilling Report - HTML Version\15_9_F_5_2007_12_20.html,15_9_F_5_2007_12_20.html,.html,19435,2026-09-12T00:35:23.826291,text/html
Well_technical_data\Daily Drilling Report - HTML Version\15_9_F_5_2007_12_21.html,15_9_F_5_2007_12_21.html,.html,20581,2026-09-12T00:35:28.165742,text/html
Well_technical_data\Daily Drilling Report - HTML Version\15_9_F_5_2007_12_22.html,15_9_F_5_2007_12_22.html,.html,18568,2026-09-12T00:35:32.401695,text/html
Well_technical_data\Daily Drilling Report - HTML Version\15_9_F_5_2007_12_23.html,15_9_F_5_2007_12_23.html,.html,20864,2026-09-12T00:35:36.342371,text/html
Well_technical_data\Daily Drilling Report - HTML Version\15_9_F_5_2008_07_11.html,15_9_F_5_2008_07_11.html,.html,14756,2026-09-12T00:35:39.786071,text/html
Well_technical_data\Daily Drilling Report - HTML Version\15_9_F_5_2008_07_12.html,15_9_F_5_2008_07_12.html,.html,15716,2026-09-12T00:35:43.009377,text/html
Well_technical_data\Daily Drilling Report - HTML Version\15_9_F_5_2008_07_13.html,15_9_F_5_2008_07_13.html,.html,18672,2026-09-12T00:35:47.134790,text/html
Well_technical_data\Daily Drilling Report - HTML Version\15_9_F_5_2008_07_14.html,15_9_F_5_2008_07_14.html,.html,17852,2026-09-12T00:35:50.327468,text/html
Well_technical_data\Daily Drilling Report - HTML Version\15_9_F_5_2008_07_15.html,15_9_F_5_2008_07_15.html,.html,17173,2026-09-12T00:35:55.737032,text/html
Well_technical_data\Daily Drilling Report - HTML Version\15_9_F_5_2008_07_16.html,15_9_F_5_2008_07_16.html,.html,20674,2026-09-12T00:35:59.620738,text/html
Well_technical_data\Daily Drilling Report - HTML Version\15_9_F_5_2008_07_17.html,15_9_F_5_2008_07_17.html,.html,20515,2026-09-12T00:36:04.060142,text/html
Well_technical_data\Daily Drilling Report - HTML Version\15_9_F_5_2008_07_18.html,15_9_F_5_2008_07_18.html,.html,19500,2026-09-12T00:36:07.816139,text/html
Well_technical_data\Daily Drilling Report - HTML Version\15_9_F_5_2008_07_19.html,15_9_F_5_2008_07_19.html,.html,20914,2026-09-12T00:36:11.329205,text/html
Well_technical_data\Daily Drilling Report - HTML Version\15_9_F_5_2008_07_20.html,15_9_F_5_2008_07_20.html,.html,20460,2026-09-12T00:36:14.421944,text/html
Well_technical_data\Daily Drilling Report - HTML Version\15_9_F_5_2008_07_21.html,15_9_F_5_2008_07_21.html,.html,22692,2026-09-12T00:36:18.018139,text/html
Well_technical_data\Daily Drilling Report - HTML Version\15_9_F_5_2008_07_22.html,15_9_F_5_2008_07_22.html,.html,18744,2026-09-12T00:36:21.781216,text/html
Well_technical_data\Daily Drilling Report - HTML Version\15_9_F_5_2008_07_23.html,15_9_F_5_2008_07_23.html,.html,18072,2026-09-12T00:36:25.383890,text/html
Well_technical_data\Daily Drilling Report - HTML Version\15_9_F_5_2008_07_24.html,15_9_F_5_2008_07_24.html,.html,23533,2026-09-12T00:36:29.000474,text/html
Well_technical_data\Daily Drilling Report - HTML Version\15_9_F_5_2008_07_25.html,15_9_F_5_2008_07_25.html,.html,17677,2026-09-12T00:36:32.623701,text/html
Well_technical_data\Daily Drilling Report - HTML Version\15_9_F_5_2008_07_26.html,15_9_F_5_2008_07_26.html,.html,24524,2026-09-12T00:36:35.965020,text/html
Well_technical_data\Daily Drilling Report - HTML Version\15_9_F_5_2008_07_27.html,15_9_F_5_2008_07_27.html,.html,23644,2026-09-12T00:36:39.556941,text/html
Well_technical_data\Daily Drilling Report - HTML Version\15_9_F_5_2008_07_28.html,15_9_F_5_2008_07_28.html,.html,23391,2026-09-12T00:36:44.288575,text/html
Well_technical_data\Daily Drilling Report - HTML Version\15_9_F_5_2008_07_29.html,15_9_F_5_2008_07_29.html,.html,34817,2026-09-12T00:36:49.038822,text/html
Well_technical_data\Daily Drilling Report - HTML Version\15_9_F_5_2008_07_30.html,15_9_F_5_2008_07_30.html,.html,31680,2026-09-12T00:36:53.877794,text/html
Well_technical_data\Daily Drilling Report - HTML Version\15_9_F_5_2008_07_31.html,15_9_F_5_2008_07_31.html,.html,24219,2026-09-12T00:36:58.334536,text/html
Well_technical_data\Daily Drilling Report - HTML Version\15_9_F_5_2008_08_01.html,15_9_F_5_2008_08_01.html,.html,21431,2026-09-12T00:37:02.851582,text/html
Well_technical_data\Daily Drilling Report - HTML Version\15_9_F_5_2008_08_02.html,15_9_F_5_2008_08_02.html,.html,19547,2026-09-12T00:37:06.244749,text/html
Well_technical_data\Daily Drilling Report - HTML Version\15_9_F_5_2008_08_03.html,15_9_F_5_2008_08_03.html,.html,22343,2026-09-12T00:37:09.632106,text/html
Well_technical_data\Daily Drilling Report - HTML Version\15_9_F_5_2008_08_04.html,15_9_F_5_2008_08_04.html,.html,25018,2026-09-12T00:37:13.166659,text/html
Well_technical_data\Daily Drilling Report - HTML Version\15_9_F_5_2008_08_05.html,15_9_F_5_2008_08_05.html,.html,23183,2026-09-12T00:37:17.864778,text/html
Well_technical_data\Daily Drilling Report - HTML Version\15_9_F_5_2008_08_06.html,15_9_F_5_2008_08_06.html,.html,24587,2026-09-12T00:37:21.685604,text/html
Well_technical_data\Daily Drilling Report - HTML Version\15_9_F_5_2008_08_07.html,15_9_F_5_2008_08_07.html,.html,18858,2026-09-12T00:37:25.106846,text/html
Well_technical_data\Daily Drilling Report - HTML Version\15_9_F_5_2008_08_08.html,15_9_F_5_2008_08_08.html,.html,21655,2026-09-12T00:37:28.430429,text/html
Well_technical_data\Daily Drilling Report - HTML Version\15_9_F_5_2008_08_09.html,15_9_F_5_2008_08_09.html,.html,19675,2026-09-12T00:37:32.159534,text/html
Well_technical_data\Daily Drilling Report - HTML Version\15_9_F_5_2008_08_10.html,15_9_F_5_2008_08_10.html,.html,19277,2026-09-12T00:37:35.301728,text/html
Well_technical_data\Daily Drilling Report - HTML Version\15_9_F_5_2008_08_11.html,15_9_F_5_2008_08_11.html,.html,20260,2026-09-12T00:37:38.761173,text/html
Well_technical_data\Daily Drilling Report - HTML Version\15_9_F_5_2008_08_12.html,15_9_F_5_2008_08_12.html,.html,21810,2026-09-12T00:37:42.161263,text/html
Well_technical_data\Daily Drilling Report - HTML Version\15_9_F_5_2008_08_13.html,15_9_F_5_2008_08_13.html,.html,22752,2026-09-12T00:37:45.832761,text/html
Well_technical_data\Daily Drilling Report - HTML Version\15_9_F_5_2008_08_14.html,15_9_F_5_2008_08_14.html,.html,25191,2026-09-12T00:37:49.284078,text/html
Well_technical_data\Daily Drilling Report - HTML Version\15_9_F_5_2008_08_15.html,15_9_F_5_2008_08_15.html,.html,21641,2026-09-12T00:37:52.850363,text/html
Well_technical_data\Daily Drilling Report - HTML Version\15_9_F_5_2008_08_16.html,15_9_F_5_2008_08_16.html,.html,18433,2026-09-12T00:37:56.373522,text/html
Well_technical_data\Daily Drilling Report - HTML Version\15_9_F_5_2008_08_17.html,15_9_F_5_2008_08_17.html,.html,13979,2026-09-12T00:38:00.707560,text/html
Well_technical_data\Daily Drilling Report - HTML Version\15_9_F_5_2008_08_18.html,15_9_F_5_2008_08_18.html,.html,18319,2026-09-12T00:38:04.121242,text/html
Well_technical_data\Daily Drilling Report - HTML Version\15_9_F_5_2008_08_19.html,15_9_F_5_2008_08_19.html,.html,19346,2026-09-12T00:38:07.990804,text/html
Well_technical_data\Daily Drilling Report - HTML Version\15_9_F_5_2008_08_20.html,15_9_F_5_2008_08_20.html,.html,16362,2026-09-12T00:38:11.541226,text/html
Well_technical_data\Daily Drilling Report - HTML Version\15_9_F_5_2008_08_22.html,15_9_F_5_2008_08_22.html,.html,14296,2026-09-12T00:38:15.297717,text/html
Well_technical_data\Daily Drilling Report - HTML Version\15_9_F_5_2008_08_23.html,15_9_F_5_2008_08_23.html,.html,16756,2026-09-12T00:38:18.658167,text/html
Well_technical_data\Daily Drilling Report - HTML Version\15_9_F_5_2008_08_24.html,15_9_F_5_2008_08_24.html,.html,14524,2026-09-12T00:38:21.873591,text/html
Well_technical_data\Daily Drilling Report - HTML Version\15_9_F_5_2008_08_25.html,15_9_F_5_2008_08_25.html,.html,19560,2026-09-12T00:38:25.080220,text/html
Well_technical_data\Daily Drilling Report - HTML Version\15_9_F_5_2008_08_26.html,15_9_F_5_2008_08_26.html,.html,18985,2026-09-12T00:38:28.473602,text/html
Well_technical_data\Daily Drilling Report - HTML Version\15_9_F_5_2008_08_27.html,15_9_F_5_2008_08_27.html,.html,16058,2026-09-12T00:38:31.731110,text/html
Well_technical_data\Daily Drilling Report - HTML Version\15_9_F_5_2008_10_06.html,15_9_F_5_2008_10_06.html,.html,10605,2026-09-12T00:38:35.987745,text/html
Well_technical_data\Daily Drilling Report - HTML Version\15_9_F_5_2008_10_07.html,15_9_F_5_2008_10_07.html,.html,11761,2026-09-12T00:38:39.405886,text/html
Well_technical_data\Daily Drilling Report - HTML Version\15_9_F_5_2008_10_08.html,15_9_F_5_2008_10_08.html,.html,12402,2026-09-12T00:38:43.228310,text/html
Well_technical_data\Daily Drilling Report - HTML Version\15_9_F_5_2008_10_09.html,15_9_F_5_2008_10_09.html,.html,17065,2026-09-12T00:38:46.750572,text/html
Well_technical_data\Daily Drilling Report - HTML Version\15_9_F_5_2008_10_10.html,15_9_F_5_2008_10_10.html,.html,13249,2026-09-12T00:38:50.645970,text/html
Well_technical_data\Daily Drilling Report - HTML Version\15_9_F_5_2008_10_11.html,15_9_F_5_2008_10_11.html,.html,14204,2026-09-12T00:38:54.802358,text/html
Well_technical_data\Daily Drilling Report - HTML Version\15_9_F_5_2008_10_12.html,15_9_F_5_2008_10_12.html,.html,13358,2026-09-12T00:38:58.148007,text/html
Well_technical_data\Daily Drilling Report - HTML Version\15_9_F_5_2008_10_13.html,15_9_F_5_2008_10_13.html,.html,12668,2026-09-12T00:39:01.103413,text/html
Well_technical_data\Daily Drilling Report - HTML Version\15_9_F_5_2008_10_14.html,15_9_F_5_2008_10_14.html,.html,13030,2026-09-12T00:39:04.060856,text/html
Well_technical_data\Daily Drilling Report - HTML Version\15_9_F_5_2008_10_15.html,15_9_F_5_2008_10_15.html,.html,13442,2026-09-12T00:39:07.454057,text/html
Well_technical_data\Daily Drilling Report - HTML Version\15_9_F_5_2008_10_16.html,15_9_F_5_2008_10_16.html,.html,13610,2026-09-12T00:39:10.848679,text/html
Well_technical_data\Daily Drilling Report - HTML Version\15_9_F_5_2008_10_17.html,15_9_F_5_2008_10_17.html,.html,15058,2026-09-12T00:39:14.270921,text/html
Well_technical_data\Daily Drilling Report - HTML Version\15_9_F_5_2008_10_18.html,15_9_F_5_2008_10_18.html,.html,14103,2026-09-12T00:39:17.967480,text/html
Well_technical_data\Daily Drilling Report - HTML Version\15_9_F_5_2008_10_19.html,15_9_F_5_2008_10_19.html,.html,10645,2026-09-12T00:39:22.835195,text/html
Well_technical_data\Daily Drilling Report - HTML Version\15_9_F_5_2008_10_20.html,15_9_F_5_2008_10_20.html,.html,10571,2026-09-12T00:39:25.955688,text/html
Well_technical_data\Daily Drilling Report - HTML Version\15_9_F_5_2012_09_16.html,15_9_F_5_2012_09_16.html,.html,10332,2026-09-12T00:39:28.998433,text/html
Well_technical_data\Daily Drilling Report - HTML Version\15_9_F_5_2012_09_17.html,15_9_F_5_2012_09_17.html,.html,13883,2026-09-12T00:39:32.279946,text/html
Well_technical_data\Daily Drilling Report - HTML Version\15_9_F_5_2012_09_18.html,15_9_F_5_2012_09_18.html,.html,12104,2026-09-12T00:39:35.644401,text/html
Well_technical_data\Daily Drilling Report - HTML Version\15_9_F_5_2012_09_19.html,15_9_F_5_2012_09_19.html,.html,10755,2026-09-12T00:39:39.345747,text/html
Well_technical_data\Daily Drilling Report - HTML Version\15_9_F_5_2015_11_03.html,15_9_F_5_2015_11_03.html,.html,10163,2026-09-12T00:39:42.660571,text/html
Well_technical_data\Daily Drilling Report - HTML Version\15_9_F_5_2015_11_04.html,15_9_F_5_2015_11_04.html,.html,15233,2026-09-12T00:39:45.630774,text/html
Well_technical_data\Daily Drilling Report - HTML Version\15_9_F_5_2015_11_05.html,15_9_F_5_2015_11_05.html,.html,13967,2026-09-12T00:39:48.902238,text/html
Well_technical_data\Daily Drilling Report - HTML Version\15_9_F_5_2015_11_06.html,15_9_F_5_2015_11_06.html,.html,9815,2026-09-12T00:39:53.977441,text/html
Well_technical_data\Daily Drilling Report - HTML Version\15_9_F_5_2016_04_19.html,15_9_F_5_2016_04_19.html,.html,15146,2026-09-12T00:39:57.684114,text/html
Well_technical_data\Daily Drilling Report - HTML Version\15_9_F_5_2016_04_20.html,15_9_F_5_2016_04_20.html,.html,20603,2026-09-12T00:40:04.658251,text/html
Well_technical_data\Daily Drilling Report - HTML Version\15_9_F_5_2016_04_21.html,15_9_F_5_2016_04_21.html,.html,13587,2026-09-12T00:40:08.302799,text/html
Well_technical_data\Daily Drilling Report - HTML Version\15_9_F_5_2016_08_29.html,15_9_F_5_2016_08_29.html,.html,11811,2026-09-12T00:40:11.526774,text/html
Well_technical_data\Daily Drilling Report - HTML Version\15_9_F_5_2016_08_30.html,15_9_F_5_2016_08_30.html,.html,16663,2026-09-12T00:40:15.032208,text/html
Well_technical_data\Daily Drilling Report - HTML Version\15_9_F_5_2016_08_31.html,15_9_F_5_2016_08_31.html,.html,18471,2026-09-12T00:40:18.397035,text/html
Well_technical_data\Daily Drilling Report - HTML Version\15_9_F_5_2016_09_01.html,15_9_F_5_2016_09_01.html,.html,18416,2026-09-12T00:40:21.575474,text/html
Well_technical_data\Daily Drilling Report - HTML Version\15_9_F_5_2016_09_02.html,15_9_F_5_2016_09_02.html,.html,19573,2026-09-12T00:40:25.056273,text/html
Well_technical_data\Daily Drilling Report - HTML Version\15_9_F_5_2016_09_03.html,15_9_F_5_2016_09_03.html,.html,14082,2026-09-12T00:40:28.599835,text/html
Well_technical_data\Daily Drilling Report - HTML Version\15_9_F_5_2016_09_04.html,15_9_F_5_2016_09_04.html,.html,14117,2026-09-12T00:40:32.079853,text/html
Well_technical_data\Daily Drilling Report - HTML Version\15_9_F_5_2016_09_05.html,15_9_F_5_2016_09_05.html,.html,20006,2026-09-12T00:40:35.269624,text/html
Well_technical_data\Daily Drilling Report - HTML Version\15_9_F_5_2016_09_06.html,15_9_F_5_2016_09_06.html,.html,19579,2026-09-12T00:40:39.498841,text/html
Well_technical_data\Daily Drilling Report - HTML Version\15_9_F_5_2016_09_07.html,15_9_F_5_2016_09_07.html,.html,18299,2026-09-12T00:40:43.320512,text/html
Well_technical_data\Daily Drilling Report - HTML Version\15_9_F_5_2016_09_08.html,15_9_F_5_2016_09_08.html,.html,19574,2026-09-12T00:40:46.754089,text/html
Well_technical_data\Daily Drilling Report - HTML Version\15_9_F_5_2016_09_09.html,15_9_F_5_2016_09_09.html,.html,21028,2026-09-12T00:40:50.052902,text/html
Well_technical_data\Daily Drilling Report - HTML Version\15_9_F_5_2016_09_10.html,15_9_F_5_2016_09_10.html,.html,22036,2026-09-12T00:40:53.716511,text/html
Well_technical_data\Daily Drilling Report - HTML Version\15_9_F_5_2016_09_11.html,15_9_F_5_2016_09_11.html,.html,21221,2026-09-12T00:40:57.077307,text/html
Well_technical_data\Daily Drilling Report - HTML Version\15_9_F_5_2016_09_12.html,15_9_F_5_2016_09_12.html,.html,15319,2026-09-12T00:41:00.354310,text/html
Well_technical_data\Daily Drilling Report - HTML Version\15_9_F_5_2016_10_14.html,15_9_F_5_2016_10_14.html,.html,19297,2026-09-12T00:41:03.796659,text/html
Well_technical_data\Daily Drilling Report - HTML Version\15_9_F_5_2016_10_15.html,15_9_F_5_2016_10_15.html,.html,14758,2026-09-12T00:41:07.338795,text/html
Well_technical_data\Daily Drilling Report - HTML Version\15_9_F_5_2016_10_16.html,15_9_F_5_2016_10_16.html,.html,11220,2026-09-12T00:41:10.372405,text/html
Well_technical_data\Daily Drilling Report - HTML Version\15_9_F_5_2016_10_17.html,15_9_F_5_2016_10_17.html,.html,11022,2026-09-12T00:41:13.511218,text/html
Well_technical_data\Daily Drilling Report - HTML Version\15_9_F_7_2007_09_15.html,15_9_F_7_2007_09_15.html,.html,12589,2026-09-12T00:41:18.373312,text/html
Well_technical_data\Daily Drilling Report - HTML Version\15_9_F_7_2007_09_16.html,15_9_F_7_2007_09_16.html,.html,16507,2026-09-12T00:41:22.832703,text/html
Well_technical_data\Daily Drilling Report - HTML Version\15_9_F_7_2007_09_17.html,15_9_F_7_2007_09_17.html,.html,20017,2026-09-12T00:41:26.654824,text/html
Well_technical_data\Daily Drilling Report - HTML Version\15_9_F_7_2007_09_18.html,15_9_F_7_2007_09_18.html,.html,17725,2026-09-12T00:41:29.970885,text/html
Well_technical_data\Daily Drilling Report - HTML Version\15_9_F_7_2007_09_19.html,15_9_F_7_2007_09_19.html,.html,15951,2026-09-12T00:41:33.558105,text/html
Well_technical_data\Daily Drilling Report - HTML Version\15_9_F_7_2007_09_20.html,15_9_F_7_2007_09_20.html,.html,18364,2026-09-12T00:41:36.799311,text/html
Well_technical_data\Daily Drilling Report - HTML Version\15_9_F_7_2007_09_21.html,15_9_F_7_2007_09_21.html,.html,19800,2026-09-12T00:41:40.278341,text/html
Well_technical_data\Daily Drilling Report - HTML Version\15_9_F_7_2007_09_22.html,15_9_F_7_2007_09_22.html,.html,18215,2026-09-12T00:41:43.879088,text/html
Well_technical_data\Daily Drilling Report - HTML Version\15_9_F_7_2007_09_23.html,15_9_F_7_2007_09_23.html,.html,17439,2026-09-12T00:41:47.026105,text/html
Well_technical_data\Daily Drilling Report - HTML Version\15_9_F_7_2007_09_24.html,15_9_F_7_2007_09_24.html,.html,19088,2026-09-12T00:41:50.371911,text/html
Well_technical_data\Daily Drilling Report - HTML Version\15_9_F_7_2007_09_25.html,15_9_F_7_2007_09_25.html,.html,22027,2026-09-12T00:41:53.517369,text/html
Well_technical_data\Daily Drilling Report - HTML Version\15_9_F_7_2007_09_26.html,15_9_F_7_2007_09_26.html,.html,18608,2026-09-12T00:41:57.359927,text/html
Well_technical_data\Daily Drilling Report - HTML Version\15_9_F_7_2007_09_27.html,15_9_F_7_2007_09_27.html,.html,18262,2026-09-12T00:42:01.007963,text/html
Well_technical_data\Daily Drilling Report - HTML Version\15_9_F_7_2007_09_28.html,15_9_F_7_2007_09_28.html,.html,16795,2026-09-12T00:42:05.041354,text/html
Well_technical_data\Daily Drilling Report - HTML Version\15_9_F_7_2007_09_29.html,15_9_F_7_2007_09_29.html,.html,19431,2026-09-12T00:42:08.163924,text/html
Well_technical_data\Daily Drilling Report - HTML Version\15_9_F_7_2007_09_30.html,15_9_F_7_2007_09_30.html,.html,15202,2026-09-12T00:42:11.596631,text/html
Well_technical_data\Daily Drilling Report - HTML Version\15_9_F_7_2007_10_01.html,15_9_F_7_2007_10_01.html,.html,14862,2026-09-12T00:42:14.902870,text/html
Well_technical_data\Daily Drilling Report - HTML Version\15_9_F_7_2007_10_02.html,15_9_F_7_2007_10_02.html,.html,15438,2026-09-12T00:42:18.180459,text/html
Well_technical_data\Daily Drilling Report - HTML Version\15_9_F_7_2007_10_03.html,15_9_F_7_2007_10_03.html,.html,19795,2026-09-12T00:42:21.062197,text/html
Well_technical_data\Daily Drilling Report - HTML Version\15_9_F_7_2007_10_04.html,15_9_F_7_2007_10_04.html,.html,20509,2026-09-12T00:42:25.756982,text/html
Well_technical_data\Daily Drilling Report - HTML Version\15_9_F_7_2007_10_05.html,15_9_F_7_2007_10_05.html,.html,20077,2026-09-12T00:42:29.445192,text/html
Well_technical_data\Daily Drilling Report - HTML Version\15_9_F_7_2007_10_06.html,15_9_F_7_2007_10_06.html,.html,21256,2026-09-12T00:42:32.880613,text/html
Well_technical_data\Daily Drilling Report - HTML Version\15_9_F_7_2007_10_07.html,15_9_F_7_2007_10_07.html,.html,19134,2026-09-12T00:42:36.156812,text/html
Well_technical_data\Daily Drilling Report - HTML Version\15_9_F_7_2007_10_08.html,15_9_F_7_2007_10_08.html,.html,19837,2026-09-12T00:42:39.201803,text/html
Well_technical_data\Daily Drilling Report - HTML Version\15_9_F_7_2007_10_09.html,15_9_F_7_2007_10_09.html,.html,18268,2026-09-12T00:42:42.473746,text/html
Well_technical_data\Daily Drilling Report - HTML Version\15_9_F_7_2007_10_10.html,15_9_F_7_2007_10_10.html,.html,14952,2026-09-12T00:42:45.373294,text/html
Well_technical_data\Daily Drilling Report - HTML Version\15_9_F_7_2007_10_11.html,15_9_F_7_2007_10_11.html,.html,18525,2026-09-12T00:42:48.687039,text/html
Well_technical_data\Daily Drilling Report - HTML Version\15_9_F_7_2007_10_12.html,15_9_F_7_2007_10_12.html,.html,10046,2026-09-12T00:42:52.143880,text/html
Well_technical_data\Daily Drilling Report - HTML Version\15_9_F_7_2015_02_05.html,15_9_F_7_2015_02_05.html,.html,13240,2026-09-12T00:42:55.559809,text/html
Well_technical_data\Daily Drilling Report - HTML Version\15_9_F_7_2015_02_06.html,15_9_F_7_2015_02_06.html,.html,15049,2026-09-12T00:42:58.894120,text/html
Well_technical_data\Daily Drilling Report - HTML Version\15_9_F_7_2015_02_07.html,15_9_F_7_2015_02_07.html,.html,19216,2026-09-12T00:43:02.060933,text/html
Well_technical_data\Daily Drilling Report - HTML Version\15_9_F_7_2015_02_08.html,15_9_F_7_2015_02_08.html,.html,18750,2026-09-12T00:43:05.538620,text/html
Well_technical_data\Daily Drilling Report - HTML Version\15_9_F_7_2015_02_09.html,15_9_F_7_2015_02_09.html,.html,16978,2026-09-12T00:43:08.832473,text/html
Well_technical_data\Daily Drilling Report - HTML Version\15_9_F_7_2015_02_10.html,15_9_F_7_2015_02_10.html,.html,9707,2026-09-12T00:43:13.029120,text/html
Well_technical_data\Daily Drilling Report - HTML Version\15_9_F_7_2016_07_29.html,15_9_F_7_2016_07_29.html,.html,16901,2026-09-12T00:43:16.713759,text/html
Well_technical_data\Daily Drilling Report - HTML Version\15_9_F_7_2016_07_30.html,15_9_F_7_2016_07_30.html,.html,19819,2026-09-12T00:43:20.006921,text/html
Well_technical_data\Daily Drilling Report - HTML Version\15_9_F_7_2016_07_31.html,15_9_F_7_2016_07_31.html,.html,10121,2026-09-12T00:43:23.128726,text/html
Well_technical_data\Daily Drilling Report - HTML Version\15_9_F_7_2016_10_23.html,15_9_F_7_2016_10_23.html,.html,19388,2026-09-12T00:43:26.643508,text/html
Well_technical_data\Daily Drilling Report - HTML Version\15_9_F_7_2016_10_24.html,15_9_F_7_2016_10_24.html,.html,9692,2026-09-12T00:43:29.899909,text/html
Well_technical_data\Daily Drilling Report - HTML Version\15_9_F_9_2007_11_29.html,15_9_F_9_2007_11_29.html,.html,19744,2026-09-12T00:43:33.294214,text/html
Well_technical_data\Daily Drilling Report - HTML Version\15_9_F_9_2007_11_30.html,15_9_F_9_2007_11_30.html,.html,22055,2026-09-12T00:43:36.504602,text/html
Well_technical_data\Daily Drilling Report - HTML Version\15_9_F_9_2007_12_01.html,15_9_F_9_2007_12_01.html,.html,18389,2026-09-12T00:43:39.837525,text/html
Well_technical_data\Daily Drilling Report - HTML Version\15_9_F_9_2007_12_02.html,15_9_F_9_2007_12_02.html,.html,11933,2026-09-12T00:43:42.787677,text/html
Well_technical_data\Daily Drilling Report - HTML Version\15_9_F_9_2007_12_13.html,15_9_F_9_2007_12_13.html,.html,17670,2026-09-12T00:43:46.245338,text/html
Well_technical_data\Daily Drilling Report - HTML Version\15_9_F_9_2007_12_14.html,15_9_F_9_2007_12_14.html,.html,20484,2026-09-12T00:43:49.304893,text/html
Well_technical_data\Daily Drilling Report - HTML Version\15_9_F_9_2007_12_15.html,15_9_F_9_2007_12_15.html,.html,19678,2026-09-12T00:43:52.858148,text/html
Well_technical_data\Daily Drilling Report - HTML Version\15_9_F_9_2007_12_16.html,15_9_F_9_2007_12_16.html,.html,19072,2026-09-12T00:43:56.416847,text/html
Well_technical_data\Daily Drilling Report - HTML Version\15_9_F_9_2007_12_17.html,15_9_F_9_2007_12_17.html,.html,19545,2026-09-12T00:44:00.086330,text/html
Well_technical_data\Daily Drilling Report - HTML Version\15_9_F_9_2007_12_18.html,15_9_F_9_2007_12_18.html,.html,9442,2026-09-12T00:44:03.650097,text/html
Well_technical_data\Daily Drilling Report - HTML Version\15_9_F_9_2008_08_27.html,15_9_F_9_2008_08_27.html,.html,11824,2026-09-12T00:44:06.717108,text/html
Well_technical_data\Daily Drilling Report - HTML Version\15_9_F_9_2008_08_28.html,15_9_F_9_2008_08_28.html,.html,15851,2026-09-12T00:44:09.819175,text/html
Well_technical_data\Daily Drilling Report - HTML Version\15_9_F_9_2008_08_29.html,15_9_F_9_2008_08_29.html,.html,18060,2026-09-12T00:44:13.227116,text/html
Well_technical_data\Daily Drilling Report - HTML Version\15_9_F_9_2008_08_30.html,15_9_F_9_2008_08_30.html,.html,20901,2026-09-12T00:44:16.751507,text/html
Well_technical_data\Daily Drilling Report - HTML Version\15_9_F_9_2008_08_31.html,15_9_F_9_2008_08_31.html,.html,20787,2026-09-12T00:44:19.846547,text/html
Well_technical_data\Daily Drilling Report - HTML Version\15_9_F_9_2008_09_01.html,15_9_F_9_2008_09_01.html,.html,23600,2026-09-12T00:44:23.357902,text/html
Well_technical_data\Daily Drilling Report - HTML Version\15_9_F_9_2008_09_02.html,15_9_F_9_2008_09_02.html,.html,18196,2026-09-12T00:44:26.668997,text/html
Well_technical_data\Daily Drilling Report - HTML Version\15_9_F_9_2008_09_03.html,15_9_F_9_2008_09_03.html,.html,22568,2026-09-12T00:44:29.948707,text/html
Well_technical_data\Daily Drilling Report - HTML Version\15_9_F_9_2008_09_04.html,15_9_F_9_2008_09_04.html,.html,20016,2026-09-12T00:44:33.318562,text/html
Well_technical_data\Daily Drilling Report - HTML Version\15_9_F_9_2008_09_05.html,15_9_F_9_2008_09_05.html,.html,20425,2026-09-12T00:44:38.401891,text/html
Well_technical_data\Daily Drilling Report - HTML Version\15_9_F_9_2008_09_06.html,15_9_F_9_2008_09_06.html,.html,19510,2026-09-12T00:44:42.298202,text/html
Well_technical_data\Daily Drilling Report - HTML Version\15_9_F_9_2008_09_07.html,15_9_F_9_2008_09_07.html,.html,17314,2026-09-12T00:44:45.294016,text/html
Well_technical_data\Daily Drilling Report - HTML Version\15_9_F_9_2009_06_25.html,15_9_F_9_2009_06_25.html,.html,14055,2026-09-12T00:44:52.661092,text/html
Well_technical_data\Daily Drilling Report - HTML Version\15_9_F_9_2009_06_26.html,15_9_F_9_2009_06_26.html,.html,15218,2026-09-12T00:44:56.023189,text/html
Well_technical_data\Daily Drilling Report - HTML Version\15_9_F_9_2009_06_27.html,15_9_F_9_2009_06_27.html,.html,16791,2026-09-12T00:45:01.375065,text/html
Well_technical_data\Daily Drilling Report - HTML Version\15_9_F_9_2009_06_28.html,15_9_F_9_2009_06_28.html,.html,16125,2026-09-12T00:45:05.165777,text/html
Well_technical_data\Daily Drilling Report - HTML Version\15_9_F_9_2009_06_29.html,15_9_F_9_2009_06_29.html,.html,17980,2026-09-12T00:45:08.770519,text/html
Well_technical_data\Daily Drilling Report - HTML Version\15_9_F_9_2009_06_30.html,15_9_F_9_2009_06_30.html,.html,19715,2026-09-12T00:45:12.549248,text/html
Well_technical_data\Daily Drilling Report - HTML Version\15_9_F_9_2009_07_01.html,15_9_F_9_2009_07_01.html,.html,19659,2026-09-12T00:45:16.026584,text/html
Well_technical_data\Daily Drilling Report - HTML Version\15_9_F_9_2009_07_02.html,15_9_F_9_2009_07_02.html,.html,21681,2026-09-12T00:45:19.858560,text/html
Well_technical_data\Daily Drilling Report - HTML Version\15_9_F_9_2009_07_03.html,15_9_F_9_2009_07_03.html,.html,19205,2026-09-12T00:45:22.838343,text/html
Well_technical_data\Daily Drilling Report - HTML Version\15_9_F_9_2009_07_04.html,15_9_F_9_2009_07_04.html,.html,14966,2026-09-12T00:45:26.370054,text/html
Well_technical_data\Daily Drilling Report - HTML Version\15_9_F_9_A_2009_07_04.html,15_9_F_9_A_2009_07_04.html,.html,21297,2026-09-12T00:45:29.752487,text/html
Well_technical_data\Daily Drilling Report - HTML Version\15_9_F_9_A_2009_07_05.html,15_9_F_9_A_2009_07_05.html,.html,24411,2026-09-12T00:45:32.784053,text/html
Well_technical_data\Daily Drilling Report - HTML Version\15_9_F_9_A_2009_07_06.html,15_9_F_9_A_2009_07_06.html,.html,24496,2026-09-12T00:45:36.727729,text/html
Well_technical_data\Daily Drilling Report - HTML Version\15_9_F_9_A_2009_07_07.html,15_9_F_9_A_2009_07_07.html,.html,20814,2026-09-12T00:45:40.320198,text/html
Well_technical_data\Daily Drilling Report - HTML Version\15_9_F_9_A_2009_07_08.html,15_9_F_9_A_2009_07_08.html,.html,19855,2026-09-12T00:45:43.650645,text/html
Well_technical_data\Daily Drilling Report - HTML Version\15_9_F_9_A_2009_07_09.html,15_9_F_9_A_2009_07_09.html,.html,22304,2026-09-12T00:45:47.522775,text/html
Well_technical_data\Daily Drilling Report - HTML Version\15_9_F_9_A_2009_07_10.html,15_9_F_9_A_2009_07_10.html,.html,23461,2026-09-12T00:45:51.238075,text/html
Well_technical_data\Daily Drilling Report - HTML Version\15_9_F_9_A_2009_07_11.html,15_9_F_9_A_2009_07_11.html,.html,19426,2026-09-12T00:45:54.968291,text/html
Well_technical_data\Daily Drilling Report - HTML Version\15_9_F_9_A_2009_07_12.html,15_9_F_9_A_2009_07_12.html,.html,20655,2026-09-12T00:45:58.579909,text/html
Well_technical_data\Daily Drilling Report - HTML Version\15_9_F_9_A_2009_07_13.html,15_9_F_9_A_2009_07_13.html,.html,17963,2026-09-12T00:46:01.965929,text/html
Well_technical_data\Daily Drilling Report - HTML Version\15_9_F_9_A_2009_07_14.html,15_9_F_9_A_2009_07_14.html,.html,19327,2026-09-12T00:46:05.307698,text/html
Well_technical_data\Daily Drilling Report - HTML Version\15_9_F_9_A_2009_07_15.html,15_9_F_9_A_2009_07_15.html,.html,18137,2026-09-12T00:46:08.284743,text/html
Well_technical_data\Daily Drilling Report - HTML Version\15_9_F_9_A_2015_01_27.html,15_9_F_9_A_2015_01_27.html,.html,12689,2026-09-12T00:46:11.295384,text/html
Well_technical_data\Daily Drilling Report - HTML Version\15_9_F_9_A_2015_01_28.html,15_9_F_9_A_2015_01_28.html,.html,19483,2026-09-12T00:46:14.355156,text/html
Well_technical_data\Daily Drilling Report - HTML Version\15_9_F_9_A_2015_01_29.html,15_9_F_9_A_2015_01_29.html,.html,14567,2026-09-12T00:46:17.688909,text/html
Well_technical_data\Daily Drilling Report - HTML Version\15_9_F_9_A_2015_01_30.html,15_9_F_9_A_2015_01_30.html,.html,17268,2026-09-12T00:46:21.213558,text/html
Well_technical_data\Daily Drilling Report - HTML Version\15_9_F_9_A_2015_01_31.html,15_9_F_9_A_2015_01_31.html,.html,18083,2026-09-12T00:46:24.912783,text/html
Well_technical_data\Daily Drilling Report - HTML Version\15_9_F_9_A_2015_02_01.html,15_9_F_9_A_2015_02_01.html,.html,21517,2026-09-12T00:46:28.712600,text/html
Well_technical_data\Daily Drilling Report - HTML Version\15_9_F_9_A_2015_02_02.html,15_9_F_9_A_2015_02_02.html,.html,19757,2026-09-12T00:46:32.325741,text/html
Well_technical_data\Daily Drilling Report - HTML Version\15_9_F_9_A_2015_02_03.html,15_9_F_9_A_2015_02_03.html,.html,15673,2026-09-12T00:46:36.060175,text/html
Well_technical_data\Daily Drilling Report - HTML Version\15_9_F_9_A_2015_02_04.html,15_9_F_9_A_2015_02_04.html,.html,17506,2026-09-12T00:46:39.075434,text/html
Well_technical_data\Daily Drilling Report - HTML Version\15_9_F_9_A_2015_02_05.html,15_9_F_9_A_2015_02_05.html,.html,9476,2026-09-12T00:46:41.957888,text/html
Well_technical_data\Daily Drilling Report - HTML Version\15_9_F_9_A_2016_09_29.html,15_9_F_9_A_2016_09_29.html,.html,10515,2026-09-12T00:46:44.920127,text/html
Well_technical_data\Daily Drilling Report - HTML Version\15_9_F_9_A_2016_09_30.html,15_9_F_9_A_2016_09_30.html,.html,17744,2026-09-12T00:46:48.281039,text/html
Well_technical_data\Daily Drilling Report - HTML Version\15_9_F_9_A_2016_10_01.html,15_9_F_9_A_2016_10_01.html,.html,15475,2026-09-12T00:46:51.941775,text/html
Well_technical_data\Daily Drilling Report - HTML Version\15_9_F_9_A_2016_10_17.html,15_9_F_9_A_2016_10_17.html,.html,12189,2026-09-12T00:46:55.790589,text/html
Well_technical_data\Daily Drilling Report - HTML Version\15_9_F_9_A_2016_10_18.html,15_9_F_9_A_2016_10_18.html,.html,9535,2026-09-12T00:46:59.451696,text/html
Well_technical_data\Daily Drilling Report - HTML Version\15_9_F_9_A_2016_10_24.html,15_9_F_9_A_2016_10_24.html,.html,19143,2026-09-12T00:47:02.983172,text/html
Well_technical_data\Daily Drilling report - PDF Version\15_9_19_A_1980_01_01.pdf,15_9_19_A_1980_01_01.pdf,.pdf,21231,2026-09-12T02:26:49.066365,application/pdf
Well_technical_data\Daily Drilling report - PDF Version\15_9_19_A_1997_07_25.pdf,15_9_19_A_1997_07_25.pdf,.pdf,22111,2026-09-12T02:26:52.602985,application/pdf
Well_technical_data\Daily Drilling report - PDF Version\15_9_19_A_1997_07_26.pdf,15_9_19_A_1997_07_26.pdf,.pdf,32932,2026-09-12T02:26:55.993414,application/pdf
Well_technical_data\Daily Drilling report - PDF Version\15_9_19_A_1997_07_27.pdf,15_9_19_A_1997_07_27.pdf,.pdf,33119,2026-09-12T02:26:59.623085,application/pdf
Well_technical_data\Daily Drilling report - PDF Version\15_9_19_A_1997_07_28.pdf,15_9_19_A_1997_07_28.pdf,.pdf,30345,2026-09-12T02:27:02.876788,application/pdf
Well_technical_data\Daily Drilling report - PDF Version\15_9_19_A_1997_07_29.pdf,15_9_19_A_1997_07_29.pdf,.pdf,31115,2026-09-12T02:27:08.909309,application/pdf
Well_technical_data\Daily Drilling report - PDF Version\15_9_19_A_1997_07_30.pdf,15_9_19_A_1997_07_30.pdf,.pdf,35579,2026-09-12T02:27:12.879633,application/pdf
Well_technical_data\Daily Drilling report - PDF Version\15_9_19_A_1997_07_31.pdf,15_9_19_A_1997_07_31.pdf,.pdf,33531,2026-09-12T02:27:16.790266,application/pdf
Well_technical_data\Daily Drilling report - PDF Version\15_9_19_A_1997_08_01.pdf,15_9_19_A_1997_08_01.pdf,.pdf,34430,2026-09-12T02:27:20.002252,application/pdf
Well_technical_data\Daily Drilling report - PDF Version\15_9_19_A_1997_08_02.pdf,15_9_19_A_1997_08_02.pdf,.pdf,33407,2026-09-12T02:27:23.669332,application/pdf
Well_technical_data\Daily Drilling report - PDF Version\15_9_19_A_1997_08_03.pdf,15_9_19_A_1997_08_03.pdf,.pdf,32251,2026-09-12T02:27:27.116355,application/pdf
Well_technical_data\Daily Drilling report - PDF Version\15_9_19_A_1997_08_04.pdf,15_9_19_A_1997_08_04.pdf,.pdf,34776,2026-09-12T02:27:30.491983,application/pdf
Well_technical_data\Daily Drilling report - PDF Version\15_9_19_A_1997_08_05.pdf,15_9_19_A_1997_08_05.pdf,.pdf,33929,2026-09-12T02:27:34.174631,application/pdf
Well_technical_data\Daily Drilling report - PDF Version\15_9_19_A_1997_08_06.pdf,15_9_19_A_1997_08_06.pdf,.pdf,36651,2026-09-12T02:27:37.337974,application/pdf
Well_technical_data\Daily Drilling report - PDF Version\15_9_19_A_1997_08_07.pdf,15_9_19_A_1997_08_07.pdf,.pdf,36534,2026-09-12T02:27:41.731745,application/pdf
Well_technical_data\Daily Drilling report - PDF Version\15_9_19_A_1997_08_08.pdf,15_9_19_A_1997_08_08.pdf,.pdf,34530,2026-09-12T02:27:45.532179,application/pdf
Well_technical_data\Daily Drilling report - PDF Version\15_9_19_A_1997_08_09.pdf,15_9_19_A_1997_08_09.pdf,.pdf,34061,2026-09-12T02:27:49.064645,application/pdf
Well_technical_data\Daily Drilling report - PDF Version\15_9_19_A_1997_08_10.pdf,15_9_19_A_1997_08_10.pdf,.pdf,34811,2026-09-12T02:27:52.273439,application/pdf
Well_technical_data\Daily Drilling report - PDF Version\15_9_19_A_1997_08_11.pdf,15_9_19_A_1997_08_11.pdf,.pdf,33841,2026-09-12T02:27:55.420881,application/pdf
Well_technical_data\Daily Drilling report - PDF Version\15_9_19_A_1997_08_12.pdf,15_9_19_A_1997_08_12.pdf,.pdf,33621,2026-09-12T02:28:00.131929,application/pdf
Well_technical_data\Daily Drilling report - PDF Version\15_9_19_A_1997_08_13.pdf,15_9_19_A_1997_08_13.pdf,.pdf,32778,2026-09-12T02:28:03.534559,application/pdf
Well_technical_data\Daily Drilling report - PDF Version\15_9_19_A_1997_08_14.pdf,15_9_19_A_1997_08_14.pdf,.pdf,33188,2026-09-12T02:28:06.946570,application/pdf
Well_technical_data\Daily Drilling report - PDF Version\15_9_19_A_1997_08_15.pdf,15_9_19_A_1997_08_15.pdf,.pdf,35869,2026-09-12T02:28:10.584600,application/pdf
Well_technical_data\Daily Drilling report - PDF Version\15_9_19_A_1997_08_16.pdf,15_9_19_A_1997_08_16.pdf,.pdf,35627,2026-09-12T02:28:13.504084,application/pdf
Well_technical_data\Daily Drilling report - PDF Version\15_9_19_A_1997_08_17.pdf,15_9_19_A_1997_08_17.pdf,.pdf,35172,2026-09-12T02:28:17.193997,application/pdf
Well_technical_data\Daily Drilling report - PDF Version\15_9_19_A_1997_08_18.pdf,15_9_19_A_1997_08_18.pdf,.pdf,35321,2026-09-12T02:28:20.515429,application/pdf
Well_technical_data\Daily Drilling report - PDF Version\15_9_19_A_1997_08_19.pdf,15_9_19_A_1997_08_19.pdf,.pdf,34524,2026-09-12T02:28:24.271845,application/pdf
Well_technical_data\Daily Drilling report - PDF Version\15_9_19_A_1997_08_20.pdf,15_9_19_A_1997_08_20.pdf,.pdf,33650,2026-09-12T02:28:27.634125,application/pdf
Well_technical_data\Daily Drilling report - PDF Version\15_9_19_A_1997_08_21.pdf,15_9_19_A_1997_08_21.pdf,.pdf,34470,2026-09-12T02:28:30.833083,application/pdf
Well_technical_data\Daily Drilling report - PDF Version\15_9_19_A_1997_08_22.pdf,15_9_19_A_1997_08_22.pdf,.pdf,34884,2026-09-12T02:28:34.318214,application/pdf
Well_technical_data\Daily Drilling report - PDF Version\15_9_19_A_1997_08_23.pdf,15_9_19_A_1997_08_23.pdf,.pdf,27074,2026-09-12T02:28:37.276174,application/pdf
Well_technical_data\Daily Drilling report - PDF Version\15_9_19_A_1997_08_24.pdf,15_9_19_A_1997_08_24.pdf,.pdf,29698,2026-09-12T02:28:40.785704,application/pdf
Well_technical_data\Daily Drilling report - PDF Version\15_9_19_A_1997_08_25.pdf,15_9_19_A_1997_08_25.pdf,.pdf,29230,2026-09-12T02:28:43.726099,application/pdf
Well_technical_data\Daily Drilling report - PDF Version\15_9_19_A_1997_08_26.pdf,15_9_19_A_1997_08_26.pdf,.pdf,32795,2026-09-12T02:28:46.688514,application/pdf
Well_technical_data\Daily Drilling report - PDF Version\15_9_19_A_1997_08_27.pdf,15_9_19_A_1997_08_27.pdf,.pdf,26787,2026-09-12T02:28:50.391407,application/pdf
Well_technical_data\Daily Drilling report - PDF Version\15_9_19_A_1997_08_28.pdf,15_9_19_A_1997_08_28.pdf,.pdf,31107,2026-09-12T02:28:53.577593,application/pdf
Well_technical_data\Daily Drilling report - PDF Version\15_9_19_A_1997_08_29.pdf,15_9_19_A_1997_08_29.pdf,.pdf,31757,2026-09-12T02:28:57.047883,application/pdf
Well_technical_data\Daily Drilling report - PDF Version\15_9_19_A_1997_08_30.pdf,15_9_19_A_1997_08_30.pdf,.pdf,29846,2026-09-12T02:29:00.483637,application/pdf
Well_technical_data\Daily Drilling report - PDF Version\15_9_19_A_1997_08_31.pdf,15_9_19_A_1997_08_31.pdf,.pdf,31026,2026-09-12T02:29:03.979610,application/pdf
Well_technical_data\Daily Drilling report - PDF Version\15_9_19_A_1997_09_01.pdf,15_9_19_A_1997_09_01.pdf,.pdf,30901,2026-09-12T02:29:07.075871,application/pdf
Well_technical_data\Daily Drilling report - PDF Version\15_9_19_A_1997_09_02.pdf,15_9_19_A_1997_09_02.pdf,.pdf,31635,2026-09-12T02:29:10.659340,application/pdf
Well_technical_data\Daily Drilling report - PDF Version\15_9_19_A_1997_09_03.pdf,15_9_19_A_1997_09_03.pdf,.pdf,32592,2026-09-12T02:29:14.220492,application/pdf
Well_technical_data\Daily Drilling report - PDF Version\15_9_19_A_1997_09_04.pdf,15_9_19_A_1997_09_04.pdf,.pdf,25072,2026-09-12T02:29:17.327759,application/pdf
Well_technical_data\Daily Drilling report - PDF Version\15_9_19_A_1997_09_05.pdf,15_9_19_A_1997_09_05.pdf,.pdf,22988,2026-09-12T02:29:20.865103,application/pdf
Well_technical_data\Daily Drilling report - PDF Version\15_9_19_A_1997_09_06.pdf,15_9_19_A_1997_09_06.pdf,.pdf,23141,2026-09-12T02:29:23.964816,application/pdf
Well_technical_data\Daily Drilling report - PDF Version\15_9_19_A_1997_09_07.pdf,15_9_19_A_1997_09_07.pdf,.pdf,23141,2026-09-12T02:29:27.150490,application/pdf
Well_technical_data\Daily Drilling report - PDF Version\15_9_19_A_1997_09_08.pdf,15_9_19_A_1997_09_08.pdf,.pdf,23169,2026-09-12T02:29:30.670770,application/pdf
Well_technical_data\Daily Drilling report - PDF Version\15_9_19_A_1997_09_09.pdf,15_9_19_A_1997_09_09.pdf,.pdf,23176,2026-09-12T02:29:33.955349,application/pdf
Well_technical_data\Daily Drilling report - PDF Version\15_9_19_A_1997_09_10.pdf,15_9_19_A_1997_09_10.pdf,.pdf,22999,2026-09-12T02:29:37.445244,application/pdf
Well_technical_data\Daily Drilling report - PDF Version\15_9_19_A_1997_09_11.pdf,15_9_19_A_1997_09_11.pdf,.pdf,22993,2026-09-12T02:29:40.903256,application/pdf
Well_technical_data\Daily Drilling report - PDF Version\15_9_19_A_1997_09_12.pdf,15_9_19_A_1997_09_12.pdf,.pdf,22995,2026-09-12T02:29:44.618424,application/pdf
Well_technical_data\Daily Drilling report - PDF Version\15_9_19_A_1997_09_13.pdf,15_9_19_A_1997_09_13.pdf,.pdf,23147,2026-09-12T02:29:47.613291,application/pdf
Well_technical_data\Daily Drilling report - PDF Version\15_9_19_A_1997_09_14.pdf,15_9_19_A_1997_09_14.pdf,.pdf,23145,2026-09-12T02:29:51.188671,application/pdf
Well_technical_data\Daily Drilling report - PDF Version\15_9_19_A_1997_09_15.pdf,15_9_19_A_1997_09_15.pdf,.pdf,22992,2026-09-12T02:29:54.440308,application/pdf
Well_technical_data\Daily Drilling report - PDF Version\15_9_19_A_1997_09_16.pdf,15_9_19_A_1997_09_16.pdf,.pdf,23137,2026-09-12T02:29:57.668509,application/pdf
Well_technical_data\Daily Drilling report - PDF Version\15_9_19_A_1997_09_17.pdf,15_9_19_A_1997_09_17.pdf,.pdf,23143,2026-09-12T02:30:00.517379,application/pdf
Well_technical_data\Daily Drilling report - PDF Version\15_9_19_A_1997_09_18.pdf,15_9_19_A_1997_09_18.pdf,.pdf,23171,2026-09-12T02:30:04.043573,application/pdf
Well_technical_data\Daily Drilling report - PDF Version\15_9_19_A_1997_09_19.pdf,15_9_19_A_1997_09_19.pdf,.pdf,23163,2026-09-12T02:30:07.378542,application/pdf
Well_technical_data\Daily Drilling report - PDF Version\15_9_19_A_1997_09_20.pdf,15_9_19_A_1997_09_20.pdf,.pdf,22983,2026-09-12T02:30:10.478670,application/pdf
Well_technical_data\Daily Drilling report - PDF Version\15_9_19_A_1997_09_21.pdf,15_9_19_A_1997_09_21.pdf,.pdf,22982,2026-09-12T02:30:13.809102,application/pdf
Well_technical_data\Daily Drilling report - PDF Version\15_9_19_A_1997_09_22.pdf,15_9_19_A_1997_09_22.pdf,.pdf,22985,2026-09-12T02:30:16.700809,application/pdf
Well_technical_data\Daily Drilling report - PDF Version\15_9_19_A_1997_09_23.pdf,15_9_19_A_1997_09_23.pdf,.pdf,23137,2026-09-12T02:30:19.757669,application/pdf
Well_technical_data\Daily Drilling report - PDF Version\15_9_19_A_1997_09_24.pdf,15_9_19_A_1997_09_24.pdf,.pdf,23143,2026-09-12T02:30:23.124959,application/pdf
Well_technical_data\Daily Drilling report - PDF Version\15_9_19_A_1997_09_25.pdf,15_9_19_A_1997_09_25.pdf,.pdf,22978,2026-09-12T02:30:26.681927,application/pdf
Well_technical_data\Daily Drilling report - PDF Version\15_9_19_A_1997_09_26.pdf,15_9_19_A_1997_09_26.pdf,.pdf,23112,2026-09-12T02:30:31.519420,application/pdf
Well_technical_data\Daily Drilling report - PDF Version\15_9_19_A_1997_09_27.pdf,15_9_19_A_1997_09_27.pdf,.pdf,23128,2026-09-12T02:30:34.754187,application/pdf
Well_technical_data\Daily Drilling report - PDF Version\15_9_19_A_1997_09_28.pdf,15_9_19_A_1997_09_28.pdf,.pdf,23158,2026-09-12T02:30:38.202729,application/pdf
Well_technical_data\Daily Drilling report - PDF Version\15_9_19_A_1997_09_29.pdf,15_9_19_A_1997_09_29.pdf,.pdf,23159,2026-09-12T02:30:41.579461,application/pdf
Well_technical_data\Daily Drilling report - PDF Version\15_9_19_A_1997_09_30.pdf,15_9_19_A_1997_09_30.pdf,.pdf,23142,2026-09-12T02:30:44.984850,application/pdf
Well_technical_data\Daily Drilling report - PDF Version\15_9_19_A_1997_10_01.pdf,15_9_19_A_1997_10_01.pdf,.pdf,23152,2026-09-12T02:30:47.998971,application/pdf
Well_technical_data\Daily Drilling report - PDF Version\15_9_19_A_1997_10_02.pdf,15_9_19_A_1997_10_02.pdf,.pdf,22990,2026-09-12T02:30:51.356902,application/pdf
Well_technical_data\Daily Drilling report - PDF Version\15_9_19_A_1997_10_03.pdf,15_9_19_A_1997_10_03.pdf,.pdf,23146,2026-09-12T02:30:54.911928,application/pdf
Well_technical_data\Daily Drilling report - PDF Version\15_9_19_A_1997_10_04.pdf,15_9_19_A_1997_10_04.pdf,.pdf,22989,2026-09-12T02:30:58.182466,application/pdf
Well_technical_data\Daily Drilling report - PDF Version\15_9_19_A_1997_10_05.pdf,15_9_19_A_1997_10_05.pdf,.pdf,25215,2026-09-12T02:31:01.748774,application/pdf
Well_technical_data\Daily Drilling report - PDF Version\15_9_19_A_1997_10_06.pdf,15_9_19_A_1997_10_06.pdf,.pdf,25940,2026-09-12T02:31:05.179534,application/pdf
Well_technical_data\Daily Drilling report - PDF Version\15_9_19_A_1997_10_07.pdf,15_9_19_A_1997_10_07.pdf,.pdf,24984,2026-09-12T02:31:08.183656,application/pdf
Well_technical_data\Daily Drilling report - PDF Version\15_9_19_A_1997_10_08.pdf,15_9_19_A_1997_10_08.pdf,.pdf,26766,2026-09-12T02:31:11.708990,application/pdf
Well_technical_data\Daily Drilling report - PDF Version\15_9_19_A_1997_10_09.pdf,15_9_19_A_1997_10_09.pdf,.pdf,31761,2026-09-12T02:31:15.437437,application/pdf
Well_technical_data\Daily Drilling report - PDF Version\15_9_19_A_1997_10_10.pdf,15_9_19_A_1997_10_10.pdf,.pdf,28965,2026-09-12T02:31:18.900981,application/pdf
Well_technical_data\Daily Drilling report - PDF Version\15_9_19_A_1997_10_11.pdf,15_9_19_A_1997_10_11.pdf,.pdf,29911,2026-09-12T02:31:22.292187,application/pdf
Well_technical_data\Daily Drilling report - PDF Version\15_9_19_A_1997_10_12.pdf,15_9_19_A_1997_10_12.pdf,.pdf,28767,2026-09-12T02:31:26.120495,application/pdf
Well_technical_data\Daily Drilling report - PDF Version\15_9_19_A_1997_10_13.pdf,15_9_19_A_1997_10_13.pdf,.pdf,30494,2026-09-12T02:31:29.418134,application/pdf
Well_technical_data\Daily Drilling report - PDF Version\15_9_19_A_1997_10_14.pdf,15_9_19_A_1997_10_14.pdf,.pdf,29217,2026-09-12T02:31:32.809991,application/pdf
Well_technical_data\Daily Drilling report - PDF Version\15_9_19_A_1997_10_15.pdf,15_9_19_A_1997_10_15.pdf,.pdf,30279,2026-09-12T02:31:36.389989,application/pdf
Well_technical_data\Daily Drilling report - PDF Version\15_9_19_A_1997_10_16.pdf,15_9_19_A_1997_10_16.pdf,.pdf,29514,2026-09-12T02:31:39.934587,application/pdf
Well_technical_data\Daily Drilling report - PDF Version\15_9_19_A_1997_10_17.pdf,15_9_19_A_1997_10_17.pdf,.pdf,30917,2026-09-12T02:31:43.601648,application/pdf
Well_technical_data\Daily Drilling report - PDF Version\15_9_19_A_1997_10_18.pdf,15_9_19_A_1997_10_18.pdf,.pdf,30571,2026-09-12T02:31:47.183496,application/pdf
Well_technical_data\Daily Drilling report - PDF Version\15_9_19_A_1997_10_19.pdf,15_9_19_A_1997_10_19.pdf,.pdf,29484,2026-09-12T02:31:51.209222,application/pdf
Well_technical_data\Daily Drilling report - PDF Version\15_9_19_A_1997_10_20.pdf,15_9_19_A_1997_10_20.pdf,.pdf,30048,2026-09-12T02:31:54.691515,application/pdf
Well_technical_data\Daily Drilling report - PDF Version\15_9_19_A_1997_10_21.pdf,15_9_19_A_1997_10_21.pdf,.pdf,30539,2026-09-12T02:31:57.909252,application/pdf
Well_technical_data\Daily Drilling report - PDF Version\15_9_19_A_1997_10_22.pdf,15_9_19_A_1997_10_22.pdf,.pdf,31203,2026-09-12T02:32:01.448534,application/pdf
Well_technical_data\Daily Drilling report - PDF Version\15_9_19_A_1997_10_23.pdf,15_9_19_A_1997_10_23.pdf,.pdf,30598,2026-09-12T02:32:04.984934,application/pdf
Well_technical_data\Daily Drilling report - PDF Version\15_9_19_A_1997_10_24.pdf,15_9_19_A_1997_10_24.pdf,.pdf,30115,2026-09-12T02:32:08.312011,application/pdf
Well_technical_data\Daily Drilling report - PDF Version\15_9_19_A_1997_10_25.pdf,15_9_19_A_1997_10_25.pdf,.pdf,29926,2026-09-12T02:32:11.698737,application/pdf
Well_technical_data\Daily Drilling report - PDF Version\15_9_19_A_1997_10_26.pdf,15_9_19_A_1997_10_26.pdf,.pdf,28999,2026-09-12T02:32:15.028355,application/pdf
Well_technical_data\Daily Drilling report - PDF Version\15_9_19_A_1997_10_27.pdf,15_9_19_A_1997_10_27.pdf,.pdf,31686,2026-09-12T02:32:18.271470,application/pdf
Well_technical_data\Daily Drilling report - PDF Version\15_9_19_A_1997_10_28.pdf,15_9_19_A_1997_10_28.pdf,.pdf,31815,2026-09-12T02:32:21.292173,application/pdf
Well_technical_data\Daily Drilling report - PDF Version\15_9_19_A_1997_10_29.pdf,15_9_19_A_1997_10_29.pdf,.pdf,30701,2026-09-12T02:32:24.303381,application/pdf
Well_technical_data\Daily Drilling report - PDF Version\15_9_19_A_1997_10_30.pdf,15_9_19_A_1997_10_30.pdf,.pdf,31075,2026-09-12T02:32:27.596179,application/pdf
Well_technical_data\Daily Drilling report - PDF Version\15_9_19_A_1997_10_31.pdf,15_9_19_A_1997_10_31.pdf,.pdf,27023,2026-09-12T02:32:30.996267,application/pdf
Well_technical_data\Daily Drilling report - PDF Version\15_9_19_A_1997_11_01.pdf,15_9_19_A_1997_11_01.pdf,.pdf,29924,2026-09-12T02:32:34.561568,application/pdf
Well_technical_data\Daily Drilling report - PDF Version\15_9_19_A_1997_11_02.pdf,15_9_19_A_1997_11_02.pdf,.pdf,27380,2026-09-12T02:32:37.804757,application/pdf
Well_technical_data\Daily Drilling report - PDF Version\15_9_19_A_1997_11_03.pdf,15_9_19_A_1997_11_03.pdf,.pdf,31403,2026-09-12T02:32:41.128288,application/pdf
Well_technical_data\Daily Drilling report - PDF Version\15_9_19_A_1997_11_04.pdf,15_9_19_A_1997_11_04.pdf,.pdf,29511,2026-09-12T02:32:44.748478,application/pdf
Well_technical_data\Daily Drilling report - PDF Version\15_9_19_A_1997_11_05.pdf,15_9_19_A_1997_11_05.pdf,.pdf,30408,2026-09-12T02:32:48.189092,application/pdf
Well_technical_data\Daily Drilling report - PDF Version\15_9_19_A_1997_11_06.pdf,15_9_19_A_1997_11_06.pdf,.pdf,33358,2026-09-12T02:32:51.666826,application/pdf
Well_technical_data\Daily Drilling report - PDF Version\15_9_19_A_1997_11_07.pdf,15_9_19_A_1997_11_07.pdf,.pdf,31096,2026-09-12T02:32:54.395164,application/pdf
Well_technical_data\Daily Drilling report - PDF Version\15_9_19_A_1997_11_08.pdf,15_9_19_A_1997_11_08.pdf,.pdf,30126,2026-09-12T02:32:57.965751,application/pdf
Well_technical_data\Daily Drilling report - PDF Version\15_9_19_A_1997_11_09.pdf,15_9_19_A_1997_11_09.pdf,.pdf,31522,2026-09-12T02:33:02.698926,application/pdf
Well_technical_data\Daily Drilling report - PDF Version\15_9_19_A_1997_11_10.pdf,15_9_19_A_1997_11_10.pdf,.pdf,30536,2026-09-12T02:33:06.049491,application/pdf
Well_technical_data\Daily Drilling report - PDF Version\15_9_19_BT2_1997_12_06.pdf,15_9_19_BT2_1997_12_06.pdf,.pdf,28962,2026-09-12T02:33:09.626940,application/pdf
Well_technical_data\Daily Drilling report - PDF Version\15_9_19_BT2_1997_12_07.pdf,15_9_19_BT2_1997_12_07.pdf,.pdf,30618,2026-09-12T02:33:13.384326,application/pdf
Well_technical_data\Daily Drilling report - PDF Version\15_9_19_BT2_1997_12_08.pdf,15_9_19_BT2_1997_12_08.pdf,.pdf,33744,2026-09-12T02:33:16.674765,application/pdf
Well_technical_data\Daily Drilling report - PDF Version\15_9_19_BT2_1997_12_09.pdf,15_9_19_BT2_1997_12_09.pdf,.pdf,34210,2026-09-12T02:33:20.150835,application/pdf
Well_technical_data\Daily Drilling report - PDF Version\15_9_19_BT2_1997_12_10.pdf,15_9_19_BT2_1997_12_10.pdf,.pdf,31515,2026-09-12T02:33:23.599747,application/pdf
Well_technical_data\Daily Drilling report - PDF Version\15_9_19_BT2_1997_12_11.pdf,15_9_19_BT2_1997_12_11.pdf,.pdf,29743,2026-09-12T02:33:26.977461,application/pdf
Well_technical_data\Daily Drilling report - PDF Version\15_9_19_BT2_1997_12_12.pdf,15_9_19_BT2_1997_12_12.pdf,.pdf,28937,2026-09-12T02:33:30.219292,application/pdf
Well_technical_data\Daily Drilling report - PDF Version\15_9_19_BT2_1997_12_13.pdf,15_9_19_BT2_1997_12_13.pdf,.pdf,31998,2026-09-12T02:33:33.709019,application/pdf
Well_technical_data\Daily Drilling report - PDF Version\15_9_19_BT2_1997_12_14.pdf,15_9_19_BT2_1997_12_14.pdf,.pdf,30724,2026-09-12T02:33:37.173025,application/pdf
Well_technical_data\Daily Drilling report - PDF Version\15_9_19_BT2_1997_12_15.pdf,15_9_19_BT2_1997_12_15.pdf,.pdf,34988,2026-09-12T02:33:40.650185,application/pdf
Well_technical_data\Daily Drilling report - PDF Version\15_9_19_BT2_1997_12_16.pdf,15_9_19_BT2_1997_12_16.pdf,.pdf,32305,2026-09-12T02:33:43.767262,application/pdf
Well_technical_data\Daily Drilling report - PDF Version\15_9_19_BT2_1997_12_17.pdf,15_9_19_BT2_1997_12_17.pdf,.pdf,31242,2026-09-12T02:33:47.133073,application/pdf
Well_technical_data\Daily Drilling report - PDF Version\15_9_19_BT2_1997_12_18.pdf,15_9_19_BT2_1997_12_18.pdf,.pdf,30881,2026-09-12T02:33:50.381382,application/pdf
Well_technical_data\Daily Drilling report - PDF Version\15_9_19_BT2_1997_12_19.pdf,15_9_19_BT2_1997_12_19.pdf,.pdf,34785,2026-09-12T02:33:53.618679,application/pdf
Well_technical_data\Daily Drilling report - PDF Version\15_9_19_BT2_1997_12_20.pdf,15_9_19_BT2_1997_12_20.pdf,.pdf,33969,2026-09-12T02:33:56.884660,application/pdf
Well_technical_data\Daily Drilling report - PDF Version\15_9_19_BT2_1997_12_21.pdf,15_9_19_BT2_1997_12_21.pdf,.pdf,33780,2026-09-12T02:34:01.561631,application/pdf
Well_technical_data\Daily Drilling report - PDF Version\15_9_19_BT2_1997_12_22.pdf,15_9_19_BT2_1997_12_22.pdf,.pdf,32750,2026-09-12T02:34:04.980313,application/pdf
Well_technical_data\Daily Drilling report - PDF Version\15_9_19_BT2_1997_12_23.pdf,15_9_19_BT2_1997_12_23.pdf,.pdf,30846,2026-09-12T02:34:07.743925,application/pdf
Well_technical_data\Daily Drilling report - PDF Version\15_9_19_BT2_1997_12_24.pdf,15_9_19_BT2_1997_12_24.pdf,.pdf,32911,2026-09-12T02:34:11.013426,application/pdf
Well_technical_data\Daily Drilling report - PDF Version\15_9_19_BT2_1997_12_25.pdf,15_9_19_BT2_1997_12_25.pdf,.pdf,34308,2026-09-12T02:34:14.287492,application/pdf
Well_technical_data\Daily Drilling report - PDF Version\15_9_19_BT2_1997_12_26.pdf,15_9_19_BT2_1997_12_26.pdf,.pdf,33531,2026-09-12T02:34:17.766422,application/pdf
Well_technical_data\Daily Drilling report - PDF Version\15_9_19_BT2_1997_12_27.pdf,15_9_19_BT2_1997_12_27.pdf,.pdf,33272,2026-09-12T02:34:20.671587,application/pdf
Well_technical_data\Daily Drilling report - PDF Version\15_9_19_BT2_1997_12_28.pdf,15_9_19_BT2_1997_12_28.pdf,.pdf,32515,2026-09-12T02:34:24.290422,application/pdf
Well_technical_data\Daily Drilling report - PDF Version\15_9_19_BT2_1997_12_29.pdf,15_9_19_BT2_1997_12_29.pdf,.pdf,34181,2026-09-12T02:34:27.634902,application/pdf
Well_technical_data\Daily Drilling report - PDF Version\15_9_19_BT2_1997_12_30.pdf,15_9_19_BT2_1997_12_30.pdf,.pdf,32437,2026-09-12T02:34:30.823299,application/pdf
Well_technical_data\Daily Drilling report - PDF Version\15_9_19_BT2_1997_12_31.pdf,15_9_19_BT2_1997_12_31.pdf,.pdf,33155,2026-09-12T02:34:34.426764,application/pdf
Well_technical_data\Daily Drilling report - PDF Version\15_9_19_BT2_1998_01_01.pdf,15_9_19_BT2_1998_01_01.pdf,.pdf,32902,2026-09-12T02:34:37.323228,application/pdf
Well_technical_data\Daily Drilling report - PDF Version\15_9_19_BT2_1998_01_02.pdf,15_9_19_BT2_1998_01_02.pdf,.pdf,31625,2026-09-12T02:34:40.667531,application/pdf
Well_technical_data\Daily Drilling report - PDF Version\15_9_19_BT2_1998_01_03.pdf,15_9_19_BT2_1998_01_03.pdf,.pdf,31049,2026-09-12T02:34:44.319309,application/pdf
Well_technical_data\Daily Drilling report - PDF Version\15_9_19_BT2_1998_01_04.pdf,15_9_19_BT2_1998_01_04.pdf,.pdf,31026,2026-09-12T02:34:47.807657,application/pdf
Well_technical_data\Daily Drilling report - PDF Version\15_9_19_BT2_1998_01_05.pdf,15_9_19_BT2_1998_01_05.pdf,.pdf,30643,2026-09-12T02:34:51.478663,application/pdf
Well_technical_data\Daily Drilling report - PDF Version\15_9_19_BT2_1998_01_06.pdf,15_9_19_BT2_1998_01_06.pdf,.pdf,33641,2026-09-12T02:34:55.518118,application/pdf
Well_technical_data\Daily Drilling report - PDF Version\15_9_19_BT2_1998_01_07.pdf,15_9_19_BT2_1998_01_07.pdf,.pdf,36044,2026-09-12T02:34:58.482256,application/pdf
Well_technical_data\Daily Drilling report - PDF Version\15_9_19_BT2_1998_01_08.pdf,15_9_19_BT2_1998_01_08.pdf,.pdf,32100,2026-09-12T02:35:02.124601,application/pdf
Well_technical_data\Daily Drilling report - PDF Version\15_9_19_BT2_1998_01_09.pdf,15_9_19_BT2_1998_01_09.pdf,.pdf,33557,2026-09-12T02:35:05.411457,application/pdf
Well_technical_data\Daily Drilling report - PDF Version\15_9_19_BT2_1998_01_10.pdf,15_9_19_BT2_1998_01_10.pdf,.pdf,33904,2026-09-12T02:35:08.750190,application/pdf
Well_technical_data\Daily Drilling report - PDF Version\15_9_19_BT2_1998_01_11.pdf,15_9_19_BT2_1998_01_11.pdf,.pdf,32167,2026-09-12T02:35:12.022221,application/pdf
Well_technical_data\Daily Drilling report - PDF Version\15_9_19_BT2_1998_01_12.pdf,15_9_19_BT2_1998_01_12.pdf,.pdf,30502,2026-09-12T02:35:15.790140,application/pdf
Well_technical_data\Daily Drilling report - PDF Version\15_9_19_BT2_1998_01_13.pdf,15_9_19_BT2_1998_01_13.pdf,.pdf,30345,2026-09-12T02:35:19.318467,application/pdf
Well_technical_data\Daily Drilling report - PDF Version\15_9_19_BT2_1998_01_14.pdf,15_9_19_BT2_1998_01_14.pdf,.pdf,30608,2026-09-12T02:35:22.382617,application/pdf
Well_technical_data\Daily Drilling report - PDF Version\15_9_19_BT2_1998_01_15.pdf,15_9_19_BT2_1998_01_15.pdf,.pdf,32132,2026-09-12T02:35:25.978719,application/pdf
Well_technical_data\Daily Drilling report - PDF Version\15_9_19_BT2_1998_01_16.pdf,15_9_19_BT2_1998_01_16.pdf,.pdf,32586,2026-09-12T02:35:28.890147,application/pdf
Well_technical_data\Daily Drilling report - PDF Version\15_9_19_BT2_1998_01_17.pdf,15_9_19_BT2_1998_01_17.pdf,.pdf,32224,2026-09-12T02:35:32.279709,application/pdf
Well_technical_data\Daily Drilling report - PDF Version\15_9_19_BT2_1998_01_18.pdf,15_9_19_BT2_1998_01_18.pdf,.pdf,31851,2026-09-12T02:35:35.265223,application/pdf
Well_technical_data\Daily Drilling report - PDF Version\15_9_19_BT2_1998_01_19.pdf,15_9_19_BT2_1998_01_19.pdf,.pdf,32390,2026-09-12T02:35:39.020049,application/pdf
Well_technical_data\Daily Drilling report - PDF Version\15_9_19_BT2_1998_01_20.pdf,15_9_19_BT2_1998_01_20.pdf,.pdf,32414,2026-09-12T02:35:42.580149,application/pdf
Well_technical_data\Daily Drilling report - PDF Version\15_9_19_BT2_1998_01_21.pdf,15_9_19_BT2_1998_01_21.pdf,.pdf,32115,2026-09-12T02:35:45.784027,application/pdf
Well_technical_data\Daily Drilling report - PDF Version\15_9_19_BT2_1998_01_22.pdf,15_9_19_BT2_1998_01_22.pdf,.pdf,35565,2026-09-12T02:35:48.811237,application/pdf
Well_technical_data\Daily Drilling report - PDF Version\15_9_19_BT2_1998_01_23.pdf,15_9_19_BT2_1998_01_23.pdf,.pdf,32288,2026-09-12T02:35:51.962972,application/pdf
Well_technical_data\Daily Drilling report - PDF Version\15_9_19_BT2_1998_01_24.pdf,15_9_19_BT2_1998_01_24.pdf,.pdf,33391,2026-09-12T02:35:55.669064,application/pdf
Well_technical_data\Daily Drilling report - PDF Version\15_9_19_BT2_1998_01_25.pdf,15_9_19_BT2_1998_01_25.pdf,.pdf,31803,2026-09-12T02:35:59.248191,application/pdf
Well_technical_data\Daily Drilling report - PDF Version\15_9_19_BT2_1998_01_26.pdf,15_9_19_BT2_1998_01_26.pdf,.pdf,34537,2026-09-12T02:36:02.681879,application/pdf
Well_technical_data\Daily Drilling report - PDF Version\15_9_19_BT2_1998_01_27.pdf,15_9_19_BT2_1998_01_27.pdf,.pdf,31758,2026-09-12T02:36:06.444823,application/pdf
Well_technical_data\Daily Drilling report - PDF Version\15_9_19_BT2_1998_01_28.pdf,15_9_19_BT2_1998_01_28.pdf,.pdf,27036,2026-09-12T02:36:10.143127,application/pdf
Well_technical_data\Daily Drilling report - PDF Version\15_9_19_BT2_1998_01_29.pdf,15_9_19_BT2_1998_01_29.pdf,.pdf,28464,2026-09-12T02:36:13.883448,application/pdf
Well_technical_data\Daily Drilling report - PDF Version\15_9_19_BT2_1998_01_30.pdf,15_9_19_BT2_1998_01_30.pdf,.pdf,27869,2026-09-12T02:36:17.502215,application/pdf
Well_technical_data\Daily Drilling report - PDF Version\15_9_19_BT2_1998_01_31.pdf,15_9_19_BT2_1998_01_31.pdf,.pdf,24837,2026-09-12T02:36:21.178904,application/pdf
Well_technical_data\Daily Drilling report - PDF Version\15_9_19_BT2_1998_02_01.pdf,15_9_19_BT2_1998_02_01.pdf,.pdf,26010,2026-09-12T02:36:24.940423,application/pdf
Well_technical_data\Daily Drilling report - PDF Version\15_9_19_BT2_1998_02_02.pdf,15_9_19_BT2_1998_02_02.pdf,.pdf,26213,2026-09-12T02:36:28.638568,application/pdf
Well_technical_data\Daily Drilling report - PDF Version\15_9_19_BT2_1998_02_03.pdf,15_9_19_BT2_1998_02_03.pdf,.pdf,25409,2026-09-12T02:36:31.736902,application/pdf
Well_technical_data\Daily Drilling report - PDF Version\15_9_19_BT2_1998_02_04.pdf,15_9_19_BT2_1998_02_04.pdf,.pdf,25900,2026-09-12T02:36:35.029446,application/pdf
Well_technical_data\Daily Drilling report - PDF Version\15_9_19_BT2_1998_02_05.pdf,15_9_19_BT2_1998_02_05.pdf,.pdf,23881,2026-09-12T02:36:38.317327,application/pdf
Well_technical_data\Daily Drilling report - PDF Version\15_9_19_B_1997_11_10.pdf,15_9_19_B_1997_11_10.pdf,.pdf,24573,2026-09-12T02:36:42.458983,application/pdf
Well_technical_data\Daily Drilling report - PDF Version\15_9_19_B_1997_11_11.pdf,15_9_19_B_1997_11_11.pdf,.pdf,32834,2026-09-12T02:36:45.682851,application/pdf
Well_technical_data\Daily Drilling report - PDF Version\15_9_19_B_1997_11_12.pdf,15_9_19_B_1997_11_12.pdf,.pdf,33521,2026-09-12T02:36:49.874068,application/pdf
Well_technical_data\Daily Drilling report - PDF Version\15_9_19_B_1997_11_13.pdf,15_9_19_B_1997_11_13.pdf,.pdf,35553,2026-09-12T02:36:53.451987,application/pdf
Well_technical_data\Daily Drilling report - PDF Version\15_9_19_B_1997_11_14.pdf,15_9_19_B_1997_11_14.pdf,.pdf,33150,2026-09-12T02:36:56.590769,application/pdf
Well_technical_data\Daily Drilling report - PDF Version\15_9_19_B_1997_11_15.pdf,15_9_19_B_1997_11_15.pdf,.pdf,37695,2026-09-12T02:37:00.132911,application/pdf
Well_technical_data\Daily Drilling report - PDF Version\15_9_19_B_1997_11_16.pdf,15_9_19_B_1997_11_16.pdf,.pdf,34400,2026-09-12T02:37:03.199939,application/pdf
Well_technical_data\Daily Drilling report - PDF Version\15_9_19_B_1997_11_17.pdf,15_9_19_B_1997_11_17.pdf,.pdf,30088,2026-09-12T02:37:06.516737,application/pdf
Well_technical_data\Daily Drilling report - PDF Version\15_9_19_B_1997_11_18.pdf,15_9_19_B_1997_11_18.pdf,.pdf,35696,2026-09-12T02:37:09.736552,application/pdf
Well_technical_data\Daily Drilling report - PDF Version\15_9_19_B_1997_11_19.pdf,15_9_19_B_1997_11_19.pdf,.pdf,30998,2026-09-12T02:37:12.782929,application/pdf
Well_technical_data\Daily Drilling report - PDF Version\15_9_19_B_1997_11_20.pdf,15_9_19_B_1997_11_20.pdf,.pdf,28634,2026-09-12T02:37:16.383087,application/pdf
Well_technical_data\Daily Drilling report - PDF Version\15_9_19_B_1997_11_21.pdf,15_9_19_B_1997_11_21.pdf,.pdf,29206,2026-09-12T02:37:19.392889,application/pdf
Well_technical_data\Daily Drilling report - PDF Version\15_9_19_B_1997_11_22.pdf,15_9_19_B_1997_11_22.pdf,.pdf,25795,2026-09-12T02:37:23.231012,application/pdf
Well_technical_data\Daily Drilling report - PDF Version\15_9_19_B_1997_11_23.pdf,15_9_19_B_1997_11_23.pdf,.pdf,27977,2026-09-12T02:37:26.628603,application/pdf
Well_technical_data\Daily Drilling report - PDF Version\15_9_19_B_1997_11_24.pdf,15_9_19_B_1997_11_24.pdf,.pdf,32495,2026-09-12T02:37:30.072596,application/pdf
Well_technical_data\Daily Drilling report - PDF Version\15_9_19_B_1997_11_25.pdf,15_9_19_B_1997_11_25.pdf,.pdf,31505,2026-09-12T02:37:33.495131,application/pdf
Well_technical_data\Daily Drilling report - PDF Version\15_9_19_B_1997_11_26.pdf,15_9_19_B_1997_11_26.pdf,.pdf,33802,2026-09-12T02:37:36.928516,application/pdf
Well_technical_data\Daily Drilling report - PDF Version\15_9_19_B_1997_11_27.pdf,15_9_19_B_1997_11_27.pdf,.pdf,38713,2026-09-12T02:37:40.228262,application/pdf
Well_technical_data\Daily Drilling report - PDF Version\15_9_19_B_1997_11_28.pdf,15_9_19_B_1997_11_28.pdf,.pdf,37238,2026-09-12T02:37:43.709250,application/pdf
Well_technical_data\Daily Drilling report - PDF Version\15_9_19_B_1997_11_29.pdf,15_9_19_B_1997_11_29.pdf,.pdf,30389,2026-09-12T02:37:47.115074,application/pdf
Well_technical_data\Daily Drilling report - PDF Version\15_9_19_B_1997_11_30.pdf,15_9_19_B_1997_11_30.pdf,.pdf,31483,2026-09-12T02:37:50.494320,application/pdf
Well_technical_data\Daily Drilling report - PDF Version\15_9_19_B_1997_12_01.pdf,15_9_19_B_1997_12_01.pdf,.pdf,31214,2026-09-12T02:37:53.917548,application/pdf
Well_technical_data\Daily Drilling report - PDF Version\15_9_19_B_1997_12_02.pdf,15_9_19_B_1997_12_02.pdf,.pdf,31027,2026-09-12T02:37:57.520562,application/pdf
Well_technical_data\Daily Drilling report - PDF Version\15_9_19_B_1997_12_03.pdf,15_9_19_B_1997_12_03.pdf,.pdf,31573,2026-09-12T02:38:02.081621,application/pdf
Well_technical_data\Daily Drilling report - PDF Version\15_9_19_B_1997_12_04.pdf,15_9_19_B_1997_12_04.pdf,.pdf,33218,2026-09-12T02:38:05.202296,application/pdf
Well_technical_data\Daily Drilling report - PDF Version\15_9_19_B_1997_12_05.pdf,15_9_19_B_1997_12_05.pdf,.pdf,31946,2026-09-12T02:38:08.844147,application/pdf
Well_technical_data\Daily Drilling report - PDF Version\15_9_19_B_1997_12_06.pdf,15_9_19_B_1997_12_06.pdf,.pdf,31042,2026-09-12T02:38:12.545374,application/pdf
Well_technical_data\Daily Drilling report - PDF Version\15_9_19_ST2_1992_12_19.pdf,15_9_19_ST2_1992_12_19.pdf,.pdf,23993,2026-09-12T02:38:15.871020,application/pdf
Well_technical_data\Daily Drilling report - PDF Version\15_9_19_ST2_1992_12_20.pdf,15_9_19_ST2_1992_12_20.pdf,.pdf,33738,2026-09-12T02:38:19.133921,application/pdf
Well_technical_data\Daily Drilling report - PDF Version\15_9_19_ST2_1992_12_21.pdf,15_9_19_ST2_1992_12_21.pdf,.pdf,34532,2026-09-12T02:38:22.513273,application/pdf
Well_technical_data\Daily Drilling report - PDF Version\15_9_19_ST2_1992_12_22.pdf,15_9_19_ST2_1992_12_22.pdf,.pdf,33219,2026-09-12T02:38:25.702668,application/pdf
Well_technical_data\Daily Drilling report - PDF Version\15_9_19_ST2_1992_12_23.pdf,15_9_19_ST2_1992_12_23.pdf,.pdf,32734,2026-09-12T02:38:29.098309,application/pdf
Well_technical_data\Daily Drilling report - PDF Version\15_9_19_ST2_1992_12_24.pdf,15_9_19_ST2_1992_12_24.pdf,.pdf,34418,2026-09-12T02:38:32.476401,application/pdf
Well_technical_data\Daily Drilling report - PDF Version\15_9_19_ST2_1992_12_25.pdf,15_9_19_ST2_1992_12_25.pdf,.pdf,33553,2026-09-12T02:38:35.877947,application/pdf
Well_technical_data\Daily Drilling report - PDF Version\15_9_19_ST2_1992_12_26.pdf,15_9_19_ST2_1992_12_26.pdf,.pdf,30819,2026-09-12T02:38:39.220740,application/pdf
Well_technical_data\Daily Drilling report - PDF Version\15_9_19_ST2_1992_12_27.pdf,15_9_19_ST2_1992_12_27.pdf,.pdf,29564,2026-09-12T02:38:42.394226,application/pdf
Well_technical_data\Daily Drilling report - PDF Version\15_9_19_ST2_1992_12_28.pdf,15_9_19_ST2_1992_12_28.pdf,.pdf,30033,2026-09-12T02:38:45.668843,application/pdf
Well_technical_data\Daily Drilling report - PDF Version\15_9_19_ST2_1992_12_29.pdf,15_9_19_ST2_1992_12_29.pdf,.pdf,29664,2026-09-12T02:38:48.824873,application/pdf
Well_technical_data\Daily Drilling report - PDF Version\15_9_19_ST2_1992_12_30.pdf,15_9_19_ST2_1992_12_30.pdf,.pdf,30578,2026-09-12T02:38:52.261122,application/pdf
Well_technical_data\Daily Drilling report - PDF Version\15_9_19_ST2_1992_12_31.pdf,15_9_19_ST2_1992_12_31.pdf,.pdf,33385,2026-09-12T02:38:55.586006,application/pdf
Well_technical_data\Daily Drilling report - PDF Version\15_9_19_ST2_1993_01_01.pdf,15_9_19_ST2_1993_01_01.pdf,.pdf,32473,2026-09-12T02:38:59.266271,application/pdf
Well_technical_data\Daily Drilling report - PDF Version\15_9_19_ST2_1993_01_02.pdf,15_9_19_ST2_1993_01_02.pdf,.pdf,30209,2026-09-12T02:39:02.278322,application/pdf
Well_technical_data\Daily Drilling report - PDF Version\15_9_19_ST2_1993_01_03.pdf,15_9_19_ST2_1993_01_03.pdf,.pdf,34456,2026-09-12T02:39:05.419676,application/pdf
Well_technical_data\Daily Drilling report - PDF Version\15_9_19_ST2_1993_01_04.pdf,15_9_19_ST2_1993_01_04.pdf,.pdf,31059,2026-09-12T02:39:08.347449,application/pdf
Well_technical_data\Daily Drilling report - PDF Version\15_9_19_ST2_1993_01_05.pdf,15_9_19_ST2_1993_01_05.pdf,.pdf,33518,2026-09-12T02:39:12.217545,application/pdf
Well_technical_data\Daily Drilling report - PDF Version\15_9_19_ST2_1993_01_06.pdf,15_9_19_ST2_1993_01_06.pdf,.pdf,36031,2026-09-12T02:39:15.716626,application/pdf
Well_technical_data\Daily Drilling report - PDF Version\15_9_19_ST2_1993_01_07.pdf,15_9_19_ST2_1993_01_07.pdf,.pdf,33458,2026-09-12T02:39:19.303511,application/pdf
Well_technical_data\Daily Drilling report - PDF Version\15_9_19_ST2_1993_01_08.pdf,15_9_19_ST2_1993_01_08.pdf,.pdf,34116,2026-09-12T02:39:23.088678,application/pdf
Well_technical_data\Daily Drilling report - PDF Version\15_9_19_ST2_1993_01_09.pdf,15_9_19_ST2_1993_01_09.pdf,.pdf,32547,2026-09-12T02:39:26.436722,application/pdf
Well_technical_data\Daily Drilling report - PDF Version\15_9_19_ST2_1993_01_10.pdf,15_9_19_ST2_1993_01_10.pdf,.pdf,32402,2026-09-12T02:39:29.708796,application/pdf
Well_technical_data\Daily Drilling report - PDF Version\15_9_19_ST2_1993_01_11.pdf,15_9_19_ST2_1993_01_11.pdf,.pdf,33773,2026-09-12T02:39:32.926433,application/pdf
Well_technical_data\Daily Drilling report - PDF Version\15_9_19_ST2_1993_01_12.pdf,15_9_19_ST2_1993_01_12.pdf,.pdf,28052,2026-09-12T02:39:36.161309,application/pdf
Well_technical_data\Daily Drilling report - PDF Version\15_9_19_ST2_1993_01_13.pdf,15_9_19_ST2_1993_01_13.pdf,.pdf,30315,2026-09-12T02:39:39.446102,application/pdf
Well_technical_data\Daily Drilling report - PDF Version\15_9_19_ST2_1993_01_14.pdf,15_9_19_ST2_1993_01_14.pdf,.pdf,31008,2026-09-12T02:39:43.656446,application/pdf
Well_technical_data\Daily Drilling report - PDF Version\15_9_19_ST2_1993_01_15.pdf,15_9_19_ST2_1993_01_15.pdf,.pdf,29383,2026-09-12T02:39:47.466813,application/pdf
Well_technical_data\Daily Drilling report - PDF Version\15_9_19_ST2_1993_01_16.pdf,15_9_19_ST2_1993_01_16.pdf,.pdf,30532,2026-09-12T02:39:50.693527,application/pdf
Well_technical_data\Daily Drilling report - PDF Version\15_9_19_ST2_1993_01_17.pdf,15_9_19_ST2_1993_01_17.pdf,.pdf,31003,2026-09-12T02:39:54.133952,application/pdf
Well_technical_data\Daily Drilling report - PDF Version\15_9_19_ST2_1993_01_18.pdf,15_9_19_ST2_1993_01_18.pdf,.pdf,29446,2026-09-12T02:39:57.842433,application/pdf
Well_technical_data\Daily Drilling report - PDF Version\15_9_19_ST2_1993_01_19.pdf,15_9_19_ST2_1993_01_19.pdf,.pdf,27983,2026-09-12T02:40:01.393637,application/pdf
Well_technical_data\Daily Drilling report - PDF Version\15_9_19_ST2_1993_01_20.pdf,15_9_19_ST2_1993_01_20.pdf,.pdf,31132,2026-09-12T02:40:04.684064,application/pdf
Well_technical_data\Daily Drilling report - PDF Version\15_9_19_ST2_1993_01_21.pdf,15_9_19_ST2_1993_01_21.pdf,.pdf,28753,2026-09-12T02:40:08.013067,application/pdf
Well_technical_data\Daily Drilling report - PDF Version\15_9_19_ST2_1993_01_22.pdf,15_9_19_ST2_1993_01_22.pdf,.pdf,27203,2026-09-12T02:40:11.515188,application/pdf
Well_technical_data\Daily Drilling report - PDF Version\15_9_19_ST2_1993_01_23.pdf,15_9_19_ST2_1993_01_23.pdf,.pdf,30438,2026-09-12T02:40:15.083223,application/pdf
Well_technical_data\Daily Drilling report - PDF Version\15_9_19_ST2_1993_01_24.pdf,15_9_19_ST2_1993_01_24.pdf,.pdf,29688,2026-09-12T02:40:18.830718,application/pdf
Well_technical_data\Daily Drilling report - PDF Version\15_9_19_ST2_1993_01_25.pdf,15_9_19_ST2_1993_01_25.pdf,.pdf,31168,2026-09-12T02:40:22.299923,application/pdf
Well_technical_data\Daily Drilling report - PDF Version\15_9_19_ST2_1993_01_26.pdf,15_9_19_ST2_1993_01_26.pdf,.pdf,33850,2026-09-12T02:40:26.015021,application/pdf
Well_technical_data\Daily Drilling report - PDF Version\15_9_19_ST2_1993_01_27.pdf,15_9_19_ST2_1993_01_27.pdf,.pdf,32202,2026-09-12T02:40:29.687850,application/pdf
Well_technical_data\Daily Drilling report - PDF Version\15_9_19_ST2_1993_01_28.pdf,15_9_19_ST2_1993_01_28.pdf,.pdf,32741,2026-09-12T02:40:32.935953,application/pdf
Well_technical_data\Daily Drilling report - PDF Version\15_9_19_ST2_1993_01_29.pdf,15_9_19_ST2_1993_01_29.pdf,.pdf,30264,2026-09-12T02:40:36.207297,application/pdf
Well_technical_data\Daily Drilling report - PDF Version\15_9_19_ST2_1993_01_30.pdf,15_9_19_ST2_1993_01_30.pdf,.pdf,30583,2026-09-12T02:40:39.695706,application/pdf
Well_technical_data\Daily Drilling report - PDF Version\15_9_19_ST2_1993_01_31.pdf,15_9_19_ST2_1993_01_31.pdf,.pdf,24012,2026-09-12T02:40:43.679509,application/pdf
Well_technical_data\Daily Drilling report - PDF Version\15_9_19_ST2_1993_02_01.pdf,15_9_19_ST2_1993_02_01.pdf,.pdf,24852,2026-09-12T02:40:47.553827,application/pdf
Well_technical_data\Daily Drilling report - PDF Version\15_9_19_ST2_1993_02_18.pdf,15_9_19_ST2_1993_02_18.pdf,.pdf,24128,2026-09-12T02:40:50.979999,application/pdf
Well_technical_data\Daily Drilling report - PDF Version\15_9_19_ST2_1993_02_19.pdf,15_9_19_ST2_1993_02_19.pdf,.pdf,28538,2026-09-12T02:40:54.082869,application/pdf
Well_technical_data\Daily Drilling report - PDF Version\15_9_19_ST2_1993_02_20.pdf,15_9_19_ST2_1993_02_20.pdf,.pdf,27592,2026-09-12T02:40:57.569501,application/pdf
Well_technical_data\Daily Drilling report - PDF Version\15_9_19_ST2_1993_02_21.pdf,15_9_19_ST2_1993_02_21.pdf,.pdf,24190,2026-09-12T02:41:01.251549,application/pdf
Well_technical_data\Daily Drilling report - PDF Version\15_9_19_ST2_1993_02_22.pdf,15_9_19_ST2_1993_02_22.pdf,.pdf,26931,2026-09-12T02:41:04.467520,application/pdf
Well_technical_data\Daily Drilling report - PDF Version\15_9_19_ST2_1993_02_23.pdf,15_9_19_ST2_1993_02_23.pdf,.pdf,29172,2026-09-12T02:41:08.449963,application/pdf
Well_technical_data\Daily Drilling report - PDF Version\15_9_19_ST2_1993_02_24.pdf,15_9_19_ST2_1993_02_24.pdf,.pdf,31123,2026-09-12T02:41:12.226742,application/pdf
Well_technical_data\Daily Drilling report - PDF Version\15_9_19_ST2_1993_02_25.pdf,15_9_19_ST2_1993_02_25.pdf,.pdf,27005,2026-09-12T02:41:16.240790,application/pdf
Well_technical_data\Daily Drilling report - PDF Version\15_9_19_ST2_1993_02_26.pdf,15_9_19_ST2_1993_02_26.pdf,.pdf,32220,2026-09-12T02:41:19.544971,application/pdf
Well_technical_data\Daily Drilling report - PDF Version\15_9_19_ST2_1993_02_27.pdf,15_9_19_ST2_1993_02_27.pdf,.pdf,34037,2026-09-12T02:41:22.819402,application/pdf
Well_technical_data\Daily Drilling report - PDF Version\15_9_19_ST2_1993_02_28.pdf,15_9_19_ST2_1993_02_28.pdf,.pdf,33459,2026-09-12T02:41:26.425576,application/pdf
Well_technical_data\Daily Drilling report - PDF Version\15_9_19_ST2_1993_03_01.pdf,15_9_19_ST2_1993_03_01.pdf,.pdf,33627,2026-09-12T02:41:30.157020,application/pdf
Well_technical_data\Daily Drilling report - PDF Version\15_9_19_ST2_1993_03_02.pdf,15_9_19_ST2_1993_03_02.pdf,.pdf,33960,2026-09-12T02:41:33.659059,application/pdf
Well_technical_data\Daily Drilling report - PDF Version\15_9_19_ST2_1993_03_03.pdf,15_9_19_ST2_1993_03_03.pdf,.pdf,29374,2026-09-12T02:41:37.293973,application/pdf
Well_technical_data\Daily Drilling report - PDF Version\15_9_19_ST2_1993_03_04.pdf,15_9_19_ST2_1993_03_04.pdf,.pdf,29944,2026-09-12T02:41:40.652284,application/pdf
Well_technical_data\Daily Drilling report - PDF Version\15_9_19_ST2_1993_03_05.pdf,15_9_19_ST2_1993_03_05.pdf,.pdf,33408,2026-09-12T02:41:43.961138,application/pdf
Well_technical_data\Daily Drilling report - PDF Version\15_9_19_ST2_1993_03_06.pdf,15_9_19_ST2_1993_03_06.pdf,.pdf,34038,2026-09-12T02:41:47.283360,application/pdf
Well_technical_data\Daily Drilling report - PDF Version\15_9_19_ST2_1993_03_07.pdf,15_9_19_ST2_1993_03_07.pdf,.pdf,34000,2026-09-12T02:41:50.516618,application/pdf
Well_technical_data\Daily Drilling report - PDF Version\15_9_19_ST2_1993_03_08.pdf,15_9_19_ST2_1993_03_08.pdf,.pdf,34176,2026-09-12T02:41:53.988822,application/pdf
Well_technical_data\Daily Drilling report - PDF Version\15_9_19_ST2_1993_03_09.pdf,15_9_19_ST2_1993_03_09.pdf,.pdf,36746,2026-09-12T02:41:57.688221,application/pdf
Well_technical_data\Daily Drilling report - PDF Version\15_9_19_ST2_1993_03_10.pdf,15_9_19_ST2_1993_03_10.pdf,.pdf,34849,2026-09-12T02:42:00.958335,application/pdf
Well_technical_data\Daily Drilling report - PDF Version\15_9_19_ST2_1993_03_11.pdf,15_9_19_ST2_1993_03_11.pdf,.pdf,34685,2026-09-12T02:42:04.827856,application/pdf
Well_technical_data\Daily Drilling report - PDF Version\15_9_19_ST2_1993_03_12.pdf,15_9_19_ST2_1993_03_12.pdf,.pdf,32515,2026-09-12T02:42:08.261806,application/pdf
Well_technical_data\Daily Drilling report - PDF Version\15_9_19_ST2_1993_03_13.pdf,15_9_19_ST2_1993_03_13.pdf,.pdf,32272,2026-09-12T02:42:11.694568,application/pdf
Well_technical_data\Daily Drilling report - PDF Version\15_9_19_ST2_1993_03_14.pdf,15_9_19_ST2_1993_03_14.pdf,.pdf,32238,2026-09-12T02:42:15.178527,application/pdf
Well_technical_data\Daily Drilling report - PDF Version\15_9_19_ST2_1993_03_15.pdf,15_9_19_ST2_1993_03_15.pdf,.pdf,30527,2026-09-12T02:42:18.646641,application/pdf
Well_technical_data\Daily Drilling report - PDF Version\15_9_19_ST2_1993_03_16.pdf,15_9_19_ST2_1993_03_16.pdf,.pdf,31836,2026-09-12T02:42:21.869991,application/pdf
Well_technical_data\Daily Drilling report - PDF Version\15_9_19_ST2_1993_03_17.pdf,15_9_19_ST2_1993_03_17.pdf,.pdf,30042,2026-09-12T02:42:25.205704,application/pdf
Well_technical_data\Daily Drilling report - PDF Version\15_9_19_ST2_1993_03_18.pdf,15_9_19_ST2_1993_03_18.pdf,.pdf,32143,2026-09-12T02:42:28.590344,application/pdf
Well_technical_data\Daily Drilling report - PDF Version\15_9_19_ST2_1993_03_19.pdf,15_9_19_ST2_1993_03_19.pdf,.pdf,33457,2026-09-12T02:42:31.985309,application/pdf
Well_technical_data\Daily Drilling report - PDF Version\15_9_19_ST2_1993_03_20.pdf,15_9_19_ST2_1993_03_20.pdf,.pdf,28480,2026-09-12T02:42:34.963861,application/pdf
Well_technical_data\Daily Drilling report - PDF Version\15_9_19_ST2_1993_03_21.pdf,15_9_19_ST2_1993_03_21.pdf,.pdf,29367,2026-09-12T02:42:38.385108,application/pdf
Well_technical_data\Daily Drilling report - PDF Version\15_9_19_ST2_1993_03_22.pdf,15_9_19_ST2_1993_03_22.pdf,.pdf,30823,2026-09-12T02:42:41.630920,application/pdf
Well_technical_data\Daily Drilling report - PDF Version\15_9_19_ST2_1993_03_23.pdf,15_9_19_ST2_1993_03_23.pdf,.pdf,30170,2026-09-12T02:42:44.457628,application/pdf
Well_technical_data\Daily Drilling report - PDF Version\15_9_19_ST2_1993_03_24.pdf,15_9_19_ST2_1993_03_24.pdf,.pdf,28968,2026-09-12T02:42:47.592469,application/pdf
Well_technical_data\Daily Drilling report - PDF Version\15_9_19_ST2_1993_03_25.pdf,15_9_19_ST2_1993_03_25.pdf,.pdf,29839,2026-09-12T02:42:51.057625,application/pdf
Well_technical_data\Daily Drilling report - PDF Version\15_9_19_ST2_1993_03_26.pdf,15_9_19_ST2_1993_03_26.pdf,.pdf,29875,2026-09-12T02:42:54.456423,application/pdf
Well_technical_data\Daily Drilling report - PDF Version\15_9_19_ST2_1993_03_27.pdf,15_9_19_ST2_1993_03_27.pdf,.pdf,26261,2026-09-12T02:42:57.586099,application/pdf
Well_technical_data\Daily Drilling report - PDF Version\15_9_19_ST2_1993_03_28.pdf,15_9_19_ST2_1993_03_28.pdf,.pdf,29722,2026-09-12T02:43:01.579781,application/pdf
Well_technical_data\Daily Drilling report - PDF Version\15_9_19_ST2_1993_03_29.pdf,15_9_19_ST2_1993_03_29.pdf,.pdf,28689,2026-09-12T02:43:05.103461,application/pdf
Well_technical_data\Daily Drilling report - PDF Version\15_9_19_ST2_1993_03_30.pdf,15_9_19_ST2_1993_03_30.pdf,.pdf,29181,2026-09-12T02:43:08.907719,application/pdf
Well_technical_data\Daily Drilling report - PDF Version\15_9_19_ST2_1993_03_31.pdf,15_9_19_ST2_1993_03_31.pdf,.pdf,29257,2026-09-12T02:43:12.485923,application/pdf
Well_technical_data\Daily Drilling report - PDF Version\15_9_19_ST2_1993_04_01.pdf,15_9_19_ST2_1993_04_01.pdf,.pdf,31728,2026-09-12T02:43:15.757186,application/pdf
Well_technical_data\Daily Drilling report - PDF Version\15_9_19_ST2_1993_04_02.pdf,15_9_19_ST2_1993_04_02.pdf,.pdf,29494,2026-09-12T02:43:19.186931,application/pdf
Well_technical_data\Daily Drilling report - PDF Version\15_9_19_ST2_1993_04_03.pdf,15_9_19_ST2_1993_04_03.pdf,.pdf,29721,2026-09-12T02:43:22.689871,application/pdf
Well_technical_data\Daily Drilling report - PDF Version\15_9_19_ST2_1993_04_04.pdf,15_9_19_ST2_1993_04_04.pdf,.pdf,29794,2026-09-12T02:43:26.092652,application/pdf
Well_technical_data\Daily Drilling report - PDF Version\15_9_19_ST2_1993_04_05.pdf,15_9_19_ST2_1993_04_05.pdf,.pdf,30787,2026-09-12T02:43:29.063280,application/pdf
Well_technical_data\Daily Drilling report - PDF Version\15_9_19_ST2_1993_04_06.pdf,15_9_19_ST2_1993_04_06.pdf,.pdf,31022,2026-09-12T02:43:32.524674,application/pdf
Well_technical_data\Daily Drilling report - PDF Version\15_9_19_ST2_1993_04_07.pdf,15_9_19_ST2_1993_04_07.pdf,.pdf,29193,2026-09-12T02:43:35.938574,application/pdf
Well_technical_data\Daily Drilling report - PDF Version\15_9_19_ST2_1993_04_08.pdf,15_9_19_ST2_1993_04_08.pdf,.pdf,30314,2026-09-12T02:43:39.094508,application/pdf
Well_technical_data\Daily Drilling report - PDF Version\15_9_19_ST2_1993_04_09.pdf,15_9_19_ST2_1993_04_09.pdf,.pdf,28474,2026-09-12T02:43:42.610172,application/pdf
Well_technical_data\Daily Drilling report - PDF Version\15_9_19_ST2_1993_04_10.pdf,15_9_19_ST2_1993_04_10.pdf,.pdf,31582,2026-09-12T02:43:45.767660,application/pdf
Well_technical_data\Daily Drilling report - PDF Version\15_9_19_ST2_1993_04_11.pdf,15_9_19_ST2_1993_04_11.pdf,.pdf,29001,2026-09-12T02:43:49.116047,application/pdf
Well_technical_data\Daily Drilling report - PDF Version\15_9_19_ST2_1993_04_12.pdf,15_9_19_ST2_1993_04_12.pdf,.pdf,28709,2026-09-12T02:43:52.931092,application/pdf
Well_technical_data\Daily Drilling report - PDF Version\15_9_19_ST2_1993_04_13.pdf,15_9_19_ST2_1993_04_13.pdf,.pdf,28222,2026-09-12T02:43:56.459259,application/pdf
Well_technical_data\Daily Drilling report - PDF Version\15_9_19_ST2_1993_04_14.pdf,15_9_19_ST2_1993_04_14.pdf,.pdf,29532,2026-09-12T02:43:59.874299,application/pdf
Well_technical_data\Daily Drilling report - PDF Version\15_9_19_ST2_1993_04_15.pdf,15_9_19_ST2_1993_04_15.pdf,.pdf,30081,2026-09-12T02:44:03.415969,application/pdf
Well_technical_data\Daily Drilling report - PDF Version\15_9_19_ST2_1993_04_16.pdf,15_9_19_ST2_1993_04_16.pdf,.pdf,30253,2026-09-12T02:44:06.428263,application/pdf
Well_technical_data\Daily Drilling report - PDF Version\15_9_19_ST2_1993_04_17.pdf,15_9_19_ST2_1993_04_17.pdf,.pdf,31719,2026-09-12T02:44:09.920866,application/pdf
Well_technical_data\Daily Drilling report - PDF Version\15_9_19_ST2_1993_04_18.pdf,15_9_19_ST2_1993_04_18.pdf,.pdf,29341,2026-09-12T02:44:13.513311,application/pdf
Well_technical_data\Daily Drilling report - PDF Version\15_9_19_ST2_1993_04_19.pdf,15_9_19_ST2_1993_04_19.pdf,.pdf,28679,2026-09-12T02:44:16.683718,application/pdf
Well_technical_data\Daily Drilling report - PDF Version\15_9_19_ST2_1993_04_20.pdf,15_9_19_ST2_1993_04_20.pdf,.pdf,30375,2026-09-12T02:44:20.386201,application/pdf
Well_technical_data\Daily Drilling report - PDF Version\15_9_19_ST2_1993_04_21.pdf,15_9_19_ST2_1993_04_21.pdf,.pdf,25395,2026-09-12T02:44:23.717445,application/pdf
Well_technical_data\Daily Drilling report - PDF Version\15_9_19_ST2_1993_04_22.pdf,15_9_19_ST2_1993_04_22.pdf,.pdf,27312,2026-09-12T02:44:26.952174,application/pdf
Well_technical_data\Daily Drilling report - PDF Version\15_9_19_ST2_1993_04_23.pdf,15_9_19_ST2_1993_04_23.pdf,.pdf,28155,2026-09-12T02:44:30.138628,application/pdf
Well_technical_data\Daily Drilling report - PDF Version\15_9_19_ST2_1993_04_24.pdf,15_9_19_ST2_1993_04_24.pdf,.pdf,32001,2026-09-12T02:44:33.906485,application/pdf
Well_technical_data\Daily Drilling report - PDF Version\15_9_19_ST2_1993_04_25.pdf,15_9_19_ST2_1993_04_25.pdf,.pdf,27136,2026-09-12T02:44:37.626895,application/pdf
Well_technical_data\Daily Drilling report - PDF Version\15_9_19_ST2_1993_04_26.pdf,15_9_19_ST2_1993_04_26.pdf,.pdf,30641,2026-09-12T02:44:41.425367,application/pdf
Well_technical_data\Daily Drilling report - PDF Version\15_9_19_ST2_1993_04_27.pdf,15_9_19_ST2_1993_04_27.pdf,.pdf,30998,2026-09-12T02:44:44.690405,application/pdf
Well_technical_data\Daily Drilling report - PDF Version\15_9_19_ST2_1993_04_28.pdf,15_9_19_ST2_1993_04_28.pdf,.pdf,33132,2026-09-12T02:44:47.914133,application/pdf
Well_technical_data\Daily Drilling report - PDF Version\15_9_19_ST2_1993_04_29.pdf,15_9_19_ST2_1993_04_29.pdf,.pdf,33963,2026-09-12T02:44:51.384605,application/pdf
Well_technical_data\Daily Drilling report - PDF Version\15_9_19_ST2_1993_04_30.pdf,15_9_19_ST2_1993_04_30.pdf,.pdf,27471,2026-09-12T02:44:54.634660,application/pdf
Well_technical_data\Daily Drilling report - PDF Version\15_9_19_ST2_1997_07_17.pdf,15_9_19_ST2_1997_07_17.pdf,.pdf,23718,2026-09-12T02:44:58.223880,application/pdf
Well_technical_data\Daily Drilling report - PDF Version\15_9_19_ST2_1997_07_18.pdf,15_9_19_ST2_1997_07_18.pdf,.pdf,25541,2026-09-12T02:45:01.499317,application/pdf
Well_technical_data\Daily Drilling report - PDF Version\15_9_19_ST2_1997_07_19.pdf,15_9_19_ST2_1997_07_19.pdf,.pdf,26048,2026-09-12T02:45:05.214753,application/pdf
Well_technical_data\Daily Drilling report - PDF Version\15_9_19_ST2_1997_07_20.pdf,15_9_19_ST2_1997_07_20.pdf,.pdf,25485,2026-09-12T02:45:08.572805,application/pdf
Well_technical_data\Daily Drilling report - PDF Version\15_9_19_ST2_1997_07_21.pdf,15_9_19_ST2_1997_07_21.pdf,.pdf,30971,2026-09-12T02:45:12.124828,application/pdf
Well_technical_data\Daily Drilling report - PDF Version\15_9_19_ST2_1997_07_22.pdf,15_9_19_ST2_1997_07_22.pdf,.pdf,27331,2026-09-12T02:45:15.466661,application/pdf
Well_technical_data\Daily Drilling report - PDF Version\15_9_19_ST2_1997_07_23.pdf,15_9_19_ST2_1997_07_23.pdf,.pdf,30613,2026-09-12T02:45:19.607293,application/pdf
Well_technical_data\Daily Drilling report - PDF Version\15_9_19_ST2_1997_07_24.pdf,15_9_19_ST2_1997_07_24.pdf,.pdf,27611,2026-09-12T02:45:22.903147,application/pdf
Well_technical_data\Daily Drilling report - PDF Version\15_9_19_ST2_1997_07_25.pdf,15_9_19_ST2_1997_07_25.pdf,.pdf,26382,2026-09-12T02:45:26.238408,application/pdf
Well_technical_data\Daily Drilling report - PDF Version\15_9_19_ST2_1997_07_26.pdf,15_9_19_ST2_1997_07_26.pdf,.pdf,22636,2026-09-12T02:45:29.716793,application/pdf
Well_technical_data\Daily Drilling report - PDF Version\15_9_19_S_1992_09_09.pdf,15_9_19_S_1992_09_09.pdf,.pdf,23817,2026-09-12T02:45:33.002911,application/pdf
Well_technical_data\Daily Drilling report - PDF Version\15_9_19_S_1992_09_10.pdf,15_9_19_S_1992_09_10.pdf,.pdf,23801,2026-09-12T02:45:36.364026,application/pdf
Well_technical_data\Daily Drilling report - PDF Version\15_9_19_S_1992_09_11.pdf,15_9_19_S_1992_09_11.pdf,.pdf,23882,2026-09-12T02:45:39.629183,application/pdf
Well_technical_data\Daily Drilling report - PDF Version\15_9_19_S_1992_09_12.pdf,15_9_19_S_1992_09_12.pdf,.pdf,22860,2026-09-12T02:45:43.361084,application/pdf
Well_technical_data\Daily Drilling report - PDF Version\15_9_19_S_1992_09_13.pdf,15_9_19_S_1992_09_13.pdf,.pdf,23037,2026-09-12T02:45:47.097651,application/pdf
Well_technical_data\Daily Drilling report - PDF Version\15_9_19_S_1992_09_14.pdf,15_9_19_S_1992_09_14.pdf,.pdf,23176,2026-09-12T02:45:50.443925,application/pdf
Well_technical_data\Daily Drilling report - PDF Version\15_9_19_S_1992_09_15.pdf,15_9_19_S_1992_09_15.pdf,.pdf,25617,2026-09-12T02:45:53.473835,application/pdf
Well_technical_data\Daily Drilling report - PDF Version\15_9_19_S_1992_09_16.pdf,15_9_19_S_1992_09_16.pdf,.pdf,26648,2026-09-12T02:45:57.289159,application/pdf
Well_technical_data\Daily Drilling report - PDF Version\15_9_19_S_1992_09_17.pdf,15_9_19_S_1992_09_17.pdf,.pdf,29972,2026-09-12T02:46:00.660534,application/pdf
Well_technical_data\Daily Drilling report - PDF Version\15_9_19_S_1992_09_18.pdf,15_9_19_S_1992_09_18.pdf,.pdf,28772,2026-09-12T02:46:03.959206,application/pdf
Well_technical_data\Daily Drilling report - PDF Version\15_9_19_S_1992_09_19.pdf,15_9_19_S_1992_09_19.pdf,.pdf,30995,2026-09-12T02:46:07.231281,application/pdf
Well_technical_data\Daily Drilling report - PDF Version\15_9_19_S_1992_09_20.pdf,15_9_19_S_1992_09_20.pdf,.pdf,30785,2026-09-12T02:46:11.029369,application/pdf
Well_technical_data\Daily Drilling report - PDF Version\15_9_19_S_1992_09_21.pdf,15_9_19_S_1992_09_21.pdf,.pdf,31755,2026-09-12T02:46:14.429868,application/pdf
Well_technical_data\Daily Drilling report - PDF Version\15_9_19_S_1992_09_22.pdf,15_9_19_S_1992_09_22.pdf,.pdf,31088,2026-09-12T02:46:18.251693,application/pdf
Well_technical_data\Daily Drilling report - PDF Version\15_9_19_S_1992_09_23.pdf,15_9_19_S_1992_09_23.pdf,.pdf,30657,2026-09-12T02:46:21.819805,application/pdf
Well_technical_data\Daily Drilling report - PDF Version\15_9_19_S_1992_09_24.pdf,15_9_19_S_1992_09_24.pdf,.pdf,29903,2026-09-12T02:46:25.054057,application/pdf
Well_technical_data\Daily Drilling report - PDF Version\15_9_19_S_1992_09_25.pdf,15_9_19_S_1992_09_25.pdf,.pdf,31086,2026-09-12T02:46:28.774406,application/pdf
Well_technical_data\Daily Drilling report - PDF Version\15_9_19_S_1992_11_18.pdf,15_9_19_S_1992_11_18.pdf,.pdf,24816,2026-09-12T02:46:32.407775,application/pdf
Well_technical_data\Daily Drilling report - PDF Version\15_9_19_S_1992_11_19.pdf,15_9_19_S_1992_11_19.pdf,.pdf,29600,2026-09-12T02:46:35.856414,application/pdf
Well_technical_data\Daily Drilling report - PDF Version\15_9_19_S_1992_11_20.pdf,15_9_19_S_1992_11_20.pdf,.pdf,27461,2026-09-12T02:46:38.832363,application/pdf
Well_technical_data\Daily Drilling report - PDF Version\15_9_19_S_1992_11_21.pdf,15_9_19_S_1992_11_21.pdf,.pdf,28988,2026-09-12T02:46:42.264116,application/pdf
Well_technical_data\Daily Drilling report - PDF Version\15_9_19_S_1992_11_22.pdf,15_9_19_S_1992_11_22.pdf,.pdf,30301,2026-09-12T02:46:45.884927,application/pdf
Well_technical_data\Daily Drilling report - PDF Version\15_9_19_S_1992_11_23.pdf,15_9_19_S_1992_11_23.pdf,.pdf,35463,2026-09-12T02:46:49.499840,application/pdf
Well_technical_data\Daily Drilling report - PDF Version\15_9_19_S_1992_11_24.pdf,15_9_19_S_1992_11_24.pdf,.pdf,34453,2026-09-12T02:46:53.382735,application/pdf
Well_technical_data\Daily Drilling report - PDF Version\15_9_19_S_1992_11_25.pdf,15_9_19_S_1992_11_25.pdf,.pdf,32726,2026-09-12T02:46:56.626985,application/pdf
Well_technical_data\Daily Drilling report - PDF Version\15_9_19_S_1992_11_26.pdf,15_9_19_S_1992_11_26.pdf,.pdf,31394,2026-09-12T02:46:59.981242,application/pdf
Well_technical_data\Daily Drilling report - PDF Version\15_9_19_S_1992_11_27.pdf,15_9_19_S_1992_11_27.pdf,.pdf,31656,2026-09-12T02:47:04.028734,application/pdf
Well_technical_data\Daily Drilling report - PDF Version\15_9_19_S_1992_11_28.pdf,15_9_19_S_1992_11_28.pdf,.pdf,33171,2026-09-12T02:47:07.460757,application/pdf
Well_technical_data\Daily Drilling report - PDF Version\15_9_19_S_1992_11_29.pdf,15_9_19_S_1992_11_29.pdf,.pdf,31230,2026-09-12T02:47:11.418579,application/pdf
Well_technical_data\Daily Drilling report - PDF Version\15_9_19_S_1992_11_30.pdf,15_9_19_S_1992_11_30.pdf,.pdf,35418,2026-09-12T02:47:15.168602,application/pdf
Well_technical_data\Daily Drilling report - PDF Version\15_9_19_S_1992_12_01.pdf,15_9_19_S_1992_12_01.pdf,.pdf,34420,2026-09-12T02:47:18.765455,application/pdf
Well_technical_data\Daily Drilling report - PDF Version\15_9_19_S_1992_12_02.pdf,15_9_19_S_1992_12_02.pdf,.pdf,32944,2026-09-12T02:47:22.610673,application/pdf
Well_technical_data\Daily Drilling report - PDF Version\15_9_19_S_1992_12_03.pdf,15_9_19_S_1992_12_03.pdf,.pdf,34740,2026-09-12T02:47:26.127004,application/pdf
Well_technical_data\Daily Drilling report - PDF Version\15_9_19_S_1992_12_04.pdf,15_9_19_S_1992_12_04.pdf,.pdf,34015,2026-09-12T02:47:29.742444,application/pdf
Well_technical_data\Daily Drilling report - PDF Version\15_9_19_S_1992_12_05.pdf,15_9_19_S_1992_12_05.pdf,.pdf,32578,2026-09-12T02:47:32.977845,application/pdf
Well_technical_data\Daily Drilling report - PDF Version\15_9_19_S_1992_12_06.pdf,15_9_19_S_1992_12_06.pdf,.pdf,30316,2026-09-12T02:47:36.766960,application/pdf
Well_technical_data\Daily Drilling report - PDF Version\15_9_19_S_1992_12_07.pdf,15_9_19_S_1992_12_07.pdf,.pdf,34039,2026-09-12T02:47:40.195690,application/pdf
Well_technical_data\Daily Drilling report - PDF Version\15_9_19_S_1992_12_08.pdf,15_9_19_S_1992_12_08.pdf,.pdf,31901,2026-09-12T02:47:43.376917,application/pdf
Well_technical_data\Daily Drilling report - PDF Version\15_9_19_S_1992_12_09.pdf,15_9_19_S_1992_12_09.pdf,.pdf,33107,2026-09-12T02:47:46.908156,application/pdf
Well_technical_data\Daily Drilling report - PDF Version\15_9_19_S_1992_12_10.pdf,15_9_19_S_1992_12_10.pdf,.pdf,32214,2026-09-12T02:47:50.284262,application/pdf
Well_technical_data\Daily Drilling report - PDF Version\15_9_19_S_1992_12_11.pdf,15_9_19_S_1992_12_11.pdf,.pdf,30711,2026-09-12T02:47:53.643093,application/pdf
Well_technical_data\Daily Drilling report - PDF Version\15_9_19_S_1992_12_12.pdf,15_9_19_S_1992_12_12.pdf,.pdf,30760,2026-09-12T02:47:56.818694,application/pdf
Well_technical_data\Daily Drilling report - PDF Version\15_9_19_S_1992_12_13.pdf,15_9_19_S_1992_12_13.pdf,.pdf,30985,2026-09-12T02:48:00.287352,application/pdf
Well_technical_data\Daily Drilling report - PDF Version\15_9_19_S_1992_12_14.pdf,15_9_19_S_1992_12_14.pdf,.pdf,31672,2026-09-12T02:48:04.396672,application/pdf
Well_technical_data\Daily Drilling report - PDF Version\15_9_19_S_1992_12_15.pdf,15_9_19_S_1992_12_15.pdf,.pdf,34821,2026-09-12T02:48:07.948254,application/pdf
Well_technical_data\Daily Drilling report - PDF Version\15_9_19_S_1992_12_16.pdf,15_9_19_S_1992_12_16.pdf,.pdf,32907,2026-09-12T02:48:11.280273,application/pdf
Well_technical_data\Daily Drilling report - PDF Version\15_9_19_S_1992_12_17.pdf,15_9_19_S_1992_12_17.pdf,.pdf,28431,2026-09-12T02:48:14.879877,application/pdf
Well_technical_data\Daily Drilling report - PDF Version\15_9_19_S_1992_12_18.pdf,15_9_19_S_1992_12_18.pdf,.pdf,28979,2026-09-12T02:48:18.258502,application/pdf
Well_technical_data\Daily Drilling report - PDF Version\15_9_19_S_1992_12_19.pdf,15_9_19_S_1992_12_19.pdf,.pdf,33505,2026-09-12T02:48:21.758072,application/pdf
Well_technical_data\Daily Drilling report - PDF Version\15_9_F_10_2009_04_07.pdf,15_9_F_10_2009_04_07.pdf,.pdf,31043,2026-09-12T02:48:25.153134,application/pdf
Well_technical_data\Daily Drilling report - PDF Version\15_9_F_10_2009_04_08.pdf,15_9_F_10_2009_04_08.pdf,.pdf,33792,2026-09-12T02:48:28.157092,application/pdf
Well_technical_data\Daily Drilling report - PDF Version\15_9_F_10_2009_04_09.pdf,15_9_F_10_2009_04_09.pdf,.pdf,30911,2026-09-12T02:48:31.392416,application/pdf
Well_technical_data\Daily Drilling report - PDF Version\15_9_F_10_2009_04_10.pdf,15_9_F_10_2009_04_10.pdf,.pdf,35237,2026-09-12T02:48:34.658925,application/pdf
Well_technical_data\Daily Drilling report - PDF Version\15_9_F_10_2009_04_11.pdf,15_9_F_10_2009_04_11.pdf,.pdf,34345,2026-09-12T02:48:38.501142,application/pdf
Well_technical_data\Daily Drilling report - PDF Version\15_9_F_10_2009_04_12.pdf,15_9_F_10_2009_04_12.pdf,.pdf,37772,2026-09-12T02:48:42.067235,application/pdf
Well_technical_data\Daily Drilling report - PDF Version\15_9_F_10_2009_04_13.pdf,15_9_F_10_2009_04_13.pdf,.pdf,34553,2026-09-12T02:48:45.517776,application/pdf
Well_technical_data\Daily Drilling report - PDF Version\15_9_F_10_2009_04_14.pdf,15_9_F_10_2009_04_14.pdf,.pdf,32184,2026-09-12T02:48:49.303048,application/pdf
Well_technical_data\Daily Drilling report - PDF Version\15_9_F_10_2009_04_15.pdf,15_9_F_10_2009_04_15.pdf,.pdf,32321,2026-09-12T02:48:52.570671,application/pdf
Well_technical_data\Daily Drilling report - PDF Version\15_9_F_10_2009_04_16.pdf,15_9_F_10_2009_04_16.pdf,.pdf,32795,2026-09-12T02:48:56.152618,application/pdf
Well_technical_data\Daily Drilling report - PDF Version\15_9_F_10_2009_04_17.pdf,15_9_F_10_2009_04_17.pdf,.pdf,28244,2026-09-12T02:48:59.389970,application/pdf
Well_technical_data\Daily Drilling report - PDF Version\15_9_F_10_2009_04_18.pdf,15_9_F_10_2009_04_18.pdf,.pdf,33511,2026-09-12T02:49:03.174581,application/pdf
Well_technical_data\Daily Drilling report - PDF Version\15_9_F_10_2009_04_19.pdf,15_9_F_10_2009_04_19.pdf,.pdf,30714,2026-09-12T02:49:07.060501,application/pdf
Well_technical_data\Daily Drilling report - PDF Version\15_9_F_10_2009_04_20.pdf,15_9_F_10_2009_04_20.pdf,.pdf,33516,2026-09-12T02:49:10.227953,application/pdf
Well_technical_data\Daily Drilling report - PDF Version\15_9_F_10_2009_04_21.pdf,15_9_F_10_2009_04_21.pdf,.pdf,32939,2026-09-12T02:49:14.109560,application/pdf
Well_technical_data\Daily Drilling report - PDF Version\15_9_F_10_2009_04_22.pdf,15_9_F_10_2009_04_22.pdf,.pdf,35302,2026-09-12T02:49:17.313588,application/pdf
Well_technical_data\Daily Drilling report - PDF Version\15_9_F_10_2009_04_23.pdf,15_9_F_10_2009_04_23.pdf,.pdf,40791,2026-09-12T02:49:20.830860,application/pdf
Well_technical_data\Daily Drilling report - PDF Version\15_9_F_10_2009_04_24.pdf,15_9_F_10_2009_04_24.pdf,.pdf,40114,2026-09-12T02:49:24.403739,application/pdf
Well_technical_data\Daily Drilling report - PDF Version\15_9_F_10_2009_04_25.pdf,15_9_F_10_2009_04_25.pdf,.pdf,36911,2026-09-12T02:49:27.846815,application/pdf
Well_technical_data\Daily Drilling report - PDF Version\15_9_F_10_2009_04_26.pdf,15_9_F_10_2009_04_26.pdf,.pdf,36686,2026-09-12T02:49:31.517252,application/pdf
Well_technical_data\Daily Drilling report - PDF Version\15_9_F_10_2009_04_27.pdf,15_9_F_10_2009_04_27.pdf,.pdf,38565,2026-09-12T02:49:35.001625,application/pdf
Well_technical_data\Daily Drilling report - PDF Version\15_9_F_10_2009_04_28.pdf,15_9_F_10_2009_04_28.pdf,.pdf,37800,2026-09-12T02:49:38.809866,application/pdf
Well_technical_data\Daily Drilling report - PDF Version\15_9_F_10_2009_04_29.pdf,15_9_F_10_2009_04_29.pdf,.pdf,32467,2026-09-12T02:49:42.394688,application/pdf
Well_technical_data\Daily Drilling report - PDF Version\15_9_F_10_2009_04_30.pdf,15_9_F_10_2009_04_30.pdf,.pdf,36837,2026-09-12T02:49:45.839112,application/pdf
Well_technical_data\Daily Drilling report - PDF Version\15_9_F_10_2009_05_01.pdf,15_9_F_10_2009_05_01.pdf,.pdf,35310,2026-09-12T02:49:49.136959,application/pdf
Well_technical_data\Daily Drilling report - PDF Version\15_9_F_10_2009_05_02.pdf,15_9_F_10_2009_05_02.pdf,.pdf,31303,2026-09-12T02:49:52.676473,application/pdf
Well_technical_data\Daily Drilling report - PDF Version\15_9_F_10_2009_05_03.pdf,15_9_F_10_2009_05_03.pdf,.pdf,34740,2026-09-12T02:49:55.884762,application/pdf
Well_technical_data\Daily Drilling report - PDF Version\15_9_F_10_2009_05_04.pdf,15_9_F_10_2009_05_04.pdf,.pdf,34979,2026-09-12T02:49:59.913514,application/pdf
Well_technical_data\Daily Drilling report - PDF Version\15_9_F_10_2009_05_05.pdf,15_9_F_10_2009_05_05.pdf,.pdf,34379,2026-09-12T02:50:03.632982,application/pdf
Well_technical_data\Daily Drilling report - PDF Version\15_9_F_10_2009_05_06.pdf,15_9_F_10_2009_05_06.pdf,.pdf,34831,2026-09-12T02:50:06.806232,application/pdf
Well_technical_data\Daily Drilling report - PDF Version\15_9_F_10_2009_05_07.pdf,15_9_F_10_2009_05_07.pdf,.pdf,37385,2026-09-12T02:50:10.322141,application/pdf
Well_technical_data\Daily Drilling report - PDF Version\15_9_F_10_2009_05_08.pdf,15_9_F_10_2009_05_08.pdf,.pdf,38311,2026-09-12T02:50:13.853447,application/pdf
Well_technical_data\Daily Drilling report - PDF Version\15_9_F_10_2009_05_09.pdf,15_9_F_10_2009_05_09.pdf,.pdf,36996,2026-09-12T02:50:17.240708,application/pdf
Well_technical_data\Daily Drilling report - PDF Version\15_9_F_10_2009_05_10.pdf,15_9_F_10_2009_05_10.pdf,.pdf,32173,2026-09-12T02:50:20.361717,application/pdf
Well_technical_data\Daily Drilling report - PDF Version\15_9_F_10_2009_05_11.pdf,15_9_F_10_2009_05_11.pdf,.pdf,35194,2026-09-12T02:50:23.873107,application/pdf
Well_technical_data\Daily Drilling report - PDF Version\15_9_F_10_2009_05_12.pdf,15_9_F_10_2009_05_12.pdf,.pdf,37719,2026-09-12T02:50:27.301218,application/pdf
Well_technical_data\Daily Drilling report - PDF Version\15_9_F_10_2009_05_13.pdf,15_9_F_10_2009_05_13.pdf,.pdf,34767,2026-09-12T02:50:30.978464,application/pdf
Well_technical_data\Daily Drilling report - PDF Version\15_9_F_10_2009_05_14.pdf,15_9_F_10_2009_05_14.pdf,.pdf,36784,2026-09-12T02:50:34.268503,application/pdf
Well_technical_data\Daily Drilling report - PDF Version\15_9_F_10_2009_05_15.pdf,15_9_F_10_2009_05_15.pdf,.pdf,36325,2026-09-12T02:50:37.278020,application/pdf
Well_technical_data\Daily Drilling report - PDF Version\15_9_F_10_2009_05_16.pdf,15_9_F_10_2009_05_16.pdf,.pdf,36938,2026-09-12T02:50:40.785517,application/pdf
Well_technical_data\Daily Drilling report - PDF Version\15_9_F_10_2009_05_17.pdf,15_9_F_10_2009_05_17.pdf,.pdf,36843,2026-09-12T02:50:44.341330,application/pdf
Well_technical_data\Daily Drilling report - PDF Version\15_9_F_10_2009_05_18.pdf,15_9_F_10_2009_05_18.pdf,.pdf,33573,2026-09-12T02:50:48.050402,application/pdf
Well_technical_data\Daily Drilling report - PDF Version\15_9_F_10_2009_05_19.pdf,15_9_F_10_2009_05_19.pdf,.pdf,34957,2026-09-12T02:50:51.336967,application/pdf
Well_technical_data\Daily Drilling report - PDF Version\15_9_F_10_2009_05_20.pdf,15_9_F_10_2009_05_20.pdf,.pdf,34287,2026-09-12T02:50:54.894598,application/pdf
Well_technical_data\Daily Drilling report - PDF Version\15_9_F_10_2009_05_21.pdf,15_9_F_10_2009_05_21.pdf,.pdf,32698,2026-09-12T02:50:57.971906,application/pdf
Well_technical_data\Daily Drilling report - PDF Version\15_9_F_10_2009_05_22.pdf,15_9_F_10_2009_05_22.pdf,.pdf,32322,2026-09-12T02:51:01.470778,application/pdf
Well_technical_data\Daily Drilling report - PDF Version\15_9_F_10_2009_05_23.pdf,15_9_F_10_2009_05_23.pdf,.pdf,31933,2026-09-12T02:51:04.691981,application/pdf
Well_technical_data\Daily Drilling report - PDF Version\15_9_F_10_2009_05_24.pdf,15_9_F_10_2009_05_24.pdf,.pdf,38585,2026-09-12T02:51:07.745953,application/pdf
Well_technical_data\Daily Drilling report - PDF Version\15_9_F_10_2009_05_25.pdf,15_9_F_10_2009_05_25.pdf,.pdf,35797,2026-09-12T02:51:10.674664,application/pdf
Well_technical_data\Daily Drilling report - PDF Version\15_9_F_10_2009_05_26.pdf,15_9_F_10_2009_05_26.pdf,.pdf,36196,2026-09-12T02:51:13.831429,application/pdf
Well_technical_data\Daily Drilling report - PDF Version\15_9_F_10_2009_05_27.pdf,15_9_F_10_2009_05_27.pdf,.pdf,37263,2026-09-12T02:51:16.936512,application/pdf
Well_technical_data\Daily Drilling report - PDF Version\15_9_F_10_2009_05_28.pdf,15_9_F_10_2009_05_28.pdf,.pdf,36412,2026-09-12T02:51:20.483867,application/pdf
Well_technical_data\Daily Drilling report - PDF Version\15_9_F_10_2009_05_29.pdf,15_9_F_10_2009_05_29.pdf,.pdf,37607,2026-09-12T02:51:23.622060,application/pdf
Well_technical_data\Daily Drilling report - PDF Version\15_9_F_10_2009_05_30.pdf,15_9_F_10_2009_05_30.pdf,.pdf,34111,2026-09-12T02:51:26.928046,application/pdf
Well_technical_data\Daily Drilling report - PDF Version\15_9_F_10_2009_05_31.pdf,15_9_F_10_2009_05_31.pdf,.pdf,34409,2026-09-12T02:51:30.285930,application/pdf
Well_technical_data\Daily Drilling report - PDF Version\15_9_F_10_2009_06_01.pdf,15_9_F_10_2009_06_01.pdf,.pdf,38229,2026-09-12T02:51:33.376974,application/pdf
Well_technical_data\Daily Drilling report - PDF Version\15_9_F_10_2009_06_02.pdf,15_9_F_10_2009_06_02.pdf,.pdf,40571,2026-09-12T02:51:36.404742,application/pdf
Well_technical_data\Daily Drilling report - PDF Version\15_9_F_10_2009_06_03.pdf,15_9_F_10_2009_06_03.pdf,.pdf,38889,2026-09-12T02:51:39.719280,application/pdf
Well_technical_data\Daily Drilling report - PDF Version\15_9_F_10_2009_06_04.pdf,15_9_F_10_2009_06_04.pdf,.pdf,35683,2026-09-12T02:51:43.008590,application/pdf
Well_technical_data\Daily Drilling report - PDF Version\15_9_F_10_2009_06_05.pdf,15_9_F_10_2009_06_05.pdf,.pdf,33157,2026-09-12T02:51:45.934619,application/pdf
Well_technical_data\Daily Drilling report - PDF Version\15_9_F_10_2009_06_06.pdf,15_9_F_10_2009_06_06.pdf,.pdf,36368,2026-09-12T02:51:49.341324,application/pdf
Well_technical_data\Daily Drilling report - PDF Version\15_9_F_10_2009_06_07.pdf,15_9_F_10_2009_06_07.pdf,.pdf,33691,2026-09-12T02:51:53.111033,application/pdf
Well_technical_data\Daily Drilling report - PDF Version\15_9_F_10_2009_06_08.pdf,15_9_F_10_2009_06_08.pdf,.pdf,35320,2026-09-12T02:51:56.421906,application/pdf
Well_technical_data\Daily Drilling report - PDF Version\15_9_F_10_2009_06_09.pdf,15_9_F_10_2009_06_09.pdf,.pdf,33324,2026-09-12T02:51:59.974004,application/pdf
Well_technical_data\Daily Drilling report - PDF Version\15_9_F_10_2009_06_10.pdf,15_9_F_10_2009_06_10.pdf,.pdf,34849,2026-09-12T02:52:02.972894,application/pdf
Well_technical_data\Daily Drilling report - PDF Version\15_9_F_10_2009_06_11.pdf,15_9_F_10_2009_06_11.pdf,.pdf,33429,2026-09-12T02:52:06.635674,application/pdf
Well_technical_data\Daily Drilling report - PDF Version\15_9_F_10_2009_06_12.pdf,15_9_F_10_2009_06_12.pdf,.pdf,31171,2026-09-12T02:52:10.477668,application/pdf
Well_technical_data\Daily Drilling report - PDF Version\15_9_F_10_2009_06_13.pdf,15_9_F_10_2009_06_13.pdf,.pdf,35145,2026-09-12T02:52:13.728026,application/pdf
Well_technical_data\Daily Drilling report - PDF Version\15_9_F_10_2009_06_14.pdf,15_9_F_10_2009_06_14.pdf,.pdf,33800,2026-09-12T02:52:17.555789,application/pdf
Well_technical_data\Daily Drilling report - PDF Version\15_9_F_10_2009_06_15.pdf,15_9_F_10_2009_06_15.pdf,.pdf,33580,2026-09-12T02:52:20.959582,application/pdf
Well_technical_data\Daily Drilling report - PDF Version\15_9_F_10_2009_06_16.pdf,15_9_F_10_2009_06_16.pdf,.pdf,29223,2026-09-12T02:52:24.018585,application/pdf
Well_technical_data\Daily Drilling report - PDF Version\15_9_F_11_2013_03_08.pdf,15_9_F_11_2013_03_08.pdf,.pdf,32945,2026-09-12T02:52:27.055506,application/pdf
Well_technical_data\Daily Drilling report - PDF Version\15_9_F_11_2013_03_09.pdf,15_9_F_11_2013_03_09.pdf,.pdf,34332,2026-09-12T02:52:29.932584,application/pdf
Well_technical_data\Daily Drilling report - PDF Version\15_9_F_11_2013_03_10.pdf,15_9_F_11_2013_03_10.pdf,.pdf,33439,2026-09-12T02:52:33.119116,application/pdf
Well_technical_data\Daily Drilling report - PDF Version\15_9_F_11_2013_03_11.pdf,15_9_F_11_2013_03_11.pdf,.pdf,29759,2026-09-12T02:52:36.310788,application/pdf
Well_technical_data\Daily Drilling report - PDF Version\15_9_F_11_2013_03_12.pdf,15_9_F_11_2013_03_12.pdf,.pdf,33019,2026-09-12T02:52:39.609036,application/pdf
Well_technical_data\Daily Drilling report - PDF Version\15_9_F_11_2013_03_13.pdf,15_9_F_11_2013_03_13.pdf,.pdf,35629,2026-09-12T02:52:42.937465,application/pdf
Well_technical_data\Daily Drilling report - PDF Version\15_9_F_11_2013_03_14.pdf,15_9_F_11_2013_03_14.pdf,.pdf,40147,2026-09-12T02:52:46.102753,application/pdf
Well_technical_data\Daily Drilling report - PDF Version\15_9_F_11_2013_03_15.pdf,15_9_F_11_2013_03_15.pdf,.pdf,33055,2026-09-12T02:52:49.229468,application/pdf
Well_technical_data\Daily Drilling report - PDF Version\15_9_F_11_2013_03_16.pdf,15_9_F_11_2013_03_16.pdf,.pdf,32733,2026-09-12T02:52:52.308604,application/pdf
Well_technical_data\Daily Drilling report - PDF Version\15_9_F_11_2013_03_17.pdf,15_9_F_11_2013_03_17.pdf,.pdf,36379,2026-09-12T02:52:55.129590,application/pdf
Well_technical_data\Daily Drilling report - PDF Version\15_9_F_11_2013_03_18.pdf,15_9_F_11_2013_03_18.pdf,.pdf,33128,2026-09-12T02:52:58.268301,application/pdf
Well_technical_data\Daily Drilling report - PDF Version\15_9_F_11_2013_03_19.pdf,15_9_F_11_2013_03_19.pdf,.pdf,31697,2026-09-12T02:53:01.634916,application/pdf
Well_technical_data\Daily Drilling report - PDF Version\15_9_F_11_2013_03_20.pdf,15_9_F_11_2013_03_20.pdf,.pdf,40352,2026-09-12T02:53:06.021427,application/pdf
Well_technical_data\Daily Drilling report - PDF Version\15_9_F_11_2013_03_21.pdf,15_9_F_11_2013_03_21.pdf,.pdf,33516,2026-09-12T02:53:09.451433,application/pdf
Well_technical_data\Daily Drilling report - PDF Version\15_9_F_11_2013_03_22.pdf,15_9_F_11_2013_03_22.pdf,.pdf,32832,2026-09-12T02:53:13.256161,application/pdf
Well_technical_data\Daily Drilling report - PDF Version\15_9_F_11_2013_03_23.pdf,15_9_F_11_2013_03_23.pdf,.pdf,32710,2026-09-12T02:53:16.842183,application/pdf
Well_technical_data\Daily Drilling report - PDF Version\15_9_F_11_2013_03_24.pdf,15_9_F_11_2013_03_24.pdf,.pdf,33357,2026-09-12T02:53:20.219914,application/pdf
Well_technical_data\Daily Drilling report - PDF Version\15_9_F_11_A_2013_05_15.pdf,15_9_F_11_A_2013_05_15.pdf,.pdf,30704,2026-09-12T02:53:24.107383,application/pdf
Well_technical_data\Daily Drilling report - PDF Version\15_9_F_11_A_2013_05_16.pdf,15_9_F_11_A_2013_05_16.pdf,.pdf,34717,2026-09-12T02:53:27.219671,application/pdf
Well_technical_data\Daily Drilling report - PDF Version\15_9_F_11_A_2013_05_17.pdf,15_9_F_11_A_2013_05_17.pdf,.pdf,32520,2026-09-12T02:53:29.995514,application/pdf
Well_technical_data\Daily Drilling report - PDF Version\15_9_F_11_A_2013_05_18.pdf,15_9_F_11_A_2013_05_18.pdf,.pdf,30603,2026-09-12T02:53:33.521704,application/pdf
Well_technical_data\Daily Drilling report - PDF Version\15_9_F_11_A_2013_05_20.pdf,15_9_F_11_A_2013_05_20.pdf,.pdf,33303,2026-09-12T02:53:37.098207,application/pdf
Well_technical_data\Daily Drilling report - PDF Version\15_9_F_11_A_2013_05_21.pdf,15_9_F_11_A_2013_05_21.pdf,.pdf,39597,2026-09-12T02:53:40.534812,application/pdf
Well_technical_data\Daily Drilling report - PDF Version\15_9_F_11_A_2013_05_22.pdf,15_9_F_11_A_2013_05_22.pdf,.pdf,31539,2026-09-12T02:53:43.902096,application/pdf
Well_technical_data\Daily Drilling report - PDF Version\15_9_F_11_A_2013_05_23.pdf,15_9_F_11_A_2013_05_23.pdf,.pdf,30595,2026-09-12T02:53:47.294067,application/pdf
Well_technical_data\Daily Drilling report - PDF Version\15_9_F_11_A_2013_05_24.pdf,15_9_F_11_A_2013_05_24.pdf,.pdf,32836,2026-09-12T02:53:51.094785,application/pdf
Well_technical_data\Daily Drilling report - PDF Version\15_9_F_11_A_2013_05_25.pdf,15_9_F_11_A_2013_05_25.pdf,.pdf,33040,2026-09-12T02:53:54.631909,application/pdf
Well_technical_data\Daily Drilling report - PDF Version\15_9_F_11_A_2013_05_26.pdf,15_9_F_11_A_2013_05_26.pdf,.pdf,32701,2026-09-12T02:53:57.688465,application/pdf
Well_technical_data\Daily Drilling report - PDF Version\15_9_F_11_A_2013_05_27.pdf,15_9_F_11_A_2013_05_27.pdf,.pdf,32225,2026-09-12T02:54:00.889820,application/pdf
Well_technical_data\Daily Drilling report - PDF Version\15_9_F_11_A_2013_05_28.pdf,15_9_F_11_A_2013_05_28.pdf,.pdf,31069,2026-09-12T02:54:04.299629,application/pdf
Well_technical_data\Daily Drilling report - PDF Version\15_9_F_11_A_2013_05_29.pdf,15_9_F_11_A_2013_05_29.pdf,.pdf,32969,2026-09-12T02:54:07.852468,application/pdf
Well_technical_data\Daily Drilling report - PDF Version\15_9_F_11_B_2013_05_29.pdf,15_9_F_11_B_2013_05_29.pdf,.pdf,30780,2026-09-12T02:54:10.965775,application/pdf
Well_technical_data\Daily Drilling report - PDF Version\15_9_F_11_B_2013_05_30.pdf,15_9_F_11_B_2013_05_30.pdf,.pdf,33595,2026-09-12T02:54:14.271054,application/pdf
Well_technical_data\Daily Drilling report - PDF Version\15_9_F_11_B_2013_05_31.pdf,15_9_F_11_B_2013_05_31.pdf,.pdf,37198,2026-09-12T02:54:17.965793,application/pdf
Well_technical_data\Daily Drilling report - PDF Version\15_9_F_11_B_2013_06_01.pdf,15_9_F_11_B_2013_06_01.pdf,.pdf,36611,2026-09-12T02:54:21.551675,application/pdf
Well_technical_data\Daily Drilling report - PDF Version\15_9_F_11_B_2013_06_02.pdf,15_9_F_11_B_2013_06_02.pdf,.pdf,31011,2026-09-12T02:54:25.440165,application/pdf
Well_technical_data\Daily Drilling report - PDF Version\15_9_F_11_B_2013_06_03.pdf,15_9_F_11_B_2013_06_03.pdf,.pdf,31030,2026-09-12T02:54:29.502553,application/pdf
Well_technical_data\Daily Drilling report - PDF Version\15_9_F_11_B_2013_06_04.pdf,15_9_F_11_B_2013_06_04.pdf,.pdf,32062,2026-09-12T02:54:32.952564,application/pdf
Well_technical_data\Daily Drilling report - PDF Version\15_9_F_11_B_2013_06_05.pdf,15_9_F_11_B_2013_06_05.pdf,.pdf,33647,2026-09-12T02:54:35.895817,application/pdf
Well_technical_data\Daily Drilling report - PDF Version\15_9_F_11_B_2013_06_06.pdf,15_9_F_11_B_2013_06_06.pdf,.pdf,32699,2026-09-12T02:54:40.308481,application/pdf
Well_technical_data\Daily Drilling report - PDF Version\15_9_F_11_B_2013_06_07.pdf,15_9_F_11_B_2013_06_07.pdf,.pdf,34787,2026-09-12T02:54:43.386287,application/pdf
Well_technical_data\Daily Drilling report - PDF Version\15_9_F_11_B_2013_06_08.pdf,15_9_F_11_B_2013_06_08.pdf,.pdf,36128,2026-09-12T02:54:46.841741,application/pdf
Well_technical_data\Daily Drilling report - PDF Version\15_9_F_11_B_2013_06_09.pdf,15_9_F_11_B_2013_06_09.pdf,.pdf,38359,2026-09-12T02:54:49.907271,application/pdf
Well_technical_data\Daily Drilling report - PDF Version\15_9_F_11_B_2013_06_10.pdf,15_9_F_11_B_2013_06_10.pdf,.pdf,37596,2026-09-12T02:54:53.285066,application/pdf
Well_technical_data\Daily Drilling report - PDF Version\15_9_F_11_B_2013_06_11.pdf,15_9_F_11_B_2013_06_11.pdf,.pdf,36159,2026-09-12T02:54:56.766707,application/pdf
Well_technical_data\Daily Drilling report - PDF Version\15_9_F_11_B_2013_06_12.pdf,15_9_F_11_B_2013_06_12.pdf,.pdf,35176,2026-09-12T02:54:59.958922,application/pdf
Well_technical_data\Daily Drilling report - PDF Version\15_9_F_11_B_2013_06_13.pdf,15_9_F_11_B_2013_06_13.pdf,.pdf,36254,2026-09-12T02:55:03.353233,application/pdf
Well_technical_data\Daily Drilling report - PDF Version\15_9_F_11_B_2013_06_14.pdf,15_9_F_11_B_2013_06_14.pdf,.pdf,25559,2026-09-12T02:55:06.420696,application/pdf
Well_technical_data\Daily Drilling report - PDF Version\15_9_F_11_B_2013_06_15.pdf,15_9_F_11_B_2013_06_15.pdf,.pdf,35412,2026-09-12T02:55:09.417707,application/pdf
Well_technical_data\Daily Drilling report - PDF Version\15_9_F_11_B_2013_06_16.pdf,15_9_F_11_B_2013_06_16.pdf,.pdf,33088,2026-09-12T02:55:12.623201,application/pdf
Well_technical_data\Daily Drilling report - PDF Version\15_9_F_11_B_2013_06_17.pdf,15_9_F_11_B_2013_06_17.pdf,.pdf,33487,2026-09-12T02:55:15.803739,application/pdf
Well_technical_data\Daily Drilling report - PDF Version\15_9_F_11_B_2013_06_18.pdf,15_9_F_11_B_2013_06_18.pdf,.pdf,28304,2026-09-12T02:55:19.338549,application/pdf
Well_technical_data\Daily Drilling report - PDF Version\15_9_F_11_B_2013_06_19.pdf,15_9_F_11_B_2013_06_19.pdf,.pdf,31636,2026-09-12T02:55:22.302368,application/pdf
Well_technical_data\Daily Drilling report - PDF Version\15_9_F_11_B_2013_06_20.pdf,15_9_F_11_B_2013_06_20.pdf,.pdf,34370,2026-09-12T02:55:25.392106,application/pdf
Well_technical_data\Daily Drilling report - PDF Version\15_9_F_11_B_2013_06_21.pdf,15_9_F_11_B_2013_06_21.pdf,.pdf,32128,2026-09-12T02:55:28.727496,application/pdf
Well_technical_data\Daily Drilling report - PDF Version\15_9_F_11_B_2013_06_22.pdf,15_9_F_11_B_2013_06_22.pdf,.pdf,35447,2026-09-12T02:55:31.873969,application/pdf
Well_technical_data\Daily Drilling report - PDF Version\15_9_F_11_B_2013_06_23.pdf,15_9_F_11_B_2013_06_23.pdf,.pdf,30233,2026-09-12T02:55:35.327283,application/pdf
Well_technical_data\Daily Drilling report - PDF Version\15_9_F_11_B_2013_06_24.pdf,15_9_F_11_B_2013_06_24.pdf,.pdf,32083,2026-09-12T02:55:38.643591,application/pdf
Well_technical_data\Daily Drilling report - PDF Version\15_9_F_11_B_2013_06_25.pdf,15_9_F_11_B_2013_06_25.pdf,.pdf,32708,2026-09-12T02:55:42.737737,application/pdf
Well_technical_data\Daily Drilling report - PDF Version\15_9_F_11_B_2013_06_26.pdf,15_9_F_11_B_2013_06_26.pdf,.pdf,34914,2026-09-12T02:55:45.855897,application/pdf
Well_technical_data\Daily Drilling report - PDF Version\15_9_F_11_B_2013_06_27.pdf,15_9_F_11_B_2013_06_27.pdf,.pdf,30906,2026-09-12T02:55:49.653981,application/pdf
Well_technical_data\Daily Drilling report - PDF Version\15_9_F_11_B_2013_06_28.pdf,15_9_F_11_B_2013_06_28.pdf,.pdf,31335,2026-09-12T02:55:53.090897,application/pdf
Well_technical_data\Daily Drilling report - PDF Version\15_9_F_11_B_2013_06_29.pdf,15_9_F_11_B_2013_06_29.pdf,.pdf,31515,2026-09-12T02:55:56.404840,application/pdf
Well_technical_data\Daily Drilling report - PDF Version\15_9_F_11_B_2013_06_30.pdf,15_9_F_11_B_2013_06_30.pdf,.pdf,33830,2026-09-12T02:55:59.815270,application/pdf
Well_technical_data\Daily Drilling report - PDF Version\15_9_F_11_B_2013_07_01.pdf,15_9_F_11_B_2013_07_01.pdf,.pdf,33095,2026-09-12T02:56:03.004067,application/pdf
Well_technical_data\Daily Drilling report - PDF Version\15_9_F_11_B_2013_07_02.pdf,15_9_F_11_B_2013_07_02.pdf,.pdf,29180,2026-09-12T02:56:06.236235,application/pdf
Well_technical_data\Daily Drilling report - PDF Version\15_9_F_11_B_2013_07_03.pdf,15_9_F_11_B_2013_07_03.pdf,.pdf,31653,2026-09-12T02:56:09.842956,application/pdf
Well_technical_data\Daily Drilling report - PDF Version\15_9_F_11_B_2013_07_04.pdf,15_9_F_11_B_2013_07_04.pdf,.pdf,29516,2026-09-12T02:56:12.929496,application/pdf
Well_technical_data\Daily Drilling report - PDF Version\15_9_F_11_B_2013_07_05.pdf,15_9_F_11_B_2013_07_05.pdf,.pdf,31479,2026-09-12T02:56:16.046560,application/pdf
Well_technical_data\Daily Drilling report - PDF Version\15_9_F_11_B_2013_07_06.pdf,15_9_F_11_B_2013_07_06.pdf,.pdf,32189,2026-09-12T02:56:19.053226,application/pdf
Well_technical_data\Daily Drilling report - PDF Version\15_9_F_11_B_2013_07_07.pdf,15_9_F_11_B_2013_07_07.pdf,.pdf,28214,2026-09-12T02:56:22.285396,application/pdf
Well_technical_data\Daily Drilling report - PDF Version\15_9_F_11_B_2013_07_08.pdf,15_9_F_11_B_2013_07_08.pdf,.pdf,25525,2026-09-12T02:56:25.404011,application/pdf
Well_technical_data\Daily Drilling report - PDF Version\15_9_F_11_B_2013_07_09.pdf,15_9_F_11_B_2013_07_09.pdf,.pdf,25048,2026-09-12T02:56:28.718035,application/pdf
Well_technical_data\Daily Drilling report - PDF Version\15_9_F_11_B_2013_07_10.pdf,15_9_F_11_B_2013_07_10.pdf,.pdf,27075,2026-09-12T02:56:31.774249,application/pdf
Well_technical_data\Daily Drilling report - PDF Version\15_9_F_11_B_2013_07_11.pdf,15_9_F_11_B_2013_07_11.pdf,.pdf,27500,2026-09-12T02:56:35.139247,application/pdf
Well_technical_data\Daily Drilling report - PDF Version\15_9_F_11_B_2013_07_12.pdf,15_9_F_11_B_2013_07_12.pdf,.pdf,28899,2026-09-12T02:56:38.378565,application/pdf
Well_technical_data\Daily Drilling report - PDF Version\15_9_F_11_B_2013_07_13.pdf,15_9_F_11_B_2013_07_13.pdf,.pdf,27940,2026-09-12T02:56:42.500252,application/pdf
Well_technical_data\Daily Drilling report - PDF Version\15_9_F_11_B_2013_07_14.pdf,15_9_F_11_B_2013_07_14.pdf,.pdf,27047,2026-09-12T02:56:46.051224,application/pdf
Well_technical_data\Daily Drilling report - PDF Version\15_9_F_11_B_2013_07_15.pdf,15_9_F_11_B_2013_07_15.pdf,.pdf,27725,2026-09-12T02:56:49.153877,application/pdf
Well_technical_data\Daily Drilling report - PDF Version\15_9_F_11_B_2013_07_16.pdf,15_9_F_11_B_2013_07_16.pdf,.pdf,27697,2026-09-12T02:56:52.789034,application/pdf
Well_technical_data\Daily Drilling report - PDF Version\15_9_F_11_B_2013_07_17.pdf,15_9_F_11_B_2013_07_17.pdf,.pdf,27348,2026-09-12T02:56:56.144213,application/pdf
Well_technical_data\Daily Drilling report - PDF Version\15_9_F_11_B_2013_07_18.pdf,15_9_F_11_B_2013_07_18.pdf,.pdf,28312,2026-09-12T02:56:59.955952,application/pdf
Well_technical_data\Daily Drilling report - PDF Version\15_9_F_11_B_2013_07_19.pdf,15_9_F_11_B_2013_07_19.pdf,.pdf,27983,2026-09-12T02:57:03.208084,application/pdf
Well_technical_data\Daily Drilling report - PDF Version\15_9_F_11_B_2013_07_20.pdf,15_9_F_11_B_2013_07_20.pdf,.pdf,27812,2026-09-12T02:57:06.508221,application/pdf
Well_technical_data\Daily Drilling report - PDF Version\15_9_F_11_B_2013_07_21.pdf,15_9_F_11_B_2013_07_21.pdf,.pdf,27487,2026-09-12T02:57:10.130329,application/pdf
Well_technical_data\Daily Drilling report - PDF Version\15_9_F_11_B_2013_07_22.pdf,15_9_F_11_B_2013_07_22.pdf,.pdf,25845,2026-09-12T02:57:13.466546,application/pdf
Well_technical_data\Daily Drilling report - PDF Version\15_9_F_11_B_2013_07_23.pdf,15_9_F_11_B_2013_07_23.pdf,.pdf,24911,2026-09-12T02:57:16.961118,application/pdf
Well_technical_data\Daily Drilling report - PDF Version\15_9_F_11_B_2013_07_24.pdf,15_9_F_11_B_2013_07_24.pdf,.pdf,25902,2026-09-12T02:57:20.313283,application/pdf
Well_technical_data\Daily Drilling report - PDF Version\15_9_F_11_B_2015_10_25.pdf,15_9_F_11_B_2015_10_25.pdf,.pdf,23621,2026-09-12T02:57:23.544012,application/pdf
Well_technical_data\Daily Drilling report - PDF Version\15_9_F_11_B_2015_10_26.pdf,15_9_F_11_B_2015_10_26.pdf,.pdf,28400,2026-09-12T02:57:26.926391,application/pdf
Well_technical_data\Daily Drilling report - PDF Version\15_9_F_11_B_2015_10_27.pdf,15_9_F_11_B_2015_10_27.pdf,.pdf,30945,2026-09-12T02:57:30.613671,application/pdf
Well_technical_data\Daily Drilling report - PDF Version\15_9_F_11_B_2015_10_28.pdf,15_9_F_11_B_2015_10_28.pdf,.pdf,29927,2026-09-12T02:57:33.848910,application/pdf
Well_technical_data\Daily Drilling report - PDF Version\15_9_F_11_B_2015_10_29.pdf,15_9_F_11_B_2015_10_29.pdf,.pdf,24873,2026-09-12T02:57:37.529325,application/pdf
Well_technical_data\Daily Drilling report - PDF Version\15_9_F_11_B_2015_10_30.pdf,15_9_F_11_B_2015_10_30.pdf,.pdf,26938,2026-09-12T02:57:40.702756,application/pdf
Well_technical_data\Daily Drilling report - PDF Version\15_9_F_11_B_2015_10_31.pdf,15_9_F_11_B_2015_10_31.pdf,.pdf,28882,2026-09-12T02:57:44.461724,application/pdf
Well_technical_data\Daily Drilling report - PDF Version\15_9_F_11_B_2015_11_01.pdf,15_9_F_11_B_2015_11_01.pdf,.pdf,34508,2026-09-12T02:57:48.212654,application/pdf
Well_technical_data\Daily Drilling report - PDF Version\15_9_F_11_B_2015_11_02.pdf,15_9_F_11_B_2015_11_02.pdf,.pdf,31724,2026-09-12T02:57:51.181498,application/pdf
Well_technical_data\Daily Drilling report - PDF Version\15_9_F_11_B_2015_11_03.pdf,15_9_F_11_B_2015_11_03.pdf,.pdf,29834,2026-09-12T02:57:54.567835,application/pdf
Well_technical_data\Daily Drilling report - PDF Version\15_9_F_11_B_2016_04_15.pdf,15_9_F_11_B_2016_04_15.pdf,.pdf,24102,2026-09-12T02:57:57.777116,application/pdf
Well_technical_data\Daily Drilling report - PDF Version\15_9_F_11_B_2016_04_16.pdf,15_9_F_11_B_2016_04_16.pdf,.pdf,26960,2026-09-12T02:58:01.373496,application/pdf
Well_technical_data\Daily Drilling report - PDF Version\15_9_F_11_B_2016_04_17.pdf,15_9_F_11_B_2016_04_17.pdf,.pdf,30649,2026-09-12T02:58:05.771420,application/pdf
Well_technical_data\Daily Drilling report - PDF Version\15_9_F_11_B_2016_04_18.pdf,15_9_F_11_B_2016_04_18.pdf,.pdf,34679,2026-09-12T02:58:09.445665,application/pdf
Well_technical_data\Daily Drilling report - PDF Version\15_9_F_11_B_2016_04_19.pdf,15_9_F_11_B_2016_04_19.pdf,.pdf,26320,2026-09-12T02:58:12.808971,application/pdf
Well_technical_data\Daily Drilling report - PDF Version\15_9_F_11_B_2016_04_21.pdf,15_9_F_11_B_2016_04_21.pdf,.pdf,28332,2026-09-12T02:58:16.123809,application/pdf
Well_technical_data\Daily Drilling report - PDF Version\15_9_F_11_B_2016_04_22.pdf,15_9_F_11_B_2016_04_22.pdf,.pdf,30223,2026-09-12T02:58:19.976270,application/pdf
Well_technical_data\Daily Drilling report - PDF Version\15_9_F_11_B_2016_04_23.pdf,15_9_F_11_B_2016_04_23.pdf,.pdf,32358,2026-09-12T02:58:23.493151,application/pdf
Well_technical_data\Daily Drilling report - PDF Version\15_9_F_11_B_2016_04_24.pdf,15_9_F_11_B_2016_04_24.pdf,.pdf,29673,2026-09-12T02:58:26.904364,application/pdf
Well_technical_data\Daily Drilling report - PDF Version\15_9_F_11_B_2016_04_25.pdf,15_9_F_11_B_2016_04_25.pdf,.pdf,24173,2026-09-12T02:58:30.299840,application/pdf
Well_technical_data\Daily Drilling report - PDF Version\15_9_F_11_B_2016_09_19.pdf,15_9_F_11_B_2016_09_19.pdf,.pdf,28334,2026-09-12T02:58:33.880780,application/pdf
Well_technical_data\Daily Drilling report - PDF Version\15_9_F_11_B_2016_09_20.pdf,15_9_F_11_B_2016_09_20.pdf,.pdf,30296,2026-09-12T02:58:37.334903,application/pdf
Well_technical_data\Daily Drilling report - PDF Version\15_9_F_11_B_2016_09_21.pdf,15_9_F_11_B_2016_09_21.pdf,.pdf,33257,2026-09-12T02:58:40.524104,application/pdf
Well_technical_data\Daily Drilling report - PDF Version\15_9_F_11_B_2016_09_22.pdf,15_9_F_11_B_2016_09_22.pdf,.pdf,36005,2026-09-12T02:58:44.232748,application/pdf
Well_technical_data\Daily Drilling report - PDF Version\15_9_F_11_B_2016_09_23.pdf,15_9_F_11_B_2016_09_23.pdf,.pdf,36048,2026-09-12T02:58:47.577666,application/pdf
Well_technical_data\Daily Drilling report - PDF Version\15_9_F_11_B_2016_09_24.pdf,15_9_F_11_B_2016_09_24.pdf,.pdf,32987,2026-09-12T02:58:51.021297,application/pdf
Well_technical_data\Daily Drilling report - PDF Version\15_9_F_11_B_2016_09_25.pdf,15_9_F_11_B_2016_09_25.pdf,.pdf,38062,2026-09-12T02:58:54.076283,application/pdf
Well_technical_data\Daily Drilling report - PDF Version\15_9_F_11_B_2016_09_26.pdf,15_9_F_11_B_2016_09_26.pdf,.pdf,33991,2026-09-12T02:58:57.632970,application/pdf
Well_technical_data\Daily Drilling report - PDF Version\15_9_F_11_B_2016_09_27.pdf,15_9_F_11_B_2016_09_27.pdf,.pdf,37667,2026-09-12T02:59:01.083984,application/pdf
Well_technical_data\Daily Drilling report - PDF Version\15_9_F_11_B_2016_09_28.pdf,15_9_F_11_B_2016_09_28.pdf,.pdf,31294,2026-09-12T02:59:04.631962,application/pdf
Well_technical_data\Daily Drilling report - PDF Version\15_9_F_11_B_2016_09_29.pdf,15_9_F_11_B_2016_09_29.pdf,.pdf,30956,2026-09-12T02:59:08.286034,application/pdf
Well_technical_data\Daily Drilling report - PDF Version\15_9_F_11_B_2016_10_21.pdf,15_9_F_11_B_2016_10_21.pdf,.pdf,30428,2026-09-12T02:59:11.761290,application/pdf
Well_technical_data\Daily Drilling report - PDF Version\15_9_F_11_B_2016_10_22.pdf,15_9_F_11_B_2016_10_22.pdf,.pdf,25480,2026-09-12T02:59:15.182034,application/pdf
Well_technical_data\Daily Drilling report - PDF Version\15_9_F_11_T2_2013_03_24.pdf,15_9_F_11_T2_2013_03_24.pdf,.pdf,33027,2026-09-12T02:59:18.483961,application/pdf
Well_technical_data\Daily Drilling report - PDF Version\15_9_F_11_T2_2013_03_25.pdf,15_9_F_11_T2_2013_03_25.pdf,.pdf,36874,2026-09-12T02:59:21.730802,application/pdf
Well_technical_data\Daily Drilling report - PDF Version\15_9_F_11_T2_2013_03_26.pdf,15_9_F_11_T2_2013_03_26.pdf,.pdf,32701,2026-09-12T02:59:24.935652,application/pdf
Well_technical_data\Daily Drilling report - PDF Version\15_9_F_11_T2_2013_03_27.pdf,15_9_F_11_T2_2013_03_27.pdf,.pdf,28706,2026-09-12T02:59:28.279916,application/pdf
Well_technical_data\Daily Drilling report - PDF Version\15_9_F_11_T2_2013_03_28.pdf,15_9_F_11_T2_2013_03_28.pdf,.pdf,28912,2026-09-12T02:59:31.516213,application/pdf
Well_technical_data\Daily Drilling report - PDF Version\15_9_F_11_T2_2013_03_29.pdf,15_9_F_11_T2_2013_03_29.pdf,.pdf,30937,2026-09-12T02:59:34.942122,application/pdf
Well_technical_data\Daily Drilling report - PDF Version\15_9_F_11_T2_2013_03_30.pdf,15_9_F_11_T2_2013_03_30.pdf,.pdf,31645,2026-09-12T02:59:38.318732,application/pdf
Well_technical_data\Daily Drilling report - PDF Version\15_9_F_11_T2_2013_03_31.pdf,15_9_F_11_T2_2013_03_31.pdf,.pdf,31164,2026-09-12T02:59:41.991404,application/pdf
Well_technical_data\Daily Drilling report - PDF Version\15_9_F_11_T2_2013_04_01.pdf,15_9_F_11_T2_2013_04_01.pdf,.pdf,29389,2026-09-12T02:59:45.563909,application/pdf
Well_technical_data\Daily Drilling report - PDF Version\15_9_F_11_T2_2013_04_02.pdf,15_9_F_11_T2_2013_04_02.pdf,.pdf,28378,2026-09-12T02:59:49.224058,application/pdf
Well_technical_data\Daily Drilling report - PDF Version\15_9_F_11_T2_2013_04_03.pdf,15_9_F_11_T2_2013_04_03.pdf,.pdf,31847,2026-09-12T02:59:52.592923,application/pdf
Well_technical_data\Daily Drilling report - PDF Version\15_9_F_11_T2_2013_04_04.pdf,15_9_F_11_T2_2013_04_04.pdf,.pdf,31923,2026-09-12T02:59:55.825735,application/pdf
Well_technical_data\Daily Drilling report - PDF Version\15_9_F_11_T2_2013_04_05.pdf,15_9_F_11_T2_2013_04_05.pdf,.pdf,31347,2026-09-12T02:59:59.337964,application/pdf
Well_technical_data\Daily Drilling report - PDF Version\15_9_F_11_T2_2013_04_06.pdf,15_9_F_11_T2_2013_04_06.pdf,.pdf,34893,2026-09-12T03:00:03.037074,application/pdf
Well_technical_data\Daily Drilling report - PDF Version\15_9_F_11_T2_2013_04_07.pdf,15_9_F_11_T2_2013_04_07.pdf,.pdf,30448,2026-09-12T03:00:06.545170,application/pdf
Well_technical_data\Daily Drilling report - PDF Version\15_9_F_11_T2_2013_04_08.pdf,15_9_F_11_T2_2013_04_08.pdf,.pdf,30166,2026-09-12T03:00:09.774156,application/pdf
Well_technical_data\Daily Drilling report - PDF Version\15_9_F_11_T2_2013_04_09.pdf,15_9_F_11_T2_2013_04_09.pdf,.pdf,30686,2026-09-12T03:00:13.296088,application/pdf
Well_technical_data\Daily Drilling report - PDF Version\15_9_F_11_T2_2013_04_10.pdf,15_9_F_11_T2_2013_04_10.pdf,.pdf,30676,2026-09-12T03:00:17.128258,application/pdf
Well_technical_data\Daily Drilling report - PDF Version\15_9_F_11_T2_2013_04_11.pdf,15_9_F_11_T2_2013_04_11.pdf,.pdf,30303,2026-09-12T03:00:20.655651,application/pdf
Well_technical_data\Daily Drilling report - PDF Version\15_9_F_11_T2_2013_04_12.pdf,15_9_F_11_T2_2013_04_12.pdf,.pdf,31054,2026-09-12T03:00:24.092827,application/pdf
Well_technical_data\Daily Drilling report - PDF Version\15_9_F_11_T2_2013_04_13.pdf,15_9_F_11_T2_2013_04_13.pdf,.pdf,30220,2026-09-12T03:00:27.590409,application/pdf
Well_technical_data\Daily Drilling report - PDF Version\15_9_F_11_T2_2013_04_14.pdf,15_9_F_11_T2_2013_04_14.pdf,.pdf,33859,2026-09-12T03:00:31.381332,application/pdf
Well_technical_data\Daily Drilling report - PDF Version\15_9_F_11_T2_2013_04_15.pdf,15_9_F_11_T2_2013_04_15.pdf,.pdf,34736,2026-09-12T03:00:35.202554,application/pdf
Well_technical_data\Daily Drilling report - PDF Version\15_9_F_11_T2_2013_04_16.pdf,15_9_F_11_T2_2013_04_16.pdf,.pdf,31368,2026-09-12T03:00:38.886074,application/pdf
Well_technical_data\Daily Drilling report - PDF Version\15_9_F_11_T2_2013_04_17.pdf,15_9_F_11_T2_2013_04_17.pdf,.pdf,35999,2026-09-12T03:00:42.613098,application/pdf
Well_technical_data\Daily Drilling report - PDF Version\15_9_F_11_T2_2013_04_18.pdf,15_9_F_11_T2_2013_04_18.pdf,.pdf,34261,2026-09-12T03:00:46.201080,application/pdf
Well_technical_data\Daily Drilling report - PDF Version\15_9_F_11_T2_2013_04_19.pdf,15_9_F_11_T2_2013_04_19.pdf,.pdf,37306,2026-09-12T03:00:49.847893,application/pdf
Well_technical_data\Daily Drilling report - PDF Version\15_9_F_11_T2_2013_04_20.pdf,15_9_F_11_T2_2013_04_20.pdf,.pdf,34702,2026-09-12T03:00:53.550235,application/pdf
Well_technical_data\Daily Drilling report - PDF Version\15_9_F_11_T2_2013_04_21.pdf,15_9_F_11_T2_2013_04_21.pdf,.pdf,37850,2026-09-12T03:00:57.039099,application/pdf
Well_technical_data\Daily Drilling report - PDF Version\15_9_F_11_T2_2013_04_22.pdf,15_9_F_11_T2_2013_04_22.pdf,.pdf,35736,2026-09-12T03:01:00.361401,application/pdf
Well_technical_data\Daily Drilling report - PDF Version\15_9_F_11_T2_2013_04_23.pdf,15_9_F_11_T2_2013_04_23.pdf,.pdf,29649,2026-09-12T03:01:03.875805,application/pdf
Well_technical_data\Daily Drilling report - PDF Version\15_9_F_11_T2_2013_04_24.pdf,15_9_F_11_T2_2013_04_24.pdf,.pdf,32053,2026-09-12T03:01:07.370840,application/pdf
Well_technical_data\Daily Drilling report - PDF Version\15_9_F_11_T2_2013_04_25.pdf,15_9_F_11_T2_2013_04_25.pdf,.pdf,32559,2026-09-12T03:01:10.804836,application/pdf
Well_technical_data\Daily Drilling report - PDF Version\15_9_F_11_T2_2013_04_26.pdf,15_9_F_11_T2_2013_04_26.pdf,.pdf,30586,2026-09-12T03:01:14.914793,application/pdf
Well_technical_data\Daily Drilling report - PDF Version\15_9_F_11_T2_2013_04_27.pdf,15_9_F_11_T2_2013_04_27.pdf,.pdf,34628,2026-09-12T03:01:18.514783,application/pdf
Well_technical_data\Daily Drilling report - PDF Version\15_9_F_11_T2_2013_04_28.pdf,15_9_F_11_T2_2013_04_28.pdf,.pdf,31507,2026-09-12T03:01:21.915773,application/pdf
Well_technical_data\Daily Drilling report - PDF Version\15_9_F_11_T2_2013_04_29.pdf,15_9_F_11_T2_2013_04_29.pdf,.pdf,35280,2026-09-12T03:01:25.945679,application/pdf
Well_technical_data\Daily Drilling report - PDF Version\15_9_F_11_T2_2013_04_30.pdf,15_9_F_11_T2_2013_04_30.pdf,.pdf,34357,2026-09-12T03:01:29.723860,application/pdf
Well_technical_data\Daily Drilling report - PDF Version\15_9_F_11_T2_2013_05_01.pdf,15_9_F_11_T2_2013_05_01.pdf,.pdf,33089,2026-09-12T03:01:33.601324,application/pdf
Well_technical_data\Daily Drilling report - PDF Version\15_9_F_11_T2_2013_05_02.pdf,15_9_F_11_T2_2013_05_02.pdf,.pdf,36509,2026-09-12T03:01:37.645087,application/pdf
Well_technical_data\Daily Drilling report - PDF Version\15_9_F_11_T2_2013_05_03.pdf,15_9_F_11_T2_2013_05_03.pdf,.pdf,39941,2026-09-12T03:01:41.347046,application/pdf
Well_technical_data\Daily Drilling report - PDF Version\15_9_F_11_T2_2013_05_04.pdf,15_9_F_11_T2_2013_05_04.pdf,.pdf,38545,2026-09-12T03:01:44.749827,application/pdf
Well_technical_data\Daily Drilling report - PDF Version\15_9_F_11_T2_2013_05_05.pdf,15_9_F_11_T2_2013_05_05.pdf,.pdf,35396,2026-09-12T03:01:48.253820,application/pdf
Well_technical_data\Daily Drilling report - PDF Version\15_9_F_11_T2_2013_05_06.pdf,15_9_F_11_T2_2013_05_06.pdf,.pdf,33203,2026-09-12T03:01:52.192947,application/pdf
Well_technical_data\Daily Drilling report - PDF Version\15_9_F_11_T2_2013_05_07.pdf,15_9_F_11_T2_2013_05_07.pdf,.pdf,36997,2026-09-12T03:01:55.683185,application/pdf
Well_technical_data\Daily Drilling report - PDF Version\15_9_F_11_T2_2013_05_08.pdf,15_9_F_11_T2_2013_05_08.pdf,.pdf,33248,2026-09-12T03:01:59.357943,application/pdf
Well_technical_data\Daily Drilling report - PDF Version\15_9_F_11_T2_2013_05_09.pdf,15_9_F_11_T2_2013_05_09.pdf,.pdf,35509,2026-09-12T03:02:02.624649,application/pdf
Well_technical_data\Daily Drilling report - PDF Version\15_9_F_11_T2_2013_05_10.pdf,15_9_F_11_T2_2013_05_10.pdf,.pdf,30728,2026-09-12T03:02:06.275074,application/pdf
Well_technical_data\Daily Drilling report - PDF Version\15_9_F_11_T2_2013_05_11.pdf,15_9_F_11_T2_2013_05_11.pdf,.pdf,33495,2026-09-12T03:02:09.811101,application/pdf
Well_technical_data\Daily Drilling report - PDF Version\15_9_F_11_T2_2013_05_12.pdf,15_9_F_11_T2_2013_05_12.pdf,.pdf,31925,2026-09-12T03:02:13.867761,application/pdf
Well_technical_data\Daily Drilling report - PDF Version\15_9_F_11_T2_2013_05_13.pdf,15_9_F_11_T2_2013_05_13.pdf,.pdf,32331,2026-09-12T03:02:17.641842,application/pdf
Well_technical_data\Daily Drilling report - PDF Version\15_9_F_11_T2_2013_05_14.pdf,15_9_F_11_T2_2013_05_14.pdf,.pdf,33488,2026-09-12T03:02:21.285254,application/pdf
Well_technical_data\Daily Drilling report - PDF Version\15_9_F_11_T2_2013_05_15.pdf,15_9_F_11_T2_2013_05_15.pdf,.pdf,31301,2026-09-12T03:02:24.705626,application/pdf
Well_technical_data\Daily Drilling report - PDF Version\15_9_F_12_2007_06_14.pdf,15_9_F_12_2007_06_14.pdf,.pdf,24899,2026-09-12T03:02:28.288537,application/pdf
Well_technical_data\Daily Drilling report - PDF Version\15_9_F_12_2007_06_15.pdf,15_9_F_12_2007_06_15.pdf,.pdf,31034,2026-09-12T03:02:31.670158,application/pdf
Well_technical_data\Daily Drilling report - PDF Version\15_9_F_12_2007_06_16.pdf,15_9_F_12_2007_06_16.pdf,.pdf,35522,2026-09-12T03:02:35.183017,application/pdf
Well_technical_data\Daily Drilling report - PDF Version\15_9_F_12_2007_06_17.pdf,15_9_F_12_2007_06_17.pdf,.pdf,36364,2026-09-12T03:02:38.558354,application/pdf
Well_technical_data\Daily Drilling report - PDF Version\15_9_F_12_2007_06_18.pdf,15_9_F_12_2007_06_18.pdf,.pdf,37985,2026-09-12T03:02:42.025257,application/pdf
Well_technical_data\Daily Drilling report - PDF Version\15_9_F_12_2007_06_19.pdf,15_9_F_12_2007_06_19.pdf,.pdf,33119,2026-09-12T03:02:45.937846,application/pdf
Well_technical_data\Daily Drilling report - PDF Version\15_9_F_12_2007_06_20.pdf,15_9_F_12_2007_06_20.pdf,.pdf,32635,2026-09-12T03:02:49.839962,application/pdf
Well_technical_data\Daily Drilling report - PDF Version\15_9_F_12_2007_06_21.pdf,15_9_F_12_2007_06_21.pdf,.pdf,31961,2026-09-12T03:02:53.435979,application/pdf
Well_technical_data\Daily Drilling report - PDF Version\15_9_F_12_2007_06_22.pdf,15_9_F_12_2007_06_22.pdf,.pdf,35309,2026-09-12T03:02:56.915347,application/pdf
Well_technical_data\Daily Drilling report - PDF Version\15_9_F_12_2007_06_23.pdf,15_9_F_12_2007_06_23.pdf,.pdf,34282,2026-09-12T03:03:00.524556,application/pdf
Well_technical_data\Daily Drilling report - PDF Version\15_9_F_12_2007_06_24.pdf,15_9_F_12_2007_06_24.pdf,.pdf,30905,2026-09-12T03:03:03.798087,application/pdf
Well_technical_data\Daily Drilling report - PDF Version\15_9_F_12_2007_06_25.pdf,15_9_F_12_2007_06_25.pdf,.pdf,29984,2026-09-12T03:03:08.013174,application/pdf
Well_technical_data\Daily Drilling report - PDF Version\15_9_F_12_2007_06_26.pdf,15_9_F_12_2007_06_26.pdf,.pdf,35382,2026-09-12T03:03:11.778185,application/pdf
Well_technical_data\Daily Drilling report - PDF Version\15_9_F_12_2007_06_27.pdf,15_9_F_12_2007_06_27.pdf,.pdf,33465,2026-09-12T03:03:15.253083,application/pdf
Well_technical_data\Daily Drilling report - PDF Version\15_9_F_12_2007_06_28.pdf,15_9_F_12_2007_06_28.pdf,.pdf,38115,2026-09-12T03:03:18.671422,application/pdf
Well_technical_data\Daily Drilling report - PDF Version\15_9_F_12_2007_06_29.pdf,15_9_F_12_2007_06_29.pdf,.pdf,36849,2026-09-12T03:03:21.904252,application/pdf
Well_technical_data\Daily Drilling report - PDF Version\15_9_F_12_2007_06_30.pdf,15_9_F_12_2007_06_30.pdf,.pdf,40667,2026-09-12T03:03:25.454613,application/pdf
Well_technical_data\Daily Drilling report - PDF Version\15_9_F_12_2007_07_01.pdf,15_9_F_12_2007_07_01.pdf,.pdf,36456,2026-09-12T03:03:29.174150,application/pdf
Well_technical_data\Daily Drilling report - PDF Version\15_9_F_12_2007_07_02.pdf,15_9_F_12_2007_07_02.pdf,.pdf,34146,2026-09-12T03:03:32.837634,application/pdf
Well_technical_data\Daily Drilling report - PDF Version\15_9_F_12_2007_07_03.pdf,15_9_F_12_2007_07_03.pdf,.pdf,30691,2026-09-12T03:03:36.191727,application/pdf
Well_technical_data\Daily Drilling report - PDF Version\15_9_F_12_2007_07_04.pdf,15_9_F_12_2007_07_04.pdf,.pdf,31864,2026-09-12T03:03:39.680598,application/pdf
Well_technical_data\Daily Drilling report - PDF Version\15_9_F_12_2007_07_05.pdf,15_9_F_12_2007_07_05.pdf,.pdf,33061,2026-09-12T03:03:43.206561,application/pdf
Well_technical_data\Daily Drilling report - PDF Version\15_9_F_12_2007_07_06.pdf,15_9_F_12_2007_07_06.pdf,.pdf,33217,2026-09-12T03:03:46.451164,application/pdf
Well_technical_data\Daily Drilling report - PDF Version\15_9_F_12_2007_07_07.pdf,15_9_F_12_2007_07_07.pdf,.pdf,33309,2026-09-12T03:03:49.973720,application/pdf
Well_technical_data\Daily Drilling report - PDF Version\15_9_F_12_2007_07_08.pdf,15_9_F_12_2007_07_08.pdf,.pdf,32913,2026-09-12T03:03:53.443373,application/pdf
Well_technical_data\Daily Drilling report - PDF Version\15_9_F_12_2007_07_09.pdf,15_9_F_12_2007_07_09.pdf,.pdf,33021,2026-09-12T03:03:56.938101,application/pdf
Well_technical_data\Daily Drilling report - PDF Version\15_9_F_12_2007_07_10.pdf,15_9_F_12_2007_07_10.pdf,.pdf,32015,2026-09-12T03:04:00.461932,application/pdf
Well_technical_data\Daily Drilling report - PDF Version\15_9_F_12_2007_07_11.pdf,15_9_F_12_2007_07_11.pdf,.pdf,32895,2026-09-12T03:04:04.105156,application/pdf
Well_technical_data\Daily Drilling report - PDF Version\15_9_F_12_2007_07_12.pdf,15_9_F_12_2007_07_12.pdf,.pdf,33456,2026-09-12T03:04:07.365254,application/pdf
Well_technical_data\Daily Drilling report - PDF Version\15_9_F_12_2007_07_13.pdf,15_9_F_12_2007_07_13.pdf,.pdf,32477,2026-09-12T03:04:10.454233,application/pdf
Well_technical_data\Daily Drilling report - PDF Version\15_9_F_12_2007_07_14.pdf,15_9_F_12_2007_07_14.pdf,.pdf,34351,2026-09-12T03:04:13.872813,application/pdf
Well_technical_data\Daily Drilling report - PDF Version\15_9_F_12_2007_07_15.pdf,15_9_F_12_2007_07_15.pdf,.pdf,35901,2026-09-12T03:04:17.393639,application/pdf
Well_technical_data\Daily Drilling report - PDF Version\15_9_F_12_2007_07_16.pdf,15_9_F_12_2007_07_16.pdf,.pdf,34008,2026-09-12T03:04:20.844728,application/pdf
Well_technical_data\Daily Drilling report - PDF Version\15_9_F_12_2007_07_17.pdf,15_9_F_12_2007_07_17.pdf,.pdf,31958,2026-09-12T03:04:24.060673,application/pdf
Well_technical_data\Daily Drilling report - PDF Version\15_9_F_12_2007_07_18.pdf,15_9_F_12_2007_07_18.pdf,.pdf,33981,2026-09-12T03:04:27.573827,application/pdf
Well_technical_data\Daily Drilling report - PDF Version\15_9_F_12_2007_07_19.pdf,15_9_F_12_2007_07_19.pdf,.pdf,31745,2026-09-12T03:04:31.186845,application/pdf
Well_technical_data\Daily Drilling report - PDF Version\15_9_F_12_2007_07_20.pdf,15_9_F_12_2007_07_20.pdf,.pdf,37856,2026-09-12T03:04:34.437227,application/pdf
Well_technical_data\Daily Drilling report - PDF Version\15_9_F_12_2007_07_21.pdf,15_9_F_12_2007_07_21.pdf,.pdf,35825,2026-09-12T03:04:38.154272,application/pdf
Well_technical_data\Daily Drilling report - PDF Version\15_9_F_12_2007_07_22.pdf,15_9_F_12_2007_07_22.pdf,.pdf,38569,2026-09-12T03:04:41.590396,application/pdf
Well_technical_data\Daily Drilling report - PDF Version\15_9_F_12_2007_07_23.pdf,15_9_F_12_2007_07_23.pdf,.pdf,37732,2026-09-12T03:04:45.216949,application/pdf
Well_technical_data\Daily Drilling report - PDF Version\15_9_F_12_2007_07_24.pdf,15_9_F_12_2007_07_24.pdf,.pdf,34397,2026-09-12T03:04:48.699988,application/pdf
Well_technical_data\Daily Drilling report - PDF Version\15_9_F_12_2007_07_25.pdf,15_9_F_12_2007_07_25.pdf,.pdf,37249,2026-09-12T03:04:52.397085,application/pdf
Well_technical_data\Daily Drilling report - PDF Version\15_9_F_12_2007_07_26.pdf,15_9_F_12_2007_07_26.pdf,.pdf,35775,2026-09-12T03:04:55.409809,application/pdf
Well_technical_data\Daily Drilling report - PDF Version\15_9_F_12_2007_07_27.pdf,15_9_F_12_2007_07_27.pdf,.pdf,36466,2026-09-12T03:04:58.997569,application/pdf
Well_technical_data\Daily Drilling report - PDF Version\15_9_F_12_2007_07_28.pdf,15_9_F_12_2007_07_28.pdf,.pdf,33225,2026-09-12T03:05:02.340382,application/pdf
Well_technical_data\Daily Drilling report - PDF Version\15_9_F_12_2007_07_29.pdf,15_9_F_12_2007_07_29.pdf,.pdf,37533,2026-09-12T03:05:05.657933,application/pdf
Well_technical_data\Daily Drilling report - PDF Version\15_9_F_12_2007_07_30.pdf,15_9_F_12_2007_07_30.pdf,.pdf,36930,2026-09-12T03:05:09.097345,application/pdf
Well_technical_data\Daily Drilling report - PDF Version\15_9_F_12_2007_07_31.pdf,15_9_F_12_2007_07_31.pdf,.pdf,38369,2026-09-12T03:05:12.349904,application/pdf
Well_technical_data\Daily Drilling report - PDF Version\15_9_F_12_2007_08_01.pdf,15_9_F_12_2007_08_01.pdf,.pdf,36652,2026-09-12T03:05:15.746813,application/pdf
Well_technical_data\Daily Drilling report - PDF Version\15_9_F_12_2007_08_02.pdf,15_9_F_12_2007_08_02.pdf,.pdf,35023,2026-09-12T03:05:19.333797,application/pdf
Well_technical_data\Daily Drilling report - PDF Version\15_9_F_12_2007_08_03.pdf,15_9_F_12_2007_08_03.pdf,.pdf,29974,2026-09-12T03:05:23.203863,application/pdf
Well_technical_data\Daily Drilling report - PDF Version\15_9_F_12_2007_08_04.pdf,15_9_F_12_2007_08_04.pdf,.pdf,30912,2026-09-12T03:05:26.618011,application/pdf
Well_technical_data\Daily Drilling report - PDF Version\15_9_F_12_2007_08_05.pdf,15_9_F_12_2007_08_05.pdf,.pdf,32968,2026-09-12T03:05:29.944194,application/pdf
Well_technical_data\Daily Drilling report - PDF Version\15_9_F_12_2007_08_06.pdf,15_9_F_12_2007_08_06.pdf,.pdf,33264,2026-09-12T03:05:33.086179,application/pdf
Well_technical_data\Daily Drilling report - PDF Version\15_9_F_12_2007_08_07.pdf,15_9_F_12_2007_08_07.pdf,.pdf,32538,2026-09-12T03:05:36.423081,application/pdf
Well_technical_data\Daily Drilling report - PDF Version\15_9_F_12_2007_08_08.pdf,15_9_F_12_2007_08_08.pdf,.pdf,31324,2026-09-12T03:05:40.424895,application/pdf
Well_technical_data\Daily Drilling report - PDF Version\15_9_F_12_2007_08_09.pdf,15_9_F_12_2007_08_09.pdf,.pdf,33642,2026-09-12T03:05:44.123163,application/pdf
Well_technical_data\Daily Drilling report - PDF Version\15_9_F_12_2007_08_10.pdf,15_9_F_12_2007_08_10.pdf,.pdf,32990,2026-09-12T03:05:47.846203,application/pdf
Well_technical_data\Daily Drilling report - PDF Version\15_9_F_12_2007_08_11.pdf,15_9_F_12_2007_08_11.pdf,.pdf,30391,2026-09-12T03:05:50.969919,application/pdf
Well_technical_data\Daily Drilling report - PDF Version\15_9_F_12_2007_08_12.pdf,15_9_F_12_2007_08_12.pdf,.pdf,36074,2026-09-12T03:05:54.499137,application/pdf
Well_technical_data\Daily Drilling report - PDF Version\15_9_F_12_2007_08_13.pdf,15_9_F_12_2007_08_13.pdf,.pdf,36231,2026-09-12T03:05:58.037218,application/pdf
Well_technical_data\Daily Drilling report - PDF Version\15_9_F_12_2007_08_14.pdf,15_9_F_12_2007_08_14.pdf,.pdf,35878,2026-09-12T03:06:01.679400,application/pdf
Well_technical_data\Daily Drilling report - PDF Version\15_9_F_12_2007_08_15.pdf,15_9_F_12_2007_08_15.pdf,.pdf,35927,2026-09-12T03:06:05.141338,application/pdf
Well_technical_data\Daily Drilling report - PDF Version\15_9_F_12_2007_08_16.pdf,15_9_F_12_2007_08_16.pdf,.pdf,33859,2026-09-12T03:06:08.786681,application/pdf
Well_technical_data\Daily Drilling report - PDF Version\15_9_F_12_2007_08_17.pdf,15_9_F_12_2007_08_17.pdf,.pdf,37734,2026-09-12T03:06:12.163360,application/pdf
Well_technical_data\Daily Drilling report - PDF Version\15_9_F_12_2007_08_18.pdf,15_9_F_12_2007_08_18.pdf,.pdf,34240,2026-09-12T03:06:15.647635,application/pdf
Well_technical_data\Daily Drilling report - PDF Version\15_9_F_12_2007_08_19.pdf,15_9_F_12_2007_08_19.pdf,.pdf,31465,2026-09-12T03:06:19.208033,application/pdf
Well_technical_data\Daily Drilling report - PDF Version\15_9_F_12_2007_08_20.pdf,15_9_F_12_2007_08_20.pdf,.pdf,36758,2026-09-12T03:06:22.373780,application/pdf
Well_technical_data\Daily Drilling report - PDF Version\15_9_F_12_2007_08_21.pdf,15_9_F_12_2007_08_21.pdf,.pdf,33888,2026-09-12T03:06:25.737039,application/pdf
Well_technical_data\Daily Drilling report - PDF Version\15_9_F_12_2007_08_22.pdf,15_9_F_12_2007_08_22.pdf,.pdf,34119,2026-09-12T03:06:29.098771,application/pdf
Well_technical_data\Daily Drilling report - PDF Version\15_9_F_12_2007_08_23.pdf,15_9_F_12_2007_08_23.pdf,.pdf,36383,2026-09-12T03:06:32.640797,application/pdf
Well_technical_data\Daily Drilling report - PDF Version\15_9_F_12_2007_08_24.pdf,15_9_F_12_2007_08_24.pdf,.pdf,38642,2026-09-12T03:06:36.300435,application/pdf
Well_technical_data\Daily Drilling report - PDF Version\15_9_F_12_2007_08_25.pdf,15_9_F_12_2007_08_25.pdf,.pdf,36241,2026-09-12T03:06:40.093029,application/pdf
Well_technical_data\Daily Drilling report - PDF Version\15_9_F_12_2007_08_26.pdf,15_9_F_12_2007_08_26.pdf,.pdf,34527,2026-09-12T03:06:43.827267,application/pdf
Well_technical_data\Daily Drilling report - PDF Version\15_9_F_12_2007_08_27.pdf,15_9_F_12_2007_08_27.pdf,.pdf,34401,2026-09-12T03:06:47.249892,application/pdf
Well_technical_data\Daily Drilling report - PDF Version\15_9_F_12_2007_08_28.pdf,15_9_F_12_2007_08_28.pdf,.pdf,36043,2026-09-12T03:06:50.714445,application/pdf
Well_technical_data\Daily Drilling report - PDF Version\15_9_F_12_2007_08_29.pdf,15_9_F_12_2007_08_29.pdf,.pdf,35037,2026-09-12T03:06:54.810470,application/pdf
Well_technical_data\Daily Drilling report - PDF Version\15_9_F_12_2007_08_30.pdf,15_9_F_12_2007_08_30.pdf,.pdf,32490,2026-09-12T03:06:58.540986,application/pdf
Well_technical_data\Daily Drilling report - PDF Version\15_9_F_12_2007_08_31.pdf,15_9_F_12_2007_08_31.pdf,.pdf,35950,2026-09-12T03:07:02.123592,application/pdf
Well_technical_data\Daily Drilling report - PDF Version\15_9_F_12_2007_09_01.pdf,15_9_F_12_2007_09_01.pdf,.pdf,31488,2026-09-12T03:07:06.266096,application/pdf
Well_technical_data\Daily Drilling report - PDF Version\15_9_F_12_2007_09_02.pdf,15_9_F_12_2007_09_02.pdf,.pdf,31416,2026-09-12T03:07:09.830567,application/pdf
Well_technical_data\Daily Drilling report - PDF Version\15_9_F_12_2007_09_03.pdf,15_9_F_12_2007_09_03.pdf,.pdf,34831,2026-09-12T03:07:13.258035,application/pdf
Well_technical_data\Daily Drilling report - PDF Version\15_9_F_12_2007_09_04.pdf,15_9_F_12_2007_09_04.pdf,.pdf,31521,2026-09-12T03:07:16.643116,application/pdf
Well_technical_data\Daily Drilling report - PDF Version\15_9_F_12_2007_09_05.pdf,15_9_F_12_2007_09_05.pdf,.pdf,30827,2026-09-12T03:07:20.247427,application/pdf
Well_technical_data\Daily Drilling report - PDF Version\15_9_F_12_2007_09_06.pdf,15_9_F_12_2007_09_06.pdf,.pdf,33671,2026-09-12T03:07:23.790254,application/pdf
Well_technical_data\Daily Drilling report - PDF Version\15_9_F_12_2007_09_07.pdf,15_9_F_12_2007_09_07.pdf,.pdf,32708,2026-09-12T03:07:27.403131,application/pdf
Well_technical_data\Daily Drilling report - PDF Version\15_9_F_12_2007_09_08.pdf,15_9_F_12_2007_09_08.pdf,.pdf,31689,2026-09-12T03:07:30.710581,application/pdf
Well_technical_data\Daily Drilling report - PDF Version\15_9_F_12_2007_09_09.pdf,15_9_F_12_2007_09_09.pdf,.pdf,33823,2026-09-12T03:07:34.080059,application/pdf
Well_technical_data\Daily Drilling report - PDF Version\15_9_F_12_2007_09_10.pdf,15_9_F_12_2007_09_10.pdf,.pdf,32003,2026-09-12T03:07:37.254810,application/pdf
Well_technical_data\Daily Drilling report - PDF Version\15_9_F_12_2007_09_11.pdf,15_9_F_12_2007_09_11.pdf,.pdf,32609,2026-09-12T03:07:41.123547,application/pdf
Well_technical_data\Daily Drilling report - PDF Version\15_9_F_12_2007_09_12.pdf,15_9_F_12_2007_09_12.pdf,.pdf,32337,2026-09-12T03:07:44.912916,application/pdf
Well_technical_data\Daily Drilling report - PDF Version\15_9_F_12_2007_09_13.pdf,15_9_F_12_2007_09_13.pdf,.pdf,33138,2026-09-12T03:07:48.745307,application/pdf
Well_technical_data\Daily Drilling report - PDF Version\15_9_F_12_2007_09_14.pdf,15_9_F_12_2007_09_14.pdf,.pdf,33362,2026-09-12T03:07:52.163255,application/pdf
Well_technical_data\Daily Drilling report - PDF Version\15_9_F_12_2007_09_15.pdf,15_9_F_12_2007_09_15.pdf,.pdf,32481,2026-09-12T03:07:55.495769,application/pdf
Well_technical_data\Daily Drilling report - PDF Version\15_9_F_12_2007_10_12.pdf,15_9_F_12_2007_10_12.pdf,.pdf,24403,2026-09-12T03:07:58.561602,application/pdf
Well_technical_data\Daily Drilling report - PDF Version\15_9_F_12_2007_12_31.pdf,15_9_F_12_2007_12_31.pdf,.pdf,30934,2026-09-12T03:08:02.218219,application/pdf
Well_technical_data\Daily Drilling report - PDF Version\15_9_F_12_2008_01_01.pdf,15_9_F_12_2008_01_01.pdf,.pdf,34756,2026-09-12T03:08:05.845506,application/pdf
Well_technical_data\Daily Drilling report - PDF Version\15_9_F_12_2008_01_02.pdf,15_9_F_12_2008_01_02.pdf,.pdf,37041,2026-09-12T03:08:09.978438,application/pdf
Well_technical_data\Daily Drilling report - PDF Version\15_9_F_12_2008_01_03.pdf,15_9_F_12_2008_01_03.pdf,.pdf,36394,2026-09-12T03:08:13.874622,application/pdf
Well_technical_data\Daily Drilling report - PDF Version\15_9_F_12_2008_01_04.pdf,15_9_F_12_2008_01_04.pdf,.pdf,34840,2026-09-12T03:08:17.211095,application/pdf
Well_technical_data\Daily Drilling report - PDF Version\15_9_F_12_2008_01_05.pdf,15_9_F_12_2008_01_05.pdf,.pdf,31932,2026-09-12T03:08:20.549891,application/pdf
Well_technical_data\Daily Drilling report - PDF Version\15_9_F_12_2008_01_06.pdf,15_9_F_12_2008_01_06.pdf,.pdf,31532,2026-09-12T03:08:24.236288,application/pdf
Well_technical_data\Daily Drilling report - PDF Version\15_9_F_12_2008_01_07.pdf,15_9_F_12_2008_01_07.pdf,.pdf,31863,2026-09-12T03:08:27.422272,application/pdf
Well_technical_data\Daily Drilling report - PDF Version\15_9_F_12_2008_01_08.pdf,15_9_F_12_2008_01_08.pdf,.pdf,30648,2026-09-12T03:08:30.904947,application/pdf
Well_technical_data\Daily Drilling report - PDF Version\15_9_F_12_2008_01_09.pdf,15_9_F_12_2008_01_09.pdf,.pdf,31303,2026-09-12T03:08:34.832931,application/pdf
Well_technical_data\Daily Drilling report - PDF Version\15_9_F_12_2008_01_10.pdf,15_9_F_12_2008_01_10.pdf,.pdf,29770,2026-09-12T03:08:38.715808,application/pdf
Well_technical_data\Daily Drilling report - PDF Version\15_9_F_12_2008_01_11.pdf,15_9_F_12_2008_01_11.pdf,.pdf,28017,2026-09-12T03:08:43.449965,application/pdf
Well_technical_data\Daily Drilling report - PDF Version\15_9_F_12_2008_01_12.pdf,15_9_F_12_2008_01_12.pdf,.pdf,34101,2026-09-12T03:08:46.898149,application/pdf
Well_technical_data\Daily Drilling report - PDF Version\15_9_F_12_2008_01_13.pdf,15_9_F_12_2008_01_13.pdf,.pdf,35422,2026-09-12T03:08:50.043672,application/pdf
Well_technical_data\Daily Drilling report - PDF Version\15_9_F_12_2008_01_14.pdf,15_9_F_12_2008_01_14.pdf,.pdf,36343,2026-09-12T03:08:53.364676,application/pdf
Well_technical_data\Daily Drilling report - PDF Version\15_9_F_12_2008_01_15.pdf,15_9_F_12_2008_01_15.pdf,.pdf,37044,2026-09-12T03:08:56.714734,application/pdf
Well_technical_data\Daily Drilling report - PDF Version\15_9_F_12_2008_01_16.pdf,15_9_F_12_2008_01_16.pdf,.pdf,33931,2026-09-12T03:09:00.027871,application/pdf
Well_technical_data\Daily Drilling report - PDF Version\15_9_F_12_2008_01_17.pdf,15_9_F_12_2008_01_17.pdf,.pdf,31860,2026-09-12T03:09:03.333761,application/pdf
Well_technical_data\Daily Drilling report - PDF Version\15_9_F_12_2008_01_18.pdf,15_9_F_12_2008_01_18.pdf,.pdf,33201,2026-09-12T03:09:06.782612,application/pdf
Well_technical_data\Daily Drilling report - PDF Version\15_9_F_12_2008_01_19.pdf,15_9_F_12_2008_01_19.pdf,.pdf,30118,2026-09-12T03:09:09.912554,application/pdf
Well_technical_data\Daily Drilling report - PDF Version\15_9_F_12_2008_01_20.pdf,15_9_F_12_2008_01_20.pdf,.pdf,33626,2026-09-12T03:09:13.574846,application/pdf
Well_technical_data\Daily Drilling report - PDF Version\15_9_F_12_2008_01_21.pdf,15_9_F_12_2008_01_21.pdf,.pdf,30204,2026-09-12T03:09:17.294095,application/pdf
Well_technical_data\Daily Drilling report - PDF Version\15_9_F_12_2008_01_22.pdf,15_9_F_12_2008_01_22.pdf,.pdf,31847,2026-09-12T03:09:21.061468,application/pdf
Well_technical_data\Daily Drilling report - PDF Version\15_9_F_12_2008_01_23.pdf,15_9_F_12_2008_01_23.pdf,.pdf,33072,2026-09-12T03:09:24.399261,application/pdf
Well_technical_data\Daily Drilling report - PDF Version\15_9_F_12_2008_01_24.pdf,15_9_F_12_2008_01_24.pdf,.pdf,32539,2026-09-12T03:09:27.900137,application/pdf
Well_technical_data\Daily Drilling report - PDF Version\15_9_F_12_2008_01_25.pdf,15_9_F_12_2008_01_25.pdf,.pdf,32385,2026-09-12T03:09:31.339493,application/pdf
Well_technical_data\Daily Drilling report - PDF Version\15_9_F_12_2008_01_26.pdf,15_9_F_12_2008_01_26.pdf,.pdf,31655,2026-09-12T03:09:34.762915,application/pdf
Well_technical_data\Daily Drilling report - PDF Version\15_9_F_12_2008_01_27.pdf,15_9_F_12_2008_01_27.pdf,.pdf,30135,2026-09-12T03:09:38.094980,application/pdf
Well_technical_data\Daily Drilling report - PDF Version\15_9_F_12_2008_01_28.pdf,15_9_F_12_2008_01_28.pdf,.pdf,30201,2026-09-12T03:09:41.781096,application/pdf
Well_technical_data\Daily Drilling report - PDF Version\15_9_F_12_2008_01_29.pdf,15_9_F_12_2008_01_29.pdf,.pdf,32587,2026-09-12T03:09:45.283703,application/pdf
Well_technical_data\Daily Drilling report - PDF Version\15_9_F_12_2008_01_30.pdf,15_9_F_12_2008_01_30.pdf,.pdf,33518,2026-09-12T03:09:48.454508,application/pdf
Well_technical_data\Daily Drilling report - PDF Version\15_9_F_12_2008_01_31.pdf,15_9_F_12_2008_01_31.pdf,.pdf,35522,2026-09-12T03:09:52.080954,application/pdf
Well_technical_data\Daily Drilling report - PDF Version\15_9_F_12_2008_02_01.pdf,15_9_F_12_2008_02_01.pdf,.pdf,33268,2026-09-12T03:09:56.002146,application/pdf
Well_technical_data\Daily Drilling report - PDF Version\15_9_F_12_2008_02_02.pdf,15_9_F_12_2008_02_02.pdf,.pdf,35293,2026-09-12T03:09:59.430581,application/pdf
Well_technical_data\Daily Drilling report - PDF Version\15_9_F_12_2008_02_03.pdf,15_9_F_12_2008_02_03.pdf,.pdf,33344,2026-09-12T03:10:02.912066,application/pdf
Well_technical_data\Daily Drilling report - PDF Version\15_9_F_12_2008_02_04.pdf,15_9_F_12_2008_02_04.pdf,.pdf,31238,2026-09-12T03:10:06.534048,application/pdf
Well_technical_data\Daily Drilling report - PDF Version\15_9_F_12_2008_02_05.pdf,15_9_F_12_2008_02_05.pdf,.pdf,32641,2026-09-12T03:10:10.160013,application/pdf
Well_technical_data\Daily Drilling report - PDF Version\15_9_F_12_2008_02_12.pdf,15_9_F_12_2008_02_12.pdf,.pdf,33521,2026-09-12T03:10:13.159996,application/pdf
Well_technical_data\Daily Drilling report - PDF Version\15_9_F_12_2009_03_14.pdf,15_9_F_12_2009_03_14.pdf,.pdf,28391,2026-09-12T03:10:16.391563,application/pdf
Well_technical_data\Daily Drilling report - PDF Version\15_9_F_12_2009_03_15.pdf,15_9_F_12_2009_03_15.pdf,.pdf,35553,2026-09-12T03:10:19.816612,application/pdf
Well_technical_data\Daily Drilling report - PDF Version\15_9_F_12_2009_03_16.pdf,15_9_F_12_2009_03_16.pdf,.pdf,34555,2026-09-12T03:10:23.566443,application/pdf
Well_technical_data\Daily Drilling report - PDF Version\15_9_F_12_2009_03_17.pdf,15_9_F_12_2009_03_17.pdf,.pdf,34454,2026-09-12T03:10:27.156532,application/pdf
Well_technical_data\Daily Drilling report - PDF Version\15_9_F_12_2009_03_18.pdf,15_9_F_12_2009_03_18.pdf,.pdf,32696,2026-09-12T03:10:30.183753,application/pdf
Well_technical_data\Daily Drilling report - PDF Version\15_9_F_12_2010_09_21.pdf,15_9_F_12_2010_09_21.pdf,.pdf,25493,2026-09-12T03:10:33.255208,application/pdf
Well_technical_data\Daily Drilling report - PDF Version\15_9_F_12_2010_09_22.pdf,15_9_F_12_2010_09_22.pdf,.pdf,29136,2026-09-12T03:10:36.628942,application/pdf
Well_technical_data\Daily Drilling report - PDF Version\15_9_F_12_2010_09_23.pdf,15_9_F_12_2010_09_23.pdf,.pdf,28571,2026-09-12T03:10:40.597334,application/pdf
Well_technical_data\Daily Drilling report - PDF Version\15_9_F_12_2010_09_24.pdf,15_9_F_12_2010_09_24.pdf,.pdf,28086,2026-09-12T03:10:43.983593,application/pdf
Well_technical_data\Daily Drilling report - PDF Version\15_9_F_12_2014_11_23.pdf,15_9_F_12_2014_11_23.pdf,.pdf,23919,2026-09-12T03:10:47.452161,application/pdf
Well_technical_data\Daily Drilling report - PDF Version\15_9_F_12_2014_11_24.pdf,15_9_F_12_2014_11_24.pdf,.pdf,26294,2026-09-12T03:10:51.103660,application/pdf
Well_technical_data\Daily Drilling report - PDF Version\15_9_F_12_2014_11_25.pdf,15_9_F_12_2014_11_25.pdf,.pdf,28078,2026-09-12T03:10:54.347031,application/pdf
Well_technical_data\Daily Drilling report - PDF Version\15_9_F_12_2014_11_26.pdf,15_9_F_12_2014_11_26.pdf,.pdf,31313,2026-09-12T03:10:57.488433,application/pdf
Well_technical_data\Daily Drilling report - PDF Version\15_9_F_12_2014_11_27.pdf,15_9_F_12_2014_11_27.pdf,.pdf,31719,2026-09-12T03:11:01.112624,application/pdf
Well_technical_data\Daily Drilling report - PDF Version\15_9_F_12_2014_11_28.pdf,15_9_F_12_2014_11_28.pdf,.pdf,28154,2026-09-12T03:11:04.453223,application/pdf
Well_technical_data\Daily Drilling report - PDF Version\15_9_F_12_2016_08_15.pdf,15_9_F_12_2016_08_15.pdf,.pdf,25399,2026-09-12T03:11:07.506867,application/pdf
Well_technical_data\Daily Drilling report - PDF Version\15_9_F_12_2016_08_16.pdf,15_9_F_12_2016_08_16.pdf,.pdf,32552,2026-09-12T03:11:11.008447,application/pdf
Well_technical_data\Daily Drilling report - PDF Version\15_9_F_12_2016_08_17.pdf,15_9_F_12_2016_08_17.pdf,.pdf,34077,2026-09-12T03:11:14.766533,application/pdf
Well_technical_data\Daily Drilling report - PDF Version\15_9_F_12_2016_08_18.pdf,15_9_F_12_2016_08_18.pdf,.pdf,36772,2026-09-12T03:11:18.276157,application/pdf
Well_technical_data\Daily Drilling report - PDF Version\15_9_F_12_2016_08_19.pdf,15_9_F_12_2016_08_19.pdf,.pdf,34216,2026-09-12T03:11:21.441850,application/pdf
Well_technical_data\Daily Drilling report - PDF Version\15_9_F_12_2016_08_20.pdf,15_9_F_12_2016_08_20.pdf,.pdf,35453,2026-09-12T03:11:25.034636,application/pdf
Well_technical_data\Daily Drilling report - PDF Version\15_9_F_12_2016_08_21.pdf,15_9_F_12_2016_08_21.pdf,.pdf,38875,2026-09-12T03:11:28.459492,application/pdf
Well_technical_data\Daily Drilling report - PDF Version\15_9_F_12_2016_08_22.pdf,15_9_F_12_2016_08_22.pdf,.pdf,36721,2026-09-12T03:11:31.763920,application/pdf
Well_technical_data\Daily Drilling report - PDF Version\15_9_F_12_2016_08_23.pdf,15_9_F_12_2016_08_23.pdf,.pdf,33476,2026-09-12T03:11:35.287570,application/pdf
Well_technical_data\Daily Drilling report - PDF Version\15_9_F_12_2016_08_24.pdf,15_9_F_12_2016_08_24.pdf,.pdf,34386,2026-09-12T03:11:39.125091,application/pdf
Well_technical_data\Daily Drilling report - PDF Version\15_9_F_12_2016_08_25.pdf,15_9_F_12_2016_08_25.pdf,.pdf,31906,2026-09-12T03:11:42.794209,application/pdf
Well_technical_data\Daily Drilling report - PDF Version\15_9_F_12_2016_08_26.pdf,15_9_F_12_2016_08_26.pdf,.pdf,33701,2026-09-12T03:11:46.347775,application/pdf
Well_technical_data\Daily Drilling report - PDF Version\15_9_F_12_2016_08_27.pdf,15_9_F_12_2016_08_27.pdf,.pdf,36180,2026-09-12T03:11:49.706889,application/pdf
Well_technical_data\Daily Drilling report - PDF Version\15_9_F_12_2016_08_28.pdf,15_9_F_12_2016_08_28.pdf,.pdf,29696,2026-09-12T03:11:53.598947,application/pdf
Well_technical_data\Daily Drilling report - PDF Version\15_9_F_12_2016_08_29.pdf,15_9_F_12_2016_08_29.pdf,.pdf,29535,2026-09-12T03:11:57.082255,application/pdf
Well_technical_data\Daily Drilling report - PDF Version\15_9_F_12_2016_10_20.pdf,15_9_F_12_2016_10_20.pdf,.pdf,29664,2026-09-12T03:12:00.803990,application/pdf
Well_technical_data\Daily Drilling report - PDF Version\15_9_F_12_2016_10_21.pdf,15_9_F_12_2016_10_21.pdf,.pdf,27162,2026-09-12T03:12:04.418256,application/pdf
Well_technical_data\Daily Drilling report - PDF Version\15_9_F_14_2007_11_06.pdf,15_9_F_14_2007_11_06.pdf,.pdf,29026,2026-09-12T03:12:07.839674,application/pdf
Well_technical_data\Daily Drilling report - PDF Version\15_9_F_14_2007_11_07.pdf,15_9_F_14_2007_11_07.pdf,.pdf,33386,2026-09-12T03:12:11.551540,application/pdf
Well_technical_data\Daily Drilling report - PDF Version\15_9_F_14_2007_11_08.pdf,15_9_F_14_2007_11_08.pdf,.pdf,34839,2026-09-12T03:12:14.933405,application/pdf
Well_technical_data\Daily Drilling report - PDF Version\15_9_F_14_2007_11_09.pdf,15_9_F_14_2007_11_09.pdf,.pdf,31700,2026-09-12T03:12:18.624062,application/pdf
Well_technical_data\Daily Drilling report - PDF Version\15_9_F_14_2007_11_10.pdf,15_9_F_14_2007_11_10.pdf,.pdf,28613,2026-09-12T03:12:22.254487,application/pdf
Well_technical_data\Daily Drilling report - PDF Version\15_9_F_14_2007_11_11.pdf,15_9_F_14_2007_11_11.pdf,.pdf,30672,2026-09-12T03:12:25.905285,application/pdf
Well_technical_data\Daily Drilling report - PDF Version\15_9_F_14_2007_11_12.pdf,15_9_F_14_2007_11_12.pdf,.pdf,35584,2026-09-12T03:12:29.310485,application/pdf
Well_technical_data\Daily Drilling report - PDF Version\15_9_F_14_2007_11_13.pdf,15_9_F_14_2007_11_13.pdf,.pdf,31832,2026-09-12T03:12:32.143353,application/pdf
Well_technical_data\Daily Drilling report - PDF Version\15_9_F_14_2007_11_14.pdf,15_9_F_14_2007_11_14.pdf,.pdf,34238,2026-09-12T03:12:35.705070,application/pdf
Well_technical_data\Daily Drilling report - PDF Version\15_9_F_14_2007_11_15.pdf,15_9_F_14_2007_11_15.pdf,.pdf,35673,2026-09-12T03:12:38.883355,application/pdf
Well_technical_data\Daily Drilling report - PDF Version\15_9_F_14_2007_11_16.pdf,15_9_F_14_2007_11_16.pdf,.pdf,23328,2026-09-12T03:12:42.646941,application/pdf
Well_technical_data\Daily Drilling report - PDF Version\15_9_F_14_2007_12_04.pdf,15_9_F_14_2007_12_04.pdf,.pdf,25579,2026-09-12T03:12:45.831459,application/pdf
Well_technical_data\Daily Drilling report - PDF Version\15_9_F_14_2007_12_05.pdf,15_9_F_14_2007_12_05.pdf,.pdf,31342,2026-09-12T03:12:49.400104,application/pdf
Well_technical_data\Daily Drilling report - PDF Version\15_9_F_14_2007_12_06.pdf,15_9_F_14_2007_12_06.pdf,.pdf,38841,2026-09-12T03:12:53.152040,application/pdf
Well_technical_data\Daily Drilling report - PDF Version\15_9_F_14_2007_12_07.pdf,15_9_F_14_2007_12_07.pdf,.pdf,33580,2026-09-12T03:12:56.486091,application/pdf
Well_technical_data\Daily Drilling report - PDF Version\15_9_F_14_2007_12_08.pdf,15_9_F_14_2007_12_08.pdf,.pdf,31998,2026-09-12T03:12:59.979678,application/pdf
Well_technical_data\Daily Drilling report - PDF Version\15_9_F_14_2007_12_09.pdf,15_9_F_14_2007_12_09.pdf,.pdf,34619,2026-09-12T03:13:03.541178,application/pdf
Well_technical_data\Daily Drilling report - PDF Version\15_9_F_14_2007_12_10.pdf,15_9_F_14_2007_12_10.pdf,.pdf,32540,2026-09-12T03:13:06.946581,application/pdf
Well_technical_data\Daily Drilling report - PDF Version\15_9_F_14_2007_12_11.pdf,15_9_F_14_2007_12_11.pdf,.pdf,31127,2026-09-12T03:13:10.891289,application/pdf
Well_technical_data\Daily Drilling report - PDF Version\15_9_F_14_2007_12_12.pdf,15_9_F_14_2007_12_12.pdf,.pdf,35451,2026-09-12T03:13:14.832549,application/pdf
Well_technical_data\Daily Drilling report - PDF Version\15_9_F_14_2008_04_27.pdf,15_9_F_14_2008_04_27.pdf,.pdf,30027,2026-09-12T03:13:18.599190,application/pdf
Well_technical_data\Daily Drilling report - PDF Version\15_9_F_14_2008_04_28.pdf,15_9_F_14_2008_04_28.pdf,.pdf,30394,2026-09-12T03:13:21.965928,application/pdf
Well_technical_data\Daily Drilling report - PDF Version\15_9_F_14_2008_04_29.pdf,15_9_F_14_2008_04_29.pdf,.pdf,31897,2026-09-12T03:13:25.599456,application/pdf
Well_technical_data\Daily Drilling report - PDF Version\15_9_F_14_2008_04_30.pdf,15_9_F_14_2008_04_30.pdf,.pdf,32573,2026-09-12T03:13:28.988761,application/pdf
Well_technical_data\Daily Drilling report - PDF Version\15_9_F_14_2008_05_01.pdf,15_9_F_14_2008_05_01.pdf,.pdf,30321,2026-09-12T03:13:32.605818,application/pdf
Well_technical_data\Daily Drilling report - PDF Version\15_9_F_14_2008_05_11.pdf,15_9_F_14_2008_05_11.pdf,.pdf,35528,2026-09-12T03:13:35.673573,application/pdf
Well_technical_data\Daily Drilling report - PDF Version\15_9_F_14_2008_05_12.pdf,15_9_F_14_2008_05_12.pdf,.pdf,38005,2026-09-12T03:13:38.900014,application/pdf
Well_technical_data\Daily Drilling report - PDF Version\15_9_F_14_2008_05_13.pdf,15_9_F_14_2008_05_13.pdf,.pdf,37315,2026-09-12T03:13:42.565785,application/pdf
Well_technical_data\Daily Drilling report - PDF Version\15_9_F_14_2008_05_14.pdf,15_9_F_14_2008_05_14.pdf,.pdf,35831,2026-09-12T03:13:45.929748,application/pdf
Well_technical_data\Daily Drilling report - PDF Version\15_9_F_14_2008_05_15.pdf,15_9_F_14_2008_05_15.pdf,.pdf,39975,2026-09-12T03:13:49.495256,application/pdf
Well_technical_data\Daily Drilling report - PDF Version\15_9_F_14_2008_05_16.pdf,15_9_F_14_2008_05_16.pdf,.pdf,37117,2026-09-12T03:13:53.480186,application/pdf
Well_technical_data\Daily Drilling report - PDF Version\15_9_F_14_2008_05_17.pdf,15_9_F_14_2008_05_17.pdf,.pdf,37132,2026-09-12T03:13:56.716039,application/pdf
Well_technical_data\Daily Drilling report - PDF Version\15_9_F_14_2008_05_18.pdf,15_9_F_14_2008_05_18.pdf,.pdf,31224,2026-09-12T03:14:00.406321,application/pdf
Well_technical_data\Daily Drilling report - PDF Version\15_9_F_14_2008_05_19.pdf,15_9_F_14_2008_05_19.pdf,.pdf,39584,2026-09-12T03:14:03.960044,application/pdf
Well_technical_data\Daily Drilling report - PDF Version\15_9_F_14_2008_05_20.pdf,15_9_F_14_2008_05_20.pdf,.pdf,38797,2026-09-12T03:14:07.326862,application/pdf
Well_technical_data\Daily Drilling report - PDF Version\15_9_F_14_2008_05_21.pdf,15_9_F_14_2008_05_21.pdf,.pdf,34483,2026-09-12T03:14:10.799384,application/pdf
Well_technical_data\Daily Drilling report - PDF Version\15_9_F_14_2008_05_22.pdf,15_9_F_14_2008_05_22.pdf,.pdf,37547,2026-09-12T03:14:14.349140,application/pdf
Well_technical_data\Daily Drilling report - PDF Version\15_9_F_14_2008_05_23.pdf,15_9_F_14_2008_05_23.pdf,.pdf,37530,2026-09-12T03:14:17.483265,application/pdf
Well_technical_data\Daily Drilling report - PDF Version\15_9_F_14_2008_05_24.pdf,15_9_F_14_2008_05_24.pdf,.pdf,35710,2026-09-12T03:14:20.722223,application/pdf
Well_technical_data\Daily Drilling report - PDF Version\15_9_F_14_2008_05_25.pdf,15_9_F_14_2008_05_25.pdf,.pdf,35525,2026-09-12T03:14:24.165313,application/pdf
Well_technical_data\Daily Drilling report - PDF Version\15_9_F_14_2008_05_26.pdf,15_9_F_14_2008_05_26.pdf,.pdf,33450,2026-09-12T03:14:27.733886,application/pdf
Well_technical_data\Daily Drilling report - PDF Version\15_9_F_14_2008_05_27.pdf,15_9_F_14_2008_05_27.pdf,.pdf,35137,2026-09-12T03:14:31.154491,application/pdf
Well_technical_data\Daily Drilling report - PDF Version\15_9_F_14_2008_05_28.pdf,15_9_F_14_2008_05_28.pdf,.pdf,35870,2026-09-12T03:14:34.505047,application/pdf
Well_technical_data\Daily Drilling report - PDF Version\15_9_F_14_2008_05_29.pdf,15_9_F_14_2008_05_29.pdf,.pdf,33700,2026-09-12T03:14:37.875742,application/pdf
Well_technical_data\Daily Drilling report - PDF Version\15_9_F_14_2008_05_30.pdf,15_9_F_14_2008_05_30.pdf,.pdf,35327,2026-09-12T03:14:41.737882,application/pdf
Well_technical_data\Daily Drilling report - PDF Version\15_9_F_14_2008_05_31.pdf,15_9_F_14_2008_05_31.pdf,.pdf,32078,2026-09-12T03:14:45.304004,application/pdf
Well_technical_data\Daily Drilling report - PDF Version\15_9_F_14_2008_06_01.pdf,15_9_F_14_2008_06_01.pdf,.pdf,34745,2026-09-12T03:14:48.495130,application/pdf
Well_technical_data\Daily Drilling report - PDF Version\15_9_F_14_2008_06_02.pdf,15_9_F_14_2008_06_02.pdf,.pdf,33703,2026-09-12T03:14:52.081205,application/pdf
Well_technical_data\Daily Drilling report - PDF Version\15_9_F_14_2008_06_03.pdf,15_9_F_14_2008_06_03.pdf,.pdf,34352,2026-09-12T03:14:55.419358,application/pdf
Well_technical_data\Daily Drilling report - PDF Version\15_9_F_14_2008_06_04.pdf,15_9_F_14_2008_06_04.pdf,.pdf,35009,2026-09-12T03:14:58.586399,application/pdf
Well_technical_data\Daily Drilling report - PDF Version\15_9_F_14_2008_06_05.pdf,15_9_F_14_2008_06_05.pdf,.pdf,33511,2026-09-12T03:15:01.884325,application/pdf
Well_technical_data\Daily Drilling report - PDF Version\15_9_F_14_2008_06_06.pdf,15_9_F_14_2008_06_06.pdf,.pdf,32211,2026-09-12T03:15:05.440446,application/pdf
Well_technical_data\Daily Drilling report - PDF Version\15_9_F_14_2008_06_07.pdf,15_9_F_14_2008_06_07.pdf,.pdf,36334,2026-09-12T03:15:08.758357,application/pdf
Well_technical_data\Daily Drilling report - PDF Version\15_9_F_14_2008_06_08.pdf,15_9_F_14_2008_06_08.pdf,.pdf,34149,2026-09-12T03:15:12.174483,application/pdf
Well_technical_data\Daily Drilling report - PDF Version\15_9_F_14_2008_06_09.pdf,15_9_F_14_2008_06_09.pdf,.pdf,37525,2026-09-12T03:15:15.843146,application/pdf
Well_technical_data\Daily Drilling report - PDF Version\15_9_F_14_2008_06_10.pdf,15_9_F_14_2008_06_10.pdf,.pdf,35648,2026-09-12T03:15:19.287459,application/pdf
Well_technical_data\Daily Drilling report - PDF Version\15_9_F_14_2008_06_11.pdf,15_9_F_14_2008_06_11.pdf,.pdf,37567,2026-09-12T03:15:22.610394,application/pdf
Well_technical_data\Daily Drilling report - PDF Version\15_9_F_14_2008_06_12.pdf,15_9_F_14_2008_06_12.pdf,.pdf,38635,2026-09-12T03:15:25.791876,application/pdf
Well_technical_data\Daily Drilling report - PDF Version\15_9_F_14_2008_06_13.pdf,15_9_F_14_2008_06_13.pdf,.pdf,43049,2026-09-12T03:15:29.251800,application/pdf
Well_technical_data\Daily Drilling report - PDF Version\15_9_F_14_2008_06_14.pdf,15_9_F_14_2008_06_14.pdf,.pdf,46773,2026-09-12T03:15:32.700450,application/pdf
Well_technical_data\Daily Drilling report - PDF Version\15_9_F_14_2008_06_15.pdf,15_9_F_14_2008_06_15.pdf,.pdf,44706,2026-09-12T03:15:36.284986,application/pdf
Well_technical_data\Daily Drilling report - PDF Version\15_9_F_14_2008_06_16.pdf,15_9_F_14_2008_06_16.pdf,.pdf,36468,2026-09-12T03:15:39.474534,application/pdf
Well_technical_data\Daily Drilling report - PDF Version\15_9_F_14_2008_06_17.pdf,15_9_F_14_2008_06_17.pdf,.pdf,36764,2026-09-12T03:15:42.952231,application/pdf
Well_technical_data\Daily Drilling report - PDF Version\15_9_F_14_2008_06_18.pdf,15_9_F_14_2008_06_18.pdf,.pdf,39087,2026-09-12T03:15:46.698340,application/pdf
Well_technical_data\Daily Drilling report - PDF Version\15_9_F_14_2008_06_19.pdf,15_9_F_14_2008_06_19.pdf,.pdf,36621,2026-09-12T03:15:50.221123,application/pdf
Well_technical_data\Daily Drilling report - PDF Version\15_9_F_14_2008_06_20.pdf,15_9_F_14_2008_06_20.pdf,.pdf,35732,2026-09-12T03:15:53.593533,application/pdf
Well_technical_data\Daily Drilling report - PDF Version\15_9_F_14_2008_06_21.pdf,15_9_F_14_2008_06_21.pdf,.pdf,37438,2026-09-12T03:15:57.024647,application/pdf
Well_technical_data\Daily Drilling report - PDF Version\15_9_F_14_2008_06_22.pdf,15_9_F_14_2008_06_22.pdf,.pdf,35387,2026-09-12T03:16:00.407773,application/pdf
Well_technical_data\Daily Drilling report - PDF Version\15_9_F_14_2008_06_23.pdf,15_9_F_14_2008_06_23.pdf,.pdf,35610,2026-09-12T03:16:03.769310,application/pdf
Well_technical_data\Daily Drilling report - PDF Version\15_9_F_14_2008_06_24.pdf,15_9_F_14_2008_06_24.pdf,.pdf,28895,2026-09-12T03:16:07.083557,application/pdf
Well_technical_data\Daily Drilling report - PDF Version\15_9_F_14_2008_06_25.pdf,15_9_F_14_2008_06_25.pdf,.pdf,34376,2026-09-12T03:16:10.612233,application/pdf
Well_technical_data\Daily Drilling report - PDF Version\15_9_F_14_2008_06_26.pdf,15_9_F_14_2008_06_26.pdf,.pdf,33858,2026-09-12T03:16:13.869755,application/pdf
Well_technical_data\Daily Drilling report - PDF Version\15_9_F_14_2008_06_27.pdf,15_9_F_14_2008_06_27.pdf,.pdf,36069,2026-09-12T03:16:17.230152,application/pdf
Well_technical_data\Daily Drilling report - PDF Version\15_9_F_14_2008_06_28.pdf,15_9_F_14_2008_06_28.pdf,.pdf,39654,2026-09-12T03:16:20.521180,application/pdf
Well_technical_data\Daily Drilling report - PDF Version\15_9_F_14_2008_06_29.pdf,15_9_F_14_2008_06_29.pdf,.pdf,34802,2026-09-12T03:16:24.046096,application/pdf
Well_technical_data\Daily Drilling report - PDF Version\15_9_F_14_2008_06_30.pdf,15_9_F_14_2008_06_30.pdf,.pdf,34133,2026-09-12T03:16:27.701145,application/pdf
Well_technical_data\Daily Drilling report - PDF Version\15_9_F_14_2008_07_01.pdf,15_9_F_14_2008_07_01.pdf,.pdf,34326,2026-09-12T03:16:31.124856,application/pdf
Well_technical_data\Daily Drilling report - PDF Version\15_9_F_14_2008_07_02.pdf,15_9_F_14_2008_07_02.pdf,.pdf,29512,2026-09-12T03:16:34.881607,application/pdf
Well_technical_data\Daily Drilling report - PDF Version\15_9_F_14_2008_07_03.pdf,15_9_F_14_2008_07_03.pdf,.pdf,28734,2026-09-12T03:16:38.439393,application/pdf
Well_technical_data\Daily Drilling report - PDF Version\15_9_F_14_2008_07_04.pdf,15_9_F_14_2008_07_04.pdf,.pdf,34860,2026-09-12T03:16:42.097597,application/pdf
Well_technical_data\Daily Drilling report - PDF Version\15_9_F_14_2008_07_05.pdf,15_9_F_14_2008_07_05.pdf,.pdf,32716,2026-09-12T03:16:45.272691,application/pdf
Well_technical_data\Daily Drilling report - PDF Version\15_9_F_14_2008_07_06.pdf,15_9_F_14_2008_07_06.pdf,.pdf,38105,2026-09-12T03:16:48.631871,application/pdf
Well_technical_data\Daily Drilling report - PDF Version\15_9_F_14_2008_07_07.pdf,15_9_F_14_2008_07_07.pdf,.pdf,38242,2026-09-12T03:16:52.441142,application/pdf
Well_technical_data\Daily Drilling report - PDF Version\15_9_F_14_2008_07_08.pdf,15_9_F_14_2008_07_08.pdf,.pdf,38527,2026-09-12T03:16:56.033810,application/pdf
Well_technical_data\Daily Drilling report - PDF Version\15_9_F_14_2008_07_09.pdf,15_9_F_14_2008_07_09.pdf,.pdf,37394,2026-09-12T03:16:59.134706,application/pdf
Well_technical_data\Daily Drilling report - PDF Version\15_9_F_14_2008_07_10.pdf,15_9_F_14_2008_07_10.pdf,.pdf,38509,2026-09-12T03:17:02.261442,application/pdf
Well_technical_data\Daily Drilling report - PDF Version\15_9_F_14_2008_07_11.pdf,15_9_F_14_2008_07_11.pdf,.pdf,33089,2026-09-12T03:17:05.746295,application/pdf
Well_technical_data\Daily Drilling report - PDF Version\15_9_F_14_2009_03_07.pdf,15_9_F_14_2009_03_07.pdf,.pdf,26501,2026-09-12T03:17:09.199453,application/pdf
Well_technical_data\Daily Drilling report - PDF Version\15_9_F_14_2009_03_08.pdf,15_9_F_14_2009_03_08.pdf,.pdf,25954,2026-09-12T03:17:12.318437,application/pdf
Well_technical_data\Daily Drilling report - PDF Version\15_9_F_14_2009_03_09.pdf,15_9_F_14_2009_03_09.pdf,.pdf,31441,2026-09-12T03:17:15.784282,application/pdf
Well_technical_data\Daily Drilling report - PDF Version\15_9_F_14_2009_03_10.pdf,15_9_F_14_2009_03_10.pdf,.pdf,35382,2026-09-12T03:17:18.934032,application/pdf
Well_technical_data\Daily Drilling report - PDF Version\15_9_F_14_2009_03_11.pdf,15_9_F_14_2009_03_11.pdf,.pdf,34161,2026-09-12T03:17:22.707644,application/pdf
Well_technical_data\Daily Drilling report - PDF Version\15_9_F_14_2009_03_12.pdf,15_9_F_14_2009_03_12.pdf,.pdf,33052,2026-09-12T03:17:26.239129,application/pdf
Well_technical_data\Daily Drilling report - PDF Version\15_9_F_14_2009_03_13.pdf,15_9_F_14_2009_03_13.pdf,.pdf,30195,2026-09-12T03:17:29.797176,application/pdf
Well_technical_data\Daily Drilling report - PDF Version\15_9_F_14_2009_03_14.pdf,15_9_F_14_2009_03_14.pdf,.pdf,32294,2026-09-12T03:17:33.303740,application/pdf
Well_technical_data\Daily Drilling report - PDF Version\15_9_F_14_2010_09_11.pdf,15_9_F_14_2010_09_11.pdf,.pdf,24675,2026-09-12T03:17:36.470491,application/pdf
Well_technical_data\Daily Drilling report - PDF Version\15_9_F_14_2010_09_12.pdf,15_9_F_14_2010_09_12.pdf,.pdf,26834,2026-09-12T03:17:40.114096,application/pdf
Well_technical_data\Daily Drilling report - PDF Version\15_9_F_14_2010_09_13.pdf,15_9_F_14_2010_09_13.pdf,.pdf,29796,2026-09-12T03:17:43.135335,application/pdf
Well_technical_data\Daily Drilling report - PDF Version\15_9_F_14_2010_09_14.pdf,15_9_F_14_2010_09_14.pdf,.pdf,29817,2026-09-12T03:17:46.341719,application/pdf
Well_technical_data\Daily Drilling report - PDF Version\15_9_F_14_2010_09_15.pdf,15_9_F_14_2010_09_15.pdf,.pdf,25072,2026-09-12T03:17:49.470050,application/pdf
Well_technical_data\Daily Drilling report - PDF Version\15_9_F_14_2010_09_16.pdf,15_9_F_14_2010_09_16.pdf,.pdf,24999,2026-09-12T03:17:52.480582,application/pdf
Well_technical_data\Daily Drilling report - PDF Version\15_9_F_14_2010_09_17.pdf,15_9_F_14_2010_09_17.pdf,.pdf,28239,2026-09-12T03:17:55.803942,application/pdf
Well_technical_data\Daily Drilling report - PDF Version\15_9_F_14_2010_09_18.pdf,15_9_F_14_2010_09_18.pdf,.pdf,25484,2026-09-12T03:17:59.051212,application/pdf
Well_technical_data\Daily Drilling report - PDF Version\15_9_F_14_2010_09_19.pdf,15_9_F_14_2010_09_19.pdf,.pdf,27582,2026-09-12T03:18:02.660348,application/pdf
Well_technical_data\Daily Drilling report - PDF Version\15_9_F_14_2010_09_20.pdf,15_9_F_14_2010_09_20.pdf,.pdf,29254,2026-09-12T03:18:06.094659,application/pdf
Well_technical_data\Daily Drilling report - PDF Version\15_9_F_14_2010_09_21.pdf,15_9_F_14_2010_09_21.pdf,.pdf,27583,2026-09-12T03:18:10.904188,application/pdf
Well_technical_data\Daily Drilling report - PDF Version\15_9_F_14_2012_01_28.pdf,15_9_F_14_2012_01_28.pdf,.pdf,25706,2026-09-12T03:18:14.366849,application/pdf
Well_technical_data\Daily Drilling report - PDF Version\15_9_F_14_2012_01_29.pdf,15_9_F_14_2012_01_29.pdf,.pdf,28529,2026-09-12T03:18:17.392406,application/pdf
Well_technical_data\Daily Drilling report - PDF Version\15_9_F_14_2012_01_30.pdf,15_9_F_14_2012_01_30.pdf,.pdf,27691,2026-09-12T03:18:20.346644,application/pdf
Well_technical_data\Daily Drilling report - PDF Version\15_9_F_14_2012_01_31.pdf,15_9_F_14_2012_01_31.pdf,.pdf,27333,2026-09-12T03:18:23.544884,application/pdf
Well_technical_data\Daily Drilling report - PDF Version\15_9_F_14_2012_02_01.pdf,15_9_F_14_2012_02_01.pdf,.pdf,24440,2026-09-12T03:18:26.809834,application/pdf
Well_technical_data\Daily Drilling report - PDF Version\15_9_F_14_2016_07_31.pdf,15_9_F_14_2016_07_31.pdf,.pdf,32766,2026-09-12T03:18:30.151529,application/pdf
Well_technical_data\Daily Drilling report - PDF Version\15_9_F_14_2016_08_01.pdf,15_9_F_14_2016_08_01.pdf,.pdf,29375,2026-09-12T03:18:33.655540,application/pdf
Well_technical_data\Daily Drilling report - PDF Version\15_9_F_14_2016_08_02.pdf,15_9_F_14_2016_08_02.pdf,.pdf,32898,2026-09-12T03:18:37.472769,application/pdf
Well_technical_data\Daily Drilling report - PDF Version\15_9_F_14_2016_08_03.pdf,15_9_F_14_2016_08_03.pdf,.pdf,33898,2026-09-12T03:18:40.940384,application/pdf
Well_technical_data\Daily Drilling report - PDF Version\15_9_F_14_2016_08_04.pdf,15_9_F_14_2016_08_04.pdf,.pdf,36034,2026-09-12T03:18:44.134642,application/pdf
Well_technical_data\Daily Drilling report - PDF Version\15_9_F_14_2016_08_05.pdf,15_9_F_14_2016_08_05.pdf,.pdf,37464,2026-09-12T03:18:47.719751,application/pdf
Well_technical_data\Daily Drilling report - PDF Version\15_9_F_14_2016_08_06.pdf,15_9_F_14_2016_08_06.pdf,.pdf,34277,2026-09-12T03:18:50.824004,application/pdf
Well_technical_data\Daily Drilling report - PDF Version\15_9_F_14_2016_08_07.pdf,15_9_F_14_2016_08_07.pdf,.pdf,32903,2026-09-12T03:18:54.139781,application/pdf
Well_technical_data\Daily Drilling report - PDF Version\15_9_F_14_2016_08_08.pdf,15_9_F_14_2016_08_08.pdf,.pdf,36665,2026-09-12T03:18:57.366132,application/pdf
Well_technical_data\Daily Drilling report - PDF Version\15_9_F_14_2016_08_09.pdf,15_9_F_14_2016_08_09.pdf,.pdf,35376,2026-09-12T03:19:00.749087,application/pdf
Well_technical_data\Daily Drilling report - PDF Version\15_9_F_14_2016_08_10.pdf,15_9_F_14_2016_08_10.pdf,.pdf,31896,2026-09-12T03:19:04.458496,application/pdf
Well_technical_data\Daily Drilling report - PDF Version\15_9_F_14_2016_08_11.pdf,15_9_F_14_2016_08_11.pdf,.pdf,33078,2026-09-12T03:19:07.971059,application/pdf
Well_technical_data\Daily Drilling report - PDF Version\15_9_F_14_2016_08_12.pdf,15_9_F_14_2016_08_12.pdf,.pdf,32258,2026-09-12T03:19:10.925660,application/pdf
Well_technical_data\Daily Drilling report - PDF Version\15_9_F_14_2016_08_13.pdf,15_9_F_14_2016_08_13.pdf,.pdf,32218,2026-09-12T03:19:14.203955,application/pdf
Well_technical_data\Daily Drilling report - PDF Version\15_9_F_14_2016_08_14.pdf,15_9_F_14_2016_08_14.pdf,.pdf,33433,2026-09-12T03:19:17.897447,application/pdf
Well_technical_data\Daily Drilling report - PDF Version\15_9_F_14_2016_08_15.pdf,15_9_F_14_2016_08_15.pdf,.pdf,32952,2026-09-12T03:19:21.016187,application/pdf
Well_technical_data\Daily Drilling report - PDF Version\15_9_F_14_2016_09_12.pdf,15_9_F_14_2016_09_12.pdf,.pdf,27830,2026-09-12T03:19:24.435573,application/pdf
Well_technical_data\Daily Drilling report - PDF Version\15_9_F_14_2016_09_13.pdf,15_9_F_14_2016_09_13.pdf,.pdf,36591,2026-09-12T03:19:27.619121,application/pdf
Well_technical_data\Daily Drilling report - PDF Version\15_9_F_14_2016_09_14.pdf,15_9_F_14_2016_09_14.pdf,.pdf,35032,2026-09-12T03:19:31.021568,application/pdf
Well_technical_data\Daily Drilling report - PDF Version\15_9_F_14_2016_09_15.pdf,15_9_F_14_2016_09_15.pdf,.pdf,37902,2026-09-12T03:19:34.959164,application/pdf
Well_technical_data\Daily Drilling report - PDF Version\15_9_F_14_2016_09_16.pdf,15_9_F_14_2016_09_16.pdf,.pdf,23731,2026-09-12T03:19:38.283281,application/pdf
Well_technical_data\Daily Drilling report - PDF Version\15_9_F_14_2016_10_19.pdf,15_9_F_14_2016_10_19.pdf,.pdf,28279,2026-09-12T03:19:41.803637,application/pdf
Well_technical_data\Daily Drilling report - PDF Version\15_9_F_14_2016_10_20.pdf,15_9_F_14_2016_10_20.pdf,.pdf,27969,2026-09-12T03:19:45.339121,application/pdf
Well_technical_data\Daily Drilling report - PDF Version\15_9_F_15_2007_11_19.pdf,15_9_F_15_2007_11_19.pdf,.pdf,26933,2026-09-12T03:19:48.234015,application/pdf
Well_technical_data\Daily Drilling report - PDF Version\15_9_F_15_2007_11_20.pdf,15_9_F_15_2007_11_20.pdf,.pdf,34354,2026-09-12T03:19:51.516387,application/pdf
Well_technical_data\Daily Drilling report - PDF Version\15_9_F_15_2007_11_21.pdf,15_9_F_15_2007_11_21.pdf,.pdf,34979,2026-09-12T03:19:55.110159,application/pdf
Well_technical_data\Daily Drilling report - PDF Version\15_9_F_15_2007_11_22.pdf,15_9_F_15_2007_11_22.pdf,.pdf,28824,2026-09-12T03:19:58.807270,application/pdf
Well_technical_data\Daily Drilling report - PDF Version\15_9_F_15_2007_12_23.pdf,15_9_F_15_2007_12_23.pdf,.pdf,24943,2026-09-12T03:20:02.472626,application/pdf
Well_technical_data\Daily Drilling report - PDF Version\15_9_F_15_2007_12_24.pdf,15_9_F_15_2007_12_24.pdf,.pdf,34209,2026-09-12T03:20:06.069831,application/pdf
Well_technical_data\Daily Drilling report - PDF Version\15_9_F_15_2007_12_25.pdf,15_9_F_15_2007_12_25.pdf,.pdf,34211,2026-09-12T03:20:09.567791,application/pdf
Well_technical_data\Daily Drilling report - PDF Version\15_9_F_15_2007_12_26.pdf,15_9_F_15_2007_12_26.pdf,.pdf,33387,2026-09-12T03:20:13.119442,application/pdf
Well_technical_data\Daily Drilling report - PDF Version\15_9_F_15_2007_12_27.pdf,15_9_F_15_2007_12_27.pdf,.pdf,32800,2026-09-12T03:20:16.463597,application/pdf
Well_technical_data\Daily Drilling report - PDF Version\15_9_F_15_2007_12_28.pdf,15_9_F_15_2007_12_28.pdf,.pdf,34136,2026-09-12T03:20:20.059024,application/pdf
Well_technical_data\Daily Drilling report - PDF Version\15_9_F_15_2007_12_29.pdf,15_9_F_15_2007_12_29.pdf,.pdf,32744,2026-09-12T03:20:23.575205,application/pdf
Well_technical_data\Daily Drilling report - PDF Version\15_9_F_15_2007_12_30.pdf,15_9_F_15_2007_12_30.pdf,.pdf,37005,2026-09-12T03:20:27.256792,application/pdf
Well_technical_data\Daily Drilling report - PDF Version\15_9_F_15_2007_12_31.pdf,15_9_F_15_2007_12_31.pdf,.pdf,32163,2026-09-12T03:20:30.737669,application/pdf
Well_technical_data\Daily Drilling report - PDF Version\15_9_F_15_2008_09_07.pdf,15_9_F_15_2008_09_07.pdf,.pdf,29201,2026-09-12T03:20:34.228146,application/pdf
Well_technical_data\Daily Drilling report - PDF Version\15_9_F_15_2008_09_08.pdf,15_9_F_15_2008_09_08.pdf,.pdf,34074,2026-09-12T03:20:37.823943,application/pdf
Well_technical_data\Daily Drilling report - PDF Version\15_9_F_15_2008_09_09.pdf,15_9_F_15_2008_09_09.pdf,.pdf,33917,2026-09-12T03:20:41.401088,application/pdf
Well_technical_data\Daily Drilling report - PDF Version\15_9_F_15_2008_09_10.pdf,15_9_F_15_2008_09_10.pdf,.pdf,33048,2026-09-12T03:20:45.028191,application/pdf
Well_technical_data\Daily Drilling report - PDF Version\15_9_F_15_2008_09_11.pdf,15_9_F_15_2008_09_11.pdf,.pdf,36009,2026-09-12T03:20:48.310890,application/pdf
Well_technical_data\Daily Drilling report - PDF Version\15_9_F_15_2008_09_19.pdf,15_9_F_15_2008_09_19.pdf,.pdf,27734,2026-09-12T03:20:52.437281,application/pdf
Well_technical_data\Daily Drilling report - PDF Version\15_9_F_15_2008_09_20.pdf,15_9_F_15_2008_09_20.pdf,.pdf,36815,2026-09-12T03:20:55.970769,application/pdf
Well_technical_data\Daily Drilling report - PDF Version\15_9_F_15_2008_09_21.pdf,15_9_F_15_2008_09_21.pdf,.pdf,39160,2026-09-12T03:20:59.579726,application/pdf
Well_technical_data\Daily Drilling report - PDF Version\15_9_F_15_2008_09_22.pdf,15_9_F_15_2008_09_22.pdf,.pdf,26863,2026-09-12T03:21:03.097170,application/pdf
Well_technical_data\Daily Drilling report - PDF Version\15_9_F_15_2008_09_23.pdf,15_9_F_15_2008_09_23.pdf,.pdf,31115,2026-09-12T03:21:07.147785,application/pdf
Well_technical_data\Daily Drilling report - PDF Version\15_9_F_15_2008_09_24.pdf,15_9_F_15_2008_09_24.pdf,.pdf,30632,2026-09-12T03:21:10.897686,application/pdf
Well_technical_data\Daily Drilling report - PDF Version\15_9_F_15_2008_09_25.pdf,15_9_F_15_2008_09_25.pdf,.pdf,28912,2026-09-12T03:21:14.597710,application/pdf
Well_technical_data\Daily Drilling report - PDF Version\15_9_F_15_2008_09_26.pdf,15_9_F_15_2008_09_26.pdf,.pdf,27714,2026-09-12T03:21:17.952799,application/pdf
Well_technical_data\Daily Drilling report - PDF Version\15_9_F_15_2008_09_27.pdf,15_9_F_15_2008_09_27.pdf,.pdf,27950,2026-09-12T03:21:21.147664,application/pdf
Well_technical_data\Daily Drilling report - PDF Version\15_9_F_15_2008_09_28.pdf,15_9_F_15_2008_09_28.pdf,.pdf,26904,2026-09-12T03:21:24.757267,application/pdf
Well_technical_data\Daily Drilling report - PDF Version\15_9_F_15_2008_09_29.pdf,15_9_F_15_2008_09_29.pdf,.pdf,28223,2026-09-12T03:21:28.527212,application/pdf
Well_technical_data\Daily Drilling report - PDF Version\15_9_F_15_2008_09_30.pdf,15_9_F_15_2008_09_30.pdf,.pdf,29172,2026-09-12T03:21:32.238003,application/pdf
Well_technical_data\Daily Drilling report - PDF Version\15_9_F_15_2008_10_01.pdf,15_9_F_15_2008_10_01.pdf,.pdf,29544,2026-09-12T03:21:35.965087,application/pdf
Well_technical_data\Daily Drilling report - PDF Version\15_9_F_15_2008_10_02.pdf,15_9_F_15_2008_10_02.pdf,.pdf,28430,2026-09-12T03:21:39.353200,application/pdf
Well_technical_data\Daily Drilling report - PDF Version\15_9_F_15_2008_10_03.pdf,15_9_F_15_2008_10_03.pdf,.pdf,27540,2026-09-12T03:21:43.093076,application/pdf
Well_technical_data\Daily Drilling report - PDF Version\15_9_F_15_2008_10_04.pdf,15_9_F_15_2008_10_04.pdf,.pdf,28311,2026-09-12T03:21:46.437258,application/pdf
Well_technical_data\Daily Drilling report - PDF Version\15_9_F_15_2008_10_05.pdf,15_9_F_15_2008_10_05.pdf,.pdf,28985,2026-09-12T03:21:49.739954,application/pdf
Well_technical_data\Daily Drilling report - PDF Version\15_9_F_15_2008_10_06.pdf,15_9_F_15_2008_10_06.pdf,.pdf,33860,2026-09-12T03:21:53.022899,application/pdf
Well_technical_data\Daily Drilling report - PDF Version\15_9_F_15_2008_11_11.pdf,15_9_F_15_2008_11_11.pdf,.pdf,27281,2026-09-12T03:21:56.772733,application/pdf
Well_technical_data\Daily Drilling report - PDF Version\15_9_F_15_2008_11_12.pdf,15_9_F_15_2008_11_12.pdf,.pdf,29202,2026-09-12T03:22:00.220903,application/pdf
Well_technical_data\Daily Drilling report - PDF Version\15_9_F_15_2008_11_13.pdf,15_9_F_15_2008_11_13.pdf,.pdf,27286,2026-09-12T03:22:03.514301,application/pdf
Well_technical_data\Daily Drilling report - PDF Version\15_9_F_15_2008_11_14.pdf,15_9_F_15_2008_11_14.pdf,.pdf,32759,2026-09-12T03:22:06.984665,application/pdf
Well_technical_data\Daily Drilling report - PDF Version\15_9_F_15_2008_11_15.pdf,15_9_F_15_2008_11_15.pdf,.pdf,29032,2026-09-12T03:22:10.489359,application/pdf
Well_technical_data\Daily Drilling report - PDF Version\15_9_F_15_2008_11_16.pdf,15_9_F_15_2008_11_16.pdf,.pdf,29259,2026-09-12T03:22:15.371562,application/pdf
Well_technical_data\Daily Drilling report - PDF Version\15_9_F_15_2008_11_17.pdf,15_9_F_15_2008_11_17.pdf,.pdf,28858,2026-09-12T03:22:18.315302,application/pdf
Well_technical_data\Daily Drilling report - PDF Version\15_9_F_15_2008_11_18.pdf,15_9_F_15_2008_11_18.pdf,.pdf,26433,2026-09-12T03:22:22.009904,application/pdf
Well_technical_data\Daily Drilling report - PDF Version\15_9_F_15_2008_11_19.pdf,15_9_F_15_2008_11_19.pdf,.pdf,32296,2026-09-12T03:22:25.462918,application/pdf
Well_technical_data\Daily Drilling report - PDF Version\15_9_F_15_2008_11_20.pdf,15_9_F_15_2008_11_20.pdf,.pdf,25171,2026-09-12T03:22:28.734592,application/pdf
Well_technical_data\Daily Drilling report - PDF Version\15_9_F_15_2008_11_21.pdf,15_9_F_15_2008_11_21.pdf,.pdf,27665,2026-09-12T03:22:32.082916,application/pdf
Well_technical_data\Daily Drilling report - PDF Version\15_9_F_15_2008_11_22.pdf,15_9_F_15_2008_11_22.pdf,.pdf,30664,2026-09-12T03:22:35.733498,application/pdf
Well_technical_data\Daily Drilling report - PDF Version\15_9_F_15_2008_11_23.pdf,15_9_F_15_2008_11_23.pdf,.pdf,28552,2026-09-12T03:22:38.994272,application/pdf
Well_technical_data\Daily Drilling report - PDF Version\15_9_F_15_2008_11_24.pdf,15_9_F_15_2008_11_24.pdf,.pdf,31965,2026-09-12T03:22:42.350430,application/pdf
Well_technical_data\Daily Drilling report - PDF Version\15_9_F_15_2008_11_25.pdf,15_9_F_15_2008_11_25.pdf,.pdf,30888,2026-09-12T03:22:45.767644,application/pdf
Well_technical_data\Daily Drilling report - PDF Version\15_9_F_15_2008_11_26.pdf,15_9_F_15_2008_11_26.pdf,.pdf,29570,2026-09-12T03:22:48.938893,application/pdf
Well_technical_data\Daily Drilling report - PDF Version\15_9_F_15_2008_11_27.pdf,15_9_F_15_2008_11_27.pdf,.pdf,28506,2026-09-12T03:22:52.328860,application/pdf
Well_technical_data\Daily Drilling report - PDF Version\15_9_F_15_2008_11_28.pdf,15_9_F_15_2008_11_28.pdf,.pdf,27649,2026-09-12T03:22:57.550173,application/pdf
Well_technical_data\Daily Drilling report - PDF Version\15_9_F_15_2008_11_29.pdf,15_9_F_15_2008_11_29.pdf,.pdf,31995,2026-09-12T03:23:00.764304,application/pdf
Well_technical_data\Daily Drilling report - PDF Version\15_9_F_15_2008_11_30.pdf,15_9_F_15_2008_11_30.pdf,.pdf,33351,2026-09-12T03:23:04.201418,application/pdf
Well_technical_data\Daily Drilling report - PDF Version\15_9_F_15_2008_12_01.pdf,15_9_F_15_2008_12_01.pdf,.pdf,26181,2026-09-12T03:23:07.717446,application/pdf
Well_technical_data\Daily Drilling report - PDF Version\15_9_F_15_2008_12_02.pdf,15_9_F_15_2008_12_02.pdf,.pdf,32560,2026-09-12T03:23:10.841781,application/pdf
Well_technical_data\Daily Drilling report - PDF Version\15_9_F_15_2008_12_03.pdf,15_9_F_15_2008_12_03.pdf,.pdf,32519,2026-09-12T03:23:14.441504,application/pdf
Well_technical_data\Daily Drilling report - PDF Version\15_9_F_15_2008_12_04.pdf,15_9_F_15_2008_12_04.pdf,.pdf,33883,2026-09-12T03:23:18.359001,application/pdf
Well_technical_data\Daily Drilling report - PDF Version\15_9_F_15_2008_12_05.pdf,15_9_F_15_2008_12_05.pdf,.pdf,35641,2026-09-12T03:23:21.600626,application/pdf
Well_technical_data\Daily Drilling report - PDF Version\15_9_F_15_2008_12_06.pdf,15_9_F_15_2008_12_06.pdf,.pdf,30378,2026-09-12T03:23:25.118957,application/pdf
Well_technical_data\Daily Drilling report - PDF Version\15_9_F_15_2008_12_07.pdf,15_9_F_15_2008_12_07.pdf,.pdf,34151,2026-09-12T03:23:28.674266,application/pdf
Well_technical_data\Daily Drilling report - PDF Version\15_9_F_15_2008_12_08.pdf,15_9_F_15_2008_12_08.pdf,.pdf,35942,2026-09-12T03:23:32.501443,application/pdf
Well_technical_data\Daily Drilling report - PDF Version\15_9_F_15_2008_12_09.pdf,15_9_F_15_2008_12_09.pdf,.pdf,30761,2026-09-12T03:23:36.219576,application/pdf
Well_technical_data\Daily Drilling report - PDF Version\15_9_F_15_2008_12_10.pdf,15_9_F_15_2008_12_10.pdf,.pdf,29337,2026-09-12T03:23:39.963367,application/pdf
Well_technical_data\Daily Drilling report - PDF Version\15_9_F_15_2008_12_11.pdf,15_9_F_15_2008_12_11.pdf,.pdf,26419,2026-09-12T03:23:43.031041,application/pdf
Well_technical_data\Daily Drilling report - PDF Version\15_9_F_15_2008_12_12.pdf,15_9_F_15_2008_12_12.pdf,.pdf,26866,2026-09-12T03:23:46.655061,application/pdf
Well_technical_data\Daily Drilling report - PDF Version\15_9_F_15_2018_01_25.pdf,15_9_F_15_2018_01_25.pdf,.pdf,22006,2026-09-12T03:23:49.720612,application/pdf
Well_technical_data\Daily Drilling report - PDF Version\15_9_F_15_A_2008_12_12.pdf,15_9_F_15_A_2008_12_12.pdf,.pdf,29871,2026-09-12T03:23:53.243367,application/pdf
Well_technical_data\Daily Drilling report - PDF Version\15_9_F_15_A_2008_12_13.pdf,15_9_F_15_A_2008_12_13.pdf,.pdf,36110,2026-09-12T03:23:56.773007,application/pdf
Well_technical_data\Daily Drilling report - PDF Version\15_9_F_15_A_2008_12_14.pdf,15_9_F_15_A_2008_12_14.pdf,.pdf,37591,2026-09-12T03:24:00.300965,application/pdf
Well_technical_data\Daily Drilling report - PDF Version\15_9_F_15_A_2008_12_15.pdf,15_9_F_15_A_2008_12_15.pdf,.pdf,39252,2026-09-12T03:24:03.785503,application/pdf
Well_technical_data\Daily Drilling report - PDF Version\15_9_F_15_A_2008_12_16.pdf,15_9_F_15_A_2008_12_16.pdf,.pdf,37980,2026-09-12T03:24:07.404560,application/pdf
Well_technical_data\Daily Drilling report - PDF Version\15_9_F_15_A_2008_12_17.pdf,15_9_F_15_A_2008_12_17.pdf,.pdf,38470,2026-09-12T03:24:10.833760,application/pdf
Well_technical_data\Daily Drilling report - PDF Version\15_9_F_15_A_2008_12_18.pdf,15_9_F_15_A_2008_12_18.pdf,.pdf,35531,2026-09-12T03:24:14.026351,application/pdf
Well_technical_data\Daily Drilling report - PDF Version\15_9_F_15_A_2008_12_19.pdf,15_9_F_15_A_2008_12_19.pdf,.pdf,34941,2026-09-12T03:24:17.091848,application/pdf
Well_technical_data\Daily Drilling report - PDF Version\15_9_F_15_A_2008_12_20.pdf,15_9_F_15_A_2008_12_20.pdf,.pdf,31572,2026-09-12T03:24:20.617907,application/pdf
Well_technical_data\Daily Drilling report - PDF Version\15_9_F_15_A_2008_12_21.pdf,15_9_F_15_A_2008_12_21.pdf,.pdf,32453,2026-09-12T03:24:24.017269,application/pdf
Well_technical_data\Daily Drilling report - PDF Version\15_9_F_15_A_2008_12_22.pdf,15_9_F_15_A_2008_12_22.pdf,.pdf,36490,2026-09-12T03:24:27.523885,application/pdf
Well_technical_data\Daily Drilling report - PDF Version\15_9_F_15_A_2008_12_23.pdf,15_9_F_15_A_2008_12_23.pdf,.pdf,33207,2026-09-12T03:24:31.134377,application/pdf
Well_technical_data\Daily Drilling report - PDF Version\15_9_F_15_A_2008_12_24.pdf,15_9_F_15_A_2008_12_24.pdf,.pdf,34032,2026-09-12T03:24:37.010290,application/pdf
Well_technical_data\Daily Drilling report - PDF Version\15_9_F_15_A_2008_12_25.pdf,15_9_F_15_A_2008_12_25.pdf,.pdf,37138,2026-09-12T03:24:40.384505,application/pdf
Well_technical_data\Daily Drilling report - PDF Version\15_9_F_15_A_2008_12_26.pdf,15_9_F_15_A_2008_12_26.pdf,.pdf,34950,2026-09-12T03:24:44.005524,application/pdf
Well_technical_data\Daily Drilling report - PDF Version\15_9_F_15_A_2008_12_27.pdf,15_9_F_15_A_2008_12_27.pdf,.pdf,33315,2026-09-12T03:24:47.886483,application/pdf
Well_technical_data\Daily Drilling report - PDF Version\15_9_F_15_A_2008_12_28.pdf,15_9_F_15_A_2008_12_28.pdf,.pdf,35296,2026-09-12T03:24:51.371448,application/pdf
Well_technical_data\Daily Drilling report - PDF Version\15_9_F_15_A_2008_12_29.pdf,15_9_F_15_A_2008_12_29.pdf,.pdf,39968,2026-09-12T03:24:54.872439,application/pdf
Well_technical_data\Daily Drilling report - PDF Version\15_9_F_15_A_2008_12_30.pdf,15_9_F_15_A_2008_12_30.pdf,.pdf,40986,2026-09-12T03:24:58.322319,application/pdf
Well_technical_data\Daily Drilling report - PDF Version\15_9_F_15_A_2008_12_31.pdf,15_9_F_15_A_2008_12_31.pdf,.pdf,36599,2026-09-12T03:25:01.761272,application/pdf
Well_technical_data\Daily Drilling report - PDF Version\15_9_F_15_A_2009_01_01.pdf,15_9_F_15_A_2009_01_01.pdf,.pdf,38607,2026-09-12T03:25:05.216641,application/pdf
Well_technical_data\Daily Drilling report - PDF Version\15_9_F_15_A_2009_01_02.pdf,15_9_F_15_A_2009_01_02.pdf,.pdf,37491,2026-09-12T03:25:08.465920,application/pdf
Well_technical_data\Daily Drilling report - PDF Version\15_9_F_15_A_2009_01_03.pdf,15_9_F_15_A_2009_01_03.pdf,.pdf,35298,2026-09-12T03:25:11.930470,application/pdf
Well_technical_data\Daily Drilling report - PDF Version\15_9_F_15_A_2009_01_04.pdf,15_9_F_15_A_2009_01_04.pdf,.pdf,35516,2026-09-12T03:25:15.392196,application/pdf
Well_technical_data\Daily Drilling report - PDF Version\15_9_F_15_A_2009_01_05.pdf,15_9_F_15_A_2009_01_05.pdf,.pdf,36615,2026-09-12T03:25:18.943696,application/pdf
Well_technical_data\Daily Drilling report - PDF Version\15_9_F_15_A_2009_01_06.pdf,15_9_F_15_A_2009_01_06.pdf,.pdf,34119,2026-09-12T03:25:22.326199,application/pdf
Well_technical_data\Daily Drilling report - PDF Version\15_9_F_15_A_2009_01_07.pdf,15_9_F_15_A_2009_01_07.pdf,.pdf,34424,2026-09-12T03:25:25.485238,application/pdf
Well_technical_data\Daily Drilling report - PDF Version\15_9_F_15_A_2009_01_08.pdf,15_9_F_15_A_2009_01_08.pdf,.pdf,30960,2026-09-12T03:25:29.444126,application/pdf
Well_technical_data\Daily Drilling report - PDF Version\15_9_F_15_A_2009_01_09.pdf,15_9_F_15_A_2009_01_09.pdf,.pdf,36297,2026-09-12T03:25:32.812975,application/pdf
Well_technical_data\Daily Drilling report - PDF Version\15_9_F_15_A_2009_01_10.pdf,15_9_F_15_A_2009_01_10.pdf,.pdf,36277,2026-09-12T03:25:36.208536,application/pdf
Well_technical_data\Daily Drilling report - PDF Version\15_9_F_15_A_2009_01_11.pdf,15_9_F_15_A_2009_01_11.pdf,.pdf,38871,2026-09-12T03:25:39.669218,application/pdf
Well_technical_data\Daily Drilling report - PDF Version\15_9_F_15_A_2009_01_12.pdf,15_9_F_15_A_2009_01_12.pdf,.pdf,30392,2026-09-12T03:25:43.137633,application/pdf
Well_technical_data\Daily Drilling report - PDF Version\15_9_F_15_A_2009_01_13.pdf,15_9_F_15_A_2009_01_13.pdf,.pdf,32029,2026-09-12T03:25:46.638265,application/pdf
Well_technical_data\Daily Drilling report - PDF Version\15_9_F_15_A_2009_01_14.pdf,15_9_F_15_A_2009_01_14.pdf,.pdf,28479,2026-09-12T03:25:50.290338,application/pdf
Well_technical_data\Daily Drilling report - PDF Version\15_9_F_15_B_2009_01_14.pdf,15_9_F_15_B_2009_01_14.pdf,.pdf,36738,2026-09-12T03:25:53.770908,application/pdf
Well_technical_data\Daily Drilling report - PDF Version\15_9_F_15_B_2009_01_15.pdf,15_9_F_15_B_2009_01_15.pdf,.pdf,36018,2026-09-12T03:25:57.554169,application/pdf
Well_technical_data\Daily Drilling report - PDF Version\15_9_F_15_B_2009_01_16.pdf,15_9_F_15_B_2009_01_16.pdf,.pdf,35939,2026-09-12T03:26:01.038636,application/pdf
Well_technical_data\Daily Drilling report - PDF Version\15_9_F_15_B_2009_01_17.pdf,15_9_F_15_B_2009_01_17.pdf,.pdf,37954,2026-09-12T03:26:04.424360,application/pdf
Well_technical_data\Daily Drilling report - PDF Version\15_9_F_15_B_2009_01_18.pdf,15_9_F_15_B_2009_01_18.pdf,.pdf,33245,2026-09-12T03:26:07.765437,application/pdf
Well_technical_data\Daily Drilling report - PDF Version\15_9_F_15_B_2009_01_19.pdf,15_9_F_15_B_2009_01_19.pdf,.pdf,30487,2026-09-12T03:26:11.320271,application/pdf
Well_technical_data\Daily Drilling report - PDF Version\15_9_F_15_C_2009_01_19.pdf,15_9_F_15_C_2009_01_19.pdf,.pdf,24944,2026-09-12T03:26:14.955934,application/pdf
Well_technical_data\Daily Drilling report - PDF Version\15_9_F_15_C_2009_01_20.pdf,15_9_F_15_C_2009_01_20.pdf,.pdf,30708,2026-09-12T03:26:18.294762,application/pdf
Well_technical_data\Daily Drilling report - PDF Version\15_9_F_15_C_2009_01_21.pdf,15_9_F_15_C_2009_01_21.pdf,.pdf,31050,2026-09-12T03:26:22.128873,application/pdf
Well_technical_data\Daily Drilling report - PDF Version\15_9_F_15_C_2009_01_22.pdf,15_9_F_15_C_2009_01_22.pdf,.pdf,27905,2026-09-12T03:26:25.681360,application/pdf
Well_technical_data\Daily Drilling report - PDF Version\15_9_F_15_C_2009_01_23.pdf,15_9_F_15_C_2009_01_23.pdf,.pdf,27225,2026-09-12T03:26:29.431428,application/pdf
Well_technical_data\Daily Drilling report - PDF Version\15_9_F_15_C_2009_01_24.pdf,15_9_F_15_C_2009_01_24.pdf,.pdf,27383,2026-09-12T03:26:32.944089,application/pdf
Well_technical_data\Daily Drilling report - PDF Version\15_9_F_15_C_2009_01_25.pdf,15_9_F_15_C_2009_01_25.pdf,.pdf,28027,2026-09-12T03:26:36.409865,application/pdf
Well_technical_data\Daily Drilling report - PDF Version\15_9_F_15_C_2009_01_26.pdf,15_9_F_15_C_2009_01_26.pdf,.pdf,28919,2026-09-12T03:26:39.717529,application/pdf
Well_technical_data\Daily Drilling report - PDF Version\15_9_F_15_C_2009_01_27.pdf,15_9_F_15_C_2009_01_27.pdf,.pdf,33258,2026-09-12T03:26:43.209006,application/pdf
Well_technical_data\Daily Drilling report - PDF Version\15_9_F_15_C_2009_01_28.pdf,15_9_F_15_C_2009_01_28.pdf,.pdf,32414,2026-09-12T03:26:46.626327,application/pdf
Well_technical_data\Daily Drilling report - PDF Version\15_9_F_15_C_2009_01_29.pdf,15_9_F_15_C_2009_01_29.pdf,.pdf,31883,2026-09-12T03:26:50.287028,application/pdf
Well_technical_data\Daily Drilling report - PDF Version\15_9_F_15_C_2009_01_30.pdf,15_9_F_15_C_2009_01_30.pdf,.pdf,29033,2026-09-12T03:26:53.941127,application/pdf
Well_technical_data\Daily Drilling report - PDF Version\15_9_F_15_C_2009_01_31.pdf,15_9_F_15_C_2009_01_31.pdf,.pdf,26157,2026-09-12T03:26:57.710594,application/pdf
Well_technical_data\Daily Drilling report - PDF Version\15_9_F_15_C_2009_02_01.pdf,15_9_F_15_C_2009_02_01.pdf,.pdf,25798,2026-09-12T03:27:01.394415,application/pdf
Well_technical_data\Daily Drilling report - PDF Version\15_9_F_15_C_2009_02_02.pdf,15_9_F_15_C_2009_02_02.pdf,.pdf,29092,2026-09-12T03:27:04.651666,application/pdf
Well_technical_data\Daily Drilling report - PDF Version\15_9_F_15_C_2009_02_03.pdf,15_9_F_15_C_2009_02_03.pdf,.pdf,24863,2026-09-12T03:27:08.204045,application/pdf
Well_technical_data\Daily Drilling report - PDF Version\15_9_F_15_C_2009_02_04.pdf,15_9_F_15_C_2009_02_04.pdf,.pdf,26180,2026-09-12T03:27:11.634244,application/pdf
Well_technical_data\Daily Drilling report - PDF Version\15_9_F_15_C_2009_02_05.pdf,15_9_F_15_C_2009_02_05.pdf,.pdf,31958,2026-09-12T03:27:15.318635,application/pdf
Well_technical_data\Daily Drilling report - PDF Version\15_9_F_15_C_2009_02_06.pdf,15_9_F_15_C_2009_02_06.pdf,.pdf,25011,2026-09-12T03:27:18.403117,application/pdf
Well_technical_data\Daily Drilling report - PDF Version\15_9_F_15_C_2009_02_07.pdf,15_9_F_15_C_2009_02_07.pdf,.pdf,28094,2026-09-12T03:27:21.773766,application/pdf
Well_technical_data\Daily Drilling report - PDF Version\15_9_F_15_C_2009_02_08.pdf,15_9_F_15_C_2009_02_08.pdf,.pdf,32272,2026-09-12T03:27:25.280641,application/pdf
Well_technical_data\Daily Drilling report - PDF Version\15_9_F_15_C_2009_02_09.pdf,15_9_F_15_C_2009_02_09.pdf,.pdf,29236,2026-09-12T03:27:28.883199,application/pdf
Well_technical_data\Daily Drilling report - PDF Version\15_9_F_15_C_2009_02_10.pdf,15_9_F_15_C_2009_02_10.pdf,.pdf,30807,2026-09-12T03:27:32.540154,application/pdf
Well_technical_data\Daily Drilling report - PDF Version\15_9_F_15_C_2009_02_11.pdf,15_9_F_15_C_2009_02_11.pdf,.pdf,24308,2026-09-12T03:27:36.227268,application/pdf
Well_technical_data\Daily Drilling report - PDF Version\15_9_F_15_C_2009_02_12.pdf,15_9_F_15_C_2009_02_12.pdf,.pdf,27753,2026-09-12T03:27:39.820682,application/pdf
Well_technical_data\Daily Drilling report - PDF Version\15_9_F_15_C_2009_02_13.pdf,15_9_F_15_C_2009_02_13.pdf,.pdf,30403,2026-09-12T03:27:43.452545,application/pdf
Well_technical_data\Daily Drilling report - PDF Version\15_9_F_15_C_2009_02_14.pdf,15_9_F_15_C_2009_02_14.pdf,.pdf,29918,2026-09-12T03:27:46.672843,application/pdf
Well_technical_data\Daily Drilling report - PDF Version\15_9_F_15_C_2009_02_15.pdf,15_9_F_15_C_2009_02_15.pdf,.pdf,29864,2026-09-12T03:27:50.047739,application/pdf
Well_technical_data\Daily Drilling report - PDF Version\15_9_F_15_C_2009_02_16.pdf,15_9_F_15_C_2009_02_16.pdf,.pdf,27319,2026-09-12T03:27:53.583311,application/pdf
Well_technical_data\Daily Drilling report - PDF Version\15_9_F_15_C_2009_02_17.pdf,15_9_F_15_C_2009_02_17.pdf,.pdf,30218,2026-09-12T03:27:56.764000,application/pdf
Well_technical_data\Daily Drilling report - PDF Version\15_9_F_15_C_2009_02_18.pdf,15_9_F_15_C_2009_02_18.pdf,.pdf,35905,2026-09-12T03:28:00.150836,application/pdf
Well_technical_data\Daily Drilling report - PDF Version\15_9_F_15_C_2009_02_19.pdf,15_9_F_15_C_2009_02_19.pdf,.pdf,31331,2026-09-12T03:28:03.704186,application/pdf
Well_technical_data\Daily Drilling report - PDF Version\15_9_F_15_C_2009_02_20.pdf,15_9_F_15_C_2009_02_20.pdf,.pdf,25973,2026-09-12T03:28:07.561200,application/pdf
Well_technical_data\Daily Drilling report - PDF Version\15_9_F_15_C_2009_02_21.pdf,15_9_F_15_C_2009_02_21.pdf,.pdf,26127,2026-09-12T03:28:11.092977,application/pdf
Well_technical_data\Daily Drilling report - PDF Version\15_9_F_15_C_2009_02_22.pdf,15_9_F_15_C_2009_02_22.pdf,.pdf,26573,2026-09-12T03:28:15.578197,application/pdf
Well_technical_data\Daily Drilling report - PDF Version\15_9_F_15_C_2009_02_23.pdf,15_9_F_15_C_2009_02_23.pdf,.pdf,26454,2026-09-12T03:28:19.635956,application/pdf
Well_technical_data\Daily Drilling report - PDF Version\15_9_F_15_C_2009_02_24.pdf,15_9_F_15_C_2009_02_24.pdf,.pdf,26469,2026-09-12T03:28:22.969297,application/pdf
Well_technical_data\Daily Drilling report - PDF Version\15_9_F_15_C_2009_02_25.pdf,15_9_F_15_C_2009_02_25.pdf,.pdf,27810,2026-09-12T03:28:26.885015,application/pdf
Well_technical_data\Daily Drilling report - PDF Version\15_9_F_15_C_2009_02_26.pdf,15_9_F_15_C_2009_02_26.pdf,.pdf,30117,2026-09-12T03:28:30.273257,application/pdf
Well_technical_data\Daily Drilling report - PDF Version\15_9_F_15_C_2009_02_27.pdf,15_9_F_15_C_2009_02_27.pdf,.pdf,36366,2026-09-12T03:28:33.640393,application/pdf
Well_technical_data\Daily Drilling report - PDF Version\15_9_F_15_C_2009_02_28.pdf,15_9_F_15_C_2009_02_28.pdf,.pdf,31510,2026-09-12T03:28:37.714343,application/pdf
Well_technical_data\Daily Drilling report - PDF Version\15_9_F_15_C_2009_03_01.pdf,15_9_F_15_C_2009_03_01.pdf,.pdf,31266,2026-09-12T03:28:41.188179,application/pdf
Well_technical_data\Daily Drilling report - PDF Version\15_9_F_15_C_2009_03_02.pdf,15_9_F_15_C_2009_03_02.pdf,.pdf,30620,2026-09-12T03:28:44.258657,application/pdf
Well_technical_data\Daily Drilling report - PDF Version\15_9_F_15_C_2009_03_03.pdf,15_9_F_15_C_2009_03_03.pdf,.pdf,25545,2026-09-12T03:28:47.981595,application/pdf
Well_technical_data\Daily Drilling report - PDF Version\15_9_F_15_C_2009_03_04.pdf,15_9_F_15_C_2009_03_04.pdf,.pdf,25547,2026-09-12T03:28:51.470751,application/pdf
Well_technical_data\Daily Drilling report - PDF Version\15_9_F_15_C_2009_03_05.pdf,15_9_F_15_C_2009_03_05.pdf,.pdf,24982,2026-09-12T03:28:54.834066,application/pdf
Well_technical_data\Daily Drilling report - PDF Version\15_9_F_15_C_2009_03_06.pdf,15_9_F_15_C_2009_03_06.pdf,.pdf,34548,2026-09-12T03:28:58.438541,application/pdf
Well_technical_data\Daily Drilling report - PDF Version\15_9_F_15_C_2009_03_07.pdf,15_9_F_15_C_2009_03_07.pdf,.pdf,35043,2026-09-12T03:29:01.878394,application/pdf
Well_technical_data\Daily Drilling report - PDF Version\15_9_F_15_C_2013_10_07.pdf,15_9_F_15_C_2013_10_07.pdf,.pdf,33527,2026-09-12T03:29:05.319605,application/pdf
Well_technical_data\Daily Drilling report - PDF Version\15_9_F_15_C_2013_10_08.pdf,15_9_F_15_C_2013_10_08.pdf,.pdf,35480,2026-09-12T03:29:08.944604,application/pdf
Well_technical_data\Daily Drilling report - PDF Version\15_9_F_15_C_2013_10_09.pdf,15_9_F_15_C_2013_10_09.pdf,.pdf,33588,2026-09-12T03:29:12.180838,application/pdf
Well_technical_data\Daily Drilling report - PDF Version\15_9_F_15_C_2013_10_10.pdf,15_9_F_15_C_2013_10_10.pdf,.pdf,34285,2026-09-12T03:29:16.421652,application/pdf
Well_technical_data\Daily Drilling report - PDF Version\15_9_F_15_C_2013_10_11.pdf,15_9_F_15_C_2013_10_11.pdf,.pdf,34633,2026-09-12T03:29:19.702739,application/pdf
Well_technical_data\Daily Drilling report - PDF Version\15_9_F_15_C_2013_10_12.pdf,15_9_F_15_C_2013_10_12.pdf,.pdf,33994,2026-09-12T03:29:23.412894,application/pdf
Well_technical_data\Daily Drilling report - PDF Version\15_9_F_15_C_2013_10_13.pdf,15_9_F_15_C_2013_10_13.pdf,.pdf,36850,2026-09-12T03:29:26.878575,application/pdf
Well_technical_data\Daily Drilling report - PDF Version\15_9_F_15_C_2013_10_14.pdf,15_9_F_15_C_2013_10_14.pdf,.pdf,36659,2026-09-12T03:29:30.190509,application/pdf
Well_technical_data\Daily Drilling report - PDF Version\15_9_F_15_C_2013_10_15.pdf,15_9_F_15_C_2013_10_15.pdf,.pdf,37063,2026-09-12T03:29:34.096655,application/pdf
Well_technical_data\Daily Drilling report - PDF Version\15_9_F_15_C_2013_10_16.pdf,15_9_F_15_C_2013_10_16.pdf,.pdf,36936,2026-09-12T03:29:38.040305,application/pdf
Well_technical_data\Daily Drilling report - PDF Version\15_9_F_15_C_2013_10_17.pdf,15_9_F_15_C_2013_10_17.pdf,.pdf,34769,2026-09-12T03:29:41.927144,application/pdf
Well_technical_data\Daily Drilling report - PDF Version\15_9_F_15_C_2013_10_18.pdf,15_9_F_15_C_2013_10_18.pdf,.pdf,33841,2026-09-12T03:29:45.668027,application/pdf
Well_technical_data\Daily Drilling report - PDF Version\15_9_F_15_C_2013_10_19.pdf,15_9_F_15_C_2013_10_19.pdf,.pdf,34726,2026-09-12T03:29:48.957063,application/pdf
Well_technical_data\Daily Drilling report - PDF Version\15_9_F_15_C_2013_10_20.pdf,15_9_F_15_C_2013_10_20.pdf,.pdf,31132,2026-09-12T03:29:52.220529,application/pdf
Well_technical_data\Daily Drilling report - PDF Version\15_9_F_15_C_2013_10_21.pdf,15_9_F_15_C_2013_10_21.pdf,.pdf,29340,2026-09-12T03:29:55.972562,application/pdf
Well_technical_data\Daily Drilling report - PDF Version\15_9_F_15_C_2013_10_22.pdf,15_9_F_15_C_2013_10_22.pdf,.pdf,28026,2026-09-12T03:29:59.315550,application/pdf
Well_technical_data\Daily Drilling report - PDF Version\15_9_F_15_C_2013_10_23.pdf,15_9_F_15_C_2013_10_23.pdf,.pdf,32661,2026-09-12T03:30:02.756605,application/pdf
Well_technical_data\Daily Drilling report - PDF Version\15_9_F_15_C_2013_10_24.pdf,15_9_F_15_C_2013_10_24.pdf,.pdf,31921,2026-09-12T03:30:06.083906,application/pdf
Well_technical_data\Daily Drilling report - PDF Version\15_9_F_15_C_2013_10_25.pdf,15_9_F_15_C_2013_10_25.pdf,.pdf,34132,2026-09-12T03:30:09.452530,application/pdf
Well_technical_data\Daily Drilling report - PDF Version\15_9_F_15_C_2013_10_26.pdf,15_9_F_15_C_2013_10_26.pdf,.pdf,33748,2026-09-12T03:30:12.381083,application/pdf
Well_technical_data\Daily Drilling report - PDF Version\15_9_F_15_C_2013_10_27.pdf,15_9_F_15_C_2013_10_27.pdf,.pdf,29097,2026-09-12T03:30:15.856571,application/pdf
Well_technical_data\Daily Drilling report - PDF Version\15_9_F_15_C_2013_10_28.pdf,15_9_F_15_C_2013_10_28.pdf,.pdf,34419,2026-09-12T03:30:19.322776,application/pdf
Well_technical_data\Daily Drilling report - PDF Version\15_9_F_15_C_2013_10_29.pdf,15_9_F_15_C_2013_10_29.pdf,.pdf,32864,2026-09-12T03:30:22.641561,application/pdf
Well_technical_data\Daily Drilling report - PDF Version\15_9_F_15_C_2013_10_30.pdf,15_9_F_15_C_2013_10_30.pdf,.pdf,33931,2026-09-12T03:30:26.548849,application/pdf
Well_technical_data\Daily Drilling report - PDF Version\15_9_F_15_C_2013_10_31.pdf,15_9_F_15_C_2013_10_31.pdf,.pdf,29748,2026-09-12T03:30:29.712214,application/pdf
Well_technical_data\Daily Drilling report - PDF Version\15_9_F_15_C_2013_11_01.pdf,15_9_F_15_C_2013_11_01.pdf,.pdf,27738,2026-09-12T03:30:33.226411,application/pdf
Well_technical_data\Daily Drilling report - PDF Version\15_9_F_15_C_2013_11_02.pdf,15_9_F_15_C_2013_11_02.pdf,.pdf,27761,2026-09-12T03:30:37.110199,application/pdf
Well_technical_data\Daily Drilling report - PDF Version\15_9_F_15_C_2013_11_03.pdf,15_9_F_15_C_2013_11_03.pdf,.pdf,33718,2026-09-12T03:30:42.378403,application/pdf
Well_technical_data\Daily Drilling report - PDF Version\15_9_F_15_C_2013_11_04.pdf,15_9_F_15_C_2013_11_04.pdf,.pdf,32182,2026-09-12T03:30:45.856716,application/pdf
Well_technical_data\Daily Drilling report - PDF Version\15_9_F_15_C_2013_11_05.pdf,15_9_F_15_C_2013_11_05.pdf,.pdf,35116,2026-09-12T03:30:49.408997,application/pdf
Well_technical_data\Daily Drilling report - PDF Version\15_9_F_15_C_2013_11_06.pdf,15_9_F_15_C_2013_11_06.pdf,.pdf,32410,2026-09-12T03:30:52.448471,application/pdf
Well_technical_data\Daily Drilling report - PDF Version\15_9_F_15_C_2013_11_07.pdf,15_9_F_15_C_2013_11_07.pdf,.pdf,35342,2026-09-12T03:30:55.716773,application/pdf
Well_technical_data\Daily Drilling report - PDF Version\15_9_F_15_C_2013_11_08.pdf,15_9_F_15_C_2013_11_08.pdf,.pdf,31121,2026-09-12T03:30:58.814279,application/pdf
Well_technical_data\Daily Drilling report - PDF Version\15_9_F_15_C_2013_11_09.pdf,15_9_F_15_C_2013_11_09.pdf,.pdf,32618,2026-09-12T03:31:02.395326,application/pdf
Well_technical_data\Daily Drilling report - PDF Version\15_9_F_15_C_2013_11_10.pdf,15_9_F_15_C_2013_11_10.pdf,.pdf,35276,2026-09-12T03:31:05.882494,application/pdf
Well_technical_data\Daily Drilling report - PDF Version\15_9_F_15_C_2013_11_11.pdf,15_9_F_15_C_2013_11_11.pdf,.pdf,26952,2026-09-12T03:31:08.926042,application/pdf
Well_technical_data\Daily Drilling report - PDF Version\15_9_F_15_D_2013_11_11.pdf,15_9_F_15_D_2013_11_11.pdf,.pdf,33488,2026-09-12T03:31:12.301589,application/pdf
Well_technical_data\Daily Drilling report - PDF Version\15_9_F_15_D_2013_11_12.pdf,15_9_F_15_D_2013_11_12.pdf,.pdf,32248,2026-09-12T03:31:15.545491,application/pdf
Well_technical_data\Daily Drilling report - PDF Version\15_9_F_15_D_2013_11_13.pdf,15_9_F_15_D_2013_11_13.pdf,.pdf,34162,2026-09-12T03:31:19.040074,application/pdf
Well_technical_data\Daily Drilling report - PDF Version\15_9_F_15_D_2013_11_14.pdf,15_9_F_15_D_2013_11_14.pdf,.pdf,35257,2026-09-12T03:31:22.998712,application/pdf
Well_technical_data\Daily Drilling report - PDF Version\15_9_F_15_D_2013_11_15.pdf,15_9_F_15_D_2013_11_15.pdf,.pdf,33100,2026-09-12T03:31:26.476371,application/pdf
Well_technical_data\Daily Drilling report - PDF Version\15_9_F_15_D_2013_11_16.pdf,15_9_F_15_D_2013_11_16.pdf,.pdf,37903,2026-09-12T03:31:30.248350,application/pdf
Well_technical_data\Daily Drilling report - PDF Version\15_9_F_15_D_2013_11_17.pdf,15_9_F_15_D_2013_11_17.pdf,.pdf,36094,2026-09-12T03:31:33.656223,application/pdf
Well_technical_data\Daily Drilling report - PDF Version\15_9_F_15_D_2013_11_18.pdf,15_9_F_15_D_2013_11_18.pdf,.pdf,40027,2026-09-12T03:31:37.246456,application/pdf
Well_technical_data\Daily Drilling report - PDF Version\15_9_F_15_D_2013_11_19.pdf,15_9_F_15_D_2013_11_19.pdf,.pdf,36532,2026-09-12T03:31:41.776238,application/pdf
Well_technical_data\Daily Drilling report - PDF Version\15_9_F_15_D_2013_11_20.pdf,15_9_F_15_D_2013_11_20.pdf,.pdf,40067,2026-09-12T03:31:45.941489,application/pdf
Well_technical_data\Daily Drilling report - PDF Version\15_9_F_15_D_2013_11_21.pdf,15_9_F_15_D_2013_11_21.pdf,.pdf,36280,2026-09-12T03:31:49.331892,application/pdf
Well_technical_data\Daily Drilling report - PDF Version\15_9_F_15_D_2013_11_22.pdf,15_9_F_15_D_2013_11_22.pdf,.pdf,35554,2026-09-12T03:31:52.576376,application/pdf
Well_technical_data\Daily Drilling report - PDF Version\15_9_F_15_D_2013_11_23.pdf,15_9_F_15_D_2013_11_23.pdf,.pdf,36493,2026-09-12T03:31:56.042696,application/pdf
Well_technical_data\Daily Drilling report - PDF Version\15_9_F_15_D_2013_11_24.pdf,15_9_F_15_D_2013_11_24.pdf,.pdf,35210,2026-09-12T03:31:59.452035,application/pdf
Well_technical_data\Daily Drilling report - PDF Version\15_9_F_15_D_2013_11_25.pdf,15_9_F_15_D_2013_11_25.pdf,.pdf,39444,2026-09-12T03:32:03.114876,application/pdf
Well_technical_data\Daily Drilling report - PDF Version\15_9_F_15_D_2013_11_26.pdf,15_9_F_15_D_2013_11_26.pdf,.pdf,34941,2026-09-12T03:32:06.452747,application/pdf
Well_technical_data\Daily Drilling report - PDF Version\15_9_F_15_D_2013_11_27.pdf,15_9_F_15_D_2013_11_27.pdf,.pdf,41577,2026-09-12T03:32:09.983806,application/pdf
Well_technical_data\Daily Drilling report - PDF Version\15_9_F_15_D_2013_11_28.pdf,15_9_F_15_D_2013_11_28.pdf,.pdf,36654,2026-09-12T03:32:13.545712,application/pdf
Well_technical_data\Daily Drilling report - PDF Version\15_9_F_15_D_2013_11_29.pdf,15_9_F_15_D_2013_11_29.pdf,.pdf,40980,2026-09-12T03:32:17.462103,application/pdf
Well_technical_data\Daily Drilling report - PDF Version\15_9_F_15_D_2013_11_30.pdf,15_9_F_15_D_2013_11_30.pdf,.pdf,42120,2026-09-12T03:32:20.568405,application/pdf
Well_technical_data\Daily Drilling report - PDF Version\15_9_F_15_D_2013_12_01.pdf,15_9_F_15_D_2013_12_01.pdf,.pdf,41702,2026-09-12T03:32:24.213352,application/pdf
Well_technical_data\Daily Drilling report - PDF Version\15_9_F_15_D_2013_12_02.pdf,15_9_F_15_D_2013_12_02.pdf,.pdf,39240,2026-09-12T03:32:27.662152,application/pdf
Well_technical_data\Daily Drilling report - PDF Version\15_9_F_15_D_2013_12_03.pdf,15_9_F_15_D_2013_12_03.pdf,.pdf,41592,2026-09-12T03:32:31.284582,application/pdf
Well_technical_data\Daily Drilling report - PDF Version\15_9_F_15_D_2013_12_04.pdf,15_9_F_15_D_2013_12_04.pdf,.pdf,33744,2026-09-12T03:32:34.488476,application/pdf
Well_technical_data\Daily Drilling report - PDF Version\15_9_F_15_D_2013_12_05.pdf,15_9_F_15_D_2013_12_05.pdf,.pdf,34929,2026-09-12T03:32:37.763921,application/pdf
Well_technical_data\Daily Drilling report - PDF Version\15_9_F_15_D_2013_12_06.pdf,15_9_F_15_D_2013_12_06.pdf,.pdf,33924,2026-09-12T03:32:41.397675,application/pdf
Well_technical_data\Daily Drilling report - PDF Version\15_9_F_15_D_2013_12_07.pdf,15_9_F_15_D_2013_12_07.pdf,.pdf,32095,2026-09-12T03:32:45.081165,application/pdf
Well_technical_data\Daily Drilling report - PDF Version\15_9_F_15_D_2013_12_08.pdf,15_9_F_15_D_2013_12_08.pdf,.pdf,34974,2026-09-12T03:32:48.981613,application/pdf
Well_technical_data\Daily Drilling report - PDF Version\15_9_F_15_D_2013_12_09.pdf,15_9_F_15_D_2013_12_09.pdf,.pdf,34902,2026-09-12T03:32:52.120411,application/pdf
Well_technical_data\Daily Drilling report - PDF Version\15_9_F_15_D_2013_12_10.pdf,15_9_F_15_D_2013_12_10.pdf,.pdf,33955,2026-09-12T03:32:55.832355,application/pdf
Well_technical_data\Daily Drilling report - PDF Version\15_9_F_15_D_2013_12_11.pdf,15_9_F_15_D_2013_12_11.pdf,.pdf,34570,2026-09-12T03:32:59.630942,application/pdf
Well_technical_data\Daily Drilling report - PDF Version\15_9_F_15_D_2013_12_12.pdf,15_9_F_15_D_2013_12_12.pdf,.pdf,32334,2026-09-12T03:33:03.377017,application/pdf
Well_technical_data\Daily Drilling report - PDF Version\15_9_F_15_D_2013_12_13.pdf,15_9_F_15_D_2013_12_13.pdf,.pdf,32029,2026-09-12T03:33:07.051074,application/pdf
Well_technical_data\Daily Drilling report - PDF Version\15_9_F_15_D_2013_12_14.pdf,15_9_F_15_D_2013_12_14.pdf,.pdf,32068,2026-09-12T03:33:10.304273,application/pdf
Well_technical_data\Daily Drilling report - PDF Version\15_9_F_15_D_2013_12_15.pdf,15_9_F_15_D_2013_12_15.pdf,.pdf,32000,2026-09-12T03:33:14.828447,application/pdf
Well_technical_data\Daily Drilling report - PDF Version\15_9_F_15_D_2013_12_16.pdf,15_9_F_15_D_2013_12_16.pdf,.pdf,34366,2026-09-12T03:33:18.575955,application/pdf
Well_technical_data\Daily Drilling report - PDF Version\15_9_F_15_D_2013_12_17.pdf,15_9_F_15_D_2013_12_17.pdf,.pdf,31568,2026-09-12T03:33:22.217355,application/pdf
Well_technical_data\Daily Drilling report - PDF Version\15_9_F_15_D_2013_12_18.pdf,15_9_F_15_D_2013_12_18.pdf,.pdf,35601,2026-09-12T03:33:25.770647,application/pdf
Well_technical_data\Daily Drilling report - PDF Version\15_9_F_15_D_2013_12_19.pdf,15_9_F_15_D_2013_12_19.pdf,.pdf,34923,2026-09-12T03:33:29.619423,application/pdf
Well_technical_data\Daily Drilling report - PDF Version\15_9_F_15_D_2013_12_20.pdf,15_9_F_15_D_2013_12_20.pdf,.pdf,33573,2026-09-12T03:33:32.859623,application/pdf
Well_technical_data\Daily Drilling report - PDF Version\15_9_F_15_D_2013_12_21.pdf,15_9_F_15_D_2013_12_21.pdf,.pdf,27902,2026-09-12T03:33:36.845555,application/pdf
Well_technical_data\Daily Drilling report - PDF Version\15_9_F_15_D_2013_12_27.pdf,15_9_F_15_D_2013_12_27.pdf,.pdf,31360,2026-09-12T03:33:40.648191,application/pdf
Well_technical_data\Daily Drilling report - PDF Version\15_9_F_15_D_2013_12_28.pdf,15_9_F_15_D_2013_12_28.pdf,.pdf,35469,2026-09-12T03:33:43.832573,application/pdf
Well_technical_data\Daily Drilling report - PDF Version\15_9_F_15_D_2013_12_29.pdf,15_9_F_15_D_2013_12_29.pdf,.pdf,34947,2026-09-12T03:33:47.067053,application/pdf
Well_technical_data\Daily Drilling report - PDF Version\15_9_F_15_D_2013_12_30.pdf,15_9_F_15_D_2013_12_30.pdf,.pdf,34864,2026-09-12T03:33:51.019269,application/pdf
Well_technical_data\Daily Drilling report - PDF Version\15_9_F_15_D_2013_12_31.pdf,15_9_F_15_D_2013_12_31.pdf,.pdf,27523,2026-09-12T03:33:54.418079,application/pdf
Well_technical_data\Daily Drilling report - PDF Version\15_9_F_15_D_2014_01_01.pdf,15_9_F_15_D_2014_01_01.pdf,.pdf,28874,2026-09-12T03:33:57.569334,application/pdf
Well_technical_data\Daily Drilling report - PDF Version\15_9_F_15_D_2014_01_02.pdf,15_9_F_15_D_2014_01_02.pdf,.pdf,26637,2026-09-12T03:34:00.725101,application/pdf
Well_technical_data\Daily Drilling report - PDF Version\15_9_F_15_D_2014_01_03.pdf,15_9_F_15_D_2014_01_03.pdf,.pdf,26430,2026-09-12T03:34:04.303527,application/pdf
Well_technical_data\Daily Drilling report - PDF Version\15_9_F_15_D_2014_01_04.pdf,15_9_F_15_D_2014_01_04.pdf,.pdf,33070,2026-09-12T03:34:08.163992,application/pdf
Well_technical_data\Daily Drilling report - PDF Version\15_9_F_15_D_2014_01_05.pdf,15_9_F_15_D_2014_01_05.pdf,.pdf,31527,2026-09-12T03:34:11.357998,application/pdf
Well_technical_data\Daily Drilling report - PDF Version\15_9_F_15_D_2014_01_06.pdf,15_9_F_15_D_2014_01_06.pdf,.pdf,26534,2026-09-12T03:34:14.644462,application/pdf
Well_technical_data\Daily Drilling report - PDF Version\15_9_F_15_D_2014_01_07.pdf,15_9_F_15_D_2014_01_07.pdf,.pdf,28462,2026-09-12T03:34:17.944270,application/pdf
Well_technical_data\Daily Drilling report - PDF Version\15_9_F_15_D_2014_01_08.pdf,15_9_F_15_D_2014_01_08.pdf,.pdf,32235,2026-09-12T03:34:21.735987,application/pdf
Well_technical_data\Daily Drilling report - PDF Version\15_9_F_15_D_2014_01_09.pdf,15_9_F_15_D_2014_01_09.pdf,.pdf,31495,2026-09-12T03:34:25.244529,application/pdf
Well_technical_data\Daily Drilling report - PDF Version\15_9_F_15_D_2014_01_10.pdf,15_9_F_15_D_2014_01_10.pdf,.pdf,33304,2026-09-12T03:34:28.683410,application/pdf
Well_technical_data\Daily Drilling report - PDF Version\15_9_F_15_D_2014_01_11.pdf,15_9_F_15_D_2014_01_11.pdf,.pdf,32357,2026-09-12T03:34:31.941062,application/pdf
Well_technical_data\Daily Drilling report - PDF Version\15_9_F_15_D_2014_01_12.pdf,15_9_F_15_D_2014_01_12.pdf,.pdf,32912,2026-09-12T03:34:35.187251,application/pdf
Well_technical_data\Daily Drilling report - PDF Version\15_9_F_15_D_2014_01_13.pdf,15_9_F_15_D_2014_01_13.pdf,.pdf,32901,2026-09-12T03:34:38.403069,application/pdf
Well_technical_data\Daily Drilling report - PDF Version\15_9_F_15_D_2014_01_14.pdf,15_9_F_15_D_2014_01_14.pdf,.pdf,31262,2026-09-12T03:34:41.625269,application/pdf
Well_technical_data\Daily Drilling report - PDF Version\15_9_F_15_D_2014_01_15.pdf,15_9_F_15_D_2014_01_15.pdf,.pdf,34061,2026-09-12T03:34:45.100298,application/pdf
Well_technical_data\Daily Drilling report - PDF Version\15_9_F_15_D_2014_01_16.pdf,15_9_F_15_D_2014_01_16.pdf,.pdf,29282,2026-09-12T03:34:48.470621,application/pdf
Well_technical_data\Daily Drilling report - PDF Version\15_9_F_15_D_2015_08_06.pdf,15_9_F_15_D_2015_08_06.pdf,.pdf,25551,2026-09-12T03:34:52.174997,application/pdf
Well_technical_data\Daily Drilling report - PDF Version\15_9_F_15_D_2015_08_07.pdf,15_9_F_15_D_2015_08_07.pdf,.pdf,27463,2026-09-12T03:34:55.789814,application/pdf
Well_technical_data\Daily Drilling report - PDF Version\15_9_F_15_D_2015_08_08.pdf,15_9_F_15_D_2015_08_08.pdf,.pdf,29753,2026-09-12T03:34:59.601687,application/pdf
Well_technical_data\Daily Drilling report - PDF Version\15_9_F_15_D_2015_08_09.pdf,15_9_F_15_D_2015_08_09.pdf,.pdf,30341,2026-09-12T03:35:03.371341,application/pdf
Well_technical_data\Daily Drilling report - PDF Version\15_9_F_15_D_2015_08_10.pdf,15_9_F_15_D_2015_08_10.pdf,.pdf,31236,2026-09-12T03:35:06.920201,application/pdf
Well_technical_data\Daily Drilling report - PDF Version\15_9_F_15_D_2015_08_11.pdf,15_9_F_15_D_2015_08_11.pdf,.pdf,25905,2026-09-12T03:35:10.776163,application/pdf
Well_technical_data\Daily Drilling report - PDF Version\15_9_F_15_D_2015_08_12.pdf,15_9_F_15_D_2015_08_12.pdf,.pdf,27114,2026-09-12T03:35:14.103051,application/pdf
Well_technical_data\Daily Drilling report - PDF Version\15_9_F_15_D_2015_08_13.pdf,15_9_F_15_D_2015_08_13.pdf,.pdf,33030,2026-09-12T03:35:17.822041,application/pdf
Well_technical_data\Daily Drilling report - PDF Version\15_9_F_15_D_2015_08_14.pdf,15_9_F_15_D_2015_08_14.pdf,.pdf,30605,2026-09-12T03:35:21.348715,application/pdf
Well_technical_data\Daily Drilling report - PDF Version\15_9_F_15_D_2015_08_15.pdf,15_9_F_15_D_2015_08_15.pdf,.pdf,33932,2026-09-12T03:35:24.734336,application/pdf
Well_technical_data\Daily Drilling report - PDF Version\15_9_F_15_D_2015_08_16.pdf,15_9_F_15_D_2015_08_16.pdf,.pdf,26302,2026-09-12T03:35:27.982992,application/pdf
Well_technical_data\Daily Drilling report - PDF Version\15_9_F_15_D_2015_08_17.pdf,15_9_F_15_D_2015_08_17.pdf,.pdf,23491,2026-09-12T03:35:31.226426,application/pdf
Well_technical_data\Daily Drilling report - PDF Version\15_9_F_15_D_2016_07_09.pdf,15_9_F_15_D_2016_07_09.pdf,.pdf,27729,2026-09-12T03:35:34.792243,application/pdf
Well_technical_data\Daily Drilling report - PDF Version\15_9_F_15_D_2016_07_10.pdf,15_9_F_15_D_2016_07_10.pdf,.pdf,30593,2026-09-12T03:35:38.460812,application/pdf
Well_technical_data\Daily Drilling report - PDF Version\15_9_F_15_D_2016_07_11.pdf,15_9_F_15_D_2016_07_11.pdf,.pdf,28070,2026-09-12T03:35:41.788399,application/pdf
Well_technical_data\Daily Drilling report - PDF Version\15_9_F_15_D_2016_07_12.pdf,15_9_F_15_D_2016_07_12.pdf,.pdf,29840,2026-09-12T03:35:45.137494,application/pdf
Well_technical_data\Daily Drilling report - PDF Version\15_9_F_15_D_2016_07_13.pdf,15_9_F_15_D_2016_07_13.pdf,.pdf,28727,2026-09-12T03:35:48.722612,application/pdf
Well_technical_data\Daily Drilling report - PDF Version\15_9_F_15_D_2016_07_14.pdf,15_9_F_15_D_2016_07_14.pdf,.pdf,33392,2026-09-12T03:35:52.615881,application/pdf
Well_technical_data\Daily Drilling report - PDF Version\15_9_F_15_D_2016_07_15.pdf,15_9_F_15_D_2016_07_15.pdf,.pdf,32629,2026-09-12T03:35:55.888158,application/pdf
Well_technical_data\Daily Drilling report - PDF Version\15_9_F_15_D_2016_07_16.pdf,15_9_F_15_D_2016_07_16.pdf,.pdf,31633,2026-09-12T03:35:59.429713,application/pdf
Well_technical_data\Daily Drilling report - PDF Version\15_9_F_15_D_2016_07_17.pdf,15_9_F_15_D_2016_07_17.pdf,.pdf,34652,2026-09-12T03:36:02.868782,application/pdf
Well_technical_data\Daily Drilling report - PDF Version\15_9_F_15_D_2016_07_18.pdf,15_9_F_15_D_2016_07_18.pdf,.pdf,31358,2026-09-12T03:36:06.440916,application/pdf
Well_technical_data\Daily Drilling report - PDF Version\15_9_F_15_D_2016_07_19.pdf,15_9_F_15_D_2016_07_19.pdf,.pdf,30532,2026-09-12T03:36:10.583167,application/pdf
Well_technical_data\Daily Drilling report - PDF Version\15_9_F_15_D_2016_07_20.pdf,15_9_F_15_D_2016_07_20.pdf,.pdf,31782,2026-09-12T03:36:14.101499,application/pdf
Well_technical_data\Daily Drilling report - PDF Version\15_9_F_15_D_2016_07_21.pdf,15_9_F_15_D_2016_07_21.pdf,.pdf,33785,2026-09-12T03:36:17.914048,application/pdf
Well_technical_data\Daily Drilling report - PDF Version\15_9_F_15_D_2016_07_22.pdf,15_9_F_15_D_2016_07_22.pdf,.pdf,34244,2026-09-12T03:36:21.182298,application/pdf
Well_technical_data\Daily Drilling report - PDF Version\15_9_F_15_D_2016_07_23.pdf,15_9_F_15_D_2016_07_23.pdf,.pdf,34186,2026-09-12T03:36:24.628434,application/pdf
Well_technical_data\Daily Drilling report - PDF Version\15_9_F_15_D_2016_07_24.pdf,15_9_F_15_D_2016_07_24.pdf,.pdf,32247,2026-09-12T03:36:27.898652,application/pdf
Well_technical_data\Daily Drilling report - PDF Version\15_9_F_15_D_2016_07_25.pdf,15_9_F_15_D_2016_07_25.pdf,.pdf,34086,2026-09-12T03:36:31.729401,application/pdf
Well_technical_data\Daily Drilling report - PDF Version\15_9_F_15_D_2016_07_26.pdf,15_9_F_15_D_2016_07_26.pdf,.pdf,30404,2026-09-12T03:36:35.494431,application/pdf
Well_technical_data\Daily Drilling report - PDF Version\15_9_F_15_D_2016_07_27.pdf,15_9_F_15_D_2016_07_27.pdf,.pdf,30645,2026-09-12T03:36:38.778447,application/pdf
Well_technical_data\Daily Drilling report - PDF Version\15_9_F_15_D_2016_07_28.pdf,15_9_F_15_D_2016_07_28.pdf,.pdf,36921,2026-09-12T03:36:42.085166,application/pdf
Well_technical_data\Daily Drilling report - PDF Version\15_9_F_15_D_2016_07_29.pdf,15_9_F_15_D_2016_07_29.pdf,.pdf,26474,2026-09-12T03:36:45.665098,application/pdf
Well_technical_data\Daily Drilling report - PDF Version\15_9_F_15_D_2016_09_16.pdf,15_9_F_15_D_2016_09_16.pdf,.pdf,31833,2026-09-12T03:36:49.409982,application/pdf
Well_technical_data\Daily Drilling report - PDF Version\15_9_F_15_D_2016_09_17.pdf,15_9_F_15_D_2016_09_17.pdf,.pdf,38968,2026-09-12T03:36:52.922930,application/pdf
Well_technical_data\Daily Drilling report - PDF Version\15_9_F_15_D_2016_10_18.pdf,15_9_F_15_D_2016_10_18.pdf,.pdf,31533,2026-09-12T03:36:56.640741,application/pdf
Well_technical_data\Daily Drilling report - PDF Version\15_9_F_15_D_2016_10_19.pdf,15_9_F_15_D_2016_10_19.pdf,.pdf,28431,2026-09-12T03:37:00.016709,application/pdf
Well_technical_data\Daily Drilling report - PDF Version\15_9_F_1_2007_12_02.pdf,15_9_F_1_2007_12_02.pdf,.pdf,33652,2026-09-12T03:37:03.625254,application/pdf
Well_technical_data\Daily Drilling report - PDF Version\15_9_F_1_2007_12_03.pdf,15_9_F_1_2007_12_03.pdf,.pdf,39808,2026-09-12T03:37:07.368757,application/pdf
Well_technical_data\Daily Drilling report - PDF Version\15_9_F_1_2007_12_04.pdf,15_9_F_1_2007_12_04.pdf,.pdf,34074,2026-09-12T03:37:10.894064,application/pdf
Well_technical_data\Daily Drilling report - PDF Version\15_9_F_1_2007_12_05.pdf,15_9_F_1_2007_12_05.pdf,.pdf,26504,2026-09-12T03:37:14.358123,application/pdf
Well_technical_data\Daily Drilling report - PDF Version\15_9_F_1_2013_07_22.pdf,15_9_F_1_2013_07_22.pdf,.pdf,27268,2026-09-12T03:37:17.663639,application/pdf
Well_technical_data\Daily Drilling report - PDF Version\15_9_F_1_2013_07_23.pdf,15_9_F_1_2013_07_23.pdf,.pdf,32017,2026-09-12T03:37:21.513346,application/pdf
Well_technical_data\Daily Drilling report - PDF Version\15_9_F_1_2013_07_24.pdf,15_9_F_1_2013_07_24.pdf,.pdf,31903,2026-09-12T03:37:24.933476,application/pdf
Well_technical_data\Daily Drilling report - PDF Version\15_9_F_1_2013_07_25.pdf,15_9_F_1_2013_07_25.pdf,.pdf,33124,2026-09-12T03:37:27.978021,application/pdf
Well_technical_data\Daily Drilling report - PDF Version\15_9_F_1_2013_07_26.pdf,15_9_F_1_2013_07_26.pdf,.pdf,32352,2026-09-12T03:37:31.651505,application/pdf
Well_technical_data\Daily Drilling report - PDF Version\15_9_F_1_2013_07_27.pdf,15_9_F_1_2013_07_27.pdf,.pdf,34710,2026-09-12T03:37:34.832639,application/pdf
Well_technical_data\Daily Drilling report - PDF Version\15_9_F_1_2013_07_28.pdf,15_9_F_1_2013_07_28.pdf,.pdf,33897,2026-09-12T03:37:37.916629,application/pdf
Well_technical_data\Daily Drilling report - PDF Version\15_9_F_1_2013_07_29.pdf,15_9_F_1_2013_07_29.pdf,.pdf,32909,2026-09-12T03:37:41.030005,application/pdf
Well_technical_data\Daily Drilling report - PDF Version\15_9_F_1_2013_07_30.pdf,15_9_F_1_2013_07_30.pdf,.pdf,28714,2026-09-12T03:37:44.589885,application/pdf
Well_technical_data\Daily Drilling report - PDF Version\15_9_F_1_2013_07_31.pdf,15_9_F_1_2013_07_31.pdf,.pdf,30824,2026-09-12T03:37:47.916652,application/pdf
Well_technical_data\Daily Drilling report - PDF Version\15_9_F_1_2013_08_01.pdf,15_9_F_1_2013_08_01.pdf,.pdf,33579,2026-09-12T03:37:51.305462,application/pdf
Well_technical_data\Daily Drilling report - PDF Version\15_9_F_1_2013_08_02.pdf,15_9_F_1_2013_08_02.pdf,.pdf,31201,2026-09-12T03:37:54.906229,application/pdf
Well_technical_data\Daily Drilling report - PDF Version\15_9_F_1_2013_08_03.pdf,15_9_F_1_2013_08_03.pdf,.pdf,34240,2026-09-12T03:37:58.876400,application/pdf
Well_technical_data\Daily Drilling report - PDF Version\15_9_F_1_2013_08_04.pdf,15_9_F_1_2013_08_04.pdf,.pdf,35295,2026-09-12T03:38:02.473734,application/pdf
Well_technical_data\Daily Drilling report - PDF Version\15_9_F_1_2013_08_05.pdf,15_9_F_1_2013_08_05.pdf,.pdf,34175,2026-09-12T03:38:06.293856,application/pdf
Well_technical_data\Daily Drilling report - PDF Version\15_9_F_1_2013_08_06.pdf,15_9_F_1_2013_08_06.pdf,.pdf,33973,2026-09-12T03:38:09.361792,application/pdf
Well_technical_data\Daily Drilling report - PDF Version\15_9_F_1_2013_08_07.pdf,15_9_F_1_2013_08_07.pdf,.pdf,38531,2026-09-12T03:38:12.735245,application/pdf
Well_technical_data\Daily Drilling report - PDF Version\15_9_F_1_2013_08_08.pdf,15_9_F_1_2013_08_08.pdf,.pdf,37517,2026-09-12T03:38:16.985510,application/pdf
Well_technical_data\Daily Drilling report - PDF Version\15_9_F_1_2013_08_09.pdf,15_9_F_1_2013_08_09.pdf,.pdf,34454,2026-09-12T03:38:20.803627,application/pdf
Well_technical_data\Daily Drilling report - PDF Version\15_9_F_1_2013_08_10.pdf,15_9_F_1_2013_08_10.pdf,.pdf,34820,2026-09-12T03:38:24.348010,application/pdf
Well_technical_data\Daily Drilling report - PDF Version\15_9_F_1_2013_08_11.pdf,15_9_F_1_2013_08_11.pdf,.pdf,31097,2026-09-12T03:38:28.273725,application/pdf
Well_technical_data\Daily Drilling report - PDF Version\15_9_F_1_2013_08_12.pdf,15_9_F_1_2013_08_12.pdf,.pdf,35759,2026-09-12T03:38:31.726479,application/pdf
Well_technical_data\Daily Drilling report - PDF Version\15_9_F_1_2013_08_13.pdf,15_9_F_1_2013_08_13.pdf,.pdf,32214,2026-09-12T03:38:35.059378,application/pdf
Well_technical_data\Daily Drilling report - PDF Version\15_9_F_1_2013_08_14.pdf,15_9_F_1_2013_08_14.pdf,.pdf,36370,2026-09-12T03:38:38.994745,application/pdf
Well_technical_data\Daily Drilling report - PDF Version\15_9_F_1_2013_08_15.pdf,15_9_F_1_2013_08_15.pdf,.pdf,35469,2026-09-12T03:38:42.308321,application/pdf
Well_technical_data\Daily Drilling report - PDF Version\15_9_F_1_2013_08_16.pdf,15_9_F_1_2013_08_16.pdf,.pdf,38426,2026-09-12T03:38:45.508695,application/pdf
Well_technical_data\Daily Drilling report - PDF Version\15_9_F_1_2013_08_17.pdf,15_9_F_1_2013_08_17.pdf,.pdf,36558,2026-09-12T03:38:48.913066,application/pdf
Well_technical_data\Daily Drilling report - PDF Version\15_9_F_1_2013_08_18.pdf,15_9_F_1_2013_08_18.pdf,.pdf,37833,2026-09-12T03:38:52.161824,application/pdf
Well_technical_data\Daily Drilling report - PDF Version\15_9_F_1_2013_08_19.pdf,15_9_F_1_2013_08_19.pdf,.pdf,36867,2026-09-12T03:38:55.953077,application/pdf
Well_technical_data\Daily Drilling report - PDF Version\15_9_F_1_2013_08_20.pdf,15_9_F_1_2013_08_20.pdf,.pdf,31008,2026-09-12T03:38:59.168089,application/pdf
Well_technical_data\Daily Drilling report - PDF Version\15_9_F_1_2013_08_21.pdf,15_9_F_1_2013_08_21.pdf,.pdf,36541,2026-09-12T03:39:02.529849,application/pdf
Well_technical_data\Daily Drilling report - PDF Version\15_9_F_1_2013_08_22.pdf,15_9_F_1_2013_08_22.pdf,.pdf,34497,2026-09-12T03:39:05.752088,application/pdf
Well_technical_data\Daily Drilling report - PDF Version\15_9_F_1_2013_08_23.pdf,15_9_F_1_2013_08_23.pdf,.pdf,35859,2026-09-12T03:39:09.410739,application/pdf
Well_technical_data\Daily Drilling report - PDF Version\15_9_F_1_2013_08_24.pdf,15_9_F_1_2013_08_24.pdf,.pdf,32948,2026-09-12T03:39:12.791136,application/pdf
Well_technical_data\Daily Drilling report - PDF Version\15_9_F_1_A_2013_08_24.pdf,15_9_F_1_A_2013_08_24.pdf,.pdf,36441,2026-09-12T03:39:16.472714,application/pdf
Well_technical_data\Daily Drilling report - PDF Version\15_9_F_1_A_2013_08_25.pdf,15_9_F_1_A_2013_08_25.pdf,.pdf,36338,2026-09-12T03:39:19.881240,application/pdf
Well_technical_data\Daily Drilling report - PDF Version\15_9_F_1_A_2013_08_26.pdf,15_9_F_1_A_2013_08_26.pdf,.pdf,38326,2026-09-12T03:39:23.438254,application/pdf
Well_technical_data\Daily Drilling report - PDF Version\15_9_F_1_A_2013_08_27.pdf,15_9_F_1_A_2013_08_27.pdf,.pdf,41043,2026-09-12T03:39:26.866977,application/pdf
Well_technical_data\Daily Drilling report - PDF Version\15_9_F_1_A_2013_08_28.pdf,15_9_F_1_A_2013_08_28.pdf,.pdf,36747,2026-09-12T03:39:30.333973,application/pdf
Well_technical_data\Daily Drilling report - PDF Version\15_9_F_1_A_2013_08_29.pdf,15_9_F_1_A_2013_08_29.pdf,.pdf,33508,2026-09-12T03:39:33.580861,application/pdf
Well_technical_data\Daily Drilling report - PDF Version\15_9_F_1_A_2013_08_30.pdf,15_9_F_1_A_2013_08_30.pdf,.pdf,34222,2026-09-12T03:39:37.183204,application/pdf
Well_technical_data\Daily Drilling report - PDF Version\15_9_F_1_B_2013_08_30.pdf,15_9_F_1_B_2013_08_30.pdf,.pdf,31966,2026-09-12T03:39:41.077185,application/pdf
Well_technical_data\Daily Drilling report - PDF Version\15_9_F_1_B_2013_08_31.pdf,15_9_F_1_B_2013_08_31.pdf,.pdf,36018,2026-09-12T03:39:44.686593,application/pdf
Well_technical_data\Daily Drilling report - PDF Version\15_9_F_1_B_2013_09_01.pdf,15_9_F_1_B_2013_09_01.pdf,.pdf,38339,2026-09-12T03:39:49.024451,application/pdf
Well_technical_data\Daily Drilling report - PDF Version\15_9_F_1_B_2013_09_02.pdf,15_9_F_1_B_2013_09_02.pdf,.pdf,36553,2026-09-12T03:39:52.726818,application/pdf
Well_technical_data\Daily Drilling report - PDF Version\15_9_F_1_B_2013_09_03.pdf,15_9_F_1_B_2013_09_03.pdf,.pdf,35125,2026-09-12T03:39:56.613986,application/pdf
Well_technical_data\Daily Drilling report - PDF Version\15_9_F_1_B_2013_09_05.pdf,15_9_F_1_B_2013_09_05.pdf,.pdf,31075,2026-09-12T03:40:00.011955,application/pdf
Well_technical_data\Daily Drilling report - PDF Version\15_9_F_1_B_2013_09_06.pdf,15_9_F_1_B_2013_09_06.pdf,.pdf,39910,2026-09-12T03:40:03.054946,application/pdf
Well_technical_data\Daily Drilling report - PDF Version\15_9_F_1_B_2013_09_07.pdf,15_9_F_1_B_2013_09_07.pdf,.pdf,37696,2026-09-12T03:40:06.700497,application/pdf
Well_technical_data\Daily Drilling report - PDF Version\15_9_F_1_B_2013_09_08.pdf,15_9_F_1_B_2013_09_08.pdf,.pdf,35783,2026-09-12T03:40:09.847639,application/pdf
Well_technical_data\Daily Drilling report - PDF Version\15_9_F_1_B_2013_09_09.pdf,15_9_F_1_B_2013_09_09.pdf,.pdf,39022,2026-09-12T03:40:13.230579,application/pdf
Well_technical_data\Daily Drilling report - PDF Version\15_9_F_1_B_2013_09_10.pdf,15_9_F_1_B_2013_09_10.pdf,.pdf,32763,2026-09-12T03:40:16.951946,application/pdf
Well_technical_data\Daily Drilling report - PDF Version\15_9_F_1_B_2013_09_11.pdf,15_9_F_1_B_2013_09_11.pdf,.pdf,34390,2026-09-12T03:40:20.400038,application/pdf
Well_technical_data\Daily Drilling report - PDF Version\15_9_F_1_B_2013_09_12.pdf,15_9_F_1_B_2013_09_12.pdf,.pdf,33585,2026-09-12T03:40:24.124804,application/pdf
Well_technical_data\Daily Drilling report - PDF Version\15_9_F_1_B_2013_09_13.pdf,15_9_F_1_B_2013_09_13.pdf,.pdf,36390,2026-09-12T03:40:27.980861,application/pdf
Well_technical_data\Daily Drilling report - PDF Version\15_9_F_1_B_2013_09_14.pdf,15_9_F_1_B_2013_09_14.pdf,.pdf,32532,2026-09-12T03:40:31.314458,application/pdf
Well_technical_data\Daily Drilling report - PDF Version\15_9_F_1_B_2013_09_15.pdf,15_9_F_1_B_2013_09_15.pdf,.pdf,30682,2026-09-12T03:40:34.576785,application/pdf
Well_technical_data\Daily Drilling report - PDF Version\15_9_F_1_B_2013_09_16.pdf,15_9_F_1_B_2013_09_16.pdf,.pdf,27378,2026-09-12T03:40:38.192650,application/pdf
Well_technical_data\Daily Drilling report - PDF Version\15_9_F_1_B_2013_09_17.pdf,15_9_F_1_B_2013_09_17.pdf,.pdf,27708,2026-09-12T03:40:41.606351,application/pdf
Well_technical_data\Daily Drilling report - PDF Version\15_9_F_1_B_2013_09_18.pdf,15_9_F_1_B_2013_09_18.pdf,.pdf,27462,2026-09-12T03:40:45.043193,application/pdf
Well_technical_data\Daily Drilling report - PDF Version\15_9_F_1_B_2013_09_19.pdf,15_9_F_1_B_2013_09_19.pdf,.pdf,30937,2026-09-12T03:40:48.324696,application/pdf
Well_technical_data\Daily Drilling report - PDF Version\15_9_F_1_B_2013_09_20.pdf,15_9_F_1_B_2013_09_20.pdf,.pdf,32394,2026-09-12T03:40:52.010562,application/pdf
Well_technical_data\Daily Drilling report - PDF Version\15_9_F_1_B_2013_09_21.pdf,15_9_F_1_B_2013_09_21.pdf,.pdf,30604,2026-09-12T03:40:55.461370,application/pdf
Well_technical_data\Daily Drilling report - PDF Version\15_9_F_1_B_2013_09_22.pdf,15_9_F_1_B_2013_09_22.pdf,.pdf,31677,2026-09-12T03:40:58.648922,application/pdf
Well_technical_data\Daily Drilling report - PDF Version\15_9_F_1_B_2013_09_23.pdf,15_9_F_1_B_2013_09_23.pdf,.pdf,33354,2026-09-12T03:41:02.189963,application/pdf
Well_technical_data\Daily Drilling report - PDF Version\15_9_F_1_B_2013_09_24.pdf,15_9_F_1_B_2013_09_24.pdf,.pdf,33962,2026-09-12T03:41:05.624151,application/pdf
Well_technical_data\Daily Drilling report - PDF Version\15_9_F_1_B_2013_09_25.pdf,15_9_F_1_B_2013_09_25.pdf,.pdf,31354,2026-09-12T03:41:09.484206,application/pdf
Well_technical_data\Daily Drilling report - PDF Version\15_9_F_1_B_2013_09_26.pdf,15_9_F_1_B_2013_09_26.pdf,.pdf,29763,2026-09-12T03:41:12.606481,application/pdf
Well_technical_data\Daily Drilling report - PDF Version\15_9_F_1_B_2013_09_27.pdf,15_9_F_1_B_2013_09_27.pdf,.pdf,33482,2026-09-12T03:41:16.455959,application/pdf
Well_technical_data\Daily Drilling report - PDF Version\15_9_F_1_B_2013_09_28.pdf,15_9_F_1_B_2013_09_28.pdf,.pdf,31488,2026-09-12T03:41:19.922538,application/pdf
Well_technical_data\Daily Drilling report - PDF Version\15_9_F_1_B_2013_09_29.pdf,15_9_F_1_B_2013_09_29.pdf,.pdf,29548,2026-09-12T03:41:23.734314,application/pdf
Well_technical_data\Daily Drilling report - PDF Version\15_9_F_1_B_2013_09_30.pdf,15_9_F_1_B_2013_09_30.pdf,.pdf,29529,2026-09-12T03:41:27.641000,application/pdf
Well_technical_data\Daily Drilling report - PDF Version\15_9_F_1_B_2013_10_01.pdf,15_9_F_1_B_2013_10_01.pdf,.pdf,30366,2026-09-12T03:41:30.943970,application/pdf
Well_technical_data\Daily Drilling report - PDF Version\15_9_F_1_B_2013_10_02.pdf,15_9_F_1_B_2013_10_02.pdf,.pdf,33281,2026-09-12T03:41:34.527571,application/pdf
Well_technical_data\Daily Drilling report - PDF Version\15_9_F_1_B_2013_10_03.pdf,15_9_F_1_B_2013_10_03.pdf,.pdf,32659,2026-09-12T03:41:38.323153,application/pdf
Well_technical_data\Daily Drilling report - PDF Version\15_9_F_1_B_2013_10_04.pdf,15_9_F_1_B_2013_10_04.pdf,.pdf,33040,2026-09-12T03:41:42.434313,application/pdf
Well_technical_data\Daily Drilling report - PDF Version\15_9_F_1_B_2013_10_05.pdf,15_9_F_1_B_2013_10_05.pdf,.pdf,32695,2026-09-12T03:41:46.040902,application/pdf
Well_technical_data\Daily Drilling report - PDF Version\15_9_F_1_B_2013_10_06.pdf,15_9_F_1_B_2013_10_06.pdf,.pdf,33002,2026-09-12T03:41:49.561416,application/pdf
Well_technical_data\Daily Drilling report - PDF Version\15_9_F_1_B_2013_10_07.pdf,15_9_F_1_B_2013_10_07.pdf,.pdf,32595,2026-09-12T03:41:52.775994,application/pdf
Well_technical_data\Daily Drilling report - PDF Version\15_9_F_1_B_2013_12_21.pdf,15_9_F_1_B_2013_12_21.pdf,.pdf,32793,2026-09-12T03:41:56.009580,application/pdf
Well_technical_data\Daily Drilling report - PDF Version\15_9_F_1_B_2013_12_22.pdf,15_9_F_1_B_2013_12_22.pdf,.pdf,28160,2026-09-12T03:41:59.784972,application/pdf
Well_technical_data\Daily Drilling report - PDF Version\15_9_F_1_B_2013_12_23.pdf,15_9_F_1_B_2013_12_23.pdf,.pdf,34921,2026-09-12T03:42:03.199990,application/pdf
Well_technical_data\Daily Drilling report - PDF Version\15_9_F_1_B_2013_12_24.pdf,15_9_F_1_B_2013_12_24.pdf,.pdf,33404,2026-09-12T03:42:06.872777,application/pdf
Well_technical_data\Daily Drilling report - PDF Version\15_9_F_1_B_2013_12_25.pdf,15_9_F_1_B_2013_12_25.pdf,.pdf,30295,2026-09-12T03:42:10.528849,application/pdf
Well_technical_data\Daily Drilling report - PDF Version\15_9_F_1_B_2013_12_26.pdf,15_9_F_1_B_2013_12_26.pdf,.pdf,27174,2026-09-12T03:42:14.052354,application/pdf
Well_technical_data\Daily Drilling report - PDF Version\15_9_F_1_B_2013_12_27.pdf,15_9_F_1_B_2013_12_27.pdf,.pdf,25402,2026-09-12T03:42:17.680888,application/pdf
Well_technical_data\Daily Drilling report - PDF Version\15_9_F_1_B_2014_01_26.pdf,15_9_F_1_B_2014_01_26.pdf,.pdf,31290,2026-09-12T03:42:21.262887,application/pdf
Well_technical_data\Daily Drilling report - PDF Version\15_9_F_1_B_2014_01_27.pdf,15_9_F_1_B_2014_01_27.pdf,.pdf,34166,2026-09-12T03:42:24.336667,application/pdf
Well_technical_data\Daily Drilling report - PDF Version\15_9_F_1_B_2014_01_28.pdf,15_9_F_1_B_2014_01_28.pdf,.pdf,31189,2026-09-12T03:42:27.664142,application/pdf
Well_technical_data\Daily Drilling report - PDF Version\15_9_F_1_B_2014_01_29.pdf,15_9_F_1_B_2014_01_29.pdf,.pdf,34719,2026-09-12T03:42:30.694687,application/pdf
Well_technical_data\Daily Drilling report - PDF Version\15_9_F_1_B_2014_01_30.pdf,15_9_F_1_B_2014_01_30.pdf,.pdf,33228,2026-09-12T03:42:34.275859,application/pdf
Well_technical_data\Daily Drilling report - PDF Version\15_9_F_1_B_2014_01_31.pdf,15_9_F_1_B_2014_01_31.pdf,.pdf,31603,2026-09-12T03:42:38.249528,application/pdf
Well_technical_data\Daily Drilling report - PDF Version\15_9_F_1_B_2014_02_01.pdf,15_9_F_1_B_2014_02_01.pdf,.pdf,33534,2026-09-12T03:42:41.625142,application/pdf
Well_technical_data\Daily Drilling report - PDF Version\15_9_F_1_B_2014_02_02.pdf,15_9_F_1_B_2014_02_02.pdf,.pdf,30950,2026-09-12T03:42:45.076772,application/pdf
Well_technical_data\Daily Drilling report - PDF Version\15_9_F_1_B_2014_02_03.pdf,15_9_F_1_B_2014_02_03.pdf,.pdf,35303,2026-09-12T03:42:48.395904,application/pdf
Well_technical_data\Daily Drilling report - PDF Version\15_9_F_1_B_2014_02_04.pdf,15_9_F_1_B_2014_02_04.pdf,.pdf,32656,2026-09-12T03:42:52.094106,application/pdf
Well_technical_data\Daily Drilling report - PDF Version\15_9_F_1_B_2014_02_05.pdf,15_9_F_1_B_2014_02_05.pdf,.pdf,32081,2026-09-12T03:42:55.711998,application/pdf
Well_technical_data\Daily Drilling report - PDF Version\15_9_F_1_B_2014_02_06.pdf,15_9_F_1_B_2014_02_06.pdf,.pdf,36378,2026-09-12T03:42:59.384012,application/pdf
Well_technical_data\Daily Drilling report - PDF Version\15_9_F_1_B_2014_02_07.pdf,15_9_F_1_B_2014_02_07.pdf,.pdf,34912,2026-09-12T03:43:02.773588,application/pdf
Well_technical_data\Daily Drilling report - PDF Version\15_9_F_1_B_2014_02_08.pdf,15_9_F_1_B_2014_02_08.pdf,.pdf,32636,2026-09-12T03:43:06.754161,application/pdf
Well_technical_data\Daily Drilling report - PDF Version\15_9_F_1_B_2014_02_09.pdf,15_9_F_1_B_2014_02_09.pdf,.pdf,29625,2026-09-12T03:43:10.559202,application/pdf
Well_technical_data\Daily Drilling report - PDF Version\15_9_F_1_B_2014_02_10.pdf,15_9_F_1_B_2014_02_10.pdf,.pdf,28216,2026-09-12T03:43:14.055813,application/pdf
Well_technical_data\Daily Drilling report - PDF Version\15_9_F_1_B_2014_02_11.pdf,15_9_F_1_B_2014_02_11.pdf,.pdf,31959,2026-09-12T03:43:18.053586,application/pdf
Well_technical_data\Daily Drilling report - PDF Version\15_9_F_1_B_2014_02_12.pdf,15_9_F_1_B_2014_02_12.pdf,.pdf,33914,2026-09-12T03:43:21.602086,application/pdf
Well_technical_data\Daily Drilling report - PDF Version\15_9_F_1_B_2014_02_13.pdf,15_9_F_1_B_2014_02_13.pdf,.pdf,36058,2026-09-12T03:43:24.588157,application/pdf
Well_technical_data\Daily Drilling report - PDF Version\15_9_F_1_B_2014_02_14.pdf,15_9_F_1_B_2014_02_14.pdf,.pdf,36057,2026-09-12T03:43:28.572112,application/pdf
Well_technical_data\Daily Drilling report - PDF Version\15_9_F_1_B_2014_02_15.pdf,15_9_F_1_B_2014_02_15.pdf,.pdf,39852,2026-09-12T03:43:32.182709,application/pdf
Well_technical_data\Daily Drilling report - PDF Version\15_9_F_1_B_2014_02_16.pdf,15_9_F_1_B_2014_02_16.pdf,.pdf,40273,2026-09-12T03:43:35.758055,application/pdf
Well_technical_data\Daily Drilling report - PDF Version\15_9_F_1_B_2014_02_17.pdf,15_9_F_1_B_2014_02_17.pdf,.pdf,37768,2026-09-12T03:43:39.764930,application/pdf
Well_technical_data\Daily Drilling report - PDF Version\15_9_F_1_B_2014_02_18.pdf,15_9_F_1_B_2014_02_18.pdf,.pdf,40649,2026-09-12T03:43:43.170570,application/pdf
Well_technical_data\Daily Drilling report - PDF Version\15_9_F_1_B_2014_02_19.pdf,15_9_F_1_B_2014_02_19.pdf,.pdf,37016,2026-09-12T03:43:47.010557,application/pdf
Well_technical_data\Daily Drilling report - PDF Version\15_9_F_1_B_2014_02_20.pdf,15_9_F_1_B_2014_02_20.pdf,.pdf,37060,2026-09-12T03:43:50.430948,application/pdf
Well_technical_data\Daily Drilling report - PDF Version\15_9_F_1_B_2014_02_21.pdf,15_9_F_1_B_2014_02_21.pdf,.pdf,32180,2026-09-12T03:43:53.869746,application/pdf
Well_technical_data\Daily Drilling report - PDF Version\15_9_F_1_B_2014_02_22.pdf,15_9_F_1_B_2014_02_22.pdf,.pdf,31923,2026-09-12T03:43:57.680901,application/pdf
Well_technical_data\Daily Drilling report - PDF Version\15_9_F_1_C_2014_02_22.pdf,15_9_F_1_C_2014_02_22.pdf,.pdf,39210,2026-09-12T03:44:01.217232,application/pdf
Well_technical_data\Daily Drilling report - PDF Version\15_9_F_1_C_2014_02_23.pdf,15_9_F_1_C_2014_02_23.pdf,.pdf,36552,2026-09-12T03:44:04.744481,application/pdf
Well_technical_data\Daily Drilling report - PDF Version\15_9_F_1_C_2014_02_24.pdf,15_9_F_1_C_2014_02_24.pdf,.pdf,34273,2026-09-12T03:44:08.358472,application/pdf
Well_technical_data\Daily Drilling report - PDF Version\15_9_F_1_C_2014_02_25.pdf,15_9_F_1_C_2014_02_25.pdf,.pdf,32231,2026-09-12T03:44:12.119853,application/pdf
Well_technical_data\Daily Drilling report - PDF Version\15_9_F_1_C_2014_02_26.pdf,15_9_F_1_C_2014_02_26.pdf,.pdf,38696,2026-09-12T03:44:15.425346,application/pdf
Well_technical_data\Daily Drilling report - PDF Version\15_9_F_1_C_2014_02_27.pdf,15_9_F_1_C_2014_02_27.pdf,.pdf,36059,2026-09-12T03:44:18.886907,application/pdf
Well_technical_data\Daily Drilling report - PDF Version\15_9_F_1_C_2014_02_28.pdf,15_9_F_1_C_2014_02_28.pdf,.pdf,35664,2026-09-12T03:44:21.851570,application/pdf
Well_technical_data\Daily Drilling report - PDF Version\15_9_F_1_C_2014_03_01.pdf,15_9_F_1_C_2014_03_01.pdf,.pdf,35471,2026-09-12T03:44:25.348638,application/pdf
Well_technical_data\Daily Drilling report - PDF Version\15_9_F_1_C_2014_03_02.pdf,15_9_F_1_C_2014_03_02.pdf,.pdf,38275,2026-09-12T03:44:28.673194,application/pdf
Well_technical_data\Daily Drilling report - PDF Version\15_9_F_1_C_2014_03_03.pdf,15_9_F_1_C_2014_03_03.pdf,.pdf,34460,2026-09-12T03:44:31.820851,application/pdf
Well_technical_data\Daily Drilling report - PDF Version\15_9_F_1_C_2014_03_04.pdf,15_9_F_1_C_2014_03_04.pdf,.pdf,39221,2026-09-12T03:44:35.262661,application/pdf
Well_technical_data\Daily Drilling report - PDF Version\15_9_F_1_C_2014_03_05.pdf,15_9_F_1_C_2014_03_05.pdf,.pdf,36055,2026-09-12T03:44:38.617171,application/pdf
Well_technical_data\Daily Drilling report - PDF Version\15_9_F_1_C_2014_03_06.pdf,15_9_F_1_C_2014_03_06.pdf,.pdf,39355,2026-09-12T03:44:42.148543,application/pdf
Well_technical_data\Daily Drilling report - PDF Version\15_9_F_1_C_2014_03_07.pdf,15_9_F_1_C_2014_03_07.pdf,.pdf,31925,2026-09-12T03:44:45.266505,application/pdf
Well_technical_data\Daily Drilling report - PDF Version\15_9_F_1_C_2014_03_08.pdf,15_9_F_1_C_2014_03_08.pdf,.pdf,43550,2026-09-12T03:44:48.876756,application/pdf
Well_technical_data\Daily Drilling report - PDF Version\15_9_F_1_C_2014_03_09.pdf,15_9_F_1_C_2014_03_09.pdf,.pdf,35962,2026-09-12T03:44:52.267461,application/pdf
Well_technical_data\Daily Drilling report - PDF Version\15_9_F_1_C_2014_03_10.pdf,15_9_F_1_C_2014_03_10.pdf,.pdf,32098,2026-09-12T03:44:55.477849,application/pdf
Well_technical_data\Daily Drilling report - PDF Version\15_9_F_1_C_2014_03_11.pdf,15_9_F_1_C_2014_03_11.pdf,.pdf,35077,2026-09-12T03:44:58.966626,application/pdf
Well_technical_data\Daily Drilling report - PDF Version\15_9_F_1_C_2014_03_12.pdf,15_9_F_1_C_2014_03_12.pdf,.pdf,39762,2026-09-12T03:45:02.130922,application/pdf
Well_technical_data\Daily Drilling report - PDF Version\15_9_F_1_C_2014_03_13.pdf,15_9_F_1_C_2014_03_13.pdf,.pdf,39969,2026-09-12T03:45:05.600815,application/pdf
Well_technical_data\Daily Drilling report - PDF Version\15_9_F_1_C_2014_03_14.pdf,15_9_F_1_C_2014_03_14.pdf,.pdf,38889,2026-09-12T03:45:09.096786,application/pdf
Well_technical_data\Daily Drilling report - PDF Version\15_9_F_1_C_2014_03_15.pdf,15_9_F_1_C_2014_03_15.pdf,.pdf,42286,2026-09-12T03:45:12.904328,application/pdf
Well_technical_data\Daily Drilling report - PDF Version\15_9_F_1_C_2014_03_16.pdf,15_9_F_1_C_2014_03_16.pdf,.pdf,38362,2026-09-12T03:45:16.294944,application/pdf
Well_technical_data\Daily Drilling report - PDF Version\15_9_F_1_C_2014_03_17.pdf,15_9_F_1_C_2014_03_17.pdf,.pdf,32843,2026-09-12T03:45:20.181196,application/pdf
Well_technical_data\Daily Drilling report - PDF Version\15_9_F_1_C_2014_03_18.pdf,15_9_F_1_C_2014_03_18.pdf,.pdf,34039,2026-09-12T03:45:23.403352,application/pdf
Well_technical_data\Daily Drilling report - PDF Version\15_9_F_1_C_2014_03_19.pdf,15_9_F_1_C_2014_03_19.pdf,.pdf,42174,2026-09-12T03:45:26.875552,application/pdf
Well_technical_data\Daily Drilling report - PDF Version\15_9_F_1_C_2014_03_20.pdf,15_9_F_1_C_2014_03_20.pdf,.pdf,36839,2026-09-12T03:45:30.701056,application/pdf
Well_technical_data\Daily Drilling report - PDF Version\15_9_F_1_C_2014_03_21.pdf,15_9_F_1_C_2014_03_21.pdf,.pdf,37311,2026-09-12T03:45:34.163786,application/pdf
Well_technical_data\Daily Drilling report - PDF Version\15_9_F_1_C_2014_03_22.pdf,15_9_F_1_C_2014_03_22.pdf,.pdf,35446,2026-09-12T03:45:37.664799,application/pdf
Well_technical_data\Daily Drilling report - PDF Version\15_9_F_1_C_2014_03_23.pdf,15_9_F_1_C_2014_03_23.pdf,.pdf,38374,2026-09-12T03:45:41.259039,application/pdf
Well_technical_data\Daily Drilling report - PDF Version\15_9_F_1_C_2014_03_24.pdf,15_9_F_1_C_2014_03_24.pdf,.pdf,27076,2026-09-12T03:45:44.927968,application/pdf
Well_technical_data\Daily Drilling report - PDF Version\15_9_F_1_C_2014_03_25.pdf,15_9_F_1_C_2014_03_25.pdf,.pdf,34867,2026-09-12T03:45:48.382767,application/pdf
Well_technical_data\Daily Drilling report - PDF Version\15_9_F_1_C_2014_03_26.pdf,15_9_F_1_C_2014_03_26.pdf,.pdf,29641,2026-09-12T03:45:51.827296,application/pdf
Well_technical_data\Daily Drilling report - PDF Version\15_9_F_1_C_2014_03_27.pdf,15_9_F_1_C_2014_03_27.pdf,.pdf,31520,2026-09-12T03:45:55.447941,application/pdf
Well_technical_data\Daily Drilling report - PDF Version\15_9_F_1_C_2014_03_28.pdf,15_9_F_1_C_2014_03_28.pdf,.pdf,31528,2026-09-12T03:45:58.776644,application/pdf
Well_technical_data\Daily Drilling report - PDF Version\15_9_F_1_C_2014_03_29.pdf,15_9_F_1_C_2014_03_29.pdf,.pdf,37067,2026-09-12T03:46:02.489826,application/pdf
Well_technical_data\Daily Drilling report - PDF Version\15_9_F_1_C_2014_03_30.pdf,15_9_F_1_C_2014_03_30.pdf,.pdf,37056,2026-09-12T03:46:06.526261,application/pdf
Well_technical_data\Daily Drilling report - PDF Version\15_9_F_1_C_2014_03_31.pdf,15_9_F_1_C_2014_03_31.pdf,.pdf,27557,2026-09-12T03:46:10.075569,application/pdf
Well_technical_data\Daily Drilling report - PDF Version\15_9_F_1_C_2014_04_01.pdf,15_9_F_1_C_2014_04_01.pdf,.pdf,33666,2026-09-12T03:46:13.883959,application/pdf
Well_technical_data\Daily Drilling report - PDF Version\15_9_F_1_C_2014_04_02.pdf,15_9_F_1_C_2014_04_02.pdf,.pdf,33367,2026-09-12T03:46:17.922418,application/pdf
Well_technical_data\Daily Drilling report - PDF Version\15_9_F_1_C_2014_04_03.pdf,15_9_F_1_C_2014_04_03.pdf,.pdf,36966,2026-09-12T03:46:21.289388,application/pdf
Well_technical_data\Daily Drilling report - PDF Version\15_9_F_1_C_2014_04_04.pdf,15_9_F_1_C_2014_04_04.pdf,.pdf,31782,2026-09-12T03:46:24.864977,application/pdf
Well_technical_data\Daily Drilling report - PDF Version\15_9_F_1_C_2014_04_05.pdf,15_9_F_1_C_2014_04_05.pdf,.pdf,29417,2026-09-12T03:46:28.249611,application/pdf
Well_technical_data\Daily Drilling report - PDF Version\15_9_F_1_C_2014_04_06.pdf,15_9_F_1_C_2014_04_06.pdf,.pdf,36407,2026-09-12T03:46:31.915394,application/pdf
Well_technical_data\Daily Drilling report - PDF Version\15_9_F_1_C_2014_04_07.pdf,15_9_F_1_C_2014_04_07.pdf,.pdf,36699,2026-09-12T03:46:35.796448,application/pdf
Well_technical_data\Daily Drilling report - PDF Version\15_9_F_1_C_2014_04_08.pdf,15_9_F_1_C_2014_04_08.pdf,.pdf,31281,2026-09-12T03:46:38.976856,application/pdf
Well_technical_data\Daily Drilling report - PDF Version\15_9_F_1_C_2014_04_09.pdf,15_9_F_1_C_2014_04_09.pdf,.pdf,32774,2026-09-12T03:46:42.717834,application/pdf
Well_technical_data\Daily Drilling report - PDF Version\15_9_F_1_C_2014_04_10.pdf,15_9_F_1_C_2014_04_10.pdf,.pdf,33146,2026-09-12T03:46:46.375381,application/pdf
Well_technical_data\Daily Drilling report - PDF Version\15_9_F_1_C_2014_04_11.pdf,15_9_F_1_C_2014_04_11.pdf,.pdf,34690,2026-09-12T03:46:49.701777,application/pdf
Well_technical_data\Daily Drilling report - PDF Version\15_9_F_1_C_2014_04_12.pdf,15_9_F_1_C_2014_04_12.pdf,.pdf,34721,2026-09-12T03:46:53.165062,application/pdf
Well_technical_data\Daily Drilling report - PDF Version\15_9_F_1_C_2014_04_13.pdf,15_9_F_1_C_2014_04_13.pdf,.pdf,36567,2026-09-12T03:46:56.794033,application/pdf
Well_technical_data\Daily Drilling report - PDF Version\15_9_F_1_C_2014_04_14.pdf,15_9_F_1_C_2014_04_14.pdf,.pdf,34929,2026-09-12T03:47:00.428495,application/pdf
Well_technical_data\Daily Drilling report - PDF Version\15_9_F_1_C_2014_04_15.pdf,15_9_F_1_C_2014_04_15.pdf,.pdf,34264,2026-09-12T03:47:04.061209,application/pdf
Well_technical_data\Daily Drilling report - PDF Version\15_9_F_1_C_2014_04_16.pdf,15_9_F_1_C_2014_04_16.pdf,.pdf,32768,2026-09-12T03:47:07.108326,application/pdf
Well_technical_data\Daily Drilling report - PDF Version\15_9_F_1_C_2014_04_17.pdf,15_9_F_1_C_2014_04_17.pdf,.pdf,33595,2026-09-12T03:47:11.198680,application/pdf
Well_technical_data\Daily Drilling report - PDF Version\15_9_F_1_C_2014_04_18.pdf,15_9_F_1_C_2014_04_18.pdf,.pdf,30509,2026-09-12T03:47:14.865208,application/pdf
Well_technical_data\Daily Drilling report - PDF Version\15_9_F_1_C_2014_04_19.pdf,15_9_F_1_C_2014_04_19.pdf,.pdf,32173,2026-09-12T03:47:18.144552,application/pdf
Well_technical_data\Daily Drilling report - PDF Version\15_9_F_1_C_2014_04_20.pdf,15_9_F_1_C_2014_04_20.pdf,.pdf,30573,2026-09-12T03:47:21.930514,application/pdf
Well_technical_data\Daily Drilling report - PDF Version\15_9_F_1_C_2014_04_21.pdf,15_9_F_1_C_2014_04_21.pdf,.pdf,29640,2026-09-12T03:47:25.586527,application/pdf
Well_technical_data\Daily Drilling report - PDF Version\15_9_F_1_C_2014_04_22.pdf,15_9_F_1_C_2014_04_22.pdf,.pdf,24737,2026-09-12T03:47:28.837039,application/pdf
Well_technical_data\Daily Drilling report - PDF Version\15_9_F_1_C_2014_11_28.pdf,15_9_F_1_C_2014_11_28.pdf,.pdf,26570,2026-09-12T03:47:32.120573,application/pdf
Well_technical_data\Daily Drilling report - PDF Version\15_9_F_1_C_2014_11_29.pdf,15_9_F_1_C_2014_11_29.pdf,.pdf,33024,2026-09-12T03:47:35.215777,application/pdf
Well_technical_data\Daily Drilling report - PDF Version\15_9_F_1_C_2014_11_30.pdf,15_9_F_1_C_2014_11_30.pdf,.pdf,27137,2026-09-12T03:47:38.436262,application/pdf
Well_technical_data\Daily Drilling report - PDF Version\15_9_F_1_C_2014_12_01.pdf,15_9_F_1_C_2014_12_01.pdf,.pdf,28087,2026-09-12T03:47:42.247637,application/pdf
Well_technical_data\Daily Drilling report - PDF Version\15_9_F_1_C_2014_12_02.pdf,15_9_F_1_C_2014_12_02.pdf,.pdf,27577,2026-09-12T03:47:45.512353,application/pdf
Well_technical_data\Daily Drilling report - PDF Version\15_9_F_1_C_2014_12_03.pdf,15_9_F_1_C_2014_12_03.pdf,.pdf,31687,2026-09-12T03:47:48.851770,application/pdf
Well_technical_data\Daily Drilling report - PDF Version\15_9_F_1_C_2014_12_04.pdf,15_9_F_1_C_2014_12_04.pdf,.pdf,31743,2026-09-12T03:47:51.969861,application/pdf
Well_technical_data\Daily Drilling report - PDF Version\15_9_F_1_C_2014_12_05.pdf,15_9_F_1_C_2014_12_05.pdf,.pdf,32165,2026-09-12T03:47:54.929647,application/pdf
Well_technical_data\Daily Drilling report - PDF Version\15_9_F_1_C_2014_12_06.pdf,15_9_F_1_C_2014_12_06.pdf,.pdf,29011,2026-09-12T03:47:58.071636,application/pdf
Well_technical_data\Daily Drilling report - PDF Version\15_9_F_1_C_2014_12_07.pdf,15_9_F_1_C_2014_12_07.pdf,.pdf,26608,2026-09-12T03:48:00.976298,application/pdf
Well_technical_data\Daily Drilling report - PDF Version\15_9_F_1_C_2016_06_16.pdf,15_9_F_1_C_2016_06_16.pdf,.pdf,30830,2026-09-12T03:48:04.189056,application/pdf
Well_technical_data\Daily Drilling report - PDF Version\15_9_F_1_C_2016_06_17.pdf,15_9_F_1_C_2016_06_17.pdf,.pdf,31999,2026-09-12T03:48:07.737947,application/pdf
Well_technical_data\Daily Drilling report - PDF Version\15_9_F_1_C_2016_06_18.pdf,15_9_F_1_C_2016_06_18.pdf,.pdf,29899,2026-09-12T03:48:10.658801,application/pdf
Well_technical_data\Daily Drilling report - PDF Version\15_9_F_1_C_2016_06_19.pdf,15_9_F_1_C_2016_06_19.pdf,.pdf,34646,2026-09-12T03:48:14.075047,application/pdf
Well_technical_data\Daily Drilling report - PDF Version\15_9_F_1_C_2016_06_20.pdf,15_9_F_1_C_2016_06_20.pdf,.pdf,32239,2026-09-12T03:48:17.913128,application/pdf
Well_technical_data\Daily Drilling report - PDF Version\15_9_F_1_C_2016_06_21.pdf,15_9_F_1_C_2016_06_21.pdf,.pdf,31294,2026-09-12T03:48:20.949140,application/pdf
Well_technical_data\Daily Drilling report - PDF Version\15_9_F_1_C_2016_06_22.pdf,15_9_F_1_C_2016_06_22.pdf,.pdf,29746,2026-09-12T03:48:24.128684,application/pdf
Well_technical_data\Daily Drilling report - PDF Version\15_9_F_1_C_2016_06_23.pdf,15_9_F_1_C_2016_06_23.pdf,.pdf,32041,2026-09-12T03:48:26.959742,application/pdf
Well_technical_data\Daily Drilling report - PDF Version\15_9_F_1_C_2016_06_24.pdf,15_9_F_1_C_2016_06_24.pdf,.pdf,30926,2026-09-12T03:48:30.278255,application/pdf
Well_technical_data\Daily Drilling report - PDF Version\15_9_F_1_C_2016_06_25.pdf,15_9_F_1_C_2016_06_25.pdf,.pdf,30881,2026-09-12T03:48:33.253729,application/pdf
Well_technical_data\Daily Drilling report - PDF Version\15_9_F_1_C_2016_06_26.pdf,15_9_F_1_C_2016_06_26.pdf,.pdf,33045,2026-09-12T03:48:36.124020,application/pdf
Well_technical_data\Daily Drilling report - PDF Version\15_9_F_1_C_2016_06_27.pdf,15_9_F_1_C_2016_06_27.pdf,.pdf,35960,2026-09-12T03:48:39.513136,application/pdf
Well_technical_data\Daily Drilling report - PDF Version\15_9_F_1_C_2016_06_28.pdf,15_9_F_1_C_2016_06_28.pdf,.pdf,33883,2026-09-12T03:48:42.588873,application/pdf
Well_technical_data\Daily Drilling report - PDF Version\15_9_F_1_C_2016_06_29.pdf,15_9_F_1_C_2016_06_29.pdf,.pdf,31389,2026-09-12T03:48:45.967085,application/pdf
Well_technical_data\Daily Drilling report - PDF Version\15_9_F_1_C_2016_06_30.pdf,15_9_F_1_C_2016_06_30.pdf,.pdf,30021,2026-09-12T03:48:49.185224,application/pdf
Well_technical_data\Daily Drilling report - PDF Version\15_9_F_1_C_2016_07_01.pdf,15_9_F_1_C_2016_07_01.pdf,.pdf,26534,2026-09-12T03:48:52.978316,application/pdf
Well_technical_data\Daily Drilling report - PDF Version\15_9_F_1_C_2016_07_02.pdf,15_9_F_1_C_2016_07_02.pdf,.pdf,30744,2026-09-12T03:48:56.138038,application/pdf
Well_technical_data\Daily Drilling report - PDF Version\15_9_F_1_C_2016_07_03.pdf,15_9_F_1_C_2016_07_03.pdf,.pdf,31160,2026-09-12T03:48:58.986009,application/pdf
Well_technical_data\Daily Drilling report - PDF Version\15_9_F_1_C_2016_07_04.pdf,15_9_F_1_C_2016_07_04.pdf,.pdf,30369,2026-09-12T03:49:01.894780,application/pdf
Well_technical_data\Daily Drilling report - PDF Version\15_9_F_1_C_2016_07_05.pdf,15_9_F_1_C_2016_07_05.pdf,.pdf,28669,2026-09-12T03:49:05.358430,application/pdf
Well_technical_data\Daily Drilling report - PDF Version\15_9_F_1_C_2016_07_06.pdf,15_9_F_1_C_2016_07_06.pdf,.pdf,32965,2026-09-12T03:49:08.573531,application/pdf
Well_technical_data\Daily Drilling report - PDF Version\15_9_F_1_C_2016_07_07.pdf,15_9_F_1_C_2016_07_07.pdf,.pdf,31029,2026-09-12T03:49:11.508750,application/pdf
Well_technical_data\Daily Drilling report - PDF Version\15_9_F_1_C_2016_07_08.pdf,15_9_F_1_C_2016_07_08.pdf,.pdf,30222,2026-09-12T03:49:14.707191,application/pdf
Well_technical_data\Daily Drilling report - PDF Version\15_9_F_1_C_2016_07_09.pdf,15_9_F_1_C_2016_07_09.pdf,.pdf,26788,2026-09-12T03:49:18.014364,application/pdf
Well_technical_data\Daily Drilling report - PDF Version\15_9_F_1_C_2016_09_17.pdf,15_9_F_1_C_2016_09_17.pdf,.pdf,25015,2026-09-12T03:49:21.346836,application/pdf
Well_technical_data\Daily Drilling report - PDF Version\15_9_F_1_C_2016_09_18.pdf,15_9_F_1_C_2016_09_18.pdf,.pdf,37061,2026-09-12T03:49:24.613236,application/pdf
Well_technical_data\Daily Drilling report - PDF Version\15_9_F_1_C_2016_09_19.pdf,15_9_F_1_C_2016_09_19.pdf,.pdf,27501,2026-09-12T03:49:27.666521,application/pdf
Well_technical_data\Daily Drilling report - PDF Version\15_9_F_1_C_2016_10_22.pdf,15_9_F_1_C_2016_10_22.pdf,.pdf,32844,2026-09-12T03:49:31.150672,application/pdf
Well_technical_data\Daily Drilling report - PDF Version\15_9_F_4_2007_06_10.pdf,15_9_F_4_2007_06_10.pdf,.pdf,26501,2026-09-12T03:49:34.056433,application/pdf
Well_technical_data\Daily Drilling report - PDF Version\15_9_F_4_2007_06_11.pdf,15_9_F_4_2007_06_11.pdf,.pdf,32332,2026-09-12T03:49:36.984572,application/pdf
Well_technical_data\Daily Drilling report - PDF Version\15_9_F_4_2007_06_12.pdf,15_9_F_4_2007_06_12.pdf,.pdf,31802,2026-09-12T03:49:40.693816,application/pdf
Well_technical_data\Daily Drilling report - PDF Version\15_9_F_4_2007_06_13.pdf,15_9_F_4_2007_06_13.pdf,.pdf,30999,2026-09-12T03:49:44.421304,application/pdf
Well_technical_data\Daily Drilling report - PDF Version\15_9_F_4_2007_06_14.pdf,15_9_F_4_2007_06_14.pdf,.pdf,31337,2026-09-12T03:49:47.781801,application/pdf
Well_technical_data\Daily Drilling report - PDF Version\15_9_F_4_2007_10_13.pdf,15_9_F_4_2007_10_13.pdf,.pdf,31297,2026-09-12T03:49:51.194257,application/pdf
Well_technical_data\Daily Drilling report - PDF Version\15_9_F_4_2007_10_14.pdf,15_9_F_4_2007_10_14.pdf,.pdf,38452,2026-09-12T03:49:54.593434,application/pdf
Well_technical_data\Daily Drilling report - PDF Version\15_9_F_4_2007_10_15.pdf,15_9_F_4_2007_10_15.pdf,.pdf,34271,2026-09-12T03:49:57.870402,application/pdf
Well_technical_data\Daily Drilling report - PDF Version\15_9_F_4_2007_10_16.pdf,15_9_F_4_2007_10_16.pdf,.pdf,34200,2026-09-12T03:50:01.325114,application/pdf
Well_technical_data\Daily Drilling report - PDF Version\15_9_F_4_2007_10_17.pdf,15_9_F_4_2007_10_17.pdf,.pdf,37406,2026-09-12T03:50:08.448716,application/pdf
Well_technical_data\Daily Drilling report - PDF Version\15_9_F_4_2007_10_18.pdf,15_9_F_4_2007_10_18.pdf,.pdf,33302,2026-09-12T03:50:14.428830,application/pdf
Well_technical_data\Daily Drilling report - PDF Version\15_9_F_4_2007_10_19.pdf,15_9_F_4_2007_10_19.pdf,.pdf,36583,2026-09-12T03:50:36.801715,application/pdf
Well_technical_data\Daily Drilling report - PDF Version\15_9_F_4_2007_10_20.pdf,15_9_F_4_2007_10_20.pdf,.pdf,31601,2026-09-12T03:50:42.244782,application/pdf
Well_technical_data\Daily Drilling report - PDF Version\15_9_F_4_2007_10_21.pdf,15_9_F_4_2007_10_21.pdf,.pdf,30967,2026-09-12T03:50:48.581514,application/pdf
Well_technical_data\Daily Drilling report - PDF Version\15_9_F_4_2007_10_22.pdf,15_9_F_4_2007_10_22.pdf,.pdf,34738,2026-09-12T03:50:53.975526,application/pdf
Well_technical_data\Daily Drilling report - PDF Version\15_9_F_4_2007_10_23.pdf,15_9_F_4_2007_10_23.pdf,.pdf,34129,2026-09-12T03:50:58.136997,application/pdf
Well_technical_data\Daily Drilling report - PDF Version\15_9_F_4_2007_10_24.pdf,15_9_F_4_2007_10_24.pdf,.pdf,36913,2026-09-12T03:51:02.225180,application/pdf
Well_technical_data\Daily Drilling report - PDF Version\15_9_F_4_2007_10_25.pdf,15_9_F_4_2007_10_25.pdf,.pdf,37347,2026-09-12T03:51:05.943547,application/pdf
Well_technical_data\Daily Drilling report - PDF Version\15_9_F_4_2007_10_26.pdf,15_9_F_4_2007_10_26.pdf,.pdf,34888,2026-09-12T03:51:09.523427,application/pdf
Well_technical_data\Daily Drilling report - PDF Version\15_9_F_4_2007_10_27.pdf,15_9_F_4_2007_10_27.pdf,.pdf,35372,2026-09-12T03:51:13.239779,application/pdf
Well_technical_data\Daily Drilling report - PDF Version\15_9_F_4_2007_10_28.pdf,15_9_F_4_2007_10_28.pdf,.pdf,38353,2026-09-12T03:51:16.862736,application/pdf
Well_technical_data\Daily Drilling report - PDF Version\15_9_F_4_2007_10_29.pdf,15_9_F_4_2007_10_29.pdf,.pdf,35457,2026-09-12T03:51:20.080897,application/pdf
Well_technical_data\Daily Drilling report - PDF Version\15_9_F_4_2007_10_30.pdf,15_9_F_4_2007_10_30.pdf,.pdf,35517,2026-09-12T03:51:23.436878,application/pdf
Well_technical_data\Daily Drilling report - PDF Version\15_9_F_4_2007_10_31.pdf,15_9_F_4_2007_10_31.pdf,.pdf,33273,2026-09-12T03:51:27.408498,application/pdf
Well_technical_data\Daily Drilling report - PDF Version\15_9_F_4_2007_11_01.pdf,15_9_F_4_2007_11_01.pdf,.pdf,29582,2026-09-12T03:51:30.864559,application/pdf
Well_technical_data\Daily Drilling report - PDF Version\15_9_F_4_2007_11_02.pdf,15_9_F_4_2007_11_02.pdf,.pdf,32879,2026-09-12T03:51:34.380562,application/pdf
Well_technical_data\Daily Drilling report - PDF Version\15_9_F_4_2007_11_03.pdf,15_9_F_4_2007_11_03.pdf,.pdf,36109,2026-09-12T03:51:37.837077,application/pdf
Well_technical_data\Daily Drilling report - PDF Version\15_9_F_4_2007_11_04.pdf,15_9_F_4_2007_11_04.pdf,.pdf,34269,2026-09-12T03:51:41.164706,application/pdf
Well_technical_data\Daily Drilling report - PDF Version\15_9_F_4_2007_11_05.pdf,15_9_F_4_2007_11_05.pdf,.pdf,32620,2026-09-12T03:51:44.539240,application/pdf
Well_technical_data\Daily Drilling report - PDF Version\15_9_F_4_2007_11_06.pdf,15_9_F_4_2007_11_06.pdf,.pdf,28172,2026-09-12T03:51:48.020341,application/pdf
Well_technical_data\Daily Drilling report - PDF Version\15_9_F_4_2008_02_05.pdf,15_9_F_4_2008_02_05.pdf,.pdf,25190,2026-09-12T03:51:51.171194,application/pdf
Well_technical_data\Daily Drilling report - PDF Version\15_9_F_4_2008_02_06.pdf,15_9_F_4_2008_02_06.pdf,.pdf,31961,2026-09-12T03:51:54.686918,application/pdf
Well_technical_data\Daily Drilling report - PDF Version\15_9_F_4_2008_02_07.pdf,15_9_F_4_2008_02_07.pdf,.pdf,32765,2026-09-12T03:51:58.641071,application/pdf
Well_technical_data\Daily Drilling report - PDF Version\15_9_F_4_2008_02_08.pdf,15_9_F_4_2008_02_08.pdf,.pdf,36133,2026-09-12T03:52:02.441895,application/pdf
Well_technical_data\Daily Drilling report - PDF Version\15_9_F_4_2008_02_09.pdf,15_9_F_4_2008_02_09.pdf,.pdf,36425,2026-09-12T03:52:05.933711,application/pdf
Well_technical_data\Daily Drilling report - PDF Version\15_9_F_4_2008_02_10.pdf,15_9_F_4_2008_02_10.pdf,.pdf,36642,2026-09-12T03:52:08.969268,application/pdf
Well_technical_data\Daily Drilling report - PDF Version\15_9_F_4_2008_02_11.pdf,15_9_F_4_2008_02_11.pdf,.pdf,30487,2026-09-12T03:52:12.413239,application/pdf
Well_technical_data\Daily Drilling report - PDF Version\15_9_F_4_2008_02_14.pdf,15_9_F_4_2008_02_14.pdf,.pdf,31867,2026-09-12T03:52:15.638309,application/pdf
Well_technical_data\Daily Drilling report - PDF Version\15_9_F_4_2008_02_15.pdf,15_9_F_4_2008_02_15.pdf,.pdf,38485,2026-09-12T03:52:19.096350,application/pdf
Well_technical_data\Daily Drilling report - PDF Version\15_9_F_4_2008_02_16.pdf,15_9_F_4_2008_02_16.pdf,.pdf,41831,2026-09-12T03:52:22.666251,application/pdf
Well_technical_data\Daily Drilling report - PDF Version\15_9_F_4_2008_02_17.pdf,15_9_F_4_2008_02_17.pdf,.pdf,36987,2026-09-12T03:52:26.110437,application/pdf
Well_technical_data\Daily Drilling report - PDF Version\15_9_F_4_2008_02_18.pdf,15_9_F_4_2008_02_18.pdf,.pdf,34693,2026-09-12T03:52:29.853523,application/pdf
Well_technical_data\Daily Drilling report - PDF Version\15_9_F_4_2008_02_19.pdf,15_9_F_4_2008_02_19.pdf,.pdf,35308,2026-09-12T03:52:33.011019,application/pdf
Well_technical_data\Daily Drilling report - PDF Version\15_9_F_4_2008_02_20.pdf,15_9_F_4_2008_02_20.pdf,.pdf,33754,2026-09-12T03:52:36.746281,application/pdf
Well_technical_data\Daily Drilling report - PDF Version\15_9_F_4_2008_02_21.pdf,15_9_F_4_2008_02_21.pdf,.pdf,29879,2026-09-12T03:52:39.989930,application/pdf
Well_technical_data\Daily Drilling report - PDF Version\15_9_F_4_2008_02_22.pdf,15_9_F_4_2008_02_22.pdf,.pdf,33526,2026-09-12T03:52:44.079479,application/pdf
Well_technical_data\Daily Drilling report - PDF Version\15_9_F_4_2008_02_23.pdf,15_9_F_4_2008_02_23.pdf,.pdf,32901,2026-09-12T03:52:47.463042,application/pdf
Well_technical_data\Daily Drilling report - PDF Version\15_9_F_4_2008_02_24.pdf,15_9_F_4_2008_02_24.pdf,.pdf,35535,2026-09-12T03:52:51.196460,application/pdf
Well_technical_data\Daily Drilling report - PDF Version\15_9_F_4_2008_02_25.pdf,15_9_F_4_2008_02_25.pdf,.pdf,35608,2026-09-12T03:52:54.846264,application/pdf
Well_technical_data\Daily Drilling report - PDF Version\15_9_F_4_2008_02_26.pdf,15_9_F_4_2008_02_26.pdf,.pdf,35141,2026-09-12T03:52:58.590325,application/pdf
Well_technical_data\Daily Drilling report - PDF Version\15_9_F_4_2008_02_27.pdf,15_9_F_4_2008_02_27.pdf,.pdf,33498,2026-09-12T03:53:01.950459,application/pdf
Well_technical_data\Daily Drilling report - PDF Version\15_9_F_4_2008_02_28.pdf,15_9_F_4_2008_02_28.pdf,.pdf,37691,2026-09-12T03:53:05.504784,application/pdf
Well_technical_data\Daily Drilling report - PDF Version\15_9_F_4_2008_02_29.pdf,15_9_F_4_2008_02_29.pdf,.pdf,31990,2026-09-12T03:53:09.432921,application/pdf
Well_technical_data\Daily Drilling report - PDF Version\15_9_F_4_2008_03_01.pdf,15_9_F_4_2008_03_01.pdf,.pdf,31522,2026-09-12T03:53:13.239462,application/pdf
Well_technical_data\Daily Drilling report - PDF Version\15_9_F_4_2008_03_02.pdf,15_9_F_4_2008_03_02.pdf,.pdf,33804,2026-09-12T03:53:16.750763,application/pdf
Well_technical_data\Daily Drilling report - PDF Version\15_9_F_4_2008_03_03.pdf,15_9_F_4_2008_03_03.pdf,.pdf,32083,2026-09-12T03:53:20.842622,application/pdf
Well_technical_data\Daily Drilling report - PDF Version\15_9_F_4_2008_03_04.pdf,15_9_F_4_2008_03_04.pdf,.pdf,34366,2026-09-12T03:53:24.320118,application/pdf
Well_technical_data\Daily Drilling report - PDF Version\15_9_F_4_2008_03_05.pdf,15_9_F_4_2008_03_05.pdf,.pdf,31566,2026-09-12T03:53:28.355818,application/pdf
Well_technical_data\Daily Drilling report - PDF Version\15_9_F_4_2008_03_06.pdf,15_9_F_4_2008_03_06.pdf,.pdf,32098,2026-09-12T03:53:31.756829,application/pdf
Well_technical_data\Daily Drilling report - PDF Version\15_9_F_4_2008_03_07.pdf,15_9_F_4_2008_03_07.pdf,.pdf,34478,2026-09-12T03:53:35.432842,application/pdf
Well_technical_data\Daily Drilling report - PDF Version\15_9_F_4_2008_03_08.pdf,15_9_F_4_2008_03_08.pdf,.pdf,34779,2026-09-12T03:53:38.714701,application/pdf
Well_technical_data\Daily Drilling report - PDF Version\15_9_F_4_2008_03_09.pdf,15_9_F_4_2008_03_09.pdf,.pdf,34656,2026-09-12T03:53:42.200117,application/pdf
Well_technical_data\Daily Drilling report - PDF Version\15_9_F_4_2008_03_10.pdf,15_9_F_4_2008_03_10.pdf,.pdf,34970,2026-09-12T03:53:45.804846,application/pdf
Well_technical_data\Daily Drilling report - PDF Version\15_9_F_4_2008_03_11.pdf,15_9_F_4_2008_03_11.pdf,.pdf,32211,2026-09-12T03:53:49.170569,application/pdf
Well_technical_data\Daily Drilling report - PDF Version\15_9_F_4_2008_03_12.pdf,15_9_F_4_2008_03_12.pdf,.pdf,33660,2026-09-12T03:53:52.854271,application/pdf
Well_technical_data\Daily Drilling report - PDF Version\15_9_F_4_2008_03_13.pdf,15_9_F_4_2008_03_13.pdf,.pdf,34170,2026-09-12T03:53:56.208591,application/pdf
Well_technical_data\Daily Drilling report - PDF Version\15_9_F_4_2008_03_14.pdf,15_9_F_4_2008_03_14.pdf,.pdf,36348,2026-09-12T03:53:59.464178,application/pdf
Well_technical_data\Daily Drilling report - PDF Version\15_9_F_4_2008_03_15.pdf,15_9_F_4_2008_03_15.pdf,.pdf,34593,2026-09-12T03:54:03.037732,application/pdf
Well_technical_data\Daily Drilling report - PDF Version\15_9_F_4_2008_03_16.pdf,15_9_F_4_2008_03_16.pdf,.pdf,36300,2026-09-12T03:54:06.436567,application/pdf
Well_technical_data\Daily Drilling report - PDF Version\15_9_F_4_2008_03_17.pdf,15_9_F_4_2008_03_17.pdf,.pdf,37123,2026-09-12T03:54:09.891568,application/pdf
Well_technical_data\Daily Drilling report - PDF Version\15_9_F_4_2008_03_18.pdf,15_9_F_4_2008_03_18.pdf,.pdf,33523,2026-09-12T03:54:13.575768,application/pdf
Well_technical_data\Daily Drilling report - PDF Version\15_9_F_4_2008_03_19.pdf,15_9_F_4_2008_03_19.pdf,.pdf,35429,2026-09-12T03:54:17.077334,application/pdf
Well_technical_data\Daily Drilling report - PDF Version\15_9_F_4_2008_03_20.pdf,15_9_F_4_2008_03_20.pdf,.pdf,31483,2026-09-12T03:54:20.373443,application/pdf
Well_technical_data\Daily Drilling report - PDF Version\15_9_F_4_2008_03_21.pdf,15_9_F_4_2008_03_21.pdf,.pdf,29311,2026-09-12T03:54:23.869997,application/pdf
Well_technical_data\Daily Drilling report - PDF Version\15_9_F_4_2008_03_22.pdf,15_9_F_4_2008_03_22.pdf,.pdf,30234,2026-09-12T03:54:27.217388,application/pdf
Well_technical_data\Daily Drilling report - PDF Version\15_9_F_4_2008_03_23.pdf,15_9_F_4_2008_03_23.pdf,.pdf,31183,2026-09-12T03:54:30.620659,application/pdf
Well_technical_data\Daily Drilling report - PDF Version\15_9_F_4_2008_03_24.pdf,15_9_F_4_2008_03_24.pdf,.pdf,31648,2026-09-12T03:54:34.075114,application/pdf
Well_technical_data\Daily Drilling report - PDF Version\15_9_F_4_2008_03_25.pdf,15_9_F_4_2008_03_25.pdf,.pdf,31677,2026-09-12T03:54:37.417831,application/pdf
Well_technical_data\Daily Drilling report - PDF Version\15_9_F_4_2008_03_26.pdf,15_9_F_4_2008_03_26.pdf,.pdf,31258,2026-09-12T03:54:40.927052,application/pdf
Well_technical_data\Daily Drilling report - PDF Version\15_9_F_4_2008_03_27.pdf,15_9_F_4_2008_03_27.pdf,.pdf,34381,2026-09-12T03:54:44.343720,application/pdf
Well_technical_data\Daily Drilling report - PDF Version\15_9_F_4_2008_03_28.pdf,15_9_F_4_2008_03_28.pdf,.pdf,34445,2026-09-12T03:54:47.457602,application/pdf
Well_technical_data\Daily Drilling report - PDF Version\15_9_F_4_2008_03_29.pdf,15_9_F_4_2008_03_29.pdf,.pdf,28631,2026-09-12T03:54:50.757691,application/pdf
Well_technical_data\Daily Drilling report - PDF Version\15_9_F_4_2008_03_30.pdf,15_9_F_4_2008_03_30.pdf,.pdf,29765,2026-09-12T03:54:54.260226,application/pdf
Well_technical_data\Daily Drilling report - PDF Version\15_9_F_4_2008_03_31.pdf,15_9_F_4_2008_03_31.pdf,.pdf,27434,2026-09-12T03:54:57.601153,application/pdf
Well_technical_data\Daily Drilling report - PDF Version\15_9_F_4_2008_04_01.pdf,15_9_F_4_2008_04_01.pdf,.pdf,37261,2026-09-12T03:55:01.110444,application/pdf
Well_technical_data\Daily Drilling report - PDF Version\15_9_F_4_2008_04_02.pdf,15_9_F_4_2008_04_02.pdf,.pdf,33987,2026-09-12T03:55:04.793711,application/pdf
Well_technical_data\Daily Drilling report - PDF Version\15_9_F_4_2008_04_03.pdf,15_9_F_4_2008_04_03.pdf,.pdf,38690,2026-09-12T03:55:08.552908,application/pdf
Well_technical_data\Daily Drilling report - PDF Version\15_9_F_4_2008_04_04.pdf,15_9_F_4_2008_04_04.pdf,.pdf,33069,2026-09-12T03:55:11.591137,application/pdf
Well_technical_data\Daily Drilling report - PDF Version\15_9_F_4_2008_04_05.pdf,15_9_F_4_2008_04_05.pdf,.pdf,37604,2026-09-12T03:55:15.075228,application/pdf
Well_technical_data\Daily Drilling report - PDF Version\15_9_F_4_2008_04_06.pdf,15_9_F_4_2008_04_06.pdf,.pdf,33611,2026-09-12T03:55:18.685189,application/pdf
Well_technical_data\Daily Drilling report - PDF Version\15_9_F_4_2008_04_07.pdf,15_9_F_4_2008_04_07.pdf,.pdf,36707,2026-09-12T03:55:21.903431,application/pdf
Well_technical_data\Daily Drilling report - PDF Version\15_9_F_4_2008_04_08.pdf,15_9_F_4_2008_04_08.pdf,.pdf,36170,2026-09-12T03:55:25.425711,application/pdf
Well_technical_data\Daily Drilling report - PDF Version\15_9_F_4_2008_04_09.pdf,15_9_F_4_2008_04_09.pdf,.pdf,36071,2026-09-12T03:55:28.731819,application/pdf
Well_technical_data\Daily Drilling report - PDF Version\15_9_F_4_2008_04_10.pdf,15_9_F_4_2008_04_10.pdf,.pdf,32137,2026-09-12T03:55:32.262914,application/pdf
Well_technical_data\Daily Drilling report - PDF Version\15_9_F_4_2008_04_11.pdf,15_9_F_4_2008_04_11.pdf,.pdf,34055,2026-09-12T03:55:35.481045,application/pdf
Well_technical_data\Daily Drilling report - PDF Version\15_9_F_4_2008_04_12.pdf,15_9_F_4_2008_04_12.pdf,.pdf,38727,2026-09-12T03:55:38.988415,application/pdf
Well_technical_data\Daily Drilling report - PDF Version\15_9_F_4_2008_04_13.pdf,15_9_F_4_2008_04_13.pdf,.pdf,34149,2026-09-12T03:55:42.402466,application/pdf
Well_technical_data\Daily Drilling report - PDF Version\15_9_F_4_2008_04_14.pdf,15_9_F_4_2008_04_14.pdf,.pdf,33870,2026-09-12T03:55:45.609839,application/pdf
Well_technical_data\Daily Drilling report - PDF Version\15_9_F_4_2008_04_15.pdf,15_9_F_4_2008_04_15.pdf,.pdf,31384,2026-09-12T03:55:49.090724,application/pdf
Well_technical_data\Daily Drilling report - PDF Version\15_9_F_4_2008_04_16.pdf,15_9_F_4_2008_04_16.pdf,.pdf,32423,2026-09-12T03:55:52.601779,application/pdf
Well_technical_data\Daily Drilling report - PDF Version\15_9_F_4_2008_04_17.pdf,15_9_F_4_2008_04_17.pdf,.pdf,30040,2026-09-12T03:55:56.629156,application/pdf
Well_technical_data\Daily Drilling report - PDF Version\15_9_F_4_2008_04_18.pdf,15_9_F_4_2008_04_18.pdf,.pdf,31042,2026-09-12T03:55:59.974354,application/pdf
Well_technical_data\Daily Drilling report - PDF Version\15_9_F_4_2008_04_19.pdf,15_9_F_4_2008_04_19.pdf,.pdf,34922,2026-09-12T03:56:03.555000,application/pdf
Well_technical_data\Daily Drilling report - PDF Version\15_9_F_4_2008_04_20.pdf,15_9_F_4_2008_04_20.pdf,.pdf,35118,2026-09-12T03:56:07.169871,application/pdf
Well_technical_data\Daily Drilling report - PDF Version\15_9_F_4_2008_04_21.pdf,15_9_F_4_2008_04_21.pdf,.pdf,35776,2026-09-12T03:56:10.350550,application/pdf
Well_technical_data\Daily Drilling report - PDF Version\15_9_F_4_2008_04_22.pdf,15_9_F_4_2008_04_22.pdf,.pdf,38295,2026-09-12T03:56:13.958111,application/pdf
Well_technical_data\Daily Drilling report - PDF Version\15_9_F_4_2008_04_23.pdf,15_9_F_4_2008_04_23.pdf,.pdf,33268,2026-09-12T03:56:17.237475,application/pdf
Well_technical_data\Daily Drilling report - PDF Version\15_9_F_4_2010_09_24.pdf,15_9_F_4_2010_09_24.pdf,.pdf,24875,2026-09-12T03:56:20.666629,application/pdf
Well_technical_data\Daily Drilling report - PDF Version\15_9_F_4_2010_09_25.pdf,15_9_F_4_2010_09_25.pdf,.pdf,28553,2026-09-12T03:56:24.378962,application/pdf
Well_technical_data\Daily Drilling report - PDF Version\15_9_F_4_2010_09_26.pdf,15_9_F_4_2010_09_26.pdf,.pdf,27200,2026-09-12T03:56:27.332113,application/pdf
Well_technical_data\Daily Drilling report - PDF Version\15_9_F_4_2010_09_27.pdf,15_9_F_4_2010_09_27.pdf,.pdf,24364,2026-09-12T03:56:30.946567,application/pdf
Well_technical_data\Daily Drilling report - PDF Version\15_9_F_4_2012_09_12.pdf,15_9_F_4_2012_09_12.pdf,.pdf,25553,2026-09-12T03:56:34.738966,application/pdf
Well_technical_data\Daily Drilling report - PDF Version\15_9_F_4_2012_09_13.pdf,15_9_F_4_2012_09_13.pdf,.pdf,26560,2026-09-12T03:56:38.310786,application/pdf
Well_technical_data\Daily Drilling report - PDF Version\15_9_F_4_2012_09_14.pdf,15_9_F_4_2012_09_14.pdf,.pdf,27213,2026-09-12T03:56:41.889774,application/pdf
Well_technical_data\Daily Drilling report - PDF Version\15_9_F_4_2012_09_15.pdf,15_9_F_4_2012_09_15.pdf,.pdf,26758,2026-09-12T03:56:45.511026,application/pdf
Well_technical_data\Daily Drilling report - PDF Version\15_9_F_4_2012_09_16.pdf,15_9_F_4_2012_09_16.pdf,.pdf,26413,2026-09-12T03:56:49.166147,application/pdf
Well_technical_data\Daily Drilling report - PDF Version\15_9_F_4_2016_10_01.pdf,15_9_F_4_2016_10_01.pdf,.pdf,23421,2026-09-12T03:56:52.623492,application/pdf
Well_technical_data\Daily Drilling report - PDF Version\15_9_F_4_2016_10_02.pdf,15_9_F_4_2016_10_02.pdf,.pdf,27129,2026-09-12T03:56:55.962142,application/pdf
Well_technical_data\Daily Drilling report - PDF Version\15_9_F_4_2016_10_03.pdf,15_9_F_4_2016_10_03.pdf,.pdf,33489,2026-09-12T03:56:59.554440,application/pdf
Well_technical_data\Daily Drilling report - PDF Version\15_9_F_4_2016_10_04.pdf,15_9_F_4_2016_10_04.pdf,.pdf,35175,2026-09-12T03:57:02.959492,application/pdf
Well_technical_data\Daily Drilling report - PDF Version\15_9_F_4_2016_10_05.pdf,15_9_F_4_2016_10_05.pdf,.pdf,34178,2026-09-12T03:57:06.220071,application/pdf
Well_technical_data\Daily Drilling report - PDF Version\15_9_F_4_2016_10_06.pdf,15_9_F_4_2016_10_06.pdf,.pdf,37527,2026-09-12T03:57:09.927748,application/pdf
Well_technical_data\Daily Drilling report - PDF Version\15_9_F_4_2016_10_07.pdf,15_9_F_4_2016_10_07.pdf,.pdf,38770,2026-09-12T03:57:13.572264,application/pdf
Well_technical_data\Daily Drilling report - PDF Version\15_9_F_4_2016_10_08.pdf,15_9_F_4_2016_10_08.pdf,.pdf,34349,2026-09-12T03:57:16.745589,application/pdf
Well_technical_data\Daily Drilling report - PDF Version\15_9_F_4_2016_10_09.pdf,15_9_F_4_2016_10_09.pdf,.pdf,31894,2026-09-12T03:57:20.166788,application/pdf
Well_technical_data\Daily Drilling report - PDF Version\15_9_F_4_2016_10_10.pdf,15_9_F_4_2016_10_10.pdf,.pdf,27129,2026-09-12T03:57:23.545186,application/pdf
Well_technical_data\Daily Drilling report - PDF Version\15_9_F_4_2016_10_11.pdf,15_9_F_4_2016_10_11.pdf,.pdf,26751,2026-09-12T03:57:26.427738,application/pdf
Well_technical_data\Daily Drilling report - PDF Version\15_9_F_4_2016_10_12.pdf,15_9_F_4_2016_10_12.pdf,.pdf,29168,2026-09-12T03:57:30.062966,application/pdf
Well_technical_data\Daily Drilling report - PDF Version\15_9_F_4_2016_10_13.pdf,15_9_F_4_2016_10_13.pdf,.pdf,35451,2026-09-12T03:57:33.024831,application/pdf
Well_technical_data\Daily Drilling report - PDF Version\15_9_F_4_2016_10_14.pdf,15_9_F_4_2016_10_14.pdf,.pdf,25307,2026-09-12T03:57:36.662607,application/pdf
Well_technical_data\Daily Drilling report - PDF Version\15_9_F_5_2007_11_15.pdf,15_9_F_5_2007_11_15.pdf,.pdf,23427,2026-09-12T03:57:40.081607,application/pdf
Well_technical_data\Daily Drilling report - PDF Version\15_9_F_5_2007_11_16.pdf,15_9_F_5_2007_11_16.pdf,.pdf,33645,2026-09-12T03:57:43.281598,application/pdf
Well_technical_data\Daily Drilling report - PDF Version\15_9_F_5_2007_11_17.pdf,15_9_F_5_2007_11_17.pdf,.pdf,33769,2026-09-12T03:57:47.222920,application/pdf
Well_technical_data\Daily Drilling report - PDF Version\15_9_F_5_2007_11_18.pdf,15_9_F_5_2007_11_18.pdf,.pdf,39343,2026-09-12T03:57:50.756240,application/pdf
Well_technical_data\Daily Drilling report - PDF Version\15_9_F_5_2007_11_19.pdf,15_9_F_5_2007_11_19.pdf,.pdf,34346,2026-09-12T03:57:54.131854,application/pdf
Well_technical_data\Daily Drilling report - PDF Version\15_9_F_5_2007_12_18.pdf,15_9_F_5_2007_12_18.pdf,.pdf,33973,2026-09-12T03:57:58.175854,application/pdf
Well_technical_data\Daily Drilling report - PDF Version\15_9_F_5_2007_12_19.pdf,15_9_F_5_2007_12_19.pdf,.pdf,37500,2026-09-12T03:58:01.634691,application/pdf
Well_technical_data\Daily Drilling report - PDF Version\15_9_F_5_2007_12_20.pdf,15_9_F_5_2007_12_20.pdf,.pdf,34127,2026-09-12T03:58:04.904476,application/pdf
Well_technical_data\Daily Drilling report - PDF Version\15_9_F_5_2007_12_21.pdf,15_9_F_5_2007_12_21.pdf,.pdf,35937,2026-09-12T03:58:08.750539,application/pdf
Well_technical_data\Daily Drilling report - PDF Version\15_9_F_5_2007_12_22.pdf,15_9_F_5_2007_12_22.pdf,.pdf,33862,2026-09-12T03:58:12.127727,application/pdf
Well_technical_data\Daily Drilling report - PDF Version\15_9_F_5_2007_12_23.pdf,15_9_F_5_2007_12_23.pdf,.pdf,35851,2026-09-12T03:58:15.734619,application/pdf
Well_technical_data\Daily Drilling report - PDF Version\15_9_F_5_2008_07_11.pdf,15_9_F_5_2008_07_11.pdf,.pdf,30434,2026-09-12T03:58:19.286361,application/pdf
Well_technical_data\Daily Drilling report - PDF Version\15_9_F_5_2008_07_12.pdf,15_9_F_5_2008_07_12.pdf,.pdf,31174,2026-09-12T03:58:23.414361,application/pdf
Well_technical_data\Daily Drilling report - PDF Version\15_9_F_5_2008_07_13.pdf,15_9_F_5_2008_07_13.pdf,.pdf,33962,2026-09-12T03:58:27.052052,application/pdf
Well_technical_data\Daily Drilling report - PDF Version\15_9_F_5_2008_07_14.pdf,15_9_F_5_2008_07_14.pdf,.pdf,33462,2026-09-12T03:58:30.961893,application/pdf
Well_technical_data\Daily Drilling report - PDF Version\15_9_F_5_2008_07_15.pdf,15_9_F_5_2008_07_15.pdf,.pdf,32630,2026-09-12T03:58:34.996805,application/pdf
Well_technical_data\Daily Drilling report - PDF Version\15_9_F_5_2008_07_16.pdf,15_9_F_5_2008_07_16.pdf,.pdf,35491,2026-09-12T03:58:38.610971,application/pdf
Well_technical_data\Daily Drilling report - PDF Version\15_9_F_5_2008_07_17.pdf,15_9_F_5_2008_07_17.pdf,.pdf,35182,2026-09-12T03:58:42.182058,application/pdf
Well_technical_data\Daily Drilling report - PDF Version\15_9_F_5_2008_07_18.pdf,15_9_F_5_2008_07_18.pdf,.pdf,34526,2026-09-12T03:58:45.362515,application/pdf
Well_technical_data\Daily Drilling report - PDF Version\15_9_F_5_2008_07_19.pdf,15_9_F_5_2008_07_19.pdf,.pdf,35567,2026-09-12T03:58:48.656080,application/pdf
Well_technical_data\Daily Drilling report - PDF Version\15_9_F_5_2008_07_20.pdf,15_9_F_5_2008_07_20.pdf,.pdf,34928,2026-09-12T03:58:52.321906,application/pdf
Well_technical_data\Daily Drilling report - PDF Version\15_9_F_5_2008_07_21.pdf,15_9_F_5_2008_07_21.pdf,.pdf,37275,2026-09-12T03:58:55.596546,application/pdf
Well_technical_data\Daily Drilling report - PDF Version\15_9_F_5_2008_07_22.pdf,15_9_F_5_2008_07_22.pdf,.pdf,34388,2026-09-12T03:58:58.951317,application/pdf
Well_technical_data\Daily Drilling report - PDF Version\15_9_F_5_2008_07_23.pdf,15_9_F_5_2008_07_23.pdf,.pdf,33196,2026-09-12T03:59:02.717585,application/pdf
Well_technical_data\Daily Drilling report - PDF Version\15_9_F_5_2008_07_24.pdf,15_9_F_5_2008_07_24.pdf,.pdf,38961,2026-09-12T03:59:06.223382,application/pdf
Well_technical_data\Daily Drilling report - PDF Version\15_9_F_5_2008_07_25.pdf,15_9_F_5_2008_07_25.pdf,.pdf,33066,2026-09-12T03:59:08.948750,application/pdf
Well_technical_data\Daily Drilling report - PDF Version\15_9_F_5_2008_07_26.pdf,15_9_F_5_2008_07_26.pdf,.pdf,39207,2026-09-12T03:59:12.434542,application/pdf
Well_technical_data\Daily Drilling report - PDF Version\15_9_F_5_2008_07_27.pdf,15_9_F_5_2008_07_27.pdf,.pdf,38020,2026-09-12T03:59:15.619707,application/pdf
Well_technical_data\Daily Drilling report - PDF Version\15_9_F_5_2008_07_28.pdf,15_9_F_5_2008_07_28.pdf,.pdf,38018,2026-09-12T03:59:18.970388,application/pdf
Well_technical_data\Daily Drilling report - PDF Version\15_9_F_5_2008_07_29.pdf,15_9_F_5_2008_07_29.pdf,.pdf,48448,2026-09-12T03:59:22.680915,application/pdf
Well_technical_data\Daily Drilling report - PDF Version\15_9_F_5_2008_07_30.pdf,15_9_F_5_2008_07_30.pdf,.pdf,44654,2026-09-12T03:59:26.415695,application/pdf
Well_technical_data\Daily Drilling report - PDF Version\15_9_F_5_2008_07_31.pdf,15_9_F_5_2008_07_31.pdf,.pdf,39195,2026-09-12T03:59:29.969990,application/pdf
Well_technical_data\Daily Drilling report - PDF Version\15_9_F_5_2008_08_01.pdf,15_9_F_5_2008_08_01.pdf,.pdf,36127,2026-09-12T03:59:33.482341,application/pdf
Well_technical_data\Daily Drilling report - PDF Version\15_9_F_5_2008_08_02.pdf,15_9_F_5_2008_08_02.pdf,.pdf,34987,2026-09-12T03:59:36.941750,application/pdf
Well_technical_data\Daily Drilling report - PDF Version\15_9_F_5_2008_08_03.pdf,15_9_F_5_2008_08_03.pdf,.pdf,37233,2026-09-12T03:59:40.544514,application/pdf
Well_technical_data\Daily Drilling report - PDF Version\15_9_F_5_2008_08_04.pdf,15_9_F_5_2008_08_04.pdf,.pdf,39247,2026-09-12T03:59:43.793545,application/pdf
Well_technical_data\Daily Drilling report - PDF Version\15_9_F_5_2008_08_05.pdf,15_9_F_5_2008_08_05.pdf,.pdf,38193,2026-09-12T03:59:47.094366,application/pdf
Well_technical_data\Daily Drilling report - PDF Version\15_9_F_5_2008_08_06.pdf,15_9_F_5_2008_08_06.pdf,.pdf,39644,2026-09-12T03:59:50.880819,application/pdf
Well_technical_data\Daily Drilling report - PDF Version\15_9_F_5_2008_08_07.pdf,15_9_F_5_2008_08_07.pdf,.pdf,33948,2026-09-12T03:59:54.201811,application/pdf
Well_technical_data\Daily Drilling report - PDF Version\15_9_F_5_2008_08_08.pdf,15_9_F_5_2008_08_08.pdf,.pdf,36741,2026-09-12T03:59:57.544830,application/pdf
Well_technical_data\Daily Drilling report - PDF Version\15_9_F_5_2008_08_09.pdf,15_9_F_5_2008_08_09.pdf,.pdf,34724,2026-09-12T04:00:00.827865,application/pdf
Well_technical_data\Daily Drilling report - PDF Version\15_9_F_5_2008_08_10.pdf,15_9_F_5_2008_08_10.pdf,.pdf,34329,2026-09-12T04:00:04.265137,application/pdf
Well_technical_data\Daily Drilling report - PDF Version\15_9_F_5_2008_08_11.pdf,15_9_F_5_2008_08_11.pdf,.pdf,35256,2026-09-12T04:00:07.697866,application/pdf
Well_technical_data\Daily Drilling report - PDF Version\15_9_F_5_2008_08_12.pdf,15_9_F_5_2008_08_12.pdf,.pdf,36338,2026-09-12T04:00:10.920987,application/pdf
Well_technical_data\Daily Drilling report - PDF Version\15_9_F_5_2008_08_13.pdf,15_9_F_5_2008_08_13.pdf,.pdf,37630,2026-09-12T04:00:14.203036,application/pdf
Well_technical_data\Daily Drilling report - PDF Version\15_9_F_5_2008_08_14.pdf,15_9_F_5_2008_08_14.pdf,.pdf,39806,2026-09-12T04:00:17.779123,application/pdf
Well_technical_data\Daily Drilling report - PDF Version\15_9_F_5_2008_08_15.pdf,15_9_F_5_2008_08_15.pdf,.pdf,38048,2026-09-12T04:00:21.440403,application/pdf
Well_technical_data\Daily Drilling report - PDF Version\15_9_F_5_2008_08_16.pdf,15_9_F_5_2008_08_16.pdf,.pdf,34726,2026-09-12T04:00:25.103902,application/pdf
Well_technical_data\Daily Drilling report - PDF Version\15_9_F_5_2008_08_17.pdf,15_9_F_5_2008_08_17.pdf,.pdf,29206,2026-09-12T04:00:28.526517,application/pdf
Well_technical_data\Daily Drilling report - PDF Version\15_9_F_5_2008_08_18.pdf,15_9_F_5_2008_08_18.pdf,.pdf,33870,2026-09-12T04:00:31.592186,application/pdf
Well_technical_data\Daily Drilling report - PDF Version\15_9_F_5_2008_08_19.pdf,15_9_F_5_2008_08_19.pdf,.pdf,34843,2026-09-12T04:00:34.985663,application/pdf
Well_technical_data\Daily Drilling report - PDF Version\15_9_F_5_2008_08_20.pdf,15_9_F_5_2008_08_20.pdf,.pdf,32648,2026-09-12T04:00:38.966285,application/pdf
Well_technical_data\Daily Drilling report - PDF Version\15_9_F_5_2008_08_22.pdf,15_9_F_5_2008_08_22.pdf,.pdf,30086,2026-09-12T04:00:42.409752,application/pdf
Well_technical_data\Daily Drilling report - PDF Version\15_9_F_5_2008_08_23.pdf,15_9_F_5_2008_08_23.pdf,.pdf,32775,2026-09-12T04:00:45.700203,application/pdf
Well_technical_data\Daily Drilling report - PDF Version\15_9_F_5_2008_08_24.pdf,15_9_F_5_2008_08_24.pdf,.pdf,30203,2026-09-12T04:00:48.998408,application/pdf
Well_technical_data\Daily Drilling report - PDF Version\15_9_F_5_2008_08_25.pdf,15_9_F_5_2008_08_25.pdf,.pdf,35459,2026-09-12T04:00:51.921351,application/pdf
Well_technical_data\Daily Drilling report - PDF Version\15_9_F_5_2008_08_26.pdf,15_9_F_5_2008_08_26.pdf,.pdf,35324,2026-09-12T04:00:56.109003,application/pdf
Well_technical_data\Daily Drilling report - PDF Version\15_9_F_5_2008_08_27.pdf,15_9_F_5_2008_08_27.pdf,.pdf,32583,2026-09-12T04:00:59.375590,application/pdf
Well_technical_data\Daily Drilling report - PDF Version\15_9_F_5_2008_10_06.pdf,15_9_F_5_2008_10_06.pdf,.pdf,25864,2026-09-12T04:01:02.806551,application/pdf
Well_technical_data\Daily Drilling report - PDF Version\15_9_F_5_2008_10_07.pdf,15_9_F_5_2008_10_07.pdf,.pdf,26659,2026-09-12T04:01:06.137187,application/pdf
Well_technical_data\Daily Drilling report - PDF Version\15_9_F_5_2008_10_08.pdf,15_9_F_5_2008_10_08.pdf,.pdf,27930,2026-09-12T04:01:09.963645,application/pdf
Well_technical_data\Daily Drilling report - PDF Version\15_9_F_5_2008_10_09.pdf,15_9_F_5_2008_10_09.pdf,.pdf,32628,2026-09-12T04:01:13.365971,application/pdf
Well_technical_data\Daily Drilling report - PDF Version\15_9_F_5_2008_10_10.pdf,15_9_F_5_2008_10_10.pdf,.pdf,29473,2026-09-12T04:01:17.091377,application/pdf
Well_technical_data\Daily Drilling report - PDF Version\15_9_F_5_2008_10_11.pdf,15_9_F_5_2008_10_11.pdf,.pdf,29820,2026-09-12T04:01:20.303324,application/pdf
Well_technical_data\Daily Drilling report - PDF Version\15_9_F_5_2008_10_12.pdf,15_9_F_5_2008_10_12.pdf,.pdf,29035,2026-09-12T04:01:23.903424,application/pdf
Well_technical_data\Daily Drilling report - PDF Version\15_9_F_5_2008_10_13.pdf,15_9_F_5_2008_10_13.pdf,.pdf,27513,2026-09-12T04:01:27.469524,application/pdf
Well_technical_data\Daily Drilling report - PDF Version\15_9_F_5_2008_10_14.pdf,15_9_F_5_2008_10_14.pdf,.pdf,28489,2026-09-12T04:01:31.182491,application/pdf
Well_technical_data\Daily Drilling report - PDF Version\15_9_F_5_2008_10_15.pdf,15_9_F_5_2008_10_15.pdf,.pdf,28521,2026-09-12T04:01:34.703255,application/pdf
Well_technical_data\Daily Drilling report - PDF Version\15_9_F_5_2008_10_16.pdf,15_9_F_5_2008_10_16.pdf,.pdf,28963,2026-09-12T04:01:37.958116,application/pdf
Well_technical_data\Daily Drilling report - PDF Version\15_9_F_5_2008_10_17.pdf,15_9_F_5_2008_10_17.pdf,.pdf,31000,2026-09-12T04:01:41.188895,application/pdf
Well_technical_data\Daily Drilling report - PDF Version\15_9_F_5_2008_10_18.pdf,15_9_F_5_2008_10_18.pdf,.pdf,29245,2026-09-12T04:01:44.881208,application/pdf
Well_technical_data\Daily Drilling report - PDF Version\15_9_F_5_2008_10_19.pdf,15_9_F_5_2008_10_19.pdf,.pdf,26053,2026-09-12T04:01:47.885959,application/pdf
Well_technical_data\Daily Drilling report - PDF Version\15_9_F_5_2008_10_20.pdf,15_9_F_5_2008_10_20.pdf,.pdf,25645,2026-09-12T04:01:50.856165,application/pdf
Well_technical_data\Daily Drilling report - PDF Version\15_9_F_5_2012_09_16.pdf,15_9_F_5_2012_09_16.pdf,.pdf,24956,2026-09-12T04:01:54.501912,application/pdf
Well_technical_data\Daily Drilling report - PDF Version\15_9_F_5_2012_09_17.pdf,15_9_F_5_2012_09_17.pdf,.pdf,28863,2026-09-12T04:01:57.760362,application/pdf
Well_technical_data\Daily Drilling report - PDF Version\15_9_F_5_2012_09_18.pdf,15_9_F_5_2012_09_18.pdf,.pdf,27167,2026-09-12T04:02:01.604806,application/pdf
Well_technical_data\Daily Drilling report - PDF Version\15_9_F_5_2012_09_19.pdf,15_9_F_5_2012_09_19.pdf,.pdf,25702,2026-09-12T04:02:04.352268,application/pdf
Well_technical_data\Daily Drilling report - PDF Version\15_9_F_5_2015_11_03.pdf,15_9_F_5_2015_11_03.pdf,.pdf,24698,2026-09-12T04:02:07.658264,application/pdf
Well_technical_data\Daily Drilling report - PDF Version\15_9_F_5_2015_11_04.pdf,15_9_F_5_2015_11_04.pdf,.pdf,30367,2026-09-12T04:02:11.252942,application/pdf
Well_technical_data\Daily Drilling report - PDF Version\15_9_F_5_2015_11_05.pdf,15_9_F_5_2015_11_05.pdf,.pdf,28455,2026-09-12T04:02:14.551042,application/pdf
Well_technical_data\Daily Drilling report - PDF Version\15_9_F_5_2015_11_06.pdf,15_9_F_5_2015_11_06.pdf,.pdf,24385,2026-09-12T04:02:18.474683,application/pdf
Well_technical_data\Daily Drilling report - PDF Version\15_9_F_5_2016_04_19.pdf,15_9_F_5_2016_04_19.pdf,.pdf,30262,2026-09-12T04:02:21.867330,application/pdf
Well_technical_data\Daily Drilling report - PDF Version\15_9_F_5_2016_04_20.pdf,15_9_F_5_2016_04_20.pdf,.pdf,35280,2026-09-12T04:02:25.181779,application/pdf
Well_technical_data\Daily Drilling report - PDF Version\15_9_F_5_2016_04_21.pdf,15_9_F_5_2016_04_21.pdf,.pdf,28862,2026-09-12T04:02:28.407169,application/pdf
Well_technical_data\Daily Drilling report - PDF Version\15_9_F_5_2016_08_29.pdf,15_9_F_5_2016_08_29.pdf,.pdf,26498,2026-09-12T04:02:31.951666,application/pdf
Well_technical_data\Daily Drilling report - PDF Version\15_9_F_5_2016_08_30.pdf,15_9_F_5_2016_08_30.pdf,.pdf,32336,2026-09-12T04:02:35.058855,application/pdf
Well_technical_data\Daily Drilling report - PDF Version\15_9_F_5_2016_08_31.pdf,15_9_F_5_2016_08_31.pdf,.pdf,33437,2026-09-12T04:02:38.245095,application/pdf
Well_technical_data\Daily Drilling report - PDF Version\15_9_F_5_2016_09_01.pdf,15_9_F_5_2016_09_01.pdf,.pdf,32977,2026-09-12T04:02:41.956800,application/pdf
Well_technical_data\Daily Drilling report - PDF Version\15_9_F_5_2016_09_02.pdf,15_9_F_5_2016_09_02.pdf,.pdf,34350,2026-09-12T04:02:45.697241,application/pdf
Well_technical_data\Daily Drilling report - PDF Version\15_9_F_5_2016_09_03.pdf,15_9_F_5_2016_09_03.pdf,.pdf,29349,2026-09-12T04:02:49.129006,application/pdf
Well_technical_data\Daily Drilling report - PDF Version\15_9_F_5_2016_09_04.pdf,15_9_F_5_2016_09_04.pdf,.pdf,28968,2026-09-12T04:02:52.812135,application/pdf
Well_technical_data\Daily Drilling report - PDF Version\15_9_F_5_2016_09_05.pdf,15_9_F_5_2016_09_05.pdf,.pdf,34447,2026-09-12T04:02:56.077922,application/pdf
Well_technical_data\Daily Drilling report - PDF Version\15_9_F_5_2016_09_06.pdf,15_9_F_5_2016_09_06.pdf,.pdf,35306,2026-09-12T04:02:59.828716,application/pdf
Well_technical_data\Daily Drilling report - PDF Version\15_9_F_5_2016_09_07.pdf,15_9_F_5_2016_09_07.pdf,.pdf,32809,2026-09-12T04:03:03.110513,application/pdf
Well_technical_data\Daily Drilling report - PDF Version\15_9_F_5_2016_09_08.pdf,15_9_F_5_2016_09_08.pdf,.pdf,34826,2026-09-12T04:03:06.561900,application/pdf
Well_technical_data\Daily Drilling report - PDF Version\15_9_F_5_2016_09_09.pdf,15_9_F_5_2016_09_09.pdf,.pdf,35631,2026-09-12T04:03:09.911384,application/pdf
Well_technical_data\Daily Drilling report - PDF Version\15_9_F_5_2016_09_10.pdf,15_9_F_5_2016_09_10.pdf,.pdf,35630,2026-09-12T04:03:12.993162,application/pdf
Well_technical_data\Daily Drilling report - PDF Version\15_9_F_5_2016_09_11.pdf,15_9_F_5_2016_09_11.pdf,.pdf,35692,2026-09-12T04:03:16.467117,application/pdf
Well_technical_data\Daily Drilling report - PDF Version\15_9_F_5_2016_09_12.pdf,15_9_F_5_2016_09_12.pdf,.pdf,29471,2026-09-12T04:03:20.247190,application/pdf
Well_technical_data\Daily Drilling report - PDF Version\15_9_F_5_2016_10_14.pdf,15_9_F_5_2016_10_14.pdf,.pdf,33608,2026-09-12T04:03:23.372772,application/pdf
Well_technical_data\Daily Drilling report - PDF Version\15_9_F_5_2016_10_15.pdf,15_9_F_5_2016_10_15.pdf,.pdf,29008,2026-09-12T04:03:27.457381,application/pdf
Well_technical_data\Daily Drilling report - PDF Version\15_9_F_5_2016_10_16.pdf,15_9_F_5_2016_10_16.pdf,.pdf,25732,2026-09-12T04:03:30.678682,application/pdf
Well_technical_data\Daily Drilling report - PDF Version\15_9_F_5_2016_10_17.pdf,15_9_F_5_2016_10_17.pdf,.pdf,25161,2026-09-12T04:03:34.234047,application/pdf
Well_technical_data\Daily Drilling report - PDF Version\15_9_F_7_2007_09_15.pdf,15_9_F_7_2007_09_15.pdf,.pdf,26425,2026-09-12T04:03:37.763441,application/pdf
Well_technical_data\Daily Drilling report - PDF Version\15_9_F_7_2007_09_16.pdf,15_9_F_7_2007_09_16.pdf,.pdf,32071,2026-09-12T04:03:40.737934,application/pdf
Well_technical_data\Daily Drilling report - PDF Version\15_9_F_7_2007_09_17.pdf,15_9_F_7_2007_09_17.pdf,.pdf,35191,2026-09-12T04:03:44.447051,application/pdf
Well_technical_data\Daily Drilling report - PDF Version\15_9_F_7_2007_09_18.pdf,15_9_F_7_2007_09_18.pdf,.pdf,33822,2026-09-12T04:03:48.075877,application/pdf
Well_technical_data\Daily Drilling report - PDF Version\15_9_F_7_2007_09_19.pdf,15_9_F_7_2007_09_19.pdf,.pdf,31458,2026-09-12T04:03:51.470018,application/pdf
Well_technical_data\Daily Drilling report - PDF Version\15_9_F_7_2007_09_20.pdf,15_9_F_7_2007_09_20.pdf,.pdf,34065,2026-09-12T04:03:54.963404,application/pdf
Well_technical_data\Daily Drilling report - PDF Version\15_9_F_7_2007_09_21.pdf,15_9_F_7_2007_09_21.pdf,.pdf,35419,2026-09-12T04:03:58.366580,application/pdf
Well_technical_data\Daily Drilling report - PDF Version\15_9_F_7_2007_09_22.pdf,15_9_F_7_2007_09_22.pdf,.pdf,33708,2026-09-12T04:04:01.556446,application/pdf
Well_technical_data\Daily Drilling report - PDF Version\15_9_F_7_2007_09_23.pdf,15_9_F_7_2007_09_23.pdf,.pdf,32914,2026-09-12T04:04:04.405270,application/pdf
Well_technical_data\Daily Drilling report - PDF Version\15_9_F_7_2007_09_24.pdf,15_9_F_7_2007_09_24.pdf,.pdf,34800,2026-09-12T04:04:08.232211,application/pdf
Well_technical_data\Daily Drilling report - PDF Version\15_9_F_7_2007_09_25.pdf,15_9_F_7_2007_09_25.pdf,.pdf,36705,2026-09-12T04:04:11.537725,application/pdf
Well_technical_data\Daily Drilling report - PDF Version\15_9_F_7_2007_09_26.pdf,15_9_F_7_2007_09_26.pdf,.pdf,33773,2026-09-12T04:04:14.924824,application/pdf
Well_technical_data\Daily Drilling report - PDF Version\15_9_F_7_2007_09_27.pdf,15_9_F_7_2007_09_27.pdf,.pdf,33709,2026-09-12T04:04:18.190735,application/pdf
Well_technical_data\Daily Drilling report - PDF Version\15_9_F_7_2007_09_28.pdf,15_9_F_7_2007_09_28.pdf,.pdf,32114,2026-09-12T04:04:21.443900,application/pdf
Well_technical_data\Daily Drilling report - PDF Version\15_9_F_7_2007_09_29.pdf,15_9_F_7_2007_09_29.pdf,.pdf,35298,2026-09-12T04:04:25.305360,application/pdf
Well_technical_data\Daily Drilling report - PDF Version\15_9_F_7_2007_09_30.pdf,15_9_F_7_2007_09_30.pdf,.pdf,29481,2026-09-12T04:04:28.645560,application/pdf
Well_technical_data\Daily Drilling report - PDF Version\15_9_F_7_2007_10_01.pdf,15_9_F_7_2007_10_01.pdf,.pdf,29792,2026-09-12T04:04:32.020789,application/pdf
Well_technical_data\Daily Drilling report - PDF Version\15_9_F_7_2007_10_02.pdf,15_9_F_7_2007_10_02.pdf,.pdf,30235,2026-09-12T04:04:35.260728,application/pdf
Well_technical_data\Daily Drilling report - PDF Version\15_9_F_7_2007_10_03.pdf,15_9_F_7_2007_10_03.pdf,.pdf,35481,2026-09-12T04:04:37.991759,application/pdf
Well_technical_data\Daily Drilling report - PDF Version\15_9_F_7_2007_10_04.pdf,15_9_F_7_2007_10_04.pdf,.pdf,35439,2026-09-12T04:04:40.957734,application/pdf
Well_technical_data\Daily Drilling report - PDF Version\15_9_F_7_2007_10_05.pdf,15_9_F_7_2007_10_05.pdf,.pdf,35478,2026-09-12T04:04:44.125634,application/pdf
Well_technical_data\Daily Drilling report - PDF Version\15_9_F_7_2007_10_06.pdf,15_9_F_7_2007_10_06.pdf,.pdf,35268,2026-09-12T04:04:47.732253,application/pdf
Well_technical_data\Daily Drilling report - PDF Version\15_9_F_7_2007_10_07.pdf,15_9_F_7_2007_10_07.pdf,.pdf,35040,2026-09-12T04:04:50.816903,application/pdf
Well_technical_data\Daily Drilling report - PDF Version\15_9_F_7_2007_10_08.pdf,15_9_F_7_2007_10_08.pdf,.pdf,34433,2026-09-12T04:04:54.192072,application/pdf
Well_technical_data\Daily Drilling report - PDF Version\15_9_F_7_2007_10_09.pdf,15_9_F_7_2007_10_09.pdf,.pdf,33641,2026-09-12T04:04:57.595708,application/pdf
Well_technical_data\Daily Drilling report - PDF Version\15_9_F_7_2007_10_10.pdf,15_9_F_7_2007_10_10.pdf,.pdf,30021,2026-09-12T04:05:01.149749,application/pdf
Well_technical_data\Daily Drilling report - PDF Version\15_9_F_7_2007_10_11.pdf,15_9_F_7_2007_10_11.pdf,.pdf,32989,2026-09-12T04:05:04.604852,application/pdf
Well_technical_data\Daily Drilling report - PDF Version\15_9_F_7_2007_10_12.pdf,15_9_F_7_2007_10_12.pdf,.pdf,24871,2026-09-12T04:05:07.684361,application/pdf
Well_technical_data\Daily Drilling report - PDF Version\15_9_F_7_2015_02_05.pdf,15_9_F_7_2015_02_05.pdf,.pdf,27861,2026-09-12T04:05:10.696800,application/pdf
Well_technical_data\Daily Drilling report - PDF Version\15_9_F_7_2015_02_06.pdf,15_9_F_7_2015_02_06.pdf,.pdf,29575,2026-09-12T04:05:14.622961,application/pdf
Well_technical_data\Daily Drilling report - PDF Version\15_9_F_7_2015_02_07.pdf,15_9_F_7_2015_02_07.pdf,.pdf,34348,2026-09-12T04:05:17.910478,application/pdf
Well_technical_data\Daily Drilling report - PDF Version\15_9_F_7_2015_02_08.pdf,15_9_F_7_2015_02_08.pdf,.pdf,33316,2026-09-12T04:05:21.698585,application/pdf
Well_technical_data\Daily Drilling report - PDF Version\15_9_F_7_2015_02_09.pdf,15_9_F_7_2015_02_09.pdf,.pdf,30863,2026-09-12T04:05:25.383155,application/pdf
Well_technical_data\Daily Drilling report - PDF Version\15_9_F_7_2015_02_10.pdf,15_9_F_7_2015_02_10.pdf,.pdf,24913,2026-09-12T04:05:28.707963,application/pdf
Well_technical_data\Daily Drilling report - PDF Version\15_9_F_7_2016_07_29.pdf,15_9_F_7_2016_07_29.pdf,.pdf,31025,2026-09-12T04:05:31.895160,application/pdf
Well_technical_data\Daily Drilling report - PDF Version\15_9_F_7_2016_07_30.pdf,15_9_F_7_2016_07_30.pdf,.pdf,33283,2026-09-12T04:05:35.362602,application/pdf
Well_technical_data\Daily Drilling report - PDF Version\15_9_F_7_2016_07_31.pdf,15_9_F_7_2016_07_31.pdf,.pdf,24658,2026-09-12T04:05:39.024997,application/pdf
Well_technical_data\Daily Drilling report - PDF Version\15_9_F_7_2016_10_23.pdf,15_9_F_7_2016_10_23.pdf,.pdf,34639,2026-09-12T04:05:42.576250,application/pdf
Well_technical_data\Daily Drilling report - PDF Version\15_9_F_7_2016_10_24.pdf,15_9_F_7_2016_10_24.pdf,.pdf,24114,2026-09-12T04:05:45.848670,application/pdf
Well_technical_data\Daily Drilling report - PDF Version\15_9_F_9_2007_11_29.pdf,15_9_F_9_2007_11_29.pdf,.pdf,33919,2026-09-12T04:05:49.614150,application/pdf
Well_technical_data\Daily Drilling report - PDF Version\15_9_F_9_2007_11_30.pdf,15_9_F_9_2007_11_30.pdf,.pdf,36504,2026-09-12T04:05:53.270343,application/pdf
Well_technical_data\Daily Drilling report - PDF Version\15_9_F_9_2007_12_01.pdf,15_9_F_9_2007_12_01.pdf,.pdf,33475,2026-09-12T04:05:56.721187,application/pdf
Well_technical_data\Daily Drilling report - PDF Version\15_9_F_9_2007_12_02.pdf,15_9_F_9_2007_12_02.pdf,.pdf,27342,2026-09-12T04:06:00.018778,application/pdf
Well_technical_data\Daily Drilling report - PDF Version\15_9_F_9_2007_12_13.pdf,15_9_F_9_2007_12_13.pdf,.pdf,32607,2026-09-12T04:06:03.600255,application/pdf
Well_technical_data\Daily Drilling report - PDF Version\15_9_F_9_2007_12_14.pdf,15_9_F_9_2007_12_14.pdf,.pdf,34581,2026-09-12T04:06:07.248591,application/pdf
Well_technical_data\Daily Drilling report - PDF Version\15_9_F_9_2007_12_15.pdf,15_9_F_9_2007_12_15.pdf,.pdf,34835,2026-09-12T04:06:10.640823,application/pdf
Well_technical_data\Daily Drilling report - PDF Version\15_9_F_9_2007_12_16.pdf,15_9_F_9_2007_12_16.pdf,.pdf,33986,2026-09-12T04:06:13.907066,application/pdf
Well_technical_data\Daily Drilling report - PDF Version\15_9_F_9_2007_12_17.pdf,15_9_F_9_2007_12_17.pdf,.pdf,35012,2026-09-12T04:06:17.478511,application/pdf
Well_technical_data\Daily Drilling report - PDF Version\15_9_F_9_2007_12_18.pdf,15_9_F_9_2007_12_18.pdf,.pdf,23709,2026-09-12T04:06:20.774053,application/pdf
Well_technical_data\Daily Drilling report - PDF Version\15_9_F_9_2008_08_27.pdf,15_9_F_9_2008_08_27.pdf,.pdf,26779,2026-09-12T04:06:24.404274,application/pdf
Well_technical_data\Daily Drilling report - PDF Version\15_9_F_9_2008_08_28.pdf,15_9_F_9_2008_08_28.pdf,.pdf,30985,2026-09-12T04:06:27.646165,application/pdf
Well_technical_data\Daily Drilling report - PDF Version\15_9_F_9_2008_08_29.pdf,15_9_F_9_2008_08_29.pdf,.pdf,32726,2026-09-12T04:06:31.113835,application/pdf
Well_technical_data\Daily Drilling report - PDF Version\15_9_F_9_2008_08_30.pdf,15_9_F_9_2008_08_30.pdf,.pdf,35595,2026-09-12T04:06:34.535241,application/pdf
Well_technical_data\Daily Drilling report - PDF Version\15_9_F_9_2008_08_31.pdf,15_9_F_9_2008_08_31.pdf,.pdf,35163,2026-09-12T04:06:38.157774,application/pdf
Well_technical_data\Daily Drilling report - PDF Version\15_9_F_9_2008_09_01.pdf,15_9_F_9_2008_09_01.pdf,.pdf,38655,2026-09-12T04:06:41.941288,application/pdf
Well_technical_data\Daily Drilling report - PDF Version\15_9_F_9_2008_09_02.pdf,15_9_F_9_2008_09_02.pdf,.pdf,33925,2026-09-12T04:06:44.961550,application/pdf
Well_technical_data\Daily Drilling report - PDF Version\15_9_F_9_2008_09_03.pdf,15_9_F_9_2008_09_03.pdf,.pdf,37069,2026-09-12T04:06:48.404980,application/pdf
Well_technical_data\Daily Drilling report - PDF Version\15_9_F_9_2008_09_04.pdf,15_9_F_9_2008_09_04.pdf,.pdf,34371,2026-09-12T04:06:52.191058,application/pdf
Well_technical_data\Daily Drilling report - PDF Version\15_9_F_9_2008_09_05.pdf,15_9_F_9_2008_09_05.pdf,.pdf,35532,2026-09-12T04:06:55.167331,application/pdf
Well_technical_data\Daily Drilling report - PDF Version\15_9_F_9_2008_09_06.pdf,15_9_F_9_2008_09_06.pdf,.pdf,34140,2026-09-12T04:06:58.916265,application/pdf
Well_technical_data\Daily Drilling report - PDF Version\15_9_F_9_2008_09_07.pdf,15_9_F_9_2008_09_07.pdf,.pdf,31600,2026-09-12T04:07:02.510073,application/pdf
Well_technical_data\Daily Drilling report - PDF Version\15_9_F_9_2009_06_25.pdf,15_9_F_9_2009_06_25.pdf,.pdf,28207,2026-09-12T04:07:06.086161,application/pdf
Well_technical_data\Daily Drilling report - PDF Version\15_9_F_9_2009_06_26.pdf,15_9_F_9_2009_06_26.pdf,.pdf,29774,2026-09-12T04:07:09.897123,application/pdf
Well_technical_data\Daily Drilling report - PDF Version\15_9_F_9_2009_06_27.pdf,15_9_F_9_2009_06_27.pdf,.pdf,32066,2026-09-12T04:07:13.473202,application/pdf
Well_technical_data\Daily Drilling report - PDF Version\15_9_F_9_2009_06_28.pdf,15_9_F_9_2009_06_28.pdf,.pdf,31128,2026-09-12T04:07:17.219161,application/pdf
Well_technical_data\Daily Drilling report - PDF Version\15_9_F_9_2009_06_29.pdf,15_9_F_9_2009_06_29.pdf,.pdf,32367,2026-09-12T04:07:20.804657,application/pdf
Well_technical_data\Daily Drilling report - PDF Version\15_9_F_9_2009_06_30.pdf,15_9_F_9_2009_06_30.pdf,.pdf,34682,2026-09-12T04:07:24.152900,application/pdf
Well_technical_data\Daily Drilling report - PDF Version\15_9_F_9_2009_07_01.pdf,15_9_F_9_2009_07_01.pdf,.pdf,34810,2026-09-12T04:07:27.133629,application/pdf
Well_technical_data\Daily Drilling report - PDF Version\15_9_F_9_2009_07_02.pdf,15_9_F_9_2009_07_02.pdf,.pdf,36855,2026-09-12T04:07:30.277138,application/pdf
Well_technical_data\Daily Drilling report - PDF Version\15_9_F_9_2009_07_03.pdf,15_9_F_9_2009_07_03.pdf,.pdf,33861,2026-09-12T04:07:33.711187,application/pdf
Well_technical_data\Daily Drilling report - PDF Version\15_9_F_9_2009_07_04.pdf,15_9_F_9_2009_07_04.pdf,.pdf,30594,2026-09-12T04:07:37.080467,application/pdf
Well_technical_data\Daily Drilling report - PDF Version\15_9_F_9_A_2009_07_04.pdf,15_9_F_9_A_2009_07_04.pdf,.pdf,34772,2026-09-12T04:07:40.315341,application/pdf
Well_technical_data\Daily Drilling report - PDF Version\15_9_F_9_A_2009_07_05.pdf,15_9_F_9_A_2009_07_05.pdf,.pdf,38644,2026-09-12T04:07:43.818090,application/pdf
Well_technical_data\Daily Drilling report - PDF Version\15_9_F_9_A_2009_07_06.pdf,15_9_F_9_A_2009_07_06.pdf,.pdf,39641,2026-09-12T04:07:47.265088,application/pdf
Well_technical_data\Daily Drilling report - PDF Version\15_9_F_9_A_2009_07_07.pdf,15_9_F_9_A_2009_07_07.pdf,.pdf,36052,2026-09-12T04:07:51.181882,application/pdf
Well_technical_data\Daily Drilling report - PDF Version\15_9_F_9_A_2009_07_08.pdf,15_9_F_9_A_2009_07_08.pdf,.pdf,34711,2026-09-12T04:07:54.449765,application/pdf
Well_technical_data\Daily Drilling report - PDF Version\15_9_F_9_A_2009_07_09.pdf,15_9_F_9_A_2009_07_09.pdf,.pdf,36849,2026-09-12T04:07:57.850130,application/pdf
Well_technical_data\Daily Drilling report - PDF Version\15_9_F_9_A_2009_07_10.pdf,15_9_F_9_A_2009_07_10.pdf,.pdf,37604,2026-09-12T04:08:01.200925,application/pdf
Well_technical_data\Daily Drilling report - PDF Version\15_9_F_9_A_2009_07_11.pdf,15_9_F_9_A_2009_07_11.pdf,.pdf,34396,2026-09-12T04:08:04.868726,application/pdf
Well_technical_data\Daily Drilling report - PDF Version\15_9_F_9_A_2009_07_12.pdf,15_9_F_9_A_2009_07_12.pdf,.pdf,34891,2026-09-12T04:08:08.393163,application/pdf
Well_technical_data\Daily Drilling report - PDF Version\15_9_F_9_A_2009_07_13.pdf,15_9_F_9_A_2009_07_13.pdf,.pdf,32218,2026-09-12T04:08:11.999384,application/pdf
Well_technical_data\Daily Drilling report - PDF Version\15_9_F_9_A_2009_07_14.pdf,15_9_F_9_A_2009_07_14.pdf,.pdf,32990,2026-09-12T04:08:15.209525,application/pdf
Well_technical_data\Daily Drilling report - PDF Version\15_9_F_9_A_2009_07_15.pdf,15_9_F_9_A_2009_07_15.pdf,.pdf,33008,2026-09-12T04:08:18.835644,application/pdf
Well_technical_data\Daily Drilling report - PDF Version\15_9_F_9_A_2015_01_27.pdf,15_9_F_9_A_2015_01_27.pdf,.pdf,27268,2026-09-12T04:08:22.253632,application/pdf
Well_technical_data\Daily Drilling report - PDF Version\15_9_F_9_A_2015_01_28.pdf,15_9_F_9_A_2015_01_28.pdf,.pdf,33825,2026-09-12T04:08:26.412138,application/pdf
Well_technical_data\Daily Drilling report - PDF Version\15_9_F_9_A_2015_01_29.pdf,15_9_F_9_A_2015_01_29.pdf,.pdf,28792,2026-09-12T04:08:29.860797,application/pdf
Well_technical_data\Daily Drilling report - PDF Version\15_9_F_9_A_2015_01_30.pdf,15_9_F_9_A_2015_01_30.pdf,.pdf,31009,2026-09-12T04:08:33.269192,application/pdf
Well_technical_data\Daily Drilling report - PDF Version\15_9_F_9_A_2015_01_31.pdf,15_9_F_9_A_2015_01_31.pdf,.pdf,31438,2026-09-12T04:08:36.778337,application/pdf
Well_technical_data\Daily Drilling report - PDF Version\15_9_F_9_A_2015_02_01.pdf,15_9_F_9_A_2015_02_01.pdf,.pdf,37080,2026-09-12T04:08:40.180907,application/pdf
Well_technical_data\Daily Drilling report - PDF Version\15_9_F_9_A_2015_02_02.pdf,15_9_F_9_A_2015_02_02.pdf,.pdf,32725,2026-09-12T04:08:43.532553,application/pdf
Well_technical_data\Daily Drilling report - PDF Version\15_9_F_9_A_2015_02_03.pdf,15_9_F_9_A_2015_02_03.pdf,.pdf,29964,2026-09-12T04:08:46.903957,application/pdf
Well_technical_data\Daily Drilling report - PDF Version\15_9_F_9_A_2015_02_04.pdf,15_9_F_9_A_2015_02_04.pdf,.pdf,30857,2026-09-12T04:08:50.044996,application/pdf
Well_technical_data\Daily Drilling report - PDF Version\15_9_F_9_A_2015_02_05.pdf,15_9_F_9_A_2015_02_05.pdf,.pdf,23415,2026-09-12T04:08:53.509865,application/pdf
Well_technical_data\Daily Drilling report - PDF Version\15_9_F_9_A_2016_09_29.pdf,15_9_F_9_A_2016_09_29.pdf,.pdf,25422,2026-09-12T04:08:57.222477,application/pdf
Well_technical_data\Daily Drilling report - PDF Version\15_9_F_9_A_2016_09_30.pdf,15_9_F_9_A_2016_09_30.pdf,.pdf,32418,2026-09-12T04:09:00.624384,application/pdf
Well_technical_data\Daily Drilling report - PDF Version\15_9_F_9_A_2016_10_01.pdf,15_9_F_9_A_2016_10_01.pdf,.pdf,30593,2026-09-12T04:09:04.012932,application/pdf
Well_technical_data\Daily Drilling report - PDF Version\15_9_F_9_A_2016_10_17.pdf,15_9_F_9_A_2016_10_17.pdf,.pdf,26017,2026-09-12T04:09:07.112207,application/pdf
Well_technical_data\Daily Drilling report - PDF Version\15_9_F_9_A_2016_10_18.pdf,15_9_F_9_A_2016_10_18.pdf,.pdf,24165,2026-09-12T04:09:10.376938,application/pdf
Well_technical_data\Daily Drilling report - PDF Version\15_9_F_9_A_2016_10_24.pdf,15_9_F_9_A_2016_10_24.pdf,.pdf,33436,2026-09-12T04:09:13.975547,application/pdf
Well_technical_data\Daily Drilling Report - XML Version\15_9_19_A_1980_01_01.xml,15_9_19_A_1980_01_01.xml,.xml,3313,2026-09-12T00:47:10.476809,text/xml
Well_technical_data\Daily Drilling Report - XML Version\15_9_19_A_1997_07_25.xml,15_9_19_A_1997_07_25.xml,.xml,2657,2026-09-12T00:47:13.737391,text/xml
Well_technical_data\Daily Drilling Report - XML Version\15_9_19_A_1997_07_26.xml,15_9_19_A_1997_07_26.xml,.xml,8947,2026-09-12T00:47:17.706228,text/xml
Well_technical_data\Daily Drilling Report - XML Version\15_9_19_A_1997_07_27.xml,15_9_19_A_1997_07_27.xml,.xml,11763,2026-09-12T00:47:21.057955,text/xml
Well_technical_data\Daily Drilling Report - XML Version\15_9_19_A_1997_07_28.xml,15_9_19_A_1997_07_28.xml,.xml,7853,2026-09-12T00:47:24.485583,text/xml
Well_technical_data\Daily Drilling Report - XML Version\15_9_19_A_1997_07_29.xml,15_9_19_A_1997_07_29.xml,.xml,7655,2026-09-12T00:47:27.584983,text/xml
Well_technical_data\Daily Drilling Report - XML Version\15_9_19_A_1997_07_30.xml,15_9_19_A_1997_07_30.xml,.xml,13167,2026-09-12T00:47:31.324783,text/xml
Well_technical_data\Daily Drilling Report - XML Version\15_9_19_A_1997_07_31.xml,15_9_19_A_1997_07_31.xml,.xml,10598,2026-09-12T00:47:34.575549,text/xml
Well_technical_data\Daily Drilling Report - XML Version\15_9_19_A_1997_08_01.xml,15_9_19_A_1997_08_01.xml,.xml,9386,2026-09-12T00:47:38.657027,text/xml
Well_technical_data\Daily Drilling Report - XML Version\15_9_19_A_1997_08_02.xml,15_9_19_A_1997_08_02.xml,.xml,10187,2026-09-12T00:47:41.967803,text/xml
Well_technical_data\Daily Drilling Report - XML Version\15_9_19_A_1997_08_03.xml,15_9_19_A_1997_08_03.xml,.xml,10286,2026-09-12T00:47:45.244340,text/xml
Well_technical_data\Daily Drilling Report - XML Version\15_9_19_A_1997_08_04.xml,15_9_19_A_1997_08_04.xml,.xml,11391,2026-09-12T00:47:48.626524,text/xml
Well_technical_data\Daily Drilling Report - XML Version\15_9_19_A_1997_08_05.xml,15_9_19_A_1997_08_05.xml,.xml,10361,2026-09-12T00:47:51.814444,text/xml
Well_technical_data\Daily Drilling Report - XML Version\15_9_19_A_1997_08_06.xml,15_9_19_A_1997_08_06.xml,.xml,14719,2026-09-12T00:47:55.083398,text/xml
Well_technical_data\Daily Drilling Report - XML Version\15_9_19_A_1997_08_07.xml,15_9_19_A_1997_08_07.xml,.xml,13345,2026-09-12T00:47:58.758065,text/xml
Well_technical_data\Daily Drilling Report - XML Version\15_9_19_A_1997_08_08.xml,15_9_19_A_1997_08_08.xml,.xml,9816,2026-09-12T00:48:02.156525,text/xml
Well_technical_data\Daily Drilling Report - XML Version\15_9_19_A_1997_08_09.xml,15_9_19_A_1997_08_09.xml,.xml,11981,2026-09-12T00:48:05.525387,text/xml
Well_technical_data\Daily Drilling Report - XML Version\15_9_19_A_1997_08_10.xml,15_9_19_A_1997_08_10.xml,.xml,13115,2026-09-12T00:48:08.752166,text/xml
Well_technical_data\Daily Drilling Report - XML Version\15_9_19_A_1997_08_11.xml,15_9_19_A_1997_08_11.xml,.xml,11117,2026-09-12T00:48:11.768718,text/xml
Well_technical_data\Daily Drilling Report - XML Version\15_9_19_A_1997_08_12.xml,15_9_19_A_1997_08_12.xml,.xml,11472,2026-09-12T00:48:15.118102,text/xml
Well_technical_data\Daily Drilling Report - XML Version\15_9_19_A_1997_08_13.xml,15_9_19_A_1997_08_13.xml,.xml,9400,2026-09-12T00:48:18.370274,text/xml
Well_technical_data\Daily Drilling Report - XML Version\15_9_19_A_1997_08_14.xml,15_9_19_A_1997_08_14.xml,.xml,10466,2026-09-12T00:48:21.456929,text/xml
Well_technical_data\Daily Drilling Report - XML Version\15_9_19_A_1997_08_15.xml,15_9_19_A_1997_08_15.xml,.xml,13577,2026-09-12T00:48:24.841660,text/xml
Well_technical_data\Daily Drilling Report - XML Version\15_9_19_A_1997_08_16.xml,15_9_19_A_1997_08_16.xml,.xml,13001,2026-09-12T00:48:28.365722,text/xml
Well_technical_data\Daily Drilling Report - XML Version\15_9_19_A_1997_08_17.xml,15_9_19_A_1997_08_17.xml,.xml,12375,2026-09-12T00:48:31.937373,text/xml
Well_technical_data\Daily Drilling Report - XML Version\15_9_19_A_1997_08_18.xml,15_9_19_A_1997_08_18.xml,.xml,12532,2026-09-12T00:48:35.765040,text/xml
Well_technical_data\Daily Drilling Report - XML Version\15_9_19_A_1997_08_19.xml,15_9_19_A_1997_08_19.xml,.xml,11613,2026-09-12T00:48:39.016254,text/xml
Well_technical_data\Daily Drilling Report - XML Version\15_9_19_A_1997_08_20.xml,15_9_19_A_1997_08_20.xml,.xml,11090,2026-09-12T00:48:41.924780,text/xml
Well_technical_data\Daily Drilling Report - XML Version\15_9_19_A_1997_08_21.xml,15_9_19_A_1997_08_21.xml,.xml,11283,2026-09-12T00:48:45.893513,text/xml
Well_technical_data\Daily Drilling Report - XML Version\15_9_19_A_1997_08_22.xml,15_9_19_A_1997_08_22.xml,.xml,10499,2026-09-12T00:48:49.207788,text/xml
Well_technical_data\Daily Drilling Report - XML Version\15_9_19_A_1997_08_23.xml,15_9_19_A_1997_08_23.xml,.xml,6717,2026-09-12T00:48:52.202615,text/xml
Well_technical_data\Daily Drilling Report - XML Version\15_9_19_A_1997_08_24.xml,15_9_19_A_1997_08_24.xml,.xml,6029,2026-09-12T00:48:55.186712,text/xml
Well_technical_data\Daily Drilling Report - XML Version\15_9_19_A_1997_08_25.xml,15_9_19_A_1997_08_25.xml,.xml,6504,2026-09-12T00:48:59.111561,text/xml
Well_technical_data\Daily Drilling Report - XML Version\15_9_19_A_1997_08_26.xml,15_9_19_A_1997_08_26.xml,.xml,12342,2026-09-12T00:49:02.642866,text/xml
Well_technical_data\Daily Drilling Report - XML Version\15_9_19_A_1997_08_27.xml,15_9_19_A_1997_08_27.xml,.xml,7256,2026-09-12T00:49:06.682249,text/xml
Well_technical_data\Daily Drilling Report - XML Version\15_9_19_A_1997_08_28.xml,15_9_19_A_1997_08_28.xml,.xml,7176,2026-09-12T00:49:10.187671,text/xml
Well_technical_data\Daily Drilling Report - XML Version\15_9_19_A_1997_08_29.xml,15_9_19_A_1997_08_29.xml,.xml,8177,2026-09-12T00:49:13.891607,text/xml
Well_technical_data\Daily Drilling Report - XML Version\15_9_19_A_1997_08_30.xml,15_9_19_A_1997_08_30.xml,.xml,7284,2026-09-12T00:49:16.889185,text/xml
Well_technical_data\Daily Drilling Report - XML Version\15_9_19_A_1997_08_31.xml,15_9_19_A_1997_08_31.xml,.xml,8564,2026-09-12T00:49:20.452539,text/xml
Well_technical_data\Daily Drilling Report - XML Version\15_9_19_A_1997_09_01.xml,15_9_19_A_1997_09_01.xml,.xml,8608,2026-09-12T00:49:23.607459,text/xml
Well_technical_data\Daily Drilling Report - XML Version\15_9_19_A_1997_09_02.xml,15_9_19_A_1997_09_02.xml,.xml,7346,2026-09-12T00:49:26.966418,text/xml
Well_technical_data\Daily Drilling Report - XML Version\15_9_19_A_1997_09_03.xml,15_9_19_A_1997_09_03.xml,.xml,11930,2026-09-12T00:49:30.326129,text/xml
Well_technical_data\Daily Drilling Report - XML Version\15_9_19_A_1997_09_04.xml,15_9_19_A_1997_09_04.xml,.xml,5807,2026-09-12T00:49:33.935222,text/xml
Well_technical_data\Daily Drilling Report - XML Version\15_9_19_A_1997_09_05.xml,15_9_19_A_1997_09_05.xml,.xml,3735,2026-09-12T00:49:36.975830,text/xml
Well_technical_data\Daily Drilling Report - XML Version\15_9_19_A_1997_09_06.xml,15_9_19_A_1997_09_06.xml,.xml,3735,2026-09-12T00:49:40.375296,text/xml
Well_technical_data\Daily Drilling Report - XML Version\15_9_19_A_1997_09_07.xml,15_9_19_A_1997_09_07.xml,.xml,3735,2026-09-12T00:49:43.754889,text/xml
Well_technical_data\Daily Drilling Report - XML Version\15_9_19_A_1997_09_08.xml,15_9_19_A_1997_09_08.xml,.xml,3735,2026-09-12T00:49:47.546172,text/xml
Well_technical_data\Daily Drilling Report - XML Version\15_9_19_A_1997_09_09.xml,15_9_19_A_1997_09_09.xml,.xml,3735,2026-09-12T00:49:51.330097,text/xml
Well_technical_data\Daily Drilling Report - XML Version\15_9_19_A_1997_09_10.xml,15_9_19_A_1997_09_10.xml,.xml,3735,2026-09-12T00:49:54.734682,text/xml
Well_technical_data\Daily Drilling Report - XML Version\15_9_19_A_1997_09_11.xml,15_9_19_A_1997_09_11.xml,.xml,3735,2026-09-12T00:49:57.741953,text/xml
Well_technical_data\Daily Drilling Report - XML Version\15_9_19_A_1997_09_12.xml,15_9_19_A_1997_09_12.xml,.xml,3735,2026-09-12T00:50:00.932788,text/xml
Well_technical_data\Daily Drilling Report - XML Version\15_9_19_A_1997_09_13.xml,15_9_19_A_1997_09_13.xml,.xml,3735,2026-09-12T00:50:04.749503,text/xml
Well_technical_data\Daily Drilling Report - XML Version\15_9_19_A_1997_09_14.xml,15_9_19_A_1997_09_14.xml,.xml,3735,2026-09-12T00:50:08.019444,text/xml
Well_technical_data\Daily Drilling Report - XML Version\15_9_19_A_1997_09_15.xml,15_9_19_A_1997_09_15.xml,.xml,3735,2026-09-12T00:50:11.252736,text/xml
Well_technical_data\Daily Drilling Report - XML Version\15_9_19_A_1997_09_16.xml,15_9_19_A_1997_09_16.xml,.xml,3735,2026-09-12T00:50:14.818146,text/xml
Well_technical_data\Daily Drilling Report - XML Version\15_9_19_A_1997_09_17.xml,15_9_19_A_1997_09_17.xml,.xml,3735,2026-09-12T00:50:18.347041,text/xml
Well_technical_data\Daily Drilling Report - XML Version\15_9_19_A_1997_09_18.xml,15_9_19_A_1997_09_18.xml,.xml,3735,2026-09-12T00:50:22.080866,text/xml
Well_technical_data\Daily Drilling Report - XML Version\15_9_19_A_1997_09_19.xml,15_9_19_A_1997_09_19.xml,.xml,3686,2026-09-12T00:50:25.457293,text/xml
Well_technical_data\Daily Drilling Report - XML Version\15_9_19_A_1997_09_20.xml,15_9_19_A_1997_09_20.xml,.xml,3686,2026-09-12T00:50:28.554789,text/xml
Well_technical_data\Daily Drilling Report - XML Version\15_9_19_A_1997_09_21.xml,15_9_19_A_1997_09_21.xml,.xml,3686,2026-09-12T00:50:32.024866,text/xml
Well_technical_data\Daily Drilling Report - XML Version\15_9_19_A_1997_09_22.xml,15_9_19_A_1997_09_22.xml,.xml,3686,2026-09-12T00:50:35.000687,text/xml
Well_technical_data\Daily Drilling Report - XML Version\15_9_19_A_1997_09_23.xml,15_9_19_A_1997_09_23.xml,.xml,3686,2026-09-12T00:50:38.017029,text/xml
Well_technical_data\Daily Drilling Report - XML Version\15_9_19_A_1997_09_24.xml,15_9_19_A_1997_09_24.xml,.xml,3682,2026-09-12T00:50:41.497213,text/xml
Well_technical_data\Daily Drilling Report - XML Version\15_9_19_A_1997_09_25.xml,15_9_19_A_1997_09_25.xml,.xml,3682,2026-09-12T00:50:44.847468,text/xml
Well_technical_data\Daily Drilling Report - XML Version\15_9_19_A_1997_09_26.xml,15_9_19_A_1997_09_26.xml,.xml,3682,2026-09-12T00:50:48.438190,text/xml
Well_technical_data\Daily Drilling Report - XML Version\15_9_19_A_1997_09_27.xml,15_9_19_A_1997_09_27.xml,.xml,3682,2026-09-12T00:50:51.647712,text/xml
Well_technical_data\Daily Drilling Report - XML Version\15_9_19_A_1997_09_28.xml,15_9_19_A_1997_09_28.xml,.xml,3682,2026-09-12T00:50:55.093263,text/xml
Well_technical_data\Daily Drilling Report - XML Version\15_9_19_A_1997_09_29.xml,15_9_19_A_1997_09_29.xml,.xml,3680,2026-09-12T00:50:58.327177,text/xml
Well_technical_data\Daily Drilling Report - XML Version\15_9_19_A_1997_09_30.xml,15_9_19_A_1997_09_30.xml,.xml,3681,2026-09-12T00:51:01.703127,text/xml
Well_technical_data\Daily Drilling Report - XML Version\15_9_19_A_1997_10_01.xml,15_9_19_A_1997_10_01.xml,.xml,3682,2026-09-12T00:51:05.562704,text/xml
Well_technical_data\Daily Drilling Report - XML Version\15_9_19_A_1997_10_02.xml,15_9_19_A_1997_10_02.xml,.xml,3680,2026-09-12T00:51:08.949300,text/xml
Well_technical_data\Daily Drilling Report - XML Version\15_9_19_A_1997_10_03.xml,15_9_19_A_1997_10_03.xml,.xml,3677,2026-09-12T00:51:12.046597,text/xml
Well_technical_data\Daily Drilling Report - XML Version\15_9_19_A_1997_10_04.xml,15_9_19_A_1997_10_04.xml,.xml,3677,2026-09-12T00:51:15.439857,text/xml
Well_technical_data\Daily Drilling Report - XML Version\15_9_19_A_1997_10_05.xml,15_9_19_A_1997_10_05.xml,.xml,6673,2026-09-12T00:51:18.725913,text/xml
Well_technical_data\Daily Drilling Report - XML Version\15_9_19_A_1997_10_06.xml,15_9_19_A_1997_10_06.xml,.xml,6880,2026-09-12T00:51:22.616160,text/xml
Well_technical_data\Daily Drilling Report - XML Version\15_9_19_A_1997_10_07.xml,15_9_19_A_1997_10_07.xml,.xml,6039,2026-09-12T00:51:25.654454,text/xml
Well_technical_data\Daily Drilling Report - XML Version\15_9_19_A_1997_10_08.xml,15_9_19_A_1997_10_08.xml,.xml,9193,2026-09-12T00:51:29.185192,text/xml
Well_technical_data\Daily Drilling Report - XML Version\15_9_19_A_1997_10_09.xml,15_9_19_A_1997_10_09.xml,.xml,10617,2026-09-12T00:51:33.653300,text/xml
Well_technical_data\Daily Drilling Report - XML Version\15_9_19_A_1997_10_10.xml,15_9_19_A_1997_10_10.xml,.xml,7044,2026-09-12T00:51:37.272619,text/xml
Well_technical_data\Daily Drilling Report - XML Version\15_9_19_A_1997_10_11.xml,15_9_19_A_1997_10_11.xml,.xml,7787,2026-09-12T00:51:42.123693,text/xml
Well_technical_data\Daily Drilling Report - XML Version\15_9_19_A_1997_10_12.xml,15_9_19_A_1997_10_12.xml,.xml,5962,2026-09-12T00:51:46.807090,text/xml
Well_technical_data\Daily Drilling Report - XML Version\15_9_19_A_1997_10_13.xml,15_9_19_A_1997_10_13.xml,.xml,7245,2026-09-12T00:51:50.793323,text/xml
Well_technical_data\Daily Drilling Report - XML Version\15_9_19_A_1997_10_14.xml,15_9_19_A_1997_10_14.xml,.xml,6847,2026-09-12T00:51:56.663451,text/xml
Well_technical_data\Daily Drilling Report - XML Version\15_9_19_A_1997_10_15.xml,15_9_19_A_1997_10_15.xml,.xml,8478,2026-09-12T00:52:00.766582,text/xml
Well_technical_data\Daily Drilling Report - XML Version\15_9_19_A_1997_10_16.xml,15_9_19_A_1997_10_16.xml,.xml,7051,2026-09-12T00:52:04.446843,text/xml
Well_technical_data\Daily Drilling Report - XML Version\15_9_19_A_1997_10_17.xml,15_9_19_A_1997_10_17.xml,.xml,8568,2026-09-12T00:52:08.417641,text/xml
Well_technical_data\Daily Drilling Report - XML Version\15_9_19_A_1997_10_18.xml,15_9_19_A_1997_10_18.xml,.xml,7724,2026-09-12T00:52:12.031582,text/xml
Well_technical_data\Daily Drilling Report - XML Version\15_9_19_A_1997_10_19.xml,15_9_19_A_1997_10_19.xml,.xml,6660,2026-09-12T00:52:15.095317,text/xml
Well_technical_data\Daily Drilling Report - XML Version\15_9_19_A_1997_10_20.xml,15_9_19_A_1997_10_20.xml,.xml,7298,2026-09-12T00:52:18.535913,text/xml
Well_technical_data\Daily Drilling Report - XML Version\15_9_19_A_1997_10_21.xml,15_9_19_A_1997_10_21.xml,.xml,8966,2026-09-12T00:52:21.739277,text/xml
Well_technical_data\Daily Drilling Report - XML Version\15_9_19_A_1997_10_22.xml,15_9_19_A_1997_10_22.xml,.xml,9221,2026-09-12T00:52:25.071630,text/xml
Well_technical_data\Daily Drilling Report - XML Version\15_9_19_A_1997_10_23.xml,15_9_19_A_1997_10_23.xml,.xml,6653,2026-09-12T00:52:29.201674,text/xml
Well_technical_data\Daily Drilling Report - XML Version\15_9_19_A_1997_10_24.xml,15_9_19_A_1997_10_24.xml,.xml,7296,2026-09-12T00:52:32.577583,text/xml
Well_technical_data\Daily Drilling Report - XML Version\15_9_19_A_1997_10_25.xml,15_9_19_A_1997_10_25.xml,.xml,6385,2026-09-12T00:52:35.676864,text/xml
Well_technical_data\Daily Drilling Report - XML Version\15_9_19_A_1997_10_26.xml,15_9_19_A_1997_10_26.xml,.xml,5329,2026-09-12T00:52:38.405632,text/xml
Well_technical_data\Daily Drilling Report - XML Version\15_9_19_A_1997_10_27.xml,15_9_19_A_1997_10_27.xml,.xml,10039,2026-09-12T00:52:41.338599,text/xml
Well_technical_data\Daily Drilling Report - XML Version\15_9_19_A_1997_10_28.xml,15_9_19_A_1997_10_28.xml,.xml,7940,2026-09-12T00:52:44.625711,text/xml
Well_technical_data\Daily Drilling Report - XML Version\15_9_19_A_1997_10_29.xml,15_9_19_A_1997_10_29.xml,.xml,8041,2026-09-12T00:52:47.944325,text/xml
Well_technical_data\Daily Drilling Report - XML Version\15_9_19_A_1997_10_30.xml,15_9_19_A_1997_10_30.xml,.xml,8599,2026-09-12T00:52:51.102122,text/xml
Well_technical_data\Daily Drilling Report - XML Version\15_9_19_A_1997_10_31.xml,15_9_19_A_1997_10_31.xml,.xml,4517,2026-09-12T00:52:54.195959,text/xml
Well_technical_data\Daily Drilling Report - XML Version\15_9_19_A_1997_11_01.xml,15_9_19_A_1997_11_01.xml,.xml,6545,2026-09-12T00:52:57.124408,text/xml
Well_technical_data\Daily Drilling Report - XML Version\15_9_19_A_1997_11_02.xml,15_9_19_A_1997_11_02.xml,.xml,4597,2026-09-12T00:52:59.929513,text/xml
Well_technical_data\Daily Drilling Report - XML Version\15_9_19_A_1997_11_03.xml,15_9_19_A_1997_11_03.xml,.xml,8383,2026-09-12T00:53:03.092145,text/xml
Well_technical_data\Daily Drilling Report - XML Version\15_9_19_A_1997_11_04.xml,15_9_19_A_1997_11_04.xml,.xml,6014,2026-09-12T00:53:06.495506,text/xml
Well_technical_data\Daily Drilling Report - XML Version\15_9_19_A_1997_11_05.xml,15_9_19_A_1997_11_05.xml,.xml,6024,2026-09-12T00:53:09.766346,text/xml
Well_technical_data\Daily Drilling Report - XML Version\15_9_19_A_1997_11_06.xml,15_9_19_A_1997_11_06.xml,.xml,10845,2026-09-12T00:53:12.644067,text/xml
Well_technical_data\Daily Drilling Report - XML Version\15_9_19_A_1997_11_07.xml,15_9_19_A_1997_11_07.xml,.xml,8946,2026-09-12T00:53:15.682236,text/xml
Well_technical_data\Daily Drilling Report - XML Version\15_9_19_A_1997_11_08.xml,15_9_19_A_1997_11_08.xml,.xml,8852,2026-09-12T00:53:18.472935,text/xml
Well_technical_data\Daily Drilling Report - XML Version\15_9_19_A_1997_11_09.xml,15_9_19_A_1997_11_09.xml,.xml,11043,2026-09-12T00:53:21.602775,text/xml
Well_technical_data\Daily Drilling Report - XML Version\15_9_19_A_1997_11_10.xml,15_9_19_A_1997_11_10.xml,.xml,7216,2026-09-12T00:53:25.340979,text/xml
Well_technical_data\Daily Drilling Report - XML Version\15_9_19_BT2_1997_12_06.xml,15_9_19_BT2_1997_12_06.xml,.xml,5207,2026-09-12T00:53:28.203577,text/xml
Well_technical_data\Daily Drilling Report - XML Version\15_9_19_BT2_1997_12_07.xml,15_9_19_BT2_1997_12_07.xml,.xml,7309,2026-09-12T00:53:31.398408,text/xml
Well_technical_data\Daily Drilling Report - XML Version\15_9_19_BT2_1997_12_08.xml,15_9_19_BT2_1997_12_08.xml,.xml,11277,2026-09-12T00:53:34.176455,text/xml
Well_technical_data\Daily Drilling Report - XML Version\15_9_19_BT2_1997_12_09.xml,15_9_19_BT2_1997_12_09.xml,.xml,13158,2026-09-12T00:53:38.975726,text/xml
Well_technical_data\Daily Drilling Report - XML Version\15_9_19_BT2_1997_12_10.xml,15_9_19_BT2_1997_12_10.xml,.xml,8684,2026-09-12T00:53:42.268238,text/xml
Well_technical_data\Daily Drilling Report - XML Version\15_9_19_BT2_1997_12_11.xml,15_9_19_BT2_1997_12_11.xml,.xml,6953,2026-09-12T00:53:45.209745,text/xml
Well_technical_data\Daily Drilling Report - XML Version\15_9_19_BT2_1997_12_12.xml,15_9_19_BT2_1997_12_12.xml,.xml,10274,2026-09-12T00:53:48.174678,text/xml
Well_technical_data\Daily Drilling Report - XML Version\15_9_19_BT2_1997_12_13.xml,15_9_19_BT2_1997_12_13.xml,.xml,10036,2026-09-12T00:53:51.048030,text/xml
Well_technical_data\Daily Drilling Report - XML Version\15_9_19_BT2_1997_12_14.xml,15_9_19_BT2_1997_12_14.xml,.xml,7537,2026-09-12T00:53:54.183564,text/xml
Well_technical_data\Daily Drilling Report - XML Version\15_9_19_BT2_1997_12_15.xml,15_9_19_BT2_1997_12_15.xml,.xml,12684,2026-09-12T00:53:57.332443,text/xml
Well_technical_data\Daily Drilling Report - XML Version\15_9_19_BT2_1997_12_16.xml,15_9_19_BT2_1997_12_16.xml,.xml,9681,2026-09-12T00:54:00.698556,text/xml
Well_technical_data\Daily Drilling Report - XML Version\15_9_19_BT2_1997_12_17.xml,15_9_19_BT2_1997_12_17.xml,.xml,7499,2026-09-12T00:54:03.785315,text/xml
Well_technical_data\Daily Drilling Report - XML Version\15_9_19_BT2_1997_12_18.xml,15_9_19_BT2_1997_12_18.xml,.xml,8244,2026-09-12T00:54:07.184548,text/xml
Well_technical_data\Daily Drilling Report - XML Version\15_9_19_BT2_1997_12_19.xml,15_9_19_BT2_1997_12_19.xml,.xml,11183,2026-09-12T00:54:10.600767,text/xml
Well_technical_data\Daily Drilling Report - XML Version\15_9_19_BT2_1997_12_20.xml,15_9_19_BT2_1997_12_20.xml,.xml,11150,2026-09-12T00:54:13.507807,text/xml
Well_technical_data\Daily Drilling Report - XML Version\15_9_19_BT2_1997_12_21.xml,15_9_19_BT2_1997_12_21.xml,.xml,10597,2026-09-12T00:54:16.464690,text/xml
Well_technical_data\Daily Drilling Report - XML Version\15_9_19_BT2_1997_12_22.xml,15_9_19_BT2_1997_12_22.xml,.xml,8596,2026-09-12T00:54:19.924662,text/xml
Well_technical_data\Daily Drilling Report - XML Version\15_9_19_BT2_1997_12_23.xml,15_9_19_BT2_1997_12_23.xml,.xml,7747,2026-09-12T00:54:23.446298,text/xml
Well_technical_data\Daily Drilling Report - XML Version\15_9_19_BT2_1997_12_24.xml,15_9_19_BT2_1997_12_24.xml,.xml,9524,2026-09-12T00:54:26.957616,text/xml
Well_technical_data\Daily Drilling Report - XML Version\15_9_19_BT2_1997_12_25.xml,15_9_19_BT2_1997_12_25.xml,.xml,11473,2026-09-12T00:54:30.460232,text/xml
Well_technical_data\Daily Drilling Report - XML Version\15_9_19_BT2_1997_12_26.xml,15_9_19_BT2_1997_12_26.xml,.xml,9709,2026-09-12T00:54:33.547737,text/xml
Well_technical_data\Daily Drilling Report - XML Version\15_9_19_BT2_1997_12_27.xml,15_9_19_BT2_1997_12_27.xml,.xml,10143,2026-09-12T00:54:36.785148,text/xml
Well_technical_data\Daily Drilling Report - XML Version\15_9_19_BT2_1997_12_28.xml,15_9_19_BT2_1997_12_28.xml,.xml,8118,2026-09-12T00:54:39.917700,text/xml
Well_technical_data\Daily Drilling Report - XML Version\15_9_19_BT2_1997_12_29.xml,15_9_19_BT2_1997_12_29.xml,.xml,10285,2026-09-12T00:54:43.175231,text/xml
Well_technical_data\Daily Drilling Report - XML Version\15_9_19_BT2_1997_12_30.xml,15_9_19_BT2_1997_12_30.xml,.xml,9010,2026-09-12T00:54:46.461008,text/xml
Well_technical_data\Daily Drilling Report - XML Version\15_9_19_BT2_1997_12_31.xml,15_9_19_BT2_1997_12_31.xml,.xml,10570,2026-09-12T00:54:49.496843,text/xml
Well_technical_data\Daily Drilling Report - XML Version\15_9_19_BT2_1998_01_01.xml,15_9_19_BT2_1998_01_01.xml,.xml,11683,2026-09-12T00:54:53.028842,text/xml
Well_technical_data\Daily Drilling Report - XML Version\15_9_19_BT2_1998_01_02.xml,15_9_19_BT2_1998_01_02.xml,.xml,9592,2026-09-12T00:54:56.079922,text/xml
Well_technical_data\Daily Drilling Report - XML Version\15_9_19_BT2_1998_01_03.xml,15_9_19_BT2_1998_01_03.xml,.xml,8728,2026-09-12T00:54:59.273209,text/xml
Well_technical_data\Daily Drilling Report - XML Version\15_9_19_BT2_1998_01_04.xml,15_9_19_BT2_1998_01_04.xml,.xml,7418,2026-09-12T00:55:02.796903,text/xml
Well_technical_data\Daily Drilling Report - XML Version\15_9_19_BT2_1998_01_05.xml,15_9_19_BT2_1998_01_05.xml,.xml,7556,2026-09-12T00:55:06.724095,text/xml
Well_technical_data\Daily Drilling Report - XML Version\15_9_19_BT2_1998_01_06.xml,15_9_19_BT2_1998_01_06.xml,.xml,10296,2026-09-12T00:55:10.145883,text/xml
Well_technical_data\Daily Drilling Report - XML Version\15_9_19_BT2_1998_01_07.xml,15_9_19_BT2_1998_01_07.xml,.xml,12285,2026-09-12T00:55:13.179731,text/xml
Well_technical_data\Daily Drilling Report - XML Version\15_9_19_BT2_1998_01_08.xml,15_9_19_BT2_1998_01_08.xml,.xml,9237,2026-09-12T00:55:16.196789,text/xml
Well_technical_data\Daily Drilling Report - XML Version\15_9_19_BT2_1998_01_09.xml,15_9_19_BT2_1998_01_09.xml,.xml,10260,2026-09-12T00:55:19.244829,text/xml
Well_technical_data\Daily Drilling Report - XML Version\15_9_19_BT2_1998_01_10.xml,15_9_19_BT2_1998_01_10.xml,.xml,9590,2026-09-12T00:55:22.321525,text/xml
Well_technical_data\Daily Drilling Report - XML Version\15_9_19_BT2_1998_01_11.xml,15_9_19_BT2_1998_01_11.xml,.xml,9334,2026-09-12T00:55:25.064226,text/xml
Well_technical_data\Daily Drilling Report - XML Version\15_9_19_BT2_1998_01_12.xml,15_9_19_BT2_1998_01_12.xml,.xml,7392,2026-09-12T00:55:28.369122,text/xml
Well_technical_data\Daily Drilling Report - XML Version\15_9_19_BT2_1998_01_13.xml,15_9_19_BT2_1998_01_13.xml,.xml,9086,2026-09-12T00:55:31.168777,text/xml
Well_technical_data\Daily Drilling Report - XML Version\15_9_19_BT2_1998_01_14.xml,15_9_19_BT2_1998_01_14.xml,.xml,7468,2026-09-12T00:55:34.242172,text/xml
Well_technical_data\Daily Drilling Report - XML Version\15_9_19_BT2_1998_01_15.xml,15_9_19_BT2_1998_01_15.xml,.xml,9498,2026-09-12T00:55:37.485654,text/xml
Well_technical_data\Daily Drilling Report - XML Version\15_9_19_BT2_1998_01_16.xml,15_9_19_BT2_1998_01_16.xml,.xml,9273,2026-09-12T00:55:40.827643,text/xml
Well_technical_data\Daily Drilling Report - XML Version\15_9_19_BT2_1998_01_17.xml,15_9_19_BT2_1998_01_17.xml,.xml,8943,2026-09-12T00:55:44.055901,text/xml
Well_technical_data\Daily Drilling Report - XML Version\15_9_19_BT2_1998_01_18.xml,15_9_19_BT2_1998_01_18.xml,.xml,9189,2026-09-12T00:55:47.685719,text/xml
Well_technical_data\Daily Drilling Report - XML Version\15_9_19_BT2_1998_01_19.xml,15_9_19_BT2_1998_01_19.xml,.xml,9675,2026-09-12T00:55:51.482480,text/xml
Well_technical_data\Daily Drilling Report - XML Version\15_9_19_BT2_1998_01_20.xml,15_9_19_BT2_1998_01_20.xml,.xml,9570,2026-09-12T00:55:55.334339,text/xml
Well_technical_data\Daily Drilling Report - XML Version\15_9_19_BT2_1998_01_21.xml,15_9_19_BT2_1998_01_21.xml,.xml,9760,2026-09-12T00:55:59.165893,text/xml
Well_technical_data\Daily Drilling Report - XML Version\15_9_19_BT2_1998_01_22.xml,15_9_19_BT2_1998_01_22.xml,.xml,14910,2026-09-12T00:56:02.593918,text/xml
Well_technical_data\Daily Drilling Report - XML Version\15_9_19_BT2_1998_01_23.xml,15_9_19_BT2_1998_01_23.xml,.xml,10860,2026-09-12T00:56:06.094495,text/xml
Well_technical_data\Daily Drilling Report - XML Version\15_9_19_BT2_1998_01_24.xml,15_9_19_BT2_1998_01_24.xml,.xml,12759,2026-09-12T00:56:09.511763,text/xml
Well_technical_data\Daily Drilling Report - XML Version\15_9_19_BT2_1998_01_25.xml,15_9_19_BT2_1998_01_25.xml,.xml,9895,2026-09-12T00:56:13.315607,text/xml
Well_technical_data\Daily Drilling Report - XML Version\15_9_19_BT2_1998_01_26.xml,15_9_19_BT2_1998_01_26.xml,.xml,14569,2026-09-12T00:56:16.617536,text/xml
Well_technical_data\Daily Drilling Report - XML Version\15_9_19_BT2_1998_01_27.xml,15_9_19_BT2_1998_01_27.xml,.xml,10036,2026-09-12T00:56:20.413961,text/xml
Well_technical_data\Daily Drilling Report - XML Version\15_9_19_BT2_1998_01_28.xml,15_9_19_BT2_1998_01_28.xml,.xml,8262,2026-09-12T00:56:23.726644,text/xml
Well_technical_data\Daily Drilling Report - XML Version\15_9_19_BT2_1998_01_29.xml,15_9_19_BT2_1998_01_29.xml,.xml,10309,2026-09-12T00:56:26.884389,text/xml
Well_technical_data\Daily Drilling Report - XML Version\15_9_19_BT2_1998_01_30.xml,15_9_19_BT2_1998_01_30.xml,.xml,8609,2026-09-12T00:56:30.066066,text/xml
Well_technical_data\Daily Drilling Report - XML Version\15_9_19_BT2_1998_01_31.xml,15_9_19_BT2_1998_01_31.xml,.xml,6268,2026-09-12T00:56:33.686960,text/xml
Well_technical_data\Daily Drilling Report - XML Version\15_9_19_BT2_1998_02_01.xml,15_9_19_BT2_1998_02_01.xml,.xml,6875,2026-09-12T00:56:37.195762,text/xml
Well_technical_data\Daily Drilling Report - XML Version\15_9_19_BT2_1998_02_02.xml,15_9_19_BT2_1998_02_02.xml,.xml,6786,2026-09-12T00:56:40.189821,text/xml
Well_technical_data\Daily Drilling Report - XML Version\15_9_19_BT2_1998_02_03.xml,15_9_19_BT2_1998_02_03.xml,.xml,5373,2026-09-12T00:56:43.579158,text/xml
Well_technical_data\Daily Drilling Report - XML Version\15_9_19_BT2_1998_02_04.xml,15_9_19_BT2_1998_02_04.xml,.xml,5922,2026-09-12T00:56:47.657232,text/xml
Well_technical_data\Daily Drilling Report - XML Version\15_9_19_BT2_1998_02_05.xml,15_9_19_BT2_1998_02_05.xml,.xml,3090,2026-09-12T00:56:50.749848,text/xml
Well_technical_data\Daily Drilling Report - XML Version\15_9_19_B_1997_11_10.xml,15_9_19_B_1997_11_10.xml,.xml,3694,2026-09-12T00:56:54.696804,text/xml
Well_technical_data\Daily Drilling Report - XML Version\15_9_19_B_1997_11_11.xml,15_9_19_B_1997_11_11.xml,.xml,9737,2026-09-12T00:56:58.780090,text/xml
Well_technical_data\Daily Drilling Report - XML Version\15_9_19_B_1997_11_12.xml,15_9_19_B_1997_11_12.xml,.xml,8980,2026-09-12T00:57:02.338148,text/xml
Well_technical_data\Daily Drilling Report - XML Version\15_9_19_B_1997_11_13.xml,15_9_19_B_1997_11_13.xml,.xml,13344,2026-09-12T00:57:05.801123,text/xml
Well_technical_data\Daily Drilling Report - XML Version\15_9_19_B_1997_11_14.xml,15_9_19_B_1997_11_14.xml,.xml,9352,2026-09-12T00:57:09.988384,text/xml
Well_technical_data\Daily Drilling Report - XML Version\15_9_19_B_1997_11_15.xml,15_9_19_B_1997_11_15.xml,.xml,15113,2026-09-12T00:57:13.977804,text/xml
Well_technical_data\Daily Drilling Report - XML Version\15_9_19_B_1997_11_16.xml,15_9_19_B_1997_11_16.xml,.xml,12524,2026-09-12T00:57:19.026662,text/xml
Well_technical_data\Daily Drilling Report - XML Version\15_9_19_B_1997_11_17.xml,15_9_19_B_1997_11_17.xml,.xml,7161,2026-09-12T00:57:22.919911,text/xml
Well_technical_data\Daily Drilling Report - XML Version\15_9_19_B_1997_11_18.xml,15_9_19_B_1997_11_18.xml,.xml,12994,2026-09-12T00:57:26.871074,text/xml
Well_technical_data\Daily Drilling Report - XML Version\15_9_19_B_1997_11_19.xml,15_9_19_B_1997_11_19.xml,.xml,8235,2026-09-12T00:57:30.199932,text/xml
Well_technical_data\Daily Drilling Report - XML Version\15_9_19_B_1997_11_20.xml,15_9_19_B_1997_11_20.xml,.xml,5203,2026-09-12T00:57:33.942774,text/xml
Well_technical_data\Daily Drilling Report - XML Version\15_9_19_B_1997_11_21.xml,15_9_19_B_1997_11_21.xml,.xml,5660,2026-09-12T00:57:37.158292,text/xml
Well_technical_data\Daily Drilling Report - XML Version\15_9_19_B_1997_11_22.xml,15_9_19_B_1997_11_22.xml,.xml,4946,2026-09-12T00:57:40.373513,text/xml
Well_technical_data\Daily Drilling Report - XML Version\15_9_19_B_1997_11_23.xml,15_9_19_B_1997_11_23.xml,.xml,4674,2026-09-12T00:57:43.959955,text/xml
Well_technical_data\Daily Drilling Report - XML Version\15_9_19_B_1997_11_24.xml,15_9_19_B_1997_11_24.xml,.xml,10101,2026-09-12T00:57:47.116304,text/xml
Well_technical_data\Daily Drilling Report - XML Version\15_9_19_B_1997_11_25.xml,15_9_19_B_1997_11_25.xml,.xml,9211,2026-09-12T00:57:50.655591,text/xml
Well_technical_data\Daily Drilling Report - XML Version\15_9_19_B_1997_11_26.xml,15_9_19_B_1997_11_26.xml,.xml,9969,2026-09-12T00:57:53.605432,text/xml
Well_technical_data\Daily Drilling Report - XML Version\15_9_19_B_1997_11_27.xml,15_9_19_B_1997_11_27.xml,.xml,17640,2026-09-12T00:57:57.594074,text/xml
Well_technical_data\Daily Drilling Report - XML Version\15_9_19_B_1997_11_28.xml,15_9_19_B_1997_11_28.xml,.xml,13829,2026-09-12T00:58:01.998239,text/xml
Well_technical_data\Daily Drilling Report - XML Version\15_9_19_B_1997_11_29.xml,15_9_19_B_1997_11_29.xml,.xml,7601,2026-09-12T00:58:05.384992,text/xml
Well_technical_data\Daily Drilling Report - XML Version\15_9_19_B_1997_11_30.xml,15_9_19_B_1997_11_30.xml,.xml,9041,2026-09-12T00:58:08.442382,text/xml
Well_technical_data\Daily Drilling Report - XML Version\15_9_19_B_1997_12_01.xml,15_9_19_B_1997_12_01.xml,.xml,9040,2026-09-12T00:58:12.220496,text/xml
Well_technical_data\Daily Drilling Report - XML Version\15_9_19_B_1997_12_02.xml,15_9_19_B_1997_12_02.xml,.xml,9035,2026-09-12T00:58:15.603092,text/xml
Well_technical_data\Daily Drilling Report - XML Version\15_9_19_B_1997_12_03.xml,15_9_19_B_1997_12_03.xml,.xml,9730,2026-09-12T00:58:18.730888,text/xml
Well_technical_data\Daily Drilling Report - XML Version\15_9_19_B_1997_12_04.xml,15_9_19_B_1997_12_04.xml,.xml,11349,2026-09-12T00:58:21.972350,text/xml
Well_technical_data\Daily Drilling Report - XML Version\15_9_19_B_1997_12_05.xml,15_9_19_B_1997_12_05.xml,.xml,9453,2026-09-12T00:58:26.883806,text/xml
Well_technical_data\Daily Drilling Report - XML Version\15_9_19_B_1997_12_06.xml,15_9_19_B_1997_12_06.xml,.xml,7896,2026-09-12T00:58:32.327595,text/xml
Well_technical_data\Daily Drilling Report - XML Version\15_9_19_ST2_1992_12_19.xml,15_9_19_ST2_1992_12_19.xml,.xml,3375,2026-09-12T00:58:35.860810,text/xml
Well_technical_data\Daily Drilling Report - XML Version\15_9_19_ST2_1992_12_20.xml,15_9_19_ST2_1992_12_20.xml,.xml,10605,2026-09-12T00:58:39.437789,text/xml
Well_technical_data\Daily Drilling Report - XML Version\15_9_19_ST2_1992_12_21.xml,15_9_19_ST2_1992_12_21.xml,.xml,11991,2026-09-12T00:58:42.683910,text/xml
Well_technical_data\Daily Drilling Report - XML Version\15_9_19_ST2_1992_12_22.xml,15_9_19_ST2_1992_12_22.xml,.xml,10579,2026-09-12T00:58:45.444020,text/xml
Well_technical_data\Daily Drilling Report - XML Version\15_9_19_ST2_1992_12_23.xml,15_9_19_ST2_1992_12_23.xml,.xml,9418,2026-09-12T00:58:48.592678,text/xml
Well_technical_data\Daily Drilling Report - XML Version\15_9_19_ST2_1992_12_24.xml,15_9_19_ST2_1992_12_24.xml,.xml,10855,2026-09-12T00:58:52.850381,text/xml
Well_technical_data\Daily Drilling Report - XML Version\15_9_19_ST2_1992_12_25.xml,15_9_19_ST2_1992_12_25.xml,.xml,10209,2026-09-12T00:58:56.174146,text/xml
Well_technical_data\Daily Drilling Report - XML Version\15_9_19_ST2_1992_12_26.xml,15_9_19_ST2_1992_12_26.xml,.xml,8974,2026-09-12T00:58:59.433326,text/xml
Well_technical_data\Daily Drilling Report - XML Version\15_9_19_ST2_1992_12_27.xml,15_9_19_ST2_1992_12_27.xml,.xml,7183,2026-09-12T00:59:02.519129,text/xml
Well_technical_data\Daily Drilling Report - XML Version\15_9_19_ST2_1992_12_28.xml,15_9_19_ST2_1992_12_28.xml,.xml,8124,2026-09-12T00:59:06.154573,text/xml
Well_technical_data\Daily Drilling Report - XML Version\15_9_19_ST2_1992_12_29.xml,15_9_19_ST2_1992_12_29.xml,.xml,6470,2026-09-12T00:59:09.227931,text/xml
Well_technical_data\Daily Drilling Report - XML Version\15_9_19_ST2_1992_12_30.xml,15_9_19_ST2_1992_12_30.xml,.xml,8724,2026-09-12T00:59:13.825398,text/xml
Well_technical_data\Daily Drilling Report - XML Version\15_9_19_ST2_1992_12_31.xml,15_9_19_ST2_1992_12_31.xml,.xml,9760,2026-09-12T00:59:16.873335,text/xml
Well_technical_data\Daily Drilling Report - XML Version\15_9_19_ST2_1993_01_01.xml,15_9_19_ST2_1993_01_01.xml,.xml,9747,2026-09-12T00:59:20.477998,text/xml
Well_technical_data\Daily Drilling Report - XML Version\15_9_19_ST2_1993_01_02.xml,15_9_19_ST2_1993_01_02.xml,.xml,7916,2026-09-12T00:59:23.664588,text/xml
Well_technical_data\Daily Drilling Report - XML Version\15_9_19_ST2_1993_01_03.xml,15_9_19_ST2_1993_01_03.xml,.xml,11714,2026-09-12T00:59:27.279260,text/xml
Well_technical_data\Daily Drilling Report - XML Version\15_9_19_ST2_1993_01_04.xml,15_9_19_ST2_1993_01_04.xml,.xml,9579,2026-09-12T00:59:30.434980,text/xml
Well_technical_data\Daily Drilling Report - XML Version\15_9_19_ST2_1993_01_05.xml,15_9_19_ST2_1993_01_05.xml,.xml,10489,2026-09-12T00:59:33.683741,text/xml
Well_technical_data\Daily Drilling Report - XML Version\15_9_19_ST2_1993_01_06.xml,15_9_19_ST2_1993_01_06.xml,.xml,16303,2026-09-12T00:59:37.099246,text/xml
Well_technical_data\Daily Drilling Report - XML Version\15_9_19_ST2_1993_01_07.xml,15_9_19_ST2_1993_01_07.xml,.xml,11157,2026-09-12T00:59:40.745869,text/xml
Well_technical_data\Daily Drilling Report - XML Version\15_9_19_ST2_1993_01_08.xml,15_9_19_ST2_1993_01_08.xml,.xml,9702,2026-09-12T00:59:43.918929,text/xml
Well_technical_data\Daily Drilling Report - XML Version\15_9_19_ST2_1993_01_09.xml,15_9_19_ST2_1993_01_09.xml,.xml,10023,2026-09-12T00:59:47.282630,text/xml
Well_technical_data\Daily Drilling Report - XML Version\15_9_19_ST2_1993_01_10.xml,15_9_19_ST2_1993_01_10.xml,.xml,9661,2026-09-12T00:59:50.729215,text/xml
Well_technical_data\Daily Drilling Report - XML Version\15_9_19_ST2_1993_01_11.xml,15_9_19_ST2_1993_01_11.xml,.xml,11013,2026-09-12T00:59:54.260139,text/xml
Well_technical_data\Daily Drilling Report - XML Version\15_9_19_ST2_1993_01_12.xml,15_9_19_ST2_1993_01_12.xml,.xml,4937,2026-09-12T00:59:57.515896,text/xml
Well_technical_data\Daily Drilling Report - XML Version\15_9_19_ST2_1993_01_13.xml,15_9_19_ST2_1993_01_13.xml,.xml,8405,2026-09-12T01:00:01.161016,text/xml
Well_technical_data\Daily Drilling Report - XML Version\15_9_19_ST2_1993_01_14.xml,15_9_19_ST2_1993_01_14.xml,.xml,8757,2026-09-12T01:00:04.054424,text/xml
Well_technical_data\Daily Drilling Report - XML Version\15_9_19_ST2_1993_01_15.xml,15_9_19_ST2_1993_01_15.xml,.xml,8432,2026-09-12T01:00:07.042792,text/xml
Well_technical_data\Daily Drilling Report - XML Version\15_9_19_ST2_1993_01_16.xml,15_9_19_ST2_1993_01_16.xml,.xml,8639,2026-09-12T01:00:09.975660,text/xml
Well_technical_data\Daily Drilling Report - XML Version\15_9_19_ST2_1993_01_17.xml,15_9_19_ST2_1993_01_17.xml,.xml,8191,2026-09-12T01:00:12.995169,text/xml
Well_technical_data\Daily Drilling Report - XML Version\15_9_19_ST2_1993_01_18.xml,15_9_19_ST2_1993_01_18.xml,.xml,7522,2026-09-12T01:00:15.587581,text/xml
Well_technical_data\Daily Drilling Report - XML Version\15_9_19_ST2_1993_01_19.xml,15_9_19_ST2_1993_01_19.xml,.xml,5963,2026-09-12T01:00:19.024188,text/xml
Well_technical_data\Daily Drilling Report - XML Version\15_9_19_ST2_1993_01_20.xml,15_9_19_ST2_1993_01_20.xml,.xml,11301,2026-09-12T01:00:23.274781,text/xml
Well_technical_data\Daily Drilling Report - XML Version\15_9_19_ST2_1993_01_21.xml,15_9_19_ST2_1993_01_21.xml,.xml,5426,2026-09-12T01:00:26.261793,text/xml
Well_technical_data\Daily Drilling Report - XML Version\15_9_19_ST2_1993_01_22.xml,15_9_19_ST2_1993_01_22.xml,.xml,4706,2026-09-12T01:00:29.266636,text/xml
Well_technical_data\Daily Drilling Report - XML Version\15_9_19_ST2_1993_01_23.xml,15_9_19_ST2_1993_01_23.xml,.xml,9627,2026-09-12T01:00:32.684446,text/xml
Well_technical_data\Daily Drilling Report - XML Version\15_9_19_ST2_1993_01_24.xml,15_9_19_ST2_1993_01_24.xml,.xml,8022,2026-09-12T01:00:35.680556,text/xml
Well_technical_data\Daily Drilling Report - XML Version\15_9_19_ST2_1993_01_25.xml,15_9_19_ST2_1993_01_25.xml,.xml,9544,2026-09-12T01:00:39.081589,text/xml
Well_technical_data\Daily Drilling Report - XML Version\15_9_19_ST2_1993_01_26.xml,15_9_19_ST2_1993_01_26.xml,.xml,12833,2026-09-12T01:00:42.516259,text/xml
Well_technical_data\Daily Drilling Report - XML Version\15_9_19_ST2_1993_01_27.xml,15_9_19_ST2_1993_01_27.xml,.xml,9907,2026-09-12T01:00:45.570262,text/xml
Well_technical_data\Daily Drilling Report - XML Version\15_9_19_ST2_1993_01_28.xml,15_9_19_ST2_1993_01_28.xml,.xml,11174,2026-09-12T01:00:48.910341,text/xml
Well_technical_data\Daily Drilling Report - XML Version\15_9_19_ST2_1993_01_29.xml,15_9_19_ST2_1993_01_29.xml,.xml,8372,2026-09-12T01:00:52.663669,text/xml
Well_technical_data\Daily Drilling Report - XML Version\15_9_19_ST2_1993_01_30.xml,15_9_19_ST2_1993_01_30.xml,.xml,9093,2026-09-12T01:00:55.973603,text/xml
Well_technical_data\Daily Drilling Report - XML Version\15_9_19_ST2_1993_01_31.xml,15_9_19_ST2_1993_01_31.xml,.xml,4073,2026-09-12T01:00:59.219605,text/xml
Well_technical_data\Daily Drilling Report - XML Version\15_9_19_ST2_1993_02_01.xml,15_9_19_ST2_1993_02_01.xml,.xml,5117,2026-09-12T01:01:02.850367,text/xml
Well_technical_data\Daily Drilling Report - XML Version\15_9_19_ST2_1993_02_18.xml,15_9_19_ST2_1993_02_18.xml,.xml,3684,2026-09-12T01:01:06.078985,text/xml
Well_technical_data\Daily Drilling Report - XML Version\15_9_19_ST2_1993_02_19.xml,15_9_19_ST2_1993_02_19.xml,.xml,6907,2026-09-12T01:01:09.359686,text/xml
Well_technical_data\Daily Drilling Report - XML Version\15_9_19_ST2_1993_02_20.xml,15_9_19_ST2_1993_02_20.xml,.xml,5487,2026-09-12T01:01:12.578220,text/xml
Well_technical_data\Daily Drilling Report - XML Version\15_9_19_ST2_1993_02_21.xml,15_9_19_ST2_1993_02_21.xml,.xml,4117,2026-09-12T01:01:15.579812,text/xml
Well_technical_data\Daily Drilling Report - XML Version\15_9_19_ST2_1993_02_22.xml,15_9_19_ST2_1993_02_22.xml,.xml,5157,2026-09-12T01:01:18.515880,text/xml
Well_technical_data\Daily Drilling Report - XML Version\15_9_19_ST2_1993_02_23.xml,15_9_19_ST2_1993_02_23.xml,.xml,6779,2026-09-12T01:01:21.866338,text/xml
Well_technical_data\Daily Drilling Report - XML Version\15_9_19_ST2_1993_02_24.xml,15_9_19_ST2_1993_02_24.xml,.xml,9891,2026-09-12T01:01:25.057977,text/xml
Well_technical_data\Daily Drilling Report - XML Version\15_9_19_ST2_1993_02_25.xml,15_9_19_ST2_1993_02_25.xml,.xml,7297,2026-09-12T01:01:28.393393,text/xml
Well_technical_data\Daily Drilling Report - XML Version\15_9_19_ST2_1993_02_26.xml,15_9_19_ST2_1993_02_26.xml,.xml,9530,2026-09-12T01:01:33.282208,text/xml
Well_technical_data\Daily Drilling Report - XML Version\15_9_19_ST2_1993_02_27.xml,15_9_19_ST2_1993_02_27.xml,.xml,10604,2026-09-12T01:01:37.189721,text/xml
Well_technical_data\Daily Drilling Report - XML Version\15_9_19_ST2_1993_02_28.xml,15_9_19_ST2_1993_02_28.xml,.xml,9202,2026-09-12T01:01:41.448019,text/xml
Well_technical_data\Daily Drilling Report - XML Version\15_9_19_ST2_1993_03_01.xml,15_9_19_ST2_1993_03_01.xml,.xml,9541,2026-09-12T01:01:44.980989,text/xml
Well_technical_data\Daily Drilling Report - XML Version\15_9_19_ST2_1993_03_02.xml,15_9_19_ST2_1993_03_02.xml,.xml,11282,2026-09-12T01:01:48.519704,text/xml
Well_technical_data\Daily Drilling Report - XML Version\15_9_19_ST2_1993_03_03.xml,15_9_19_ST2_1993_03_03.xml,.xml,5598,2026-09-12T01:01:51.885819,text/xml
Well_technical_data\Daily Drilling Report - XML Version\15_9_19_ST2_1993_03_04.xml,15_9_19_ST2_1993_03_04.xml,.xml,8467,2026-09-12T01:01:55.528783,text/xml
Well_technical_data\Daily Drilling Report - XML Version\15_9_19_ST2_1993_03_05.xml,15_9_19_ST2_1993_03_05.xml,.xml,10892,2026-09-12T01:01:58.978784,text/xml
Well_technical_data\Daily Drilling Report - XML Version\15_9_19_ST2_1993_03_06.xml,15_9_19_ST2_1993_03_06.xml,.xml,10278,2026-09-12T01:02:02.557630,text/xml
Well_technical_data\Daily Drilling Report - XML Version\15_9_19_ST2_1993_03_07.xml,15_9_19_ST2_1993_03_07.xml,.xml,13145,2026-09-12T01:02:06.566927,text/xml
Well_technical_data\Daily Drilling Report - XML Version\15_9_19_ST2_1993_03_08.xml,15_9_19_ST2_1993_03_08.xml,.xml,11897,2026-09-12T01:02:10.452325,text/xml
Well_technical_data\Daily Drilling Report - XML Version\15_9_19_ST2_1993_03_09.xml,15_9_19_ST2_1993_03_09.xml,.xml,14687,2026-09-12T01:02:13.721859,text/xml
Well_technical_data\Daily Drilling Report - XML Version\15_9_19_ST2_1993_03_10.xml,15_9_19_ST2_1993_03_10.xml,.xml,12916,2026-09-12T01:02:17.561216,text/xml
Well_technical_data\Daily Drilling Report - XML Version\15_9_19_ST2_1993_03_11.xml,15_9_19_ST2_1993_03_11.xml,.xml,12174,2026-09-12T01:02:20.938039,text/xml
Well_technical_data\Daily Drilling Report - XML Version\15_9_19_ST2_1993_03_12.xml,15_9_19_ST2_1993_03_12.xml,.xml,8313,2026-09-12T01:02:24.272104,text/xml
Well_technical_data\Daily Drilling Report - XML Version\15_9_19_ST2_1993_03_13.xml,15_9_19_ST2_1993_03_13.xml,.xml,9567,2026-09-12T01:02:27.483007,text/xml
Well_technical_data\Daily Drilling Report - XML Version\15_9_19_ST2_1993_03_14.xml,15_9_19_ST2_1993_03_14.xml,.xml,9345,2026-09-12T01:02:31.358185,text/xml
Well_technical_data\Daily Drilling Report - XML Version\15_9_19_ST2_1993_03_15.xml,15_9_19_ST2_1993_03_15.xml,.xml,8901,2026-09-12T01:02:34.404360,text/xml
Well_technical_data\Daily Drilling Report - XML Version\15_9_19_ST2_1993_03_16.xml,15_9_19_ST2_1993_03_16.xml,.xml,9598,2026-09-12T01:02:37.812685,text/xml
Well_technical_data\Daily Drilling Report - XML Version\15_9_19_ST2_1993_03_17.xml,15_9_19_ST2_1993_03_17.xml,.xml,7561,2026-09-12T01:02:41.255502,text/xml
Well_technical_data\Daily Drilling Report - XML Version\15_9_19_ST2_1993_03_18.xml,15_9_19_ST2_1993_03_18.xml,.xml,8672,2026-09-12T01:02:44.428426,text/xml
Well_technical_data\Daily Drilling Report - XML Version\15_9_19_ST2_1993_03_19.xml,15_9_19_ST2_1993_03_19.xml,.xml,12232,2026-09-12T01:02:47.773715,text/xml
Well_technical_data\Daily Drilling Report - XML Version\15_9_19_ST2_1993_03_20.xml,15_9_19_ST2_1993_03_20.xml,.xml,6468,2026-09-12T01:02:50.927880,text/xml
Well_technical_data\Daily Drilling Report - XML Version\15_9_19_ST2_1993_03_21.xml,15_9_19_ST2_1993_03_21.xml,.xml,7132,2026-09-12T01:02:54.035704,text/xml
Well_technical_data\Daily Drilling Report - XML Version\15_9_19_ST2_1993_03_22.xml,15_9_19_ST2_1993_03_22.xml,.xml,9433,2026-09-12T01:02:57.372295,text/xml
Well_technical_data\Daily Drilling Report - XML Version\15_9_19_ST2_1993_03_23.xml,15_9_19_ST2_1993_03_23.xml,.xml,7846,2026-09-12T01:03:00.455995,text/xml
Well_technical_data\Daily Drilling Report - XML Version\15_9_19_ST2_1993_03_24.xml,15_9_19_ST2_1993_03_24.xml,.xml,7421,2026-09-12T01:03:03.571734,text/xml
Well_technical_data\Daily Drilling Report - XML Version\15_9_19_ST2_1993_03_25.xml,15_9_19_ST2_1993_03_25.xml,.xml,7862,2026-09-12T01:03:06.416892,text/xml
Well_technical_data\Daily Drilling Report - XML Version\15_9_19_ST2_1993_03_26.xml,15_9_19_ST2_1993_03_26.xml,.xml,7504,2026-09-12T01:03:09.543873,text/xml
Well_technical_data\Daily Drilling Report - XML Version\15_9_19_ST2_1993_03_27.xml,15_9_19_ST2_1993_03_27.xml,.xml,5602,2026-09-12T01:03:12.654080,text/xml
Well_technical_data\Daily Drilling Report - XML Version\15_9_19_ST2_1993_03_28.xml,15_9_19_ST2_1993_03_28.xml,.xml,6689,2026-09-12T01:03:15.713650,text/xml
Well_technical_data\Daily Drilling Report - XML Version\15_9_19_ST2_1993_03_29.xml,15_9_19_ST2_1993_03_29.xml,.xml,5578,2026-09-12T01:03:18.872828,text/xml
Well_technical_data\Daily Drilling Report - XML Version\15_9_19_ST2_1993_03_30.xml,15_9_19_ST2_1993_03_30.xml,.xml,7063,2026-09-12T01:03:21.743147,text/xml
Well_technical_data\Daily Drilling Report - XML Version\15_9_19_ST2_1993_03_31.xml,15_9_19_ST2_1993_03_31.xml,.xml,7082,2026-09-12T01:03:25.083213,text/xml
Well_technical_data\Daily Drilling Report - XML Version\15_9_19_ST2_1993_04_01.xml,15_9_19_ST2_1993_04_01.xml,.xml,11087,2026-09-12T01:03:28.382647,text/xml
Well_technical_data\Daily Drilling Report - XML Version\15_9_19_ST2_1993_04_02.xml,15_9_19_ST2_1993_04_02.xml,.xml,7366,2026-09-12T01:03:31.533710,text/xml
Well_technical_data\Daily Drilling Report - XML Version\15_9_19_ST2_1993_04_03.xml,15_9_19_ST2_1993_04_03.xml,.xml,7708,2026-09-12T01:03:34.878597,text/xml
Well_technical_data\Daily Drilling Report - XML Version\15_9_19_ST2_1993_04_04.xml,15_9_19_ST2_1993_04_04.xml,.xml,8097,2026-09-12T01:03:38.196740,text/xml
Well_technical_data\Daily Drilling Report - XML Version\15_9_19_ST2_1993_04_05.xml,15_9_19_ST2_1993_04_05.xml,.xml,9110,2026-09-12T01:03:41.388626,text/xml
Well_technical_data\Daily Drilling Report - XML Version\15_9_19_ST2_1993_04_06.xml,15_9_19_ST2_1993_04_06.xml,.xml,9601,2026-09-12T01:03:44.262741,text/xml
Well_technical_data\Daily Drilling Report - XML Version\15_9_19_ST2_1993_04_07.xml,15_9_19_ST2_1993_04_07.xml,.xml,6218,2026-09-12T01:03:47.559446,text/xml
Well_technical_data\Daily Drilling Report - XML Version\15_9_19_ST2_1993_04_08.xml,15_9_19_ST2_1993_04_08.xml,.xml,7957,2026-09-12T01:03:50.573156,text/xml
Well_technical_data\Daily Drilling Report - XML Version\15_9_19_ST2_1993_04_09.xml,15_9_19_ST2_1993_04_09.xml,.xml,6711,2026-09-12T01:03:53.812304,text/xml
Well_technical_data\Daily Drilling Report - XML Version\15_9_19_ST2_1993_04_10.xml,15_9_19_ST2_1993_04_10.xml,.xml,10667,2026-09-12T01:03:56.742767,text/xml
Well_technical_data\Daily Drilling Report - XML Version\15_9_19_ST2_1993_04_11.xml,15_9_19_ST2_1993_04_11.xml,.xml,7006,2026-09-12T01:03:59.904626,text/xml
Well_technical_data\Daily Drilling Report - XML Version\15_9_19_ST2_1993_04_12.xml,15_9_19_ST2_1993_04_12.xml,.xml,7611,2026-09-12T01:04:03.736015,text/xml
Well_technical_data\Daily Drilling Report - XML Version\15_9_19_ST2_1993_04_13.xml,15_9_19_ST2_1993_04_13.xml,.xml,6592,2026-09-12T01:04:06.866223,text/xml
Well_technical_data\Daily Drilling Report - XML Version\15_9_19_ST2_1993_04_14.xml,15_9_19_ST2_1993_04_14.xml,.xml,8174,2026-09-12T01:04:09.902905,text/xml
Well_technical_data\Daily Drilling Report - XML Version\15_9_19_ST2_1993_04_15.xml,15_9_19_ST2_1993_04_15.xml,.xml,8385,2026-09-12T01:04:13.241113,text/xml
Well_technical_data\Daily Drilling Report - XML Version\15_9_19_ST2_1993_04_16.xml,15_9_19_ST2_1993_04_16.xml,.xml,8718,2026-09-12T01:04:16.814880,text/xml
Well_technical_data\Daily Drilling Report - XML Version\15_9_19_ST2_1993_04_17.xml,15_9_19_ST2_1993_04_17.xml,.xml,10667,2026-09-12T01:04:20.397895,text/xml
Well_technical_data\Daily Drilling Report - XML Version\15_9_19_ST2_1993_04_18.xml,15_9_19_ST2_1993_04_18.xml,.xml,6933,2026-09-12T01:04:23.629293,text/xml
Well_technical_data\Daily Drilling Report - XML Version\15_9_19_ST2_1993_04_19.xml,15_9_19_ST2_1993_04_19.xml,.xml,5874,2026-09-12T01:04:26.917542,text/xml
Well_technical_data\Daily Drilling Report - XML Version\15_9_19_ST2_1993_04_20.xml,15_9_19_ST2_1993_04_20.xml,.xml,8526,2026-09-12T01:04:30.020686,text/xml
Well_technical_data\Daily Drilling Report - XML Version\15_9_19_ST2_1993_04_21.xml,15_9_19_ST2_1993_04_21.xml,.xml,4040,2026-09-12T01:04:33.293496,text/xml
Well_technical_data\Daily Drilling Report - XML Version\15_9_19_ST2_1993_04_22.xml,15_9_19_ST2_1993_04_22.xml,.xml,4837,2026-09-12T01:04:36.436355,text/xml
Well_technical_data\Daily Drilling Report - XML Version\15_9_19_ST2_1993_04_23.xml,15_9_19_ST2_1993_04_23.xml,.xml,5539,2026-09-12T01:04:39.854568,text/xml
Well_technical_data\Daily Drilling Report - XML Version\15_9_19_ST2_1993_04_24.xml,15_9_19_ST2_1993_04_24.xml,.xml,11719,2026-09-12T01:04:43.400794,text/xml
Well_technical_data\Daily Drilling Report - XML Version\15_9_19_ST2_1993_04_25.xml,15_9_19_ST2_1993_04_25.xml,.xml,5276,2026-09-12T01:04:49.388447,text/xml
Well_technical_data\Daily Drilling Report - XML Version\15_9_19_ST2_1993_04_26.xml,15_9_19_ST2_1993_04_26.xml,.xml,8217,2026-09-12T01:04:52.442153,text/xml
Well_technical_data\Daily Drilling Report - XML Version\15_9_19_ST2_1993_04_27.xml,15_9_19_ST2_1993_04_27.xml,.xml,8012,2026-09-12T01:04:55.573669,text/xml
Well_technical_data\Daily Drilling Report - XML Version\15_9_19_ST2_1993_04_28.xml,15_9_19_ST2_1993_04_28.xml,.xml,12281,2026-09-12T01:04:58.999392,text/xml
Well_technical_data\Daily Drilling Report - XML Version\15_9_19_ST2_1993_04_29.xml,15_9_19_ST2_1993_04_29.xml,.xml,12703,2026-09-12T01:05:02.588748,text/xml
Well_technical_data\Daily Drilling Report - XML Version\15_9_19_ST2_1993_04_30.xml,15_9_19_ST2_1993_04_30.xml,.xml,8080,2026-09-12T01:05:05.493710,text/xml
Well_technical_data\Daily Drilling Report - XML Version\15_9_19_ST2_1997_07_17.xml,15_9_19_ST2_1997_07_17.xml,.xml,3662,2026-09-12T01:05:08.379033,text/xml
Well_technical_data\Daily Drilling Report - XML Version\15_9_19_ST2_1997_07_18.xml,15_9_19_ST2_1997_07_18.xml,.xml,6273,2026-09-12T01:05:11.983924,text/xml
Well_technical_data\Daily Drilling Report - XML Version\15_9_19_ST2_1997_07_19.xml,15_9_19_ST2_1997_07_19.xml,.xml,7791,2026-09-12T01:05:15.351796,text/xml
Well_technical_data\Daily Drilling Report - XML Version\15_9_19_ST2_1997_07_20.xml,15_9_19_ST2_1997_07_20.xml,.xml,5530,2026-09-12T01:05:18.409805,text/xml
Well_technical_data\Daily Drilling Report - XML Version\15_9_19_ST2_1997_07_21.xml,15_9_19_ST2_1997_07_21.xml,.xml,9720,2026-09-12T01:05:21.826724,text/xml
Well_technical_data\Daily Drilling Report - XML Version\15_9_19_ST2_1997_07_22.xml,15_9_19_ST2_1997_07_22.xml,.xml,5822,2026-09-12T01:05:24.983542,text/xml
Well_technical_data\Daily Drilling Report - XML Version\15_9_19_ST2_1997_07_23.xml,15_9_19_ST2_1997_07_23.xml,.xml,9346,2026-09-12T01:05:27.906095,text/xml
Well_technical_data\Daily Drilling Report - XML Version\15_9_19_ST2_1997_07_24.xml,15_9_19_ST2_1997_07_24.xml,.xml,10765,2026-09-12T01:05:31.158679,text/xml
Well_technical_data\Daily Drilling Report - XML Version\15_9_19_ST2_1997_07_25.xml,15_9_19_ST2_1997_07_25.xml,.xml,7350,2026-09-12T01:05:34.078705,text/xml
Well_technical_data\Daily Drilling Report - XML Version\15_9_19_ST2_1997_07_26.xml,15_9_19_ST2_1997_07_26.xml,.xml,3076,2026-09-12T01:05:37.118510,text/xml
Well_technical_data\Daily Drilling Report - XML Version\15_9_19_S_1992_09_09.xml,15_9_19_S_1992_09_09.xml,.xml,3401,2026-09-12T01:05:40.660544,text/xml
Well_technical_data\Daily Drilling Report - XML Version\15_9_19_S_1992_09_10.xml,15_9_19_S_1992_09_10.xml,.xml,4313,2026-09-12T01:05:44.032518,text/xml
Well_technical_data\Daily Drilling Report - XML Version\15_9_19_S_1992_09_11.xml,15_9_19_S_1992_09_11.xml,.xml,4372,2026-09-12T01:05:47.113955,text/xml
Well_technical_data\Daily Drilling Report - XML Version\15_9_19_S_1992_09_12.xml,15_9_19_S_1992_09_12.xml,.xml,3299,2026-09-12T01:05:50.615664,text/xml
Well_technical_data\Daily Drilling Report - XML Version\15_9_19_S_1992_09_13.xml,15_9_19_S_1992_09_13.xml,.xml,3318,2026-09-12T01:05:53.845911,text/xml
Well_technical_data\Daily Drilling Report - XML Version\15_9_19_S_1992_09_14.xml,15_9_19_S_1992_09_14.xml,.xml,3367,2026-09-12T01:05:56.991566,text/xml
Well_technical_data\Daily Drilling Report - XML Version\15_9_19_S_1992_09_15.xml,15_9_19_S_1992_09_15.xml,.xml,7143,2026-09-12T01:06:00.225768,text/xml
Well_technical_data\Daily Drilling Report - XML Version\15_9_19_S_1992_09_16.xml,15_9_19_S_1992_09_16.xml,.xml,9591,2026-09-12T01:06:03.422829,text/xml
Well_technical_data\Daily Drilling Report - XML Version\15_9_19_S_1992_09_17.xml,15_9_19_S_1992_09_17.xml,.xml,10866,2026-09-12T01:06:06.685940,text/xml
Well_technical_data\Daily Drilling Report - XML Version\15_9_19_S_1992_09_18.xml,15_9_19_S_1992_09_18.xml,.xml,12527,2026-09-12T01:06:09.495219,text/xml
Well_technical_data\Daily Drilling Report - XML Version\15_9_19_S_1992_09_19.xml,15_9_19_S_1992_09_19.xml,.xml,10965,2026-09-12T01:06:12.302746,text/xml
Well_technical_data\Daily Drilling Report - XML Version\15_9_19_S_1992_09_20.xml,15_9_19_S_1992_09_20.xml,.xml,10934,2026-09-12T01:06:15.338381,text/xml
Well_technical_data\Daily Drilling Report - XML Version\15_9_19_S_1992_09_21.xml,15_9_19_S_1992_09_21.xml,.xml,10938,2026-09-12T01:06:18.604906,text/xml
Well_technical_data\Daily Drilling Report - XML Version\15_9_19_S_1992_09_22.xml,15_9_19_S_1992_09_22.xml,.xml,10056,2026-09-12T01:06:21.924355,text/xml
Well_technical_data\Daily Drilling Report - XML Version\15_9_19_S_1992_09_23.xml,15_9_19_S_1992_09_23.xml,.xml,8755,2026-09-12T01:06:25.154443,text/xml
Well_technical_data\Daily Drilling Report - XML Version\15_9_19_S_1992_09_24.xml,15_9_19_S_1992_09_24.xml,.xml,9263,2026-09-12T01:06:28.205879,text/xml
Well_technical_data\Daily Drilling Report - XML Version\15_9_19_S_1992_09_25.xml,15_9_19_S_1992_09_25.xml,.xml,8862,2026-09-12T01:06:31.344093,text/xml
Well_technical_data\Daily Drilling Report - XML Version\15_9_19_S_1992_11_18.xml,15_9_19_S_1992_11_18.xml,.xml,4182,2026-09-12T01:06:34.737934,text/xml
Well_technical_data\Daily Drilling Report - XML Version\15_9_19_S_1992_11_19.xml,15_9_19_S_1992_11_19.xml,.xml,8017,2026-09-12T01:06:38.391778,text/xml
Well_technical_data\Daily Drilling Report - XML Version\15_9_19_S_1992_11_20.xml,15_9_19_S_1992_11_20.xml,.xml,6028,2026-09-12T01:06:41.775849,text/xml
Well_technical_data\Daily Drilling Report - XML Version\15_9_19_S_1992_11_21.xml,15_9_19_S_1992_11_21.xml,.xml,5647,2026-09-12T01:06:44.702415,text/xml
Well_technical_data\Daily Drilling Report - XML Version\15_9_19_S_1992_11_22.xml,15_9_19_S_1992_11_22.xml,.xml,8306,2026-09-12T01:06:47.989869,text/xml
Well_technical_data\Daily Drilling Report - XML Version\15_9_19_S_1992_11_23.xml,15_9_19_S_1992_11_23.xml,.xml,14124,2026-09-12T01:06:51.354876,text/xml
Well_technical_data\Daily Drilling Report - XML Version\15_9_19_S_1992_11_24.xml,15_9_19_S_1992_11_24.xml,.xml,12036,2026-09-12T01:06:54.442028,text/xml
Well_technical_data\Daily Drilling Report - XML Version\15_9_19_S_1992_11_25.xml,15_9_19_S_1992_11_25.xml,.xml,11317,2026-09-12T01:06:57.429160,text/xml
Well_technical_data\Daily Drilling Report - XML Version\15_9_19_S_1992_11_26.xml,15_9_19_S_1992_11_26.xml,.xml,8611,2026-09-12T01:07:00.431623,text/xml
Well_technical_data\Daily Drilling Report - XML Version\15_9_19_S_1992_11_27.xml,15_9_19_S_1992_11_27.xml,.xml,9959,2026-09-12T01:07:03.430773,text/xml
Well_technical_data\Daily Drilling Report - XML Version\15_9_19_S_1992_11_28.xml,15_9_19_S_1992_11_28.xml,.xml,10151,2026-09-12T01:07:06.449744,text/xml
Well_technical_data\Daily Drilling Report - XML Version\15_9_19_S_1992_11_29.xml,15_9_19_S_1992_11_29.xml,.xml,8904,2026-09-12T01:07:09.567728,text/xml
Well_technical_data\Daily Drilling Report - XML Version\15_9_19_S_1992_11_30.xml,15_9_19_S_1992_11_30.xml,.xml,13921,2026-09-12T01:07:13.129581,text/xml
Well_technical_data\Daily Drilling Report - XML Version\15_9_19_S_1992_12_01.xml,15_9_19_S_1992_12_01.xml,.xml,10920,2026-09-12T01:07:15.949044,text/xml
Well_technical_data\Daily Drilling Report - XML Version\15_9_19_S_1992_12_02.xml,15_9_19_S_1992_12_02.xml,.xml,9966,2026-09-12T01:07:19.264123,text/xml
Well_technical_data\Daily Drilling Report - XML Version\15_9_19_S_1992_12_03.xml,15_9_19_S_1992_12_03.xml,.xml,11776,2026-09-12T01:07:22.495860,text/xml
Well_technical_data\Daily Drilling Report - XML Version\15_9_19_S_1992_12_04.xml,15_9_19_S_1992_12_04.xml,.xml,10989,2026-09-12T01:07:25.600330,text/xml
Well_technical_data\Daily Drilling Report - XML Version\15_9_19_S_1992_12_05.xml,15_9_19_S_1992_12_05.xml,.xml,11273,2026-09-12T01:07:28.657380,text/xml
Well_technical_data\Daily Drilling Report - XML Version\15_9_19_S_1992_12_06.xml,15_9_19_S_1992_12_06.xml,.xml,7602,2026-09-12T01:07:31.802914,text/xml
Well_technical_data\Daily Drilling Report - XML Version\15_9_19_S_1992_12_07.xml,15_9_19_S_1992_12_07.xml,.xml,11329,2026-09-12T01:07:34.598379,text/xml
Well_technical_data\Daily Drilling Report - XML Version\15_9_19_S_1992_12_08.xml,15_9_19_S_1992_12_08.xml,.xml,9036,2026-09-12T01:07:37.544918,text/xml
Well_technical_data\Daily Drilling Report - XML Version\15_9_19_S_1992_12_09.xml,15_9_19_S_1992_12_09.xml,.xml,9796,2026-09-12T01:07:40.427950,text/xml
Well_technical_data\Daily Drilling Report - XML Version\15_9_19_S_1992_12_10.xml,15_9_19_S_1992_12_10.xml,.xml,10110,2026-09-12T01:07:43.583379,text/xml
Well_technical_data\Daily Drilling Report - XML Version\15_9_19_S_1992_12_11.xml,15_9_19_S_1992_12_11.xml,.xml,7643,2026-09-12T01:07:46.982778,text/xml
Well_technical_data\Daily Drilling Report - XML Version\15_9_19_S_1992_12_12.xml,15_9_19_S_1992_12_12.xml,.xml,8172,2026-09-12T01:07:49.883541,text/xml
Well_technical_data\Daily Drilling Report - XML Version\15_9_19_S_1992_12_13.xml,15_9_19_S_1992_12_13.xml,.xml,8981,2026-09-12T01:07:52.699822,text/xml
Well_technical_data\Daily Drilling Report - XML Version\15_9_19_S_1992_12_14.xml,15_9_19_S_1992_12_14.xml,.xml,9071,2026-09-12T01:07:55.749727,text/xml
Well_technical_data\Daily Drilling Report - XML Version\15_9_19_S_1992_12_15.xml,15_9_19_S_1992_12_15.xml,.xml,14568,2026-09-12T01:07:58.635343,text/xml
Well_technical_data\Daily Drilling Report - XML Version\15_9_19_S_1992_12_16.xml,15_9_19_S_1992_12_16.xml,.xml,10835,2026-09-12T01:08:01.645641,text/xml
Well_technical_data\Daily Drilling Report - XML Version\15_9_19_S_1992_12_17.xml,15_9_19_S_1992_12_17.xml,.xml,9765,2026-09-12T01:08:04.407184,text/xml
Well_technical_data\Daily Drilling Report - XML Version\15_9_19_S_1992_12_18.xml,15_9_19_S_1992_12_18.xml,.xml,8561,2026-09-12T01:08:07.893448,text/xml
Well_technical_data\Daily Drilling Report - XML Version\15_9_19_S_1992_12_19.xml,15_9_19_S_1992_12_19.xml,.xml,9088,2026-09-12T01:08:11.193766,text/xml
Well_technical_data\Daily Drilling Report - XML Version\15_9_F_10_2009_04_07.xml,15_9_F_10_2009_04_07.xml,.xml,8320,2026-09-12T01:08:14.847070,text/xml
Well_technical_data\Daily Drilling Report - XML Version\15_9_F_10_2009_04_08.xml,15_9_F_10_2009_04_08.xml,.xml,12679,2026-09-12T01:08:18.084352,text/xml
Well_technical_data\Daily Drilling Report - XML Version\15_9_F_10_2009_04_09.xml,15_9_F_10_2009_04_09.xml,.xml,9188,2026-09-12T01:08:21.510153,text/xml
Well_technical_data\Daily Drilling Report - XML Version\15_9_F_10_2009_04_10.xml,15_9_F_10_2009_04_10.xml,.xml,15305,2026-09-12T01:08:24.867306,text/xml
Well_technical_data\Daily Drilling Report - XML Version\15_9_F_10_2009_04_11.xml,15_9_F_10_2009_04_11.xml,.xml,13596,2026-09-12T01:08:28.148089,text/xml
Well_technical_data\Daily Drilling Report - XML Version\15_9_F_10_2009_04_12.xml,15_9_F_10_2009_04_12.xml,.xml,21257,2026-09-12T01:08:31.197679,text/xml
Well_technical_data\Daily Drilling Report - XML Version\15_9_F_10_2009_04_13.xml,15_9_F_10_2009_04_13.xml,.xml,14693,2026-09-12T01:08:34.642444,text/xml
Well_technical_data\Daily Drilling Report - XML Version\15_9_F_10_2009_04_14.xml,15_9_F_10_2009_04_14.xml,.xml,11566,2026-09-12T01:08:37.705376,text/xml
Well_technical_data\Daily Drilling Report - XML Version\15_9_F_10_2009_04_15.xml,15_9_F_10_2009_04_15.xml,.xml,10237,2026-09-12T01:08:41.084579,text/xml
Well_technical_data\Daily Drilling Report - XML Version\15_9_F_10_2009_04_16.xml,15_9_F_10_2009_04_16.xml,.xml,15995,2026-09-12T01:08:44.318369,text/xml
Well_technical_data\Daily Drilling Report - XML Version\15_9_F_10_2009_04_17.xml,15_9_F_10_2009_04_17.xml,.xml,9825,2026-09-12T01:08:47.454919,text/xml
Well_technical_data\Daily Drilling Report - XML Version\15_9_F_10_2009_04_18.xml,15_9_F_10_2009_04_18.xml,.xml,14492,2026-09-12T01:08:50.776967,text/xml
Well_technical_data\Daily Drilling Report - XML Version\15_9_F_10_2009_04_19.xml,15_9_F_10_2009_04_19.xml,.xml,14073,2026-09-12T01:08:54.255497,text/xml
Well_technical_data\Daily Drilling Report - XML Version\15_9_F_10_2009_04_20.xml,15_9_F_10_2009_04_20.xml,.xml,16511,2026-09-12T01:08:57.638931,text/xml
Well_technical_data\Daily Drilling Report - XML Version\15_9_F_10_2009_04_21.xml,15_9_F_10_2009_04_21.xml,.xml,12491,2026-09-12T01:09:00.712658,text/xml
Well_technical_data\Daily Drilling Report - XML Version\15_9_F_10_2009_04_22.xml,15_9_F_10_2009_04_22.xml,.xml,16459,2026-09-12T01:09:04.414973,text/xml
Well_technical_data\Daily Drilling Report - XML Version\15_9_F_10_2009_04_23.xml,15_9_F_10_2009_04_23.xml,.xml,18494,2026-09-12T01:09:07.943337,text/xml
Well_technical_data\Daily Drilling Report - XML Version\15_9_F_10_2009_04_24.xml,15_9_F_10_2009_04_24.xml,.xml,20227,2026-09-12T01:09:11.255996,text/xml
Well_technical_data\Daily Drilling Report - XML Version\15_9_F_10_2009_04_25.xml,15_9_F_10_2009_04_25.xml,.xml,13651,2026-09-12T01:09:14.848584,text/xml
Well_technical_data\Daily Drilling Report - XML Version\15_9_F_10_2009_04_26.xml,15_9_F_10_2009_04_26.xml,.xml,14588,2026-09-12T01:09:18.342278,text/xml
Well_technical_data\Daily Drilling Report - XML Version\15_9_F_10_2009_04_27.xml,15_9_F_10_2009_04_27.xml,.xml,15954,2026-09-12T01:09:21.591658,text/xml
Well_technical_data\Daily Drilling Report - XML Version\15_9_F_10_2009_04_28.xml,15_9_F_10_2009_04_28.xml,.xml,15394,2026-09-12T01:09:24.760401,text/xml
Well_technical_data\Daily Drilling Report - XML Version\15_9_F_10_2009_04_29.xml,15_9_F_10_2009_04_29.xml,.xml,11020,2026-09-12T01:09:28.014199,text/xml
Well_technical_data\Daily Drilling Report - XML Version\15_9_F_10_2009_04_30.xml,15_9_F_10_2009_04_30.xml,.xml,17230,2026-09-12T01:09:30.997831,text/xml
Well_technical_data\Daily Drilling Report - XML Version\15_9_F_10_2009_05_01.xml,15_9_F_10_2009_05_01.xml,.xml,18544,2026-09-12T01:09:34.403539,text/xml
Well_technical_data\Daily Drilling Report - XML Version\15_9_F_10_2009_05_02.xml,15_9_F_10_2009_05_02.xml,.xml,10814,2026-09-12T01:09:36.915941,text/xml
Well_technical_data\Daily Drilling Report - XML Version\15_9_F_10_2009_05_03.xml,15_9_F_10_2009_05_03.xml,.xml,13179,2026-09-12T01:09:40.783235,text/xml
Well_technical_data\Daily Drilling Report - XML Version\15_9_F_10_2009_05_04.xml,15_9_F_10_2009_05_04.xml,.xml,13472,2026-09-12T01:09:44.113421,text/xml
Well_technical_data\Daily Drilling Report - XML Version\15_9_F_10_2009_05_05.xml,15_9_F_10_2009_05_05.xml,.xml,13878,2026-09-12T01:09:47.324330,text/xml
Well_technical_data\Daily Drilling Report - XML Version\15_9_F_10_2009_05_06.xml,15_9_F_10_2009_05_06.xml,.xml,14165,2026-09-12T01:09:50.615786,text/xml
Well_technical_data\Daily Drilling Report - XML Version\15_9_F_10_2009_05_07.xml,15_9_F_10_2009_05_07.xml,.xml,17142,2026-09-12T01:09:53.831642,text/xml
Well_technical_data\Daily Drilling Report - XML Version\15_9_F_10_2009_05_08.xml,15_9_F_10_2009_05_08.xml,.xml,19756,2026-09-12T01:09:57.303629,text/xml
Well_technical_data\Daily Drilling Report - XML Version\15_9_F_10_2009_05_09.xml,15_9_F_10_2009_05_09.xml,.xml,13334,2026-09-12T01:10:00.667993,text/xml
Well_technical_data\Daily Drilling Report - XML Version\15_9_F_10_2009_05_10.xml,15_9_F_10_2009_05_10.xml,.xml,7949,2026-09-12T01:10:03.903682,text/xml
Well_technical_data\Daily Drilling Report - XML Version\15_9_F_10_2009_05_11.xml,15_9_F_10_2009_05_11.xml,.xml,15021,2026-09-12T01:10:07.712982,text/xml
Well_technical_data\Daily Drilling Report - XML Version\15_9_F_10_2009_05_12.xml,15_9_F_10_2009_05_12.xml,.xml,16969,2026-09-12T01:10:11.202566,text/xml
Well_technical_data\Daily Drilling Report - XML Version\15_9_F_10_2009_05_13.xml,15_9_F_10_2009_05_13.xml,.xml,10984,2026-09-12T01:10:14.672300,text/xml
Well_technical_data\Daily Drilling Report - XML Version\15_9_F_10_2009_05_14.xml,15_9_F_10_2009_05_14.xml,.xml,17210,2026-09-12T01:10:18.101549,text/xml
Well_technical_data\Daily Drilling Report - XML Version\15_9_F_10_2009_05_15.xml,15_9_F_10_2009_05_15.xml,.xml,16171,2026-09-12T01:10:21.226727,text/xml
Well_technical_data\Daily Drilling Report - XML Version\15_9_F_10_2009_05_16.xml,15_9_F_10_2009_05_16.xml,.xml,18204,2026-09-12T01:10:24.457822,text/xml
Well_technical_data\Daily Drilling Report - XML Version\15_9_F_10_2009_05_17.xml,15_9_F_10_2009_05_17.xml,.xml,17396,2026-09-12T01:10:27.790590,text/xml
Well_technical_data\Daily Drilling Report - XML Version\15_9_F_10_2009_05_18.xml,15_9_F_10_2009_05_18.xml,.xml,14087,2026-09-12T01:10:31.162803,text/xml
Well_technical_data\Daily Drilling Report - XML Version\15_9_F_10_2009_05_19.xml,15_9_F_10_2009_05_19.xml,.xml,17028,2026-09-12T01:10:34.765852,text/xml
Well_technical_data\Daily Drilling Report - XML Version\15_9_F_10_2009_05_20.xml,15_9_F_10_2009_05_20.xml,.xml,15342,2026-09-12T01:10:38.213341,text/xml
Well_technical_data\Daily Drilling Report - XML Version\15_9_F_10_2009_05_21.xml,15_9_F_10_2009_05_21.xml,.xml,9739,2026-09-12T01:10:41.244967,text/xml
Well_technical_data\Daily Drilling Report - XML Version\15_9_F_10_2009_05_22.xml,15_9_F_10_2009_05_22.xml,.xml,7743,2026-09-12T01:10:44.294014,text/xml
Well_technical_data\Daily Drilling Report - XML Version\15_9_F_10_2009_05_23.xml,15_9_F_10_2009_05_23.xml,.xml,7792,2026-09-12T01:10:47.506814,text/xml
Well_technical_data\Daily Drilling Report - XML Version\15_9_F_10_2009_05_24.xml,15_9_F_10_2009_05_24.xml,.xml,17149,2026-09-12T01:10:50.323692,text/xml
Well_technical_data\Daily Drilling Report - XML Version\15_9_F_10_2009_05_25.xml,15_9_F_10_2009_05_25.xml,.xml,16773,2026-09-12T01:10:53.290840,text/xml
Well_technical_data\Daily Drilling Report - XML Version\15_9_F_10_2009_05_26.xml,15_9_F_10_2009_05_26.xml,.xml,13757,2026-09-12T01:10:56.928082,text/xml
Well_technical_data\Daily Drilling Report - XML Version\15_9_F_10_2009_05_27.xml,15_9_F_10_2009_05_27.xml,.xml,13852,2026-09-12T01:11:00.539062,text/xml
Well_technical_data\Daily Drilling Report - XML Version\15_9_F_10_2009_05_28.xml,15_9_F_10_2009_05_28.xml,.xml,13112,2026-09-12T01:11:03.808589,text/xml
Well_technical_data\Daily Drilling Report - XML Version\15_9_F_10_2009_05_29.xml,15_9_F_10_2009_05_29.xml,.xml,16658,2026-09-12T01:11:06.960179,text/xml
Well_technical_data\Daily Drilling Report - XML Version\15_9_F_10_2009_05_30.xml,15_9_F_10_2009_05_30.xml,.xml,14455,2026-09-12T01:11:09.739295,text/xml
Well_technical_data\Daily Drilling Report - XML Version\15_9_F_10_2009_05_31.xml,15_9_F_10_2009_05_31.xml,.xml,13097,2026-09-12T01:11:12.857455,text/xml
Well_technical_data\Daily Drilling Report - XML Version\15_9_F_10_2009_06_01.xml,15_9_F_10_2009_06_01.xml,.xml,19789,2026-09-12T01:11:16.240210,text/xml
Well_technical_data\Daily Drilling Report - XML Version\15_9_F_10_2009_06_02.xml,15_9_F_10_2009_06_02.xml,.xml,18439,2026-09-12T01:11:19.210799,text/xml
Well_technical_data\Daily Drilling Report - XML Version\15_9_F_10_2009_06_03.xml,15_9_F_10_2009_06_03.xml,.xml,16013,2026-09-12T01:11:22.898805,text/xml
Well_technical_data\Daily Drilling Report - XML Version\15_9_F_10_2009_06_04.xml,15_9_F_10_2009_06_04.xml,.xml,14950,2026-09-12T01:11:26.260188,text/xml
Well_technical_data\Daily Drilling Report - XML Version\15_9_F_10_2009_06_05.xml,15_9_F_10_2009_06_05.xml,.xml,12445,2026-09-12T01:11:29.690546,text/xml
Well_technical_data\Daily Drilling Report - XML Version\15_9_F_10_2009_06_06.xml,15_9_F_10_2009_06_06.xml,.xml,19498,2026-09-12T01:11:32.622276,text/xml
Well_technical_data\Daily Drilling Report - XML Version\15_9_F_10_2009_06_07.xml,15_9_F_10_2009_06_07.xml,.xml,14116,2026-09-12T01:11:36.164585,text/xml
Well_technical_data\Daily Drilling Report - XML Version\15_9_F_10_2009_06_08.xml,15_9_F_10_2009_06_08.xml,.xml,16552,2026-09-12T01:11:39.631394,text/xml
Well_technical_data\Daily Drilling Report - XML Version\15_9_F_10_2009_06_09.xml,15_9_F_10_2009_06_09.xml,.xml,13837,2026-09-12T01:11:42.918294,text/xml
Well_technical_data\Daily Drilling Report - XML Version\15_9_F_10_2009_06_10.xml,15_9_F_10_2009_06_10.xml,.xml,17904,2026-09-12T01:11:46.419227,text/xml
Well_technical_data\Daily Drilling Report - XML Version\15_9_F_10_2009_06_11.xml,15_9_F_10_2009_06_11.xml,.xml,15133,2026-09-12T01:11:49.606894,text/xml
Well_technical_data\Daily Drilling Report - XML Version\15_9_F_10_2009_06_12.xml,15_9_F_10_2009_06_12.xml,.xml,11090,2026-09-12T01:11:52.578388,text/xml
Well_technical_data\Daily Drilling Report - XML Version\15_9_F_10_2009_06_13.xml,15_9_F_10_2009_06_13.xml,.xml,16993,2026-09-12T01:11:56.132643,text/xml
Well_technical_data\Daily Drilling Report - XML Version\15_9_F_10_2009_06_14.xml,15_9_F_10_2009_06_14.xml,.xml,14882,2026-09-12T01:11:59.025153,text/xml
Well_technical_data\Daily Drilling Report - XML Version\15_9_F_10_2009_06_15.xml,15_9_F_10_2009_06_15.xml,.xml,16502,2026-09-12T01:12:03.111665,text/xml
Well_technical_data\Daily Drilling Report - XML Version\15_9_F_10_2009_06_16.xml,15_9_F_10_2009_06_16.xml,.xml,7447,2026-09-12T01:12:06.616071,text/xml
Well_technical_data\Daily Drilling Report - XML Version\15_9_F_11_2013_03_08.xml,15_9_F_11_2013_03_08.xml,.xml,12810,2026-09-12T01:12:09.673241,text/xml
Well_technical_data\Daily Drilling Report - XML Version\15_9_F_11_2013_03_09.xml,15_9_F_11_2013_03_09.xml,.xml,13438,2026-09-12T01:12:13.133020,text/xml
Well_technical_data\Daily Drilling Report - XML Version\15_9_F_11_2013_03_10.xml,15_9_F_11_2013_03_10.xml,.xml,10702,2026-09-12T01:12:16.257364,text/xml
Well_technical_data\Daily Drilling Report - XML Version\15_9_F_11_2013_03_11.xml,15_9_F_11_2013_03_11.xml,.xml,6375,2026-09-12T01:12:20.082677,text/xml
Well_technical_data\Daily Drilling Report - XML Version\15_9_F_11_2013_03_12.xml,15_9_F_11_2013_03_12.xml,.xml,12235,2026-09-12T01:12:23.641993,text/xml
Well_technical_data\Daily Drilling Report - XML Version\15_9_F_11_2013_03_13.xml,15_9_F_11_2013_03_13.xml,.xml,15594,2026-09-12T01:12:27.520310,text/xml
Well_technical_data\Daily Drilling Report - XML Version\15_9_F_11_2013_03_14.xml,15_9_F_11_2013_03_14.xml,.xml,22877,2026-09-12T01:12:32.374382,text/xml
Well_technical_data\Daily Drilling Report - XML Version\15_9_F_11_2013_03_15.xml,15_9_F_11_2013_03_15.xml,.xml,11946,2026-09-12T01:12:35.760750,text/xml
Well_technical_data\Daily Drilling Report - XML Version\15_9_F_11_2013_03_16.xml,15_9_F_11_2013_03_16.xml,.xml,12147,2026-09-12T01:12:38.769449,text/xml
Well_technical_data\Daily Drilling Report - XML Version\15_9_F_11_2013_03_17.xml,15_9_F_11_2013_03_17.xml,.xml,16403,2026-09-12T01:12:42.610729,text/xml
Well_technical_data\Daily Drilling Report - XML Version\15_9_F_11_2013_03_18.xml,15_9_F_11_2013_03_18.xml,.xml,12116,2026-09-12T01:12:45.854287,text/xml
Well_technical_data\Daily Drilling Report - XML Version\15_9_F_11_2013_03_19.xml,15_9_F_11_2013_03_19.xml,.xml,11120,2026-09-12T01:12:48.759834,text/xml
Well_technical_data\Daily Drilling Report - XML Version\15_9_F_11_2013_03_20.xml,15_9_F_11_2013_03_20.xml,.xml,22918,2026-09-12T01:12:52.233126,text/xml
Well_technical_data\Daily Drilling Report - XML Version\15_9_F_11_2013_03_21.xml,15_9_F_11_2013_03_21.xml,.xml,11691,2026-09-12T01:12:55.713813,text/xml
Well_technical_data\Daily Drilling Report - XML Version\15_9_F_11_2013_03_22.xml,15_9_F_11_2013_03_22.xml,.xml,11826,2026-09-12T01:12:58.732457,text/xml
Well_technical_data\Daily Drilling Report - XML Version\15_9_F_11_2013_03_23.xml,15_9_F_11_2013_03_23.xml,.xml,11979,2026-09-12T01:13:01.678507,text/xml
Well_technical_data\Daily Drilling Report - XML Version\15_9_F_11_2013_03_24.xml,15_9_F_11_2013_03_24.xml,.xml,10702,2026-09-12T01:13:04.931618,text/xml
Well_technical_data\Daily Drilling Report - XML Version\15_9_F_11_A_2013_05_15.xml,15_9_F_11_A_2013_05_15.xml,.xml,7438,2026-09-12T01:13:07.897146,text/xml
Well_technical_data\Daily Drilling Report - XML Version\15_9_F_11_A_2013_05_16.xml,15_9_F_11_A_2013_05_16.xml,.xml,12778,2026-09-12T01:13:11.279389,text/xml
Well_technical_data\Daily Drilling Report - XML Version\15_9_F_11_A_2013_05_17.xml,15_9_F_11_A_2013_05_17.xml,.xml,9025,2026-09-12T01:13:14.567022,text/xml
Well_technical_data\Daily Drilling Report - XML Version\15_9_F_11_A_2013_05_18.xml,15_9_F_11_A_2013_05_18.xml,.xml,8037,2026-09-12T01:13:17.392237,text/xml
Well_technical_data\Daily Drilling Report - XML Version\15_9_F_11_A_2013_05_20.xml,15_9_F_11_A_2013_05_20.xml,.xml,8815,2026-09-12T01:13:19.990132,text/xml
Well_technical_data\Daily Drilling Report - XML Version\15_9_F_11_A_2013_05_21.xml,15_9_F_11_A_2013_05_21.xml,.xml,18785,2026-09-12T01:13:23.075340,text/xml
Well_technical_data\Daily Drilling Report - XML Version\15_9_F_11_A_2013_05_22.xml,15_9_F_11_A_2013_05_22.xml,.xml,9785,2026-09-12T01:13:26.204962,text/xml
Well_technical_data\Daily Drilling Report - XML Version\15_9_F_11_A_2013_05_23.xml,15_9_F_11_A_2013_05_23.xml,.xml,7970,2026-09-12T01:13:29.065026,text/xml
Well_technical_data\Daily Drilling Report - XML Version\15_9_F_11_A_2013_05_24.xml,15_9_F_11_A_2013_05_24.xml,.xml,9519,2026-09-12T01:13:32.351913,text/xml
Well_technical_data\Daily Drilling Report - XML Version\15_9_F_11_A_2013_05_25.xml,15_9_F_11_A_2013_05_25.xml,.xml,12582,2026-09-12T01:13:35.526171,text/xml
Well_technical_data\Daily Drilling Report - XML Version\15_9_F_11_A_2013_05_26.xml,15_9_F_11_A_2013_05_26.xml,.xml,12110,2026-09-12T01:13:39.141571,text/xml
Well_technical_data\Daily Drilling Report - XML Version\15_9_F_11_A_2013_05_27.xml,15_9_F_11_A_2013_05_27.xml,.xml,11337,2026-09-12T01:13:42.349050,text/xml
Well_technical_data\Daily Drilling Report - XML Version\15_9_F_11_A_2013_05_28.xml,15_9_F_11_A_2013_05_28.xml,.xml,9313,2026-09-12T01:13:45.435124,text/xml
Well_technical_data\Daily Drilling Report - XML Version\15_9_F_11_A_2013_05_29.xml,15_9_F_11_A_2013_05_29.xml,.xml,9361,2026-09-12T01:13:48.317734,text/xml
Well_technical_data\Daily Drilling Report - XML Version\15_9_F_11_B_2013_05_29.xml,15_9_F_11_B_2013_05_29.xml,.xml,8283,2026-09-12T01:13:51.624963,text/xml
Well_technical_data\Daily Drilling Report - XML Version\15_9_F_11_B_2013_05_30.xml,15_9_F_11_B_2013_05_30.xml,.xml,10946,2026-09-12T01:13:55.199480,text/xml
Well_technical_data\Daily Drilling Report - XML Version\15_9_F_11_B_2013_05_31.xml,15_9_F_11_B_2013_05_31.xml,.xml,16735,2026-09-12T01:13:58.940373,text/xml
Well_technical_data\Daily Drilling Report - XML Version\15_9_F_11_B_2013_06_01.xml,15_9_F_11_B_2013_06_01.xml,.xml,14177,2026-09-12T01:14:02.688497,text/xml
Well_technical_data\Daily Drilling Report - XML Version\15_9_F_11_B_2013_06_02.xml,15_9_F_11_B_2013_06_02.xml,.xml,10239,2026-09-12T01:14:05.796350,text/xml
Well_technical_data\Daily Drilling Report - XML Version\15_9_F_11_B_2013_06_03.xml,15_9_F_11_B_2013_06_03.xml,.xml,9915,2026-09-12T01:14:08.954514,text/xml
Well_technical_data\Daily Drilling Report - XML Version\15_9_F_11_B_2013_06_04.xml,15_9_F_11_B_2013_06_04.xml,.xml,10147,2026-09-12T01:14:12.076472,text/xml
Well_technical_data\Daily Drilling Report - XML Version\15_9_F_11_B_2013_06_05.xml,15_9_F_11_B_2013_06_05.xml,.xml,14335,2026-09-12T01:14:15.743897,text/xml
Well_technical_data\Daily Drilling Report - XML Version\15_9_F_11_B_2013_06_06.xml,15_9_F_11_B_2013_06_06.xml,.xml,12360,2026-09-12T01:14:18.863247,text/xml
Well_technical_data\Daily Drilling Report - XML Version\15_9_F_11_B_2013_06_07.xml,15_9_F_11_B_2013_06_07.xml,.xml,14734,2026-09-12T01:14:21.997213,text/xml
Well_technical_data\Daily Drilling Report - XML Version\15_9_F_11_B_2013_06_08.xml,15_9_F_11_B_2013_06_08.xml,.xml,16111,2026-09-12T01:14:25.719208,text/xml
Well_technical_data\Daily Drilling Report - XML Version\15_9_F_11_B_2013_06_09.xml,15_9_F_11_B_2013_06_09.xml,.xml,17039,2026-09-12T01:14:29.144964,text/xml
Well_technical_data\Daily Drilling Report - XML Version\15_9_F_11_B_2013_06_10.xml,15_9_F_11_B_2013_06_10.xml,.xml,16884,2026-09-12T01:14:32.641324,text/xml
Well_technical_data\Daily Drilling Report - XML Version\15_9_F_11_B_2013_06_11.xml,15_9_F_11_B_2013_06_11.xml,.xml,13654,2026-09-12T01:14:36.037860,text/xml
Well_technical_data\Daily Drilling Report - XML Version\15_9_F_11_B_2013_06_12.xml,15_9_F_11_B_2013_06_12.xml,.xml,12108,2026-09-12T01:14:39.921475,text/xml
Well_technical_data\Daily Drilling Report - XML Version\15_9_F_11_B_2013_06_13.xml,15_9_F_11_B_2013_06_13.xml,.xml,15385,2026-09-12T01:14:43.120524,text/xml
Well_technical_data\Daily Drilling Report - XML Version\15_9_F_11_B_2013_06_14.xml,15_9_F_11_B_2013_06_14.xml,.xml,5160,2026-09-12T01:14:46.242070,text/xml
Well_technical_data\Daily Drilling Report - XML Version\15_9_F_11_B_2013_06_15.xml,15_9_F_11_B_2013_06_15.xml,.xml,15665,2026-09-12T01:14:49.480066,text/xml
Well_technical_data\Daily Drilling Report - XML Version\15_9_F_11_B_2013_06_16.xml,15_9_F_11_B_2013_06_16.xml,.xml,12468,2026-09-12T01:14:52.732951,text/xml
Well_technical_data\Daily Drilling Report - XML Version\15_9_F_11_B_2013_06_17.xml,15_9_F_11_B_2013_06_17.xml,.xml,12851,2026-09-12T01:14:56.123623,text/xml
Well_technical_data\Daily Drilling Report - XML Version\15_9_F_11_B_2013_06_18.xml,15_9_F_11_B_2013_06_18.xml,.xml,4947,2026-09-12T01:14:59.258608,text/xml
Well_technical_data\Daily Drilling Report - XML Version\15_9_F_11_B_2013_06_19.xml,15_9_F_11_B_2013_06_19.xml,.xml,12148,2026-09-12T01:15:02.430904,text/xml
Well_technical_data\Daily Drilling Report - XML Version\15_9_F_11_B_2013_06_20.xml,15_9_F_11_B_2013_06_20.xml,.xml,17135,2026-09-12T01:15:05.808777,text/xml
Well_technical_data\Daily Drilling Report - XML Version\15_9_F_11_B_2013_06_21.xml,15_9_F_11_B_2013_06_21.xml,.xml,12345,2026-09-12T01:15:09.046463,text/xml
Well_technical_data\Daily Drilling Report - XML Version\15_9_F_11_B_2013_06_22.xml,15_9_F_11_B_2013_06_22.xml,.xml,17484,2026-09-12T01:15:12.913139,text/xml
Well_technical_data\Daily Drilling Report - XML Version\15_9_F_11_B_2013_06_23.xml,15_9_F_11_B_2013_06_23.xml,.xml,8839,2026-09-12T01:15:16.064839,text/xml
Well_technical_data\Daily Drilling Report - XML Version\15_9_F_11_B_2013_06_24.xml,15_9_F_11_B_2013_06_24.xml,.xml,12533,2026-09-12T01:15:19.203791,text/xml
Well_technical_data\Daily Drilling Report - XML Version\15_9_F_11_B_2013_06_25.xml,15_9_F_11_B_2013_06_25.xml,.xml,13366,2026-09-12T01:15:22.408108,text/xml
Well_technical_data\Daily Drilling Report - XML Version\15_9_F_11_B_2013_06_26.xml,15_9_F_11_B_2013_06_26.xml,.xml,18440,2026-09-12T01:15:26.304349,text/xml
Well_technical_data\Daily Drilling Report - XML Version\15_9_F_11_B_2013_06_27.xml,15_9_F_11_B_2013_06_27.xml,.xml,8250,2026-09-12T01:15:29.884709,text/xml
Well_technical_data\Daily Drilling Report - XML Version\15_9_F_11_B_2013_06_28.xml,15_9_F_11_B_2013_06_28.xml,.xml,9237,2026-09-12T01:15:33.728114,text/xml
Well_technical_data\Daily Drilling Report - XML Version\15_9_F_11_B_2013_06_29.xml,15_9_F_11_B_2013_06_29.xml,.xml,10535,2026-09-12T01:15:36.847747,text/xml
Well_technical_data\Daily Drilling Report - XML Version\15_9_F_11_B_2013_06_30.xml,15_9_F_11_B_2013_06_30.xml,.xml,14294,2026-09-12T01:15:40.047436,text/xml
Well_technical_data\Daily Drilling Report - XML Version\15_9_F_11_B_2013_07_01.xml,15_9_F_11_B_2013_07_01.xml,.xml,12262,2026-09-12T01:15:43.546452,text/xml
Well_technical_data\Daily Drilling Report - XML Version\15_9_F_11_B_2013_07_02.xml,15_9_F_11_B_2013_07_02.xml,.xml,7116,2026-09-12T01:15:46.697470,text/xml
Well_technical_data\Daily Drilling Report - XML Version\15_9_F_11_B_2013_07_03.xml,15_9_F_11_B_2013_07_03.xml,.xml,9920,2026-09-12T01:15:49.991468,text/xml
Well_technical_data\Daily Drilling Report - XML Version\15_9_F_11_B_2013_07_04.xml,15_9_F_11_B_2013_07_04.xml,.xml,6890,2026-09-12T01:15:52.997395,text/xml
Well_technical_data\Daily Drilling Report - XML Version\15_9_F_11_B_2013_07_05.xml,15_9_F_11_B_2013_07_05.xml,.xml,9863,2026-09-12T01:15:56.080573,text/xml
Well_technical_data\Daily Drilling Report - XML Version\15_9_F_11_B_2013_07_06.xml,15_9_F_11_B_2013_07_06.xml,.xml,11656,2026-09-12T01:15:59.395138,text/xml
Well_technical_data\Daily Drilling Report - XML Version\15_9_F_11_B_2013_07_07.xml,15_9_F_11_B_2013_07_07.xml,.xml,8331,2026-09-12T01:16:02.416542,text/xml
Well_technical_data\Daily Drilling Report - XML Version\15_9_F_11_B_2013_07_08.xml,15_9_F_11_B_2013_07_08.xml,.xml,5527,2026-09-12T01:16:05.592142,text/xml
Well_technical_data\Daily Drilling Report - XML Version\15_9_F_11_B_2013_07_09.xml,15_9_F_11_B_2013_07_09.xml,.xml,4411,2026-09-12T01:16:08.826853,text/xml
Well_technical_data\Daily Drilling Report - XML Version\15_9_F_11_B_2013_07_10.xml,15_9_F_11_B_2013_07_10.xml,.xml,7127,2026-09-12T01:16:11.873017,text/xml
Well_technical_data\Daily Drilling Report - XML Version\15_9_F_11_B_2013_07_11.xml,15_9_F_11_B_2013_07_11.xml,.xml,9606,2026-09-12T01:16:15.118351,text/xml
Well_technical_data\Daily Drilling Report - XML Version\15_9_F_11_B_2013_07_12.xml,15_9_F_11_B_2013_07_12.xml,.xml,12178,2026-09-12T01:16:18.406118,text/xml
Well_technical_data\Daily Drilling Report - XML Version\15_9_F_11_B_2013_07_13.xml,15_9_F_11_B_2013_07_13.xml,.xml,10480,2026-09-12T01:16:21.912050,text/xml
Well_technical_data\Daily Drilling Report - XML Version\15_9_F_11_B_2013_07_14.xml,15_9_F_11_B_2013_07_14.xml,.xml,8568,2026-09-12T01:16:25.168997,text/xml
Well_technical_data\Daily Drilling Report - XML Version\15_9_F_11_B_2013_07_15.xml,15_9_F_11_B_2013_07_15.xml,.xml,10068,2026-09-12T01:16:28.346862,text/xml
Well_technical_data\Daily Drilling Report - XML Version\15_9_F_11_B_2013_07_16.xml,15_9_F_11_B_2013_07_16.xml,.xml,10219,2026-09-12T01:16:31.214038,text/xml
Well_technical_data\Daily Drilling Report - XML Version\15_9_F_11_B_2013_07_17.xml,15_9_F_11_B_2013_07_17.xml,.xml,9123,2026-09-12T01:16:34.512043,text/xml
Well_technical_data\Daily Drilling Report - XML Version\15_9_F_11_B_2013_07_18.xml,15_9_F_11_B_2013_07_18.xml,.xml,10000,2026-09-12T01:16:37.916474,text/xml
Well_technical_data\Daily Drilling Report - XML Version\15_9_F_11_B_2013_07_19.xml,15_9_F_11_B_2013_07_19.xml,.xml,9948,2026-09-12T01:16:42.057368,text/xml
Well_technical_data\Daily Drilling Report - XML Version\15_9_F_11_B_2013_07_20.xml,15_9_F_11_B_2013_07_20.xml,.xml,10449,2026-09-12T01:16:45.342505,text/xml
Well_technical_data\Daily Drilling Report - XML Version\15_9_F_11_B_2013_07_21.xml,15_9_F_11_B_2013_07_21.xml,.xml,9815,2026-09-12T01:16:48.442838,text/xml
Well_technical_data\Daily Drilling Report - XML Version\15_9_F_11_B_2013_07_22.xml,15_9_F_11_B_2013_07_22.xml,.xml,5475,2026-09-12T01:16:51.476562,text/xml
Well_technical_data\Daily Drilling Report - XML Version\15_9_F_11_B_2013_07_23.xml,15_9_F_11_B_2013_07_23.xml,.xml,4236,2026-09-12T01:16:54.859295,text/xml
Well_technical_data\Daily Drilling Report - XML Version\15_9_F_11_B_2013_07_24.xml,15_9_F_11_B_2013_07_24.xml,.xml,5379,2026-09-12T01:16:57.822786,text/xml
Well_technical_data\Daily Drilling Report - XML Version\15_9_F_11_B_2015_10_25.xml,15_9_F_11_B_2015_10_25.xml,.xml,3580,2026-09-12T01:17:01.347017,text/xml
Well_technical_data\Daily Drilling Report - XML Version\15_9_F_11_B_2015_10_26.xml,15_9_F_11_B_2015_10_26.xml,.xml,8813,2026-09-12T01:17:04.372106,text/xml
Well_technical_data\Daily Drilling Report - XML Version\15_9_F_11_B_2015_10_27.xml,15_9_F_11_B_2015_10_27.xml,.xml,12912,2026-09-12T01:17:08.026280,text/xml
Well_technical_data\Daily Drilling Report - XML Version\15_9_F_11_B_2015_10_28.xml,15_9_F_11_B_2015_10_28.xml,.xml,13071,2026-09-12T01:17:11.714960,text/xml
Well_technical_data\Daily Drilling Report - XML Version\15_9_F_11_B_2015_10_29.xml,15_9_F_11_B_2015_10_29.xml,.xml,5406,2026-09-12T01:17:15.078549,text/xml
Well_technical_data\Daily Drilling Report - XML Version\15_9_F_11_B_2015_10_30.xml,15_9_F_11_B_2015_10_30.xml,.xml,8089,2026-09-12T01:17:18.613390,text/xml
Well_technical_data\Daily Drilling Report - XML Version\15_9_F_11_B_2015_10_31.xml,15_9_F_11_B_2015_10_31.xml,.xml,11622,2026-09-12T01:17:22.922010,text/xml
Well_technical_data\Daily Drilling Report - XML Version\15_9_F_11_B_2015_11_01.xml,15_9_F_11_B_2015_11_01.xml,.xml,15889,2026-09-12T01:17:26.318395,text/xml
Well_technical_data\Daily Drilling Report - XML Version\15_9_F_11_B_2015_11_02.xml,15_9_F_11_B_2015_11_02.xml,.xml,13450,2026-09-12T01:17:30.131514,text/xml
Well_technical_data\Daily Drilling Report - XML Version\15_9_F_11_B_2015_11_03.xml,15_9_F_11_B_2015_11_03.xml,.xml,11812,2026-09-12T01:17:33.324344,text/xml
Well_technical_data\Daily Drilling Report - XML Version\15_9_F_11_B_2016_04_15.xml,15_9_F_11_B_2016_04_15.xml,.xml,3985,2026-09-12T01:17:36.615758,text/xml
Well_technical_data\Daily Drilling Report - XML Version\15_9_F_11_B_2016_04_16.xml,15_9_F_11_B_2016_04_16.xml,.xml,8643,2026-09-12T01:17:39.655426,text/xml
Well_technical_data\Daily Drilling Report - XML Version\15_9_F_11_B_2016_04_17.xml,15_9_F_11_B_2016_04_17.xml,.xml,15258,2026-09-12T01:17:43.089912,text/xml
Well_technical_data\Daily Drilling Report - XML Version\15_9_F_11_B_2016_04_18.xml,15_9_F_11_B_2016_04_18.xml,.xml,20000,2026-09-12T01:17:46.586760,text/xml
Well_technical_data\Daily Drilling Report - XML Version\15_9_F_11_B_2016_04_19.xml,15_9_F_11_B_2016_04_19.xml,.xml,6983,2026-09-12T01:17:49.454545,text/xml
Well_technical_data\Daily Drilling Report - XML Version\15_9_F_11_B_2016_04_21.xml,15_9_F_11_B_2016_04_21.xml,.xml,10645,2026-09-12T01:17:52.898887,text/xml
Well_technical_data\Daily Drilling Report - XML Version\15_9_F_11_B_2016_04_22.xml,15_9_F_11_B_2016_04_22.xml,.xml,14057,2026-09-12T01:17:56.380464,text/xml
Well_technical_data\Daily Drilling Report - XML Version\15_9_F_11_B_2016_04_23.xml,15_9_F_11_B_2016_04_23.xml,.xml,14392,2026-09-12T01:17:59.998237,text/xml
Well_technical_data\Daily Drilling Report - XML Version\15_9_F_11_B_2016_04_24.xml,15_9_F_11_B_2016_04_24.xml,.xml,13075,2026-09-12T01:18:03.024704,text/xml
Well_technical_data\Daily Drilling Report - XML Version\15_9_F_11_B_2016_04_25.xml,15_9_F_11_B_2016_04_25.xml,.xml,4165,2026-09-12T01:18:05.819670,text/xml
Well_technical_data\Daily Drilling Report - XML Version\15_9_F_11_B_2016_09_19.xml,15_9_F_11_B_2016_09_19.xml,.xml,10099,2026-09-12T01:18:08.532880,text/xml
Well_technical_data\Daily Drilling Report - XML Version\15_9_F_11_B_2016_09_20.xml,15_9_F_11_B_2016_09_20.xml,.xml,14916,2026-09-12T01:18:11.942302,text/xml
Well_technical_data\Daily Drilling Report - XML Version\15_9_F_11_B_2016_09_21.xml,15_9_F_11_B_2016_09_21.xml,.xml,15535,2026-09-12T01:18:15.135294,text/xml
Well_technical_data\Daily Drilling Report - XML Version\15_9_F_11_B_2016_09_22.xml,15_9_F_11_B_2016_09_22.xml,.xml,21278,2026-09-12T01:18:18.331850,text/xml
Well_technical_data\Daily Drilling Report - XML Version\15_9_F_11_B_2016_09_23.xml,15_9_F_11_B_2016_09_23.xml,.xml,20589,2026-09-12T01:18:21.803735,text/xml
Well_technical_data\Daily Drilling Report - XML Version\15_9_F_11_B_2016_09_24.xml,15_9_F_11_B_2016_09_24.xml,.xml,15255,2026-09-12T01:18:25.658369,text/xml
Well_technical_data\Daily Drilling Report - XML Version\15_9_F_11_B_2016_09_25.xml,15_9_F_11_B_2016_09_25.xml,.xml,27410,2026-09-12T01:18:29.036452,text/xml
Well_technical_data\Daily Drilling Report - XML Version\15_9_F_11_B_2016_09_26.xml,15_9_F_11_B_2016_09_26.xml,.xml,17757,2026-09-12T01:18:32.083427,text/xml
Well_technical_data\Daily Drilling Report - XML Version\15_9_F_11_B_2016_09_27.xml,15_9_F_11_B_2016_09_27.xml,.xml,23628,2026-09-12T01:18:35.868872,text/xml
Well_technical_data\Daily Drilling Report - XML Version\15_9_F_11_B_2016_09_28.xml,15_9_F_11_B_2016_09_28.xml,.xml,14645,2026-09-12T01:18:41.161147,text/xml
Well_technical_data\Daily Drilling Report - XML Version\15_9_F_11_B_2016_09_29.xml,15_9_F_11_B_2016_09_29.xml,.xml,15146,2026-09-12T01:18:44.942688,text/xml
Well_technical_data\Daily Drilling Report - XML Version\15_9_F_11_B_2016_10_21.xml,15_9_F_11_B_2016_10_21.xml,.xml,16932,2026-09-12T01:18:48.294618,text/xml
Well_technical_data\Daily Drilling Report - XML Version\15_9_F_11_B_2016_10_22.xml,15_9_F_11_B_2016_10_22.xml,.xml,6361,2026-09-12T01:18:51.418937,text/xml
Well_technical_data\Daily Drilling Report - XML Version\15_9_F_11_T2_2013_03_24.xml,15_9_F_11_T2_2013_03_24.xml,.xml,13458,2026-09-12T01:18:54.829667,text/xml
Well_technical_data\Daily Drilling Report - XML Version\15_9_F_11_T2_2013_03_25.xml,15_9_F_11_T2_2013_03_25.xml,.xml,20823,2026-09-12T01:18:58.359598,text/xml
Well_technical_data\Daily Drilling Report - XML Version\15_9_F_11_T2_2013_03_26.xml,15_9_F_11_T2_2013_03_26.xml,.xml,12258,2026-09-12T01:19:01.709408,text/xml
Well_technical_data\Daily Drilling Report - XML Version\15_9_F_11_T2_2013_03_27.xml,15_9_F_11_T2_2013_03_27.xml,.xml,6588,2026-09-12T01:19:05.037066,text/xml
Well_technical_data\Daily Drilling Report - XML Version\15_9_F_11_T2_2013_03_28.xml,15_9_F_11_T2_2013_03_28.xml,.xml,6593,2026-09-12T01:19:08.764555,text/xml
Well_technical_data\Daily Drilling Report - XML Version\15_9_F_11_T2_2013_03_29.xml,15_9_F_11_T2_2013_03_29.xml,.xml,9530,2026-09-12T01:19:11.969866,text/xml
Well_technical_data\Daily Drilling Report - XML Version\15_9_F_11_T2_2013_03_30.xml,15_9_F_11_T2_2013_03_30.xml,.xml,11018,2026-09-12T01:19:14.973462,text/xml
Well_technical_data\Daily Drilling Report - XML Version\15_9_F_11_T2_2013_03_31.xml,15_9_F_11_T2_2013_03_31.xml,.xml,8762,2026-09-12T01:19:18.043231,text/xml
Well_technical_data\Daily Drilling Report - XML Version\15_9_F_11_T2_2013_04_01.xml,15_9_F_11_T2_2013_04_01.xml,.xml,6120,2026-09-12T01:19:21.271443,text/xml
Well_technical_data\Daily Drilling Report - XML Version\15_9_F_11_T2_2013_04_02.xml,15_9_F_11_T2_2013_04_02.xml,.xml,10874,2026-09-12T01:19:24.206160,text/xml
Well_technical_data\Daily Drilling Report - XML Version\15_9_F_11_T2_2013_04_03.xml,15_9_F_11_T2_2013_04_03.xml,.xml,9859,2026-09-12T01:19:27.276606,text/xml
Well_technical_data\Daily Drilling Report - XML Version\15_9_F_11_T2_2013_04_04.xml,15_9_F_11_T2_2013_04_04.xml,.xml,10097,2026-09-12T01:19:30.509195,text/xml
Well_technical_data\Daily Drilling Report - XML Version\15_9_F_11_T2_2013_04_05.xml,15_9_F_11_T2_2013_04_05.xml,.xml,9688,2026-09-12T01:19:33.902014,text/xml
Well_technical_data\Daily Drilling Report - XML Version\15_9_F_11_T2_2013_04_06.xml,15_9_F_11_T2_2013_04_06.xml,.xml,13425,2026-09-12T01:19:37.506799,text/xml
Well_technical_data\Daily Drilling Report - XML Version\15_9_F_11_T2_2013_04_07.xml,15_9_F_11_T2_2013_04_07.xml,.xml,8729,2026-09-12T01:19:41.150992,text/xml
Well_technical_data\Daily Drilling Report - XML Version\15_9_F_11_T2_2013_04_08.xml,15_9_F_11_T2_2013_04_08.xml,.xml,8759,2026-09-12T01:19:44.231337,text/xml
Well_technical_data\Daily Drilling Report - XML Version\15_9_F_11_T2_2013_04_09.xml,15_9_F_11_T2_2013_04_09.xml,.xml,9222,2026-09-12T01:19:47.118828,text/xml
Well_technical_data\Daily Drilling Report - XML Version\15_9_F_11_T2_2013_04_10.xml,15_9_F_11_T2_2013_04_10.xml,.xml,9480,2026-09-12T01:19:50.353133,text/xml
Well_technical_data\Daily Drilling Report - XML Version\15_9_F_11_T2_2013_04_11.xml,15_9_F_11_T2_2013_04_11.xml,.xml,8149,2026-09-12T01:19:53.501544,text/xml
Well_technical_data\Daily Drilling Report - XML Version\15_9_F_11_T2_2013_04_12.xml,15_9_F_11_T2_2013_04_12.xml,.xml,9231,2026-09-12T01:19:56.676022,text/xml
Well_technical_data\Daily Drilling Report - XML Version\15_9_F_11_T2_2013_04_13.xml,15_9_F_11_T2_2013_04_13.xml,.xml,8813,2026-09-12T01:19:59.883458,text/xml
Well_technical_data\Daily Drilling Report - XML Version\15_9_F_11_T2_2013_04_14.xml,15_9_F_11_T2_2013_04_14.xml,.xml,12170,2026-09-12T01:20:02.985958,text/xml
Well_technical_data\Daily Drilling Report - XML Version\15_9_F_11_T2_2013_04_15.xml,15_9_F_11_T2_2013_04_15.xml,.xml,11202,2026-09-12T01:20:06.000127,text/xml
Well_technical_data\Daily Drilling Report - XML Version\15_9_F_11_T2_2013_04_16.xml,15_9_F_11_T2_2013_04_16.xml,.xml,8500,2026-09-12T01:20:09.098264,text/xml
Well_technical_data\Daily Drilling Report - XML Version\15_9_F_11_T2_2013_04_17.xml,15_9_F_11_T2_2013_04_17.xml,.xml,14639,2026-09-12T01:20:12.575003,text/xml
Well_technical_data\Daily Drilling Report - XML Version\15_9_F_11_T2_2013_04_18.xml,15_9_F_11_T2_2013_04_18.xml,.xml,10608,2026-09-12T01:20:16.036205,text/xml
Well_technical_data\Daily Drilling Report - XML Version\15_9_F_11_T2_2013_04_19.xml,15_9_F_11_T2_2013_04_19.xml,.xml,15854,2026-09-12T01:20:19.662801,text/xml
Well_technical_data\Daily Drilling Report - XML Version\15_9_F_11_T2_2013_04_20.xml,15_9_F_11_T2_2013_04_20.xml,.xml,11063,2026-09-12T01:20:23.116550,text/xml
Well_technical_data\Daily Drilling Report - XML Version\15_9_F_11_T2_2013_04_21.xml,15_9_F_11_T2_2013_04_21.xml,.xml,16356,2026-09-12T01:20:26.486001,text/xml
Well_technical_data\Daily Drilling Report - XML Version\15_9_F_11_T2_2013_04_22.xml,15_9_F_11_T2_2013_04_22.xml,.xml,13036,2026-09-12T01:20:29.846957,text/xml
Well_technical_data\Daily Drilling Report - XML Version\15_9_F_11_T2_2013_04_23.xml,15_9_F_11_T2_2013_04_23.xml,.xml,8597,2026-09-12T01:20:33.387175,text/xml
Well_technical_data\Daily Drilling Report - XML Version\15_9_F_11_T2_2013_04_24.xml,15_9_F_11_T2_2013_04_24.xml,.xml,11507,2026-09-12T01:20:36.181703,text/xml
Well_technical_data\Daily Drilling Report - XML Version\15_9_F_11_T2_2013_04_25.xml,15_9_F_11_T2_2013_04_25.xml,.xml,11898,2026-09-12T01:20:39.478800,text/xml
Well_technical_data\Daily Drilling Report - XML Version\15_9_F_11_T2_2013_04_26.xml,15_9_F_11_T2_2013_04_26.xml,.xml,9594,2026-09-12T01:20:42.698153,text/xml
Well_technical_data\Daily Drilling Report - XML Version\15_9_F_11_T2_2013_04_27.xml,15_9_F_11_T2_2013_04_27.xml,.xml,14341,2026-09-12T01:20:45.682958,text/xml
Well_technical_data\Daily Drilling Report - XML Version\15_9_F_11_T2_2013_04_28.xml,15_9_F_11_T2_2013_04_28.xml,.xml,10946,2026-09-12T01:20:49.210315,text/xml
Well_technical_data\Daily Drilling Report - XML Version\15_9_F_11_T2_2013_04_29.xml,15_9_F_11_T2_2013_04_29.xml,.xml,14195,2026-09-12T01:20:52.352861,text/xml
Well_technical_data\Daily Drilling Report - XML Version\15_9_F_11_T2_2013_04_30.xml,15_9_F_11_T2_2013_04_30.xml,.xml,12606,2026-09-12T01:20:55.331542,text/xml
Well_technical_data\Daily Drilling Report - XML Version\15_9_F_11_T2_2013_05_01.xml,15_9_F_11_T2_2013_05_01.xml,.xml,10407,2026-09-12T01:20:58.851299,text/xml
Well_technical_data\Daily Drilling Report - XML Version\15_9_F_11_T2_2013_05_02.xml,15_9_F_11_T2_2013_05_02.xml,.xml,14046,2026-09-12T01:21:02.532249,text/xml
Well_technical_data\Daily Drilling Report - XML Version\15_9_F_11_T2_2013_05_03.xml,15_9_F_11_T2_2013_05_03.xml,.xml,16448,2026-09-12T01:21:05.774274,text/xml
Well_technical_data\Daily Drilling Report - XML Version\15_9_F_11_T2_2013_05_04.xml,15_9_F_11_T2_2013_05_04.xml,.xml,18587,2026-09-12T01:21:09.270578,text/xml
Well_technical_data\Daily Drilling Report - XML Version\15_9_F_11_T2_2013_05_05.xml,15_9_F_11_T2_2013_05_05.xml,.xml,11295,2026-09-12T01:21:12.639171,text/xml
Well_technical_data\Daily Drilling Report - XML Version\15_9_F_11_T2_2013_05_06.xml,15_9_F_11_T2_2013_05_06.xml,.xml,11551,2026-09-12T01:21:15.690558,text/xml
Well_technical_data\Daily Drilling Report - XML Version\15_9_F_11_T2_2013_05_07.xml,15_9_F_11_T2_2013_05_07.xml,.xml,17563,2026-09-12T01:21:19.452779,text/xml
Well_technical_data\Daily Drilling Report - XML Version\15_9_F_11_T2_2013_05_08.xml,15_9_F_11_T2_2013_05_08.xml,.xml,9984,2026-09-12T01:21:22.852885,text/xml
Well_technical_data\Daily Drilling Report - XML Version\15_9_F_11_T2_2013_05_09.xml,15_9_F_11_T2_2013_05_09.xml,.xml,11877,2026-09-12T01:21:26.259419,text/xml
Well_technical_data\Daily Drilling Report - XML Version\15_9_F_11_T2_2013_05_10.xml,15_9_F_11_T2_2013_05_10.xml,.xml,9051,2026-09-12T01:21:29.727560,text/xml
Well_technical_data\Daily Drilling Report - XML Version\15_9_F_11_T2_2013_05_11.xml,15_9_F_11_T2_2013_05_11.xml,.xml,15035,2026-09-12T01:21:33.045514,text/xml
Well_technical_data\Daily Drilling Report - XML Version\15_9_F_11_T2_2013_05_12.xml,15_9_F_11_T2_2013_05_12.xml,.xml,9696,2026-09-12T01:21:36.460446,text/xml
Well_technical_data\Daily Drilling Report - XML Version\15_9_F_11_T2_2013_05_13.xml,15_9_F_11_T2_2013_05_13.xml,.xml,12628,2026-09-12T01:21:40.038077,text/xml
Well_technical_data\Daily Drilling Report - XML Version\15_9_F_11_T2_2013_05_14.xml,15_9_F_11_T2_2013_05_14.xml,.xml,14101,2026-09-12T01:21:43.519742,text/xml
Well_technical_data\Daily Drilling Report - XML Version\15_9_F_11_T2_2013_05_15.xml,15_9_F_11_T2_2013_05_15.xml,.xml,8630,2026-09-12T01:21:46.532269,text/xml
Well_technical_data\Daily Drilling Report - XML Version\15_9_F_12_2007_06_14.xml,15_9_F_12_2007_06_14.xml,.xml,4531,2026-09-12T01:21:49.667053,text/xml
Well_technical_data\Daily Drilling Report - XML Version\15_9_F_12_2007_06_15.xml,15_9_F_12_2007_06_15.xml,.xml,13430,2026-09-12T01:21:52.982233,text/xml
Well_technical_data\Daily Drilling Report - XML Version\15_9_F_12_2007_06_16.xml,15_9_F_12_2007_06_16.xml,.xml,14056,2026-09-12T01:21:56.416663,text/xml
Well_technical_data\Daily Drilling Report - XML Version\15_9_F_12_2007_06_17.xml,15_9_F_12_2007_06_17.xml,.xml,15555,2026-09-12T01:21:59.729584,text/xml
Well_technical_data\Daily Drilling Report - XML Version\15_9_F_12_2007_06_18.xml,15_9_F_12_2007_06_18.xml,.xml,19281,2026-09-12T01:22:03.325849,text/xml
Well_technical_data\Daily Drilling Report - XML Version\15_9_F_12_2007_06_19.xml,15_9_F_12_2007_06_19.xml,.xml,11677,2026-09-12T01:22:06.376856,text/xml
Well_technical_data\Daily Drilling Report - XML Version\15_9_F_12_2007_06_20.xml,15_9_F_12_2007_06_20.xml,.xml,9947,2026-09-12T01:22:09.720647,text/xml
Well_technical_data\Daily Drilling Report - XML Version\15_9_F_12_2007_06_21.xml,15_9_F_12_2007_06_21.xml,.xml,9123,2026-09-12T01:22:12.942286,text/xml
Well_technical_data\Daily Drilling Report - XML Version\15_9_F_12_2007_06_22.xml,15_9_F_12_2007_06_22.xml,.xml,11384,2026-09-12T01:22:16.295496,text/xml
Well_technical_data\Daily Drilling Report - XML Version\15_9_F_12_2007_06_23.xml,15_9_F_12_2007_06_23.xml,.xml,11628,2026-09-12T01:22:19.388632,text/xml
Well_technical_data\Daily Drilling Report - XML Version\15_9_F_12_2007_06_24.xml,15_9_F_12_2007_06_24.xml,.xml,6863,2026-09-12T01:22:24.562846,text/xml
Well_technical_data\Daily Drilling Report - XML Version\15_9_F_12_2007_06_25.xml,15_9_F_12_2007_06_25.xml,.xml,6059,2026-09-12T01:22:27.997435,text/xml
Well_technical_data\Daily Drilling Report - XML Version\15_9_F_12_2007_06_26.xml,15_9_F_12_2007_06_26.xml,.xml,13030,2026-09-12T01:22:31.551662,text/xml
Well_technical_data\Daily Drilling Report - XML Version\15_9_F_12_2007_06_27.xml,15_9_F_12_2007_06_27.xml,.xml,11543,2026-09-12T01:22:34.884610,text/xml
Well_technical_data\Daily Drilling Report - XML Version\15_9_F_12_2007_06_28.xml,15_9_F_12_2007_06_28.xml,.xml,15251,2026-09-12T01:22:38.763578,text/xml
Well_technical_data\Daily Drilling Report - XML Version\15_9_F_12_2007_06_29.xml,15_9_F_12_2007_06_29.xml,.xml,13661,2026-09-12T01:22:42.640205,text/xml
Well_technical_data\Daily Drilling Report - XML Version\15_9_F_12_2007_06_30.xml,15_9_F_12_2007_06_30.xml,.xml,15596,2026-09-12T01:22:45.954270,text/xml
Well_technical_data\Daily Drilling Report - XML Version\15_9_F_12_2007_07_01.xml,15_9_F_12_2007_07_01.xml,.xml,12899,2026-09-12T01:22:49.576669,text/xml
Well_technical_data\Daily Drilling Report - XML Version\15_9_F_12_2007_07_02.xml,15_9_F_12_2007_07_02.xml,.xml,11177,2026-09-12T01:22:52.829723,text/xml
Well_technical_data\Daily Drilling Report - XML Version\15_9_F_12_2007_07_03.xml,15_9_F_12_2007_07_03.xml,.xml,7129,2026-09-12T01:22:56.204073,text/xml
Well_technical_data\Daily Drilling Report - XML Version\15_9_F_12_2007_07_04.xml,15_9_F_12_2007_07_04.xml,.xml,8058,2026-09-12T01:23:00.661595,text/xml
Well_technical_data\Daily Drilling Report - XML Version\15_9_F_12_2007_07_05.xml,15_9_F_12_2007_07_05.xml,.xml,9756,2026-09-12T01:23:04.166802,text/xml
Well_technical_data\Daily Drilling Report - XML Version\15_9_F_12_2007_07_06.xml,15_9_F_12_2007_07_06.xml,.xml,11899,2026-09-12T01:23:07.910161,text/xml
Well_technical_data\Daily Drilling Report - XML Version\15_9_F_12_2007_07_07.xml,15_9_F_12_2007_07_07.xml,.xml,10592,2026-09-12T01:23:12.951735,text/xml
Well_technical_data\Daily Drilling Report - XML Version\15_9_F_12_2007_07_08.xml,15_9_F_12_2007_07_08.xml,.xml,12205,2026-09-12T01:23:16.712336,text/xml
Well_technical_data\Daily Drilling Report - XML Version\15_9_F_12_2007_07_09.xml,15_9_F_12_2007_07_09.xml,.xml,11162,2026-09-12T01:23:20.513305,text/xml
Well_technical_data\Daily Drilling Report - XML Version\15_9_F_12_2007_07_10.xml,15_9_F_12_2007_07_10.xml,.xml,7923,2026-09-12T01:23:24.091932,text/xml
Well_technical_data\Daily Drilling Report - XML Version\15_9_F_12_2007_07_11.xml,15_9_F_12_2007_07_11.xml,.xml,11853,2026-09-12T01:23:27.650418,text/xml
Well_technical_data\Daily Drilling Report - XML Version\15_9_F_12_2007_07_12.xml,15_9_F_12_2007_07_12.xml,.xml,12964,2026-09-12T01:23:30.806376,text/xml
Well_technical_data\Daily Drilling Report - XML Version\15_9_F_12_2007_07_13.xml,15_9_F_12_2007_07_13.xml,.xml,12329,2026-09-12T01:23:34.544286,text/xml
Well_technical_data\Daily Drilling Report - XML Version\15_9_F_12_2007_07_14.xml,15_9_F_12_2007_07_14.xml,.xml,13764,2026-09-12T01:23:38.310703,text/xml
Well_technical_data\Daily Drilling Report - XML Version\15_9_F_12_2007_07_15.xml,15_9_F_12_2007_07_15.xml,.xml,16677,2026-09-12T01:23:42.178269,text/xml
Well_technical_data\Daily Drilling Report - XML Version\15_9_F_12_2007_07_16.xml,15_9_F_12_2007_07_16.xml,.xml,13584,2026-09-12T01:23:45.861449,text/xml
Well_technical_data\Daily Drilling Report - XML Version\15_9_F_12_2007_07_17.xml,15_9_F_12_2007_07_17.xml,.xml,9981,2026-09-12T01:23:49.490203,text/xml
Well_technical_data\Daily Drilling Report - XML Version\15_9_F_12_2007_07_18.xml,15_9_F_12_2007_07_18.xml,.xml,13115,2026-09-12T01:23:52.607553,text/xml
Well_technical_data\Daily Drilling Report - XML Version\15_9_F_12_2007_07_19.xml,15_9_F_12_2007_07_19.xml,.xml,9257,2026-09-12T01:23:56.453164,text/xml
Well_technical_data\Daily Drilling Report - XML Version\15_9_F_12_2007_07_20.xml,15_9_F_12_2007_07_20.xml,.xml,19089,2026-09-12T01:23:59.911790,text/xml
Well_technical_data\Daily Drilling Report - XML Version\15_9_F_12_2007_07_21.xml,15_9_F_12_2007_07_21.xml,.xml,15659,2026-09-12T01:24:03.179100,text/xml
Well_technical_data\Daily Drilling Report - XML Version\15_9_F_12_2007_07_22.xml,15_9_F_12_2007_07_22.xml,.xml,17797,2026-09-12T01:24:06.628313,text/xml
Well_technical_data\Daily Drilling Report - XML Version\15_9_F_12_2007_07_23.xml,15_9_F_12_2007_07_23.xml,.xml,17058,2026-09-12T01:24:10.391673,text/xml
Well_technical_data\Daily Drilling Report - XML Version\15_9_F_12_2007_07_24.xml,15_9_F_12_2007_07_24.xml,.xml,11649,2026-09-12T01:24:13.440362,text/xml
Well_technical_data\Daily Drilling Report - XML Version\15_9_F_12_2007_07_25.xml,15_9_F_12_2007_07_25.xml,.xml,15567,2026-09-12T01:24:17.133898,text/xml
Well_technical_data\Daily Drilling Report - XML Version\15_9_F_12_2007_07_26.xml,15_9_F_12_2007_07_26.xml,.xml,12580,2026-09-12T01:24:20.009868,text/xml
Well_technical_data\Daily Drilling Report - XML Version\15_9_F_12_2007_07_27.xml,15_9_F_12_2007_07_27.xml,.xml,12092,2026-09-12T01:24:23.457636,text/xml
Well_technical_data\Daily Drilling Report - XML Version\15_9_F_12_2007_07_28.xml,15_9_F_12_2007_07_28.xml,.xml,9885,2026-09-12T01:24:26.588868,text/xml
Well_technical_data\Daily Drilling Report - XML Version\15_9_F_12_2007_07_29.xml,15_9_F_12_2007_07_29.xml,.xml,17174,2026-09-12T01:24:29.322520,text/xml
Well_technical_data\Daily Drilling Report - XML Version\15_9_F_12_2007_07_30.xml,15_9_F_12_2007_07_30.xml,.xml,17088,2026-09-12T01:24:32.996992,text/xml
Well_technical_data\Daily Drilling Report - XML Version\15_9_F_12_2007_07_31.xml,15_9_F_12_2007_07_31.xml,.xml,17594,2026-09-12T01:24:36.546730,text/xml
Well_technical_data\Daily Drilling Report - XML Version\15_9_F_12_2007_08_01.xml,15_9_F_12_2007_08_01.xml,.xml,15640,2026-09-12T01:24:40.143818,text/xml
Well_technical_data\Daily Drilling Report - XML Version\15_9_F_12_2007_08_02.xml,15_9_F_12_2007_08_02.xml,.xml,13374,2026-09-12T01:24:43.342292,text/xml
Well_technical_data\Daily Drilling Report - XML Version\15_9_F_12_2007_08_03.xml,15_9_F_12_2007_08_03.xml,.xml,7783,2026-09-12T01:24:46.330025,text/xml
Well_technical_data\Daily Drilling Report - XML Version\15_9_F_12_2007_08_04.xml,15_9_F_12_2007_08_04.xml,.xml,9043,2026-09-12T01:24:49.566098,text/xml
Well_technical_data\Daily Drilling Report - XML Version\15_9_F_12_2007_08_05.xml,15_9_F_12_2007_08_05.xml,.xml,9823,2026-09-12T01:24:52.532811,text/xml
Well_technical_data\Daily Drilling Report - XML Version\15_9_F_12_2007_08_06.xml,15_9_F_12_2007_08_06.xml,.xml,11911,2026-09-12T01:24:55.798121,text/xml
Well_technical_data\Daily Drilling Report - XML Version\15_9_F_12_2007_08_07.xml,15_9_F_12_2007_08_07.xml,.xml,8378,2026-09-12T01:24:59.301016,text/xml
Well_technical_data\Daily Drilling Report - XML Version\15_9_F_12_2007_08_08.xml,15_9_F_12_2007_08_08.xml,.xml,7827,2026-09-12T01:25:02.603638,text/xml
Well_technical_data\Daily Drilling Report - XML Version\15_9_F_12_2007_08_09.xml,15_9_F_12_2007_08_09.xml,.xml,10795,2026-09-12T01:25:05.527818,text/xml
Well_technical_data\Daily Drilling Report - XML Version\15_9_F_12_2007_08_10.xml,15_9_F_12_2007_08_10.xml,.xml,9107,2026-09-12T01:25:08.620436,text/xml
Well_technical_data\Daily Drilling Report - XML Version\15_9_F_12_2007_08_11.xml,15_9_F_12_2007_08_11.xml,.xml,7384,2026-09-12T01:25:13.428447,text/xml
Well_technical_data\Daily Drilling Report - XML Version\15_9_F_12_2007_08_12.xml,15_9_F_12_2007_08_12.xml,.xml,11977,2026-09-12T01:25:17.082498,text/xml
Well_technical_data\Daily Drilling Report - XML Version\15_9_F_12_2007_08_13.xml,15_9_F_12_2007_08_13.xml,.xml,14279,2026-09-12T01:25:20.392498,text/xml
Well_technical_data\Daily Drilling Report - XML Version\15_9_F_12_2007_08_14.xml,15_9_F_12_2007_08_14.xml,.xml,12644,2026-09-12T01:25:23.849672,text/xml
Well_technical_data\Daily Drilling Report - XML Version\15_9_F_12_2007_08_15.xml,15_9_F_12_2007_08_15.xml,.xml,11576,2026-09-12T01:25:27.444099,text/xml
Well_technical_data\Daily Drilling Report - XML Version\15_9_F_12_2007_08_16.xml,15_9_F_12_2007_08_16.xml,.xml,9874,2026-09-12T01:25:30.614578,text/xml
Well_technical_data\Daily Drilling Report - XML Version\15_9_F_12_2007_08_17.xml,15_9_F_12_2007_08_17.xml,.xml,12454,2026-09-12T01:25:33.683100,text/xml
Well_technical_data\Daily Drilling Report - XML Version\15_9_F_12_2007_08_18.xml,15_9_F_12_2007_08_18.xml,.xml,11725,2026-09-12T01:25:36.695583,text/xml
Well_technical_data\Daily Drilling Report - XML Version\15_9_F_12_2007_08_19.xml,15_9_F_12_2007_08_19.xml,.xml,9202,2026-09-12T01:25:41.353768,text/xml
Well_technical_data\Daily Drilling Report - XML Version\15_9_F_12_2007_08_20.xml,15_9_F_12_2007_08_20.xml,.xml,14378,2026-09-12T01:25:45.118083,text/xml
Well_technical_data\Daily Drilling Report - XML Version\15_9_F_12_2007_08_21.xml,15_9_F_12_2007_08_21.xml,.xml,12531,2026-09-12T01:25:48.164263,text/xml
Well_technical_data\Daily Drilling Report - XML Version\15_9_F_12_2007_08_22.xml,15_9_F_12_2007_08_22.xml,.xml,13689,2026-09-12T01:25:51.349915,text/xml
Well_technical_data\Daily Drilling Report - XML Version\15_9_F_12_2007_08_23.xml,15_9_F_12_2007_08_23.xml,.xml,12154,2026-09-12T01:25:54.663479,text/xml
Well_technical_data\Daily Drilling Report - XML Version\15_9_F_12_2007_08_24.xml,15_9_F_12_2007_08_24.xml,.xml,14153,2026-09-12T01:25:58.002001,text/xml
Well_technical_data\Daily Drilling Report - XML Version\15_9_F_12_2007_08_25.xml,15_9_F_12_2007_08_25.xml,.xml,11672,2026-09-12T01:26:01.258438,text/xml
Well_technical_data\Daily Drilling Report - XML Version\15_9_F_12_2007_08_26.xml,15_9_F_12_2007_08_26.xml,.xml,13519,2026-09-12T01:26:04.837436,text/xml
Well_technical_data\Daily Drilling Report - XML Version\15_9_F_12_2007_08_27.xml,15_9_F_12_2007_08_27.xml,.xml,11871,2026-09-12T01:26:08.137407,text/xml
Well_technical_data\Daily Drilling Report - XML Version\15_9_F_12_2007_08_28.xml,15_9_F_12_2007_08_28.xml,.xml,14705,2026-09-12T01:26:11.656376,text/xml
Well_technical_data\Daily Drilling Report - XML Version\15_9_F_12_2007_08_29.xml,15_9_F_12_2007_08_29.xml,.xml,13036,2026-09-12T01:26:14.726981,text/xml
Well_technical_data\Daily Drilling Report - XML Version\15_9_F_12_2007_08_30.xml,15_9_F_12_2007_08_30.xml,.xml,10579,2026-09-12T01:26:17.655370,text/xml
Well_technical_data\Daily Drilling Report - XML Version\15_9_F_12_2007_08_31.xml,15_9_F_12_2007_08_31.xml,.xml,14068,2026-09-12T01:26:21.154596,text/xml
Well_technical_data\Daily Drilling Report - XML Version\15_9_F_12_2007_09_01.xml,15_9_F_12_2007_09_01.xml,.xml,10433,2026-09-12T01:26:24.239572,text/xml
Well_technical_data\Daily Drilling Report - XML Version\15_9_F_12_2007_09_02.xml,15_9_F_12_2007_09_02.xml,.xml,9718,2026-09-12T01:26:27.362137,text/xml
Well_technical_data\Daily Drilling Report - XML Version\15_9_F_12_2007_09_03.xml,15_9_F_12_2007_09_03.xml,.xml,13311,2026-09-12T01:26:30.889550,text/xml
Well_technical_data\Daily Drilling Report - XML Version\15_9_F_12_2007_09_04.xml,15_9_F_12_2007_09_04.xml,.xml,10273,2026-09-12T01:26:34.371698,text/xml
Well_technical_data\Daily Drilling Report - XML Version\15_9_F_12_2007_09_05.xml,15_9_F_12_2007_09_05.xml,.xml,9876,2026-09-12T01:26:37.618942,text/xml
Well_technical_data\Daily Drilling Report - XML Version\15_9_F_12_2007_09_06.xml,15_9_F_12_2007_09_06.xml,.xml,12382,2026-09-12T01:26:41.286366,text/xml
Well_technical_data\Daily Drilling Report - XML Version\15_9_F_12_2007_09_07.xml,15_9_F_12_2007_09_07.xml,.xml,9207,2026-09-12T01:26:44.333474,text/xml
Well_technical_data\Daily Drilling Report - XML Version\15_9_F_12_2007_09_08.xml,15_9_F_12_2007_09_08.xml,.xml,9054,2026-09-12T01:26:47.640007,text/xml
Well_technical_data\Daily Drilling Report - XML Version\15_9_F_12_2007_09_09.xml,15_9_F_12_2007_09_09.xml,.xml,13256,2026-09-12T01:26:50.961187,text/xml
Well_technical_data\Daily Drilling Report - XML Version\15_9_F_12_2007_09_10.xml,15_9_F_12_2007_09_10.xml,.xml,11123,2026-09-12T01:26:53.916548,text/xml
Well_technical_data\Daily Drilling Report - XML Version\15_9_F_12_2007_09_11.xml,15_9_F_12_2007_09_11.xml,.xml,10163,2026-09-12T01:26:57.279395,text/xml
Well_technical_data\Daily Drilling Report - XML Version\15_9_F_12_2007_09_12.xml,15_9_F_12_2007_09_12.xml,.xml,11488,2026-09-12T01:27:00.077401,text/xml
Well_technical_data\Daily Drilling Report - XML Version\15_9_F_12_2007_09_13.xml,15_9_F_12_2007_09_13.xml,.xml,11034,2026-09-12T01:27:03.454147,text/xml
Well_technical_data\Daily Drilling Report - XML Version\15_9_F_12_2007_09_14.xml,15_9_F_12_2007_09_14.xml,.xml,12790,2026-09-12T01:27:06.626563,text/xml
Well_technical_data\Daily Drilling Report - XML Version\15_9_F_12_2007_09_15.xml,15_9_F_12_2007_09_15.xml,.xml,10232,2026-09-12T01:27:09.831500,text/xml
Well_technical_data\Daily Drilling Report - XML Version\15_9_F_12_2007_10_12.xml,15_9_F_12_2007_10_12.xml,.xml,4512,2026-09-12T01:27:13.123590,text/xml
Well_technical_data\Daily Drilling Report - XML Version\15_9_F_12_2007_12_31.xml,15_9_F_12_2007_12_31.xml,.xml,9447,2026-09-12T01:27:16.316840,text/xml
Well_technical_data\Daily Drilling Report - XML Version\15_9_F_12_2008_01_01.xml,15_9_F_12_2008_01_01.xml,.xml,14505,2026-09-12T01:27:19.157424,text/xml
Well_technical_data\Daily Drilling Report - XML Version\15_9_F_12_2008_01_02.xml,15_9_F_12_2008_01_02.xml,.xml,18275,2026-09-12T01:27:22.740206,text/xml
Well_technical_data\Daily Drilling Report - XML Version\15_9_F_12_2008_01_03.xml,15_9_F_12_2008_01_03.xml,.xml,16070,2026-09-12T01:27:27.489513,text/xml
Well_technical_data\Daily Drilling Report - XML Version\15_9_F_12_2008_01_04.xml,15_9_F_12_2008_01_04.xml,.xml,14893,2026-09-12T01:27:30.705546,text/xml
Well_technical_data\Daily Drilling Report - XML Version\15_9_F_12_2008_01_05.xml,15_9_F_12_2008_01_05.xml,.xml,10119,2026-09-12T01:27:33.817336,text/xml
Well_technical_data\Daily Drilling Report - XML Version\15_9_F_12_2008_01_06.xml,15_9_F_12_2008_01_06.xml,.xml,8967,2026-09-12T01:27:37.028367,text/xml
Well_technical_data\Daily Drilling Report - XML Version\15_9_F_12_2008_01_07.xml,15_9_F_12_2008_01_07.xml,.xml,8958,2026-09-12T01:27:40.630005,text/xml
Well_technical_data\Daily Drilling Report - XML Version\15_9_F_12_2008_01_08.xml,15_9_F_12_2008_01_08.xml,.xml,8696,2026-09-12T01:27:44.189656,text/xml
Well_technical_data\Daily Drilling Report - XML Version\15_9_F_12_2008_01_09.xml,15_9_F_12_2008_01_09.xml,.xml,7893,2026-09-12T01:27:47.459217,text/xml
Well_technical_data\Daily Drilling Report - XML Version\15_9_F_12_2008_01_10.xml,15_9_F_12_2008_01_10.xml,.xml,5734,2026-09-12T01:27:50.502399,text/xml
Well_technical_data\Daily Drilling Report - XML Version\15_9_F_12_2008_01_11.xml,15_9_F_12_2008_01_11.xml,.xml,9899,2026-09-12T01:27:54.278153,text/xml
Well_technical_data\Daily Drilling Report - XML Version\15_9_F_12_2008_01_12.xml,15_9_F_12_2008_01_12.xml,.xml,13027,2026-09-12T01:27:57.750721,text/xml
Well_technical_data\Daily Drilling Report - XML Version\15_9_F_12_2008_01_13.xml,15_9_F_12_2008_01_13.xml,.xml,14404,2026-09-12T01:28:00.919049,text/xml
Well_technical_data\Daily Drilling Report - XML Version\15_9_F_12_2008_01_14.xml,15_9_F_12_2008_01_14.xml,.xml,17699,2026-09-12T01:28:04.372697,text/xml
Well_technical_data\Daily Drilling Report - XML Version\15_9_F_12_2008_01_15.xml,15_9_F_12_2008_01_15.xml,.xml,18707,2026-09-12T01:28:07.837293,text/xml
Well_technical_data\Daily Drilling Report - XML Version\15_9_F_12_2008_01_16.xml,15_9_F_12_2008_01_16.xml,.xml,12491,2026-09-12T01:28:11.132721,text/xml
Well_technical_data\Daily Drilling Report - XML Version\15_9_F_12_2008_01_17.xml,15_9_F_12_2008_01_17.xml,.xml,9143,2026-09-12T01:28:14.309655,text/xml
Well_technical_data\Daily Drilling Report - XML Version\15_9_F_12_2008_01_18.xml,15_9_F_12_2008_01_18.xml,.xml,12463,2026-09-12T01:28:17.577870,text/xml
Well_technical_data\Daily Drilling Report - XML Version\15_9_F_12_2008_01_19.xml,15_9_F_12_2008_01_19.xml,.xml,6952,2026-09-12T01:28:20.936899,text/xml
Well_technical_data\Daily Drilling Report - XML Version\15_9_F_12_2008_01_20.xml,15_9_F_12_2008_01_20.xml,.xml,11242,2026-09-12T01:28:24.033510,text/xml
Well_technical_data\Daily Drilling Report - XML Version\15_9_F_12_2008_01_21.xml,15_9_F_12_2008_01_21.xml,.xml,6257,2026-09-12T01:28:27.068336,text/xml
Well_technical_data\Daily Drilling Report - XML Version\15_9_F_12_2008_01_22.xml,15_9_F_12_2008_01_22.xml,.xml,8692,2026-09-12T01:28:30.253805,text/xml
Well_technical_data\Daily Drilling Report - XML Version\15_9_F_12_2008_01_23.xml,15_9_F_12_2008_01_23.xml,.xml,10930,2026-09-12T01:28:33.068927,text/xml
Well_technical_data\Daily Drilling Report - XML Version\15_9_F_12_2008_01_24.xml,15_9_F_12_2008_01_24.xml,.xml,8333,2026-09-12T01:28:35.875855,text/xml
Well_technical_data\Daily Drilling Report - XML Version\15_9_F_12_2008_01_25.xml,15_9_F_12_2008_01_25.xml,.xml,8262,2026-09-12T01:28:39.152576,text/xml
Well_technical_data\Daily Drilling Report - XML Version\15_9_F_12_2008_01_26.xml,15_9_F_12_2008_01_26.xml,.xml,9227,2026-09-12T01:28:43.346272,text/xml
Well_technical_data\Daily Drilling Report - XML Version\15_9_F_12_2008_01_27.xml,15_9_F_12_2008_01_27.xml,.xml,7293,2026-09-12T01:28:46.768748,text/xml
Well_technical_data\Daily Drilling Report - XML Version\15_9_F_12_2008_01_28.xml,15_9_F_12_2008_01_28.xml,.xml,6754,2026-09-12T01:28:50.050020,text/xml
Well_technical_data\Daily Drilling Report - XML Version\15_9_F_12_2008_01_29.xml,15_9_F_12_2008_01_29.xml,.xml,9975,2026-09-12T01:28:53.634789,text/xml
Well_technical_data\Daily Drilling Report - XML Version\15_9_F_12_2008_01_30.xml,15_9_F_12_2008_01_30.xml,.xml,11169,2026-09-12T01:28:57.191209,text/xml
Well_technical_data\Daily Drilling Report - XML Version\15_9_F_12_2008_01_31.xml,15_9_F_12_2008_01_31.xml,.xml,12019,2026-09-12T01:29:00.849813,text/xml
Well_technical_data\Daily Drilling Report - XML Version\15_9_F_12_2008_02_01.xml,15_9_F_12_2008_02_01.xml,.xml,10825,2026-09-12T01:29:04.241786,text/xml
Well_technical_data\Daily Drilling Report - XML Version\15_9_F_12_2008_02_02.xml,15_9_F_12_2008_02_02.xml,.xml,13517,2026-09-12T01:29:07.693691,text/xml
Well_technical_data\Daily Drilling Report - XML Version\15_9_F_12_2008_02_03.xml,15_9_F_12_2008_02_03.xml,.xml,12902,2026-09-12T01:29:11.025018,text/xml
Well_technical_data\Daily Drilling Report - XML Version\15_9_F_12_2008_02_04.xml,15_9_F_12_2008_02_04.xml,.xml,8797,2026-09-12T01:29:14.499247,text/xml
Well_technical_data\Daily Drilling Report - XML Version\15_9_F_12_2008_02_05.xml,15_9_F_12_2008_02_05.xml,.xml,12293,2026-09-12T01:29:18.451955,text/xml
Well_technical_data\Daily Drilling Report - XML Version\15_9_F_12_2008_02_12.xml,15_9_F_12_2008_02_12.xml,.xml,10753,2026-09-12T01:29:21.727802,text/xml
Well_technical_data\Daily Drilling Report - XML Version\15_9_F_12_2009_03_14.xml,15_9_F_12_2009_03_14.xml,.xml,5400,2026-09-12T01:29:24.989475,text/xml
Well_technical_data\Daily Drilling Report - XML Version\15_9_F_12_2009_03_15.xml,15_9_F_12_2009_03_15.xml,.xml,16614,2026-09-12T01:29:28.839120,text/xml
Well_technical_data\Daily Drilling Report - XML Version\15_9_F_12_2009_03_16.xml,15_9_F_12_2009_03_16.xml,.xml,13258,2026-09-12T01:29:31.905307,text/xml
Well_technical_data\Daily Drilling Report - XML Version\15_9_F_12_2009_03_17.xml,15_9_F_12_2009_03_17.xml,.xml,15133,2026-09-12T01:29:35.057080,text/xml
Well_technical_data\Daily Drilling Report - XML Version\15_9_F_12_2009_03_18.xml,15_9_F_12_2009_03_18.xml,.xml,11176,2026-09-12T01:29:38.839687,text/xml
Well_technical_data\Daily Drilling Report - XML Version\15_9_F_12_2010_09_21.xml,15_9_F_12_2010_09_21.xml,.xml,5211,2026-09-12T01:29:42.379923,text/xml
Well_technical_data\Daily Drilling Report - XML Version\15_9_F_12_2010_09_22.xml,15_9_F_12_2010_09_22.xml,.xml,11146,2026-09-12T01:29:45.628394,text/xml
Well_technical_data\Daily Drilling Report - XML Version\15_9_F_12_2010_09_23.xml,15_9_F_12_2010_09_23.xml,.xml,10500,2026-09-12T01:29:48.790327,text/xml
Well_technical_data\Daily Drilling Report - XML Version\15_9_F_12_2010_09_24.xml,15_9_F_12_2010_09_24.xml,.xml,9498,2026-09-12T01:29:51.910568,text/xml
Well_technical_data\Daily Drilling Report - XML Version\15_9_F_12_2014_11_23.xml,15_9_F_12_2014_11_23.xml,.xml,4188,2026-09-12T01:29:55.375699,text/xml
Well_technical_data\Daily Drilling Report - XML Version\15_9_F_12_2014_11_24.xml,15_9_F_12_2014_11_24.xml,.xml,7489,2026-09-12T01:29:58.471181,text/xml
Well_technical_data\Daily Drilling Report - XML Version\15_9_F_12_2014_11_25.xml,15_9_F_12_2014_11_25.xml,.xml,10149,2026-09-12T01:30:01.884670,text/xml
Well_technical_data\Daily Drilling Report - XML Version\15_9_F_12_2014_11_26.xml,15_9_F_12_2014_11_26.xml,.xml,14494,2026-09-12T01:30:05.098156,text/xml
Well_technical_data\Daily Drilling Report - XML Version\15_9_F_12_2014_11_27.xml,15_9_F_12_2014_11_27.xml,.xml,14265,2026-09-12T01:30:08.226089,text/xml
Well_technical_data\Daily Drilling Report - XML Version\15_9_F_12_2014_11_28.xml,15_9_F_12_2014_11_28.xml,.xml,7535,2026-09-12T01:30:11.168157,text/xml
Well_technical_data\Daily Drilling Report - XML Version\15_9_F_12_2016_08_15.xml,15_9_F_12_2016_08_15.xml,.xml,6046,2026-09-12T01:30:14.591845,text/xml
Well_technical_data\Daily Drilling Report - XML Version\15_9_F_12_2016_08_16.xml,15_9_F_12_2016_08_16.xml,.xml,15975,2026-09-12T01:30:18.514670,text/xml
Well_technical_data\Daily Drilling Report - XML Version\15_9_F_12_2016_08_17.xml,15_9_F_12_2016_08_17.xml,.xml,20317,2026-09-12T01:30:22.003880,text/xml
Well_technical_data\Daily Drilling Report - XML Version\15_9_F_12_2016_08_18.xml,15_9_F_12_2016_08_18.xml,.xml,24474,2026-09-12T01:30:26.061200,text/xml
Well_technical_data\Daily Drilling Report - XML Version\15_9_F_12_2016_08_19.xml,15_9_F_12_2016_08_19.xml,.xml,17443,2026-09-12T01:30:29.702603,text/xml
Well_technical_data\Daily Drilling Report - XML Version\15_9_F_12_2016_08_20.xml,15_9_F_12_2016_08_20.xml,.xml,20088,2026-09-12T01:30:33.853256,text/xml
Well_technical_data\Daily Drilling Report - XML Version\15_9_F_12_2016_08_21.xml,15_9_F_12_2016_08_21.xml,.xml,26382,2026-09-12T01:30:37.332061,text/xml
Well_technical_data\Daily Drilling Report - XML Version\15_9_F_12_2016_08_22.xml,15_9_F_12_2016_08_22.xml,.xml,20993,2026-09-12T01:30:40.380111,text/xml
Well_technical_data\Daily Drilling Report - XML Version\15_9_F_12_2016_08_23.xml,15_9_F_12_2016_08_23.xml,.xml,19460,2026-09-12T01:30:43.920635,text/xml
Well_technical_data\Daily Drilling Report - XML Version\15_9_F_12_2016_08_24.xml,15_9_F_12_2016_08_24.xml,.xml,19346,2026-09-12T01:30:47.250192,text/xml
Well_technical_data\Daily Drilling Report - XML Version\15_9_F_12_2016_08_25.xml,15_9_F_12_2016_08_25.xml,.xml,14730,2026-09-12T01:30:50.573009,text/xml
Well_technical_data\Daily Drilling Report - XML Version\15_9_F_12_2016_08_26.xml,15_9_F_12_2016_08_26.xml,.xml,18071,2026-09-12T01:30:54.046308,text/xml
Well_technical_data\Daily Drilling Report - XML Version\15_9_F_12_2016_08_27.xml,15_9_F_12_2016_08_27.xml,.xml,21210,2026-09-12T01:30:57.690889,text/xml
Well_technical_data\Daily Drilling Report - XML Version\15_9_F_12_2016_08_28.xml,15_9_F_12_2016_08_28.xml,.xml,11767,2026-09-12T01:31:00.891327,text/xml
Well_technical_data\Daily Drilling Report - XML Version\15_9_F_12_2016_08_29.xml,15_9_F_12_2016_08_29.xml,.xml,12880,2026-09-12T01:31:04.076029,text/xml
Well_technical_data\Daily Drilling Report - XML Version\15_9_F_12_2016_10_20.xml,15_9_F_12_2016_10_20.xml,.xml,14750,2026-09-12T01:31:07.609831,text/xml
Well_technical_data\Daily Drilling Report - XML Version\15_9_F_12_2016_10_21.xml,15_9_F_12_2016_10_21.xml,.xml,9448,2026-09-12T01:31:15.223217,text/xml
Well_technical_data\Daily Drilling Report - XML Version\15_9_F_14_2007_11_06.xml,15_9_F_14_2007_11_06.xml,.xml,6413,2026-09-12T01:31:18.285008,text/xml
Well_technical_data\Daily Drilling Report - XML Version\15_9_F_14_2007_11_07.xml,15_9_F_14_2007_11_07.xml,.xml,11163,2026-09-12T01:31:21.943796,text/xml
Well_technical_data\Daily Drilling Report - XML Version\15_9_F_14_2007_11_08.xml,15_9_F_14_2007_11_08.xml,.xml,12665,2026-09-12T01:31:25.488578,text/xml
Well_technical_data\Daily Drilling Report - XML Version\15_9_F_14_2007_11_09.xml,15_9_F_14_2007_11_09.xml,.xml,8394,2026-09-12T01:31:28.782696,text/xml
Well_technical_data\Daily Drilling Report - XML Version\15_9_F_14_2007_11_10.xml,15_9_F_14_2007_11_10.xml,.xml,5491,2026-09-12T01:31:32.147379,text/xml
Well_technical_data\Daily Drilling Report - XML Version\15_9_F_14_2007_11_11.xml,15_9_F_14_2007_11_11.xml,.xml,9024,2026-09-12T01:31:34.985613,text/xml
Well_technical_data\Daily Drilling Report - XML Version\15_9_F_14_2007_11_12.xml,15_9_F_14_2007_11_12.xml,.xml,13804,2026-09-12T01:31:38.909166,text/xml
Well_technical_data\Daily Drilling Report - XML Version\15_9_F_14_2007_11_13.xml,15_9_F_14_2007_11_13.xml,.xml,9121,2026-09-12T01:31:42.483486,text/xml
Well_technical_data\Daily Drilling Report - XML Version\15_9_F_14_2007_11_14.xml,15_9_F_14_2007_11_14.xml,.xml,12258,2026-09-12T01:31:45.479774,text/xml
Well_technical_data\Daily Drilling Report - XML Version\15_9_F_14_2007_11_15.xml,15_9_F_14_2007_11_15.xml,.xml,16398,2026-09-12T01:31:48.768304,text/xml
Well_technical_data\Daily Drilling Report - XML Version\15_9_F_14_2007_11_16.xml,15_9_F_14_2007_11_16.xml,.xml,3498,2026-09-12T01:31:52.174052,text/xml
Well_technical_data\Daily Drilling Report - XML Version\15_9_F_14_2007_12_04.xml,15_9_F_14_2007_12_04.xml,.xml,3557,2026-09-12T01:31:55.495263,text/xml
Well_technical_data\Daily Drilling Report - XML Version\15_9_F_14_2007_12_05.xml,15_9_F_14_2007_12_05.xml,.xml,14792,2026-09-12T01:31:58.898596,text/xml
Well_technical_data\Daily Drilling Report - XML Version\15_9_F_14_2007_12_06.xml,15_9_F_14_2007_12_06.xml,.xml,18405,2026-09-12T01:32:02.224132,text/xml
Well_technical_data\Daily Drilling Report - XML Version\15_9_F_14_2007_12_07.xml,15_9_F_14_2007_12_07.xml,.xml,11709,2026-09-12T01:32:05.432970,text/xml
Well_technical_data\Daily Drilling Report - XML Version\15_9_F_14_2007_12_08.xml,15_9_F_14_2007_12_08.xml,.xml,9381,2026-09-12T01:32:08.684748,text/xml
Well_technical_data\Daily Drilling Report - XML Version\15_9_F_14_2007_12_09.xml,15_9_F_14_2007_12_09.xml,.xml,11618,2026-09-12T01:32:12.042863,text/xml
Well_technical_data\Daily Drilling Report - XML Version\15_9_F_14_2007_12_10.xml,15_9_F_14_2007_12_10.xml,.xml,10996,2026-09-12T01:32:15.193412,text/xml
Well_technical_data\Daily Drilling Report - XML Version\15_9_F_14_2007_12_11.xml,15_9_F_14_2007_12_11.xml,.xml,8178,2026-09-12T01:32:18.500231,text/xml
Well_technical_data\Daily Drilling Report - XML Version\15_9_F_14_2007_12_12.xml,15_9_F_14_2007_12_12.xml,.xml,14216,2026-09-12T01:32:22.097540,text/xml
Well_technical_data\Daily Drilling Report - XML Version\15_9_F_14_2008_04_27.xml,15_9_F_14_2008_04_27.xml,.xml,7096,2026-09-12T01:32:25.806967,text/xml
Well_technical_data\Daily Drilling Report - XML Version\15_9_F_14_2008_04_28.xml,15_9_F_14_2008_04_28.xml,.xml,8146,2026-09-12T01:32:28.958976,text/xml
Well_technical_data\Daily Drilling Report - XML Version\15_9_F_14_2008_04_29.xml,15_9_F_14_2008_04_29.xml,.xml,9723,2026-09-12T01:32:32.120859,text/xml
Well_technical_data\Daily Drilling Report - XML Version\15_9_F_14_2008_04_30.xml,15_9_F_14_2008_04_30.xml,.xml,11106,2026-09-12T01:32:35.140196,text/xml
Well_technical_data\Daily Drilling Report - XML Version\15_9_F_14_2008_05_01.xml,15_9_F_14_2008_05_01.xml,.xml,7689,2026-09-12T01:32:38.643255,text/xml
Well_technical_data\Daily Drilling Report - XML Version\15_9_F_14_2008_05_11.xml,15_9_F_14_2008_05_11.xml,.xml,15265,2026-09-12T01:32:41.811524,text/xml
Well_technical_data\Daily Drilling Report - XML Version\15_9_F_14_2008_05_12.xml,15_9_F_14_2008_05_12.xml,.xml,16613,2026-09-12T01:32:45.143673,text/xml
Well_technical_data\Daily Drilling Report - XML Version\15_9_F_14_2008_05_13.xml,15_9_F_14_2008_05_13.xml,.xml,16086,2026-09-12T01:32:48.518507,text/xml
Well_technical_data\Daily Drilling Report - XML Version\15_9_F_14_2008_05_14.xml,15_9_F_14_2008_05_14.xml,.xml,12942,2026-09-12T01:32:51.655815,text/xml
Well_technical_data\Daily Drilling Report - XML Version\15_9_F_14_2008_05_15.xml,15_9_F_14_2008_05_15.xml,.xml,17152,2026-09-12T01:32:55.177303,text/xml
Well_technical_data\Daily Drilling Report - XML Version\15_9_F_14_2008_05_16.xml,15_9_F_14_2008_05_16.xml,.xml,17893,2026-09-12T01:32:59.005056,text/xml
Well_technical_data\Daily Drilling Report - XML Version\15_9_F_14_2008_05_17.xml,15_9_F_14_2008_05_17.xml,.xml,17524,2026-09-12T01:33:02.814597,text/xml
Well_technical_data\Daily Drilling Report - XML Version\15_9_F_14_2008_05_18.xml,15_9_F_14_2008_05_18.xml,.xml,8050,2026-09-12T01:33:06.007547,text/xml
Well_technical_data\Daily Drilling Report - XML Version\15_9_F_14_2008_05_19.xml,15_9_F_14_2008_05_19.xml,.xml,19386,2026-09-12T01:33:09.219463,text/xml
Well_technical_data\Daily Drilling Report - XML Version\15_9_F_14_2008_05_20.xml,15_9_F_14_2008_05_20.xml,.xml,19534,2026-09-12T01:33:12.730300,text/xml
Well_technical_data\Daily Drilling Report - XML Version\15_9_F_14_2008_05_21.xml,15_9_F_14_2008_05_21.xml,.xml,13160,2026-09-12T01:33:16.455286,text/xml
Well_technical_data\Daily Drilling Report - XML Version\15_9_F_14_2008_05_22.xml,15_9_F_14_2008_05_22.xml,.xml,16921,2026-09-12T01:33:20.012373,text/xml
Well_technical_data\Daily Drilling Report - XML Version\15_9_F_14_2008_05_23.xml,15_9_F_14_2008_05_23.xml,.xml,16154,2026-09-12T01:33:23.403210,text/xml
Well_technical_data\Daily Drilling Report - XML Version\15_9_F_14_2008_05_24.xml,15_9_F_14_2008_05_24.xml,.xml,15033,2026-09-12T01:33:26.768426,text/xml
Well_technical_data\Daily Drilling Report - XML Version\15_9_F_14_2008_05_25.xml,15_9_F_14_2008_05_25.xml,.xml,13768,2026-09-12T01:33:30.361307,text/xml
Well_technical_data\Daily Drilling Report - XML Version\15_9_F_14_2008_05_26.xml,15_9_F_14_2008_05_26.xml,.xml,12314,2026-09-12T01:33:33.360926,text/xml
Well_technical_data\Daily Drilling Report - XML Version\15_9_F_14_2008_05_27.xml,15_9_F_14_2008_05_27.xml,.xml,11027,2026-09-12T01:33:36.720276,text/xml
Well_technical_data\Daily Drilling Report - XML Version\15_9_F_14_2008_05_28.xml,15_9_F_14_2008_05_28.xml,.xml,14387,2026-09-12T01:33:40.050421,text/xml
Well_technical_data\Daily Drilling Report - XML Version\15_9_F_14_2008_05_29.xml,15_9_F_14_2008_05_29.xml,.xml,12114,2026-09-12T01:33:42.927303,text/xml
Well_technical_data\Daily Drilling Report - XML Version\15_9_F_14_2008_05_30.xml,15_9_F_14_2008_05_30.xml,.xml,15273,2026-09-12T01:33:46.353491,text/xml
Well_technical_data\Daily Drilling Report - XML Version\15_9_F_14_2008_05_31.xml,15_9_F_14_2008_05_31.xml,.xml,9619,2026-09-12T01:33:49.848835,text/xml
Well_technical_data\Daily Drilling Report - XML Version\15_9_F_14_2008_06_01.xml,15_9_F_14_2008_06_01.xml,.xml,13445,2026-09-12T01:33:53.332392,text/xml
Well_technical_data\Daily Drilling Report - XML Version\15_9_F_14_2008_06_02.xml,15_9_F_14_2008_06_02.xml,.xml,10251,2026-09-12T01:33:56.305089,text/xml
Well_technical_data\Daily Drilling Report - XML Version\15_9_F_14_2008_06_03.xml,15_9_F_14_2008_06_03.xml,.xml,12962,2026-09-12T01:33:59.256998,text/xml
Well_technical_data\Daily Drilling Report - XML Version\15_9_F_14_2008_06_04.xml,15_9_F_14_2008_06_04.xml,.xml,14176,2026-09-12T01:34:02.384414,text/xml
Well_technical_data\Daily Drilling Report - XML Version\15_9_F_14_2008_06_05.xml,15_9_F_14_2008_06_05.xml,.xml,12754,2026-09-12T01:34:05.124799,text/xml
Well_technical_data\Daily Drilling Report - XML Version\15_9_F_14_2008_06_06.xml,15_9_F_14_2008_06_06.xml,.xml,16266,2026-09-12T01:34:08.373092,text/xml
Well_technical_data\Daily Drilling Report - XML Version\15_9_F_14_2008_06_07.xml,15_9_F_14_2008_06_07.xml,.xml,16664,2026-09-12T01:34:11.730644,text/xml
Well_technical_data\Daily Drilling Report - XML Version\15_9_F_14_2008_06_08.xml,15_9_F_14_2008_06_08.xml,.xml,11704,2026-09-12T01:34:14.966592,text/xml
Well_technical_data\Daily Drilling Report - XML Version\15_9_F_14_2008_06_09.xml,15_9_F_14_2008_06_09.xml,.xml,18327,2026-09-12T01:34:18.290699,text/xml
Well_technical_data\Daily Drilling Report - XML Version\15_9_F_14_2008_06_10.xml,15_9_F_14_2008_06_10.xml,.xml,15186,2026-09-12T01:34:21.404979,text/xml
Well_technical_data\Daily Drilling Report - XML Version\15_9_F_14_2008_06_11.xml,15_9_F_14_2008_06_11.xml,.xml,18125,2026-09-12T01:34:24.784806,text/xml
Well_technical_data\Daily Drilling Report - XML Version\15_9_F_14_2008_06_12.xml,15_9_F_14_2008_06_12.xml,.xml,14986,2026-09-12T01:34:28.247223,text/xml
Well_technical_data\Daily Drilling Report - XML Version\15_9_F_14_2008_06_13.xml,15_9_F_14_2008_06_13.xml,.xml,22181,2026-09-12T01:34:31.660087,text/xml
Well_technical_data\Daily Drilling Report - XML Version\15_9_F_14_2008_06_14.xml,15_9_F_14_2008_06_14.xml,.xml,28588,2026-09-12T01:34:35.069982,text/xml
Well_technical_data\Daily Drilling Report - XML Version\15_9_F_14_2008_06_15.xml,15_9_F_14_2008_06_15.xml,.xml,26782,2026-09-12T01:34:40.265858,text/xml
Well_technical_data\Daily Drilling Report - XML Version\15_9_F_14_2008_06_16.xml,15_9_F_14_2008_06_16.xml,.xml,17390,2026-09-12T01:34:43.844928,text/xml
Well_technical_data\Daily Drilling Report - XML Version\15_9_F_14_2008_06_17.xml,15_9_F_14_2008_06_17.xml,.xml,17527,2026-09-12T01:34:47.582954,text/xml
Well_technical_data\Daily Drilling Report - XML Version\15_9_F_14_2008_06_18.xml,15_9_F_14_2008_06_18.xml,.xml,20814,2026-09-12T01:34:51.080582,text/xml
Well_technical_data\Daily Drilling Report - XML Version\15_9_F_14_2008_06_19.xml,15_9_F_14_2008_06_19.xml,.xml,18835,2026-09-12T01:34:54.511672,text/xml
Well_technical_data\Daily Drilling Report - XML Version\15_9_F_14_2008_06_20.xml,15_9_F_14_2008_06_20.xml,.xml,17586,2026-09-12T01:34:58.262737,text/xml
Well_technical_data\Daily Drilling Report - XML Version\15_9_F_14_2008_06_21.xml,15_9_F_14_2008_06_21.xml,.xml,18770,2026-09-12T01:35:01.623763,text/xml
Well_technical_data\Daily Drilling Report - XML Version\15_9_F_14_2008_06_22.xml,15_9_F_14_2008_06_22.xml,.xml,14892,2026-09-12T01:35:05.384177,text/xml
Well_technical_data\Daily Drilling Report - XML Version\15_9_F_14_2008_06_23.xml,15_9_F_14_2008_06_23.xml,.xml,16339,2026-09-12T01:35:08.453497,text/xml
Well_technical_data\Daily Drilling Report - XML Version\15_9_F_14_2008_06_24.xml,15_9_F_14_2008_06_24.xml,.xml,10072,2026-09-12T01:35:11.281966,text/xml
Well_technical_data\Daily Drilling Report - XML Version\15_9_F_14_2008_06_25.xml,15_9_F_14_2008_06_25.xml,.xml,12290,2026-09-12T01:35:15.022479,text/xml
Well_technical_data\Daily Drilling Report - XML Version\15_9_F_14_2008_06_26.xml,15_9_F_14_2008_06_26.xml,.xml,12968,2026-09-12T01:35:18.100642,text/xml
Well_technical_data\Daily Drilling Report - XML Version\15_9_F_14_2008_06_27.xml,15_9_F_14_2008_06_27.xml,.xml,14139,2026-09-12T01:35:21.288722,text/xml
Well_technical_data\Daily Drilling Report - XML Version\15_9_F_14_2008_06_28.xml,15_9_F_14_2008_06_28.xml,.xml,20670,2026-09-12T01:35:24.817371,text/xml
Well_technical_data\Daily Drilling Report - XML Version\15_9_F_14_2008_06_29.xml,15_9_F_14_2008_06_29.xml,.xml,14384,2026-09-12T01:35:28.226643,text/xml
Well_technical_data\Daily Drilling Report - XML Version\15_9_F_14_2008_06_30.xml,15_9_F_14_2008_06_30.xml,.xml,12425,2026-09-12T01:35:31.434910,text/xml
Well_technical_data\Daily Drilling Report - XML Version\15_9_F_14_2008_07_01.xml,15_9_F_14_2008_07_01.xml,.xml,13329,2026-09-12T01:35:34.658950,text/xml
Well_technical_data\Daily Drilling Report - XML Version\15_9_F_14_2008_07_02.xml,15_9_F_14_2008_07_02.xml,.xml,6339,2026-09-12T01:35:38.229720,text/xml
Well_technical_data\Daily Drilling Report - XML Version\15_9_F_14_2008_07_03.xml,15_9_F_14_2008_07_03.xml,.xml,5200,2026-09-12T01:35:41.427378,text/xml
Well_technical_data\Daily Drilling Report - XML Version\15_9_F_14_2008_07_04.xml,15_9_F_14_2008_07_04.xml,.xml,13074,2026-09-12T01:35:44.900327,text/xml
Well_technical_data\Daily Drilling Report - XML Version\15_9_F_14_2008_07_05.xml,15_9_F_14_2008_07_05.xml,.xml,8930,2026-09-12T01:35:47.949054,text/xml
Well_technical_data\Daily Drilling Report - XML Version\15_9_F_14_2008_07_06.xml,15_9_F_14_2008_07_06.xml,.xml,16262,2026-09-12T01:35:51.437219,text/xml
Well_technical_data\Daily Drilling Report - XML Version\15_9_F_14_2008_07_07.xml,15_9_F_14_2008_07_07.xml,.xml,16197,2026-09-12T01:35:54.900489,text/xml
Well_technical_data\Daily Drilling Report - XML Version\15_9_F_14_2008_07_08.xml,15_9_F_14_2008_07_08.xml,.xml,18071,2026-09-12T01:35:58.217155,text/xml
Well_technical_data\Daily Drilling Report - XML Version\15_9_F_14_2008_07_09.xml,15_9_F_14_2008_07_09.xml,.xml,15432,2026-09-12T01:36:01.558983,text/xml
Well_technical_data\Daily Drilling Report - XML Version\15_9_F_14_2008_07_10.xml,15_9_F_14_2008_07_10.xml,.xml,17288,2026-09-12T01:36:04.920838,text/xml
Well_technical_data\Daily Drilling Report - XML Version\15_9_F_14_2008_07_11.xml,15_9_F_14_2008_07_11.xml,.xml,10326,2026-09-12T01:36:08.136292,text/xml
Well_technical_data\Daily Drilling Report - XML Version\15_9_F_14_2009_03_07.xml,15_9_F_14_2009_03_07.xml,.xml,6015,2026-09-12T01:36:11.612611,text/xml
Well_technical_data\Daily Drilling Report - XML Version\15_9_F_14_2009_03_08.xml,15_9_F_14_2009_03_08.xml,.xml,4660,2026-09-12T01:36:14.626299,text/xml
Well_technical_data\Daily Drilling Report - XML Version\15_9_F_14_2009_03_09.xml,15_9_F_14_2009_03_09.xml,.xml,8573,2026-09-12T01:36:17.629443,text/xml
Well_technical_data\Daily Drilling Report - XML Version\15_9_F_14_2009_03_10.xml,15_9_F_14_2009_03_10.xml,.xml,17726,2026-09-12T01:36:21.272479,text/xml
Well_technical_data\Daily Drilling Report - XML Version\15_9_F_14_2009_03_11.xml,15_9_F_14_2009_03_11.xml,.xml,17444,2026-09-12T01:36:24.527031,text/xml
Well_technical_data\Daily Drilling Report - XML Version\15_9_F_14_2009_03_12.xml,15_9_F_14_2009_03_12.xml,.xml,12928,2026-09-12T01:36:27.714100,text/xml
Well_technical_data\Daily Drilling Report - XML Version\15_9_F_14_2009_03_13.xml,15_9_F_14_2009_03_13.xml,.xml,6862,2026-09-12T01:36:30.791582,text/xml
Well_technical_data\Daily Drilling Report - XML Version\15_9_F_14_2009_03_14.xml,15_9_F_14_2009_03_14.xml,.xml,10962,2026-09-12T01:36:34.091057,text/xml
Well_technical_data\Daily Drilling Report - XML Version\15_9_F_14_2010_09_11.xml,15_9_F_14_2010_09_11.xml,.xml,4181,2026-09-12T01:36:37.395563,text/xml
Well_technical_data\Daily Drilling Report - XML Version\15_9_F_14_2010_09_12.xml,15_9_F_14_2010_09_12.xml,.xml,7727,2026-09-12T01:36:41.500889,text/xml
Well_technical_data\Daily Drilling Report - XML Version\15_9_F_14_2010_09_13.xml,15_9_F_14_2010_09_13.xml,.xml,12133,2026-09-12T01:36:44.688165,text/xml
Well_technical_data\Daily Drilling Report - XML Version\15_9_F_14_2010_09_14.xml,15_9_F_14_2010_09_14.xml,.xml,11506,2026-09-12T01:36:47.857061,text/xml
Well_technical_data\Daily Drilling Report - XML Version\15_9_F_14_2010_09_15.xml,15_9_F_14_2010_09_15.xml,.xml,5695,2026-09-12T01:36:51.051732,text/xml
Well_technical_data\Daily Drilling Report - XML Version\15_9_F_14_2010_09_16.xml,15_9_F_14_2010_09_16.xml,.xml,5206,2026-09-12T01:36:54.070850,text/xml
Well_technical_data\Daily Drilling Report - XML Version\15_9_F_14_2010_09_17.xml,15_9_F_14_2010_09_17.xml,.xml,10878,2026-09-12T01:36:57.337663,text/xml
Well_technical_data\Daily Drilling Report - XML Version\15_9_F_14_2010_09_18.xml,15_9_F_14_2010_09_18.xml,.xml,4551,2026-09-12T01:37:00.920277,text/xml
Well_technical_data\Daily Drilling Report - XML Version\15_9_F_14_2010_09_19.xml,15_9_F_14_2010_09_19.xml,.xml,7191,2026-09-12T01:37:03.860924,text/xml
Well_technical_data\Daily Drilling Report - XML Version\15_9_F_14_2010_09_20.xml,15_9_F_14_2010_09_20.xml,.xml,11227,2026-09-12T01:37:06.573195,text/xml
Well_technical_data\Daily Drilling Report - XML Version\15_9_F_14_2010_09_21.xml,15_9_F_14_2010_09_21.xml,.xml,6831,2026-09-12T01:37:10.842804,text/xml
Well_technical_data\Daily Drilling Report - XML Version\15_9_F_14_2012_01_28.xml,15_9_F_14_2012_01_28.xml,.xml,5962,2026-09-12T01:37:14.351168,text/xml
Well_technical_data\Daily Drilling Report - XML Version\15_9_F_14_2012_01_29.xml,15_9_F_14_2012_01_29.xml,.xml,9952,2026-09-12T01:37:17.782681,text/xml
Well_technical_data\Daily Drilling Report - XML Version\15_9_F_14_2012_01_30.xml,15_9_F_14_2012_01_30.xml,.xml,8464,2026-09-12T01:37:20.408912,text/xml
Well_technical_data\Daily Drilling Report - XML Version\15_9_F_14_2012_01_31.xml,15_9_F_14_2012_01_31.xml,.xml,8950,2026-09-12T01:37:23.527619,text/xml
Well_technical_data\Daily Drilling Report - XML Version\15_9_F_14_2012_02_01.xml,15_9_F_14_2012_02_01.xml,.xml,3755,2026-09-12T01:37:27.320879,text/xml
Well_technical_data\Daily Drilling Report - XML Version\15_9_F_14_2016_07_31.xml,15_9_F_14_2016_07_31.xml,.xml,16108,2026-09-12T01:37:30.372065,text/xml
Well_technical_data\Daily Drilling Report - XML Version\15_9_F_14_2016_08_01.xml,15_9_F_14_2016_08_01.xml,.xml,11518,2026-09-12T01:37:33.224927,text/xml
Well_technical_data\Daily Drilling Report - XML Version\15_9_F_14_2016_08_02.xml,15_9_F_14_2016_08_02.xml,.xml,19134,2026-09-12T01:37:36.910455,text/xml
Well_technical_data\Daily Drilling Report - XML Version\15_9_F_14_2016_08_03.xml,15_9_F_14_2016_08_03.xml,.xml,20098,2026-09-12T01:37:40.405666,text/xml
Well_technical_data\Daily Drilling Report - XML Version\15_9_F_14_2016_08_04.xml,15_9_F_14_2016_08_04.xml,.xml,21087,2026-09-12T01:37:43.707565,text/xml
Well_technical_data\Daily Drilling Report - XML Version\15_9_F_14_2016_08_05.xml,15_9_F_14_2016_08_05.xml,.xml,24855,2026-09-12T01:37:47.367085,text/xml
Well_technical_data\Daily Drilling Report - XML Version\15_9_F_14_2016_08_06.xml,15_9_F_14_2016_08_06.xml,.xml,19163,2026-09-12T01:37:50.792202,text/xml
Well_technical_data\Daily Drilling Report - XML Version\15_9_F_14_2016_08_07.xml,15_9_F_14_2016_08_07.xml,.xml,15570,2026-09-12T01:37:54.327580,text/xml
Well_technical_data\Daily Drilling Report - XML Version\15_9_F_14_2016_08_08.xml,15_9_F_14_2016_08_08.xml,.xml,21091,2026-09-12T01:37:58.313320,text/xml
Well_technical_data\Daily Drilling Report - XML Version\15_9_F_14_2016_08_09.xml,15_9_F_14_2016_08_09.xml,.xml,19925,2026-09-12T01:38:03.032113,text/xml
Well_technical_data\Daily Drilling Report - XML Version\15_9_F_14_2016_08_10.xml,15_9_F_14_2016_08_10.xml,.xml,16610,2026-09-12T01:38:06.863920,text/xml
Well_technical_data\Daily Drilling Report - XML Version\15_9_F_14_2016_08_11.xml,15_9_F_14_2016_08_11.xml,.xml,16335,2026-09-12T01:38:10.392976,text/xml
Well_technical_data\Daily Drilling Report - XML Version\15_9_F_14_2016_08_12.xml,15_9_F_14_2016_08_12.xml,.xml,17618,2026-09-12T01:38:13.803128,text/xml
Well_technical_data\Daily Drilling Report - XML Version\15_9_F_14_2016_08_13.xml,15_9_F_14_2016_08_13.xml,.xml,16313,2026-09-12T01:38:16.942990,text/xml
Well_technical_data\Daily Drilling Report - XML Version\15_9_F_14_2016_08_14.xml,15_9_F_14_2016_08_14.xml,.xml,19207,2026-09-12T01:38:20.303632,text/xml
Well_technical_data\Daily Drilling Report - XML Version\15_9_F_14_2016_08_15.xml,15_9_F_14_2016_08_15.xml,.xml,16576,2026-09-12T01:38:23.405322,text/xml
Well_technical_data\Daily Drilling Report - XML Version\15_9_F_14_2016_09_12.xml,15_9_F_14_2016_09_12.xml,.xml,10564,2026-09-12T01:38:27.043772,text/xml
Well_technical_data\Daily Drilling Report - XML Version\15_9_F_14_2016_09_13.xml,15_9_F_14_2016_09_13.xml,.xml,25818,2026-09-12T01:38:30.521821,text/xml
Well_technical_data\Daily Drilling Report - XML Version\15_9_F_14_2016_09_14.xml,15_9_F_14_2016_09_14.xml,.xml,20940,2026-09-12T01:38:34.217314,text/xml
Well_technical_data\Daily Drilling Report - XML Version\15_9_F_14_2016_09_15.xml,15_9_F_14_2016_09_15.xml,.xml,25204,2026-09-12T01:38:37.668874,text/xml
Well_technical_data\Daily Drilling Report - XML Version\15_9_F_14_2016_09_16.xml,15_9_F_14_2016_09_16.xml,.xml,3598,2026-09-12T01:38:41.247639,text/xml
Well_technical_data\Daily Drilling Report - XML Version\15_9_F_14_2016_10_19.xml,15_9_F_14_2016_10_19.xml,.xml,11525,2026-09-12T01:38:44.603181,text/xml
Well_technical_data\Daily Drilling Report - XML Version\15_9_F_14_2016_10_20.xml,15_9_F_14_2016_10_20.xml,.xml,12354,2026-09-12T01:38:47.844757,text/xml
Well_technical_data\Daily Drilling Report - XML Version\15_9_F_15_2007_11_19.xml,15_9_F_15_2007_11_19.xml,.xml,4148,2026-09-12T01:38:50.960948,text/xml
Well_technical_data\Daily Drilling Report - XML Version\15_9_F_15_2007_11_20.xml,15_9_F_15_2007_11_20.xml,.xml,12087,2026-09-12T01:38:53.968212,text/xml
Well_technical_data\Daily Drilling Report - XML Version\15_9_F_15_2007_11_21.xml,15_9_F_15_2007_11_21.xml,.xml,14153,2026-09-12T01:38:57.476324,text/xml
Well_technical_data\Daily Drilling Report - XML Version\15_9_F_15_2007_11_22.xml,15_9_F_15_2007_11_22.xml,.xml,8272,2026-09-12T01:39:00.870865,text/xml
Well_technical_data\Daily Drilling Report - XML Version\15_9_F_15_2007_12_23.xml,15_9_F_15_2007_12_23.xml,.xml,4736,2026-09-12T01:39:04.116617,text/xml
Well_technical_data\Daily Drilling Report - XML Version\15_9_F_15_2007_12_24.xml,15_9_F_15_2007_12_24.xml,.xml,13014,2026-09-12T01:39:06.885279,text/xml
Well_technical_data\Daily Drilling Report - XML Version\15_9_F_15_2007_12_25.xml,15_9_F_15_2007_12_25.xml,.xml,11797,2026-09-12T01:39:10.081666,text/xml
Well_technical_data\Daily Drilling Report - XML Version\15_9_F_15_2007_12_26.xml,15_9_F_15_2007_12_26.xml,.xml,10346,2026-09-12T01:39:13.122778,text/xml
Well_technical_data\Daily Drilling Report - XML Version\15_9_F_15_2007_12_27.xml,15_9_F_15_2007_12_27.xml,.xml,10247,2026-09-12T01:39:16.186430,text/xml
Well_technical_data\Daily Drilling Report - XML Version\15_9_F_15_2007_12_28.xml,15_9_F_15_2007_12_28.xml,.xml,11144,2026-09-12T01:39:19.114211,text/xml
Well_technical_data\Daily Drilling Report - XML Version\15_9_F_15_2007_12_29.xml,15_9_F_15_2007_12_29.xml,.xml,10309,2026-09-12T01:39:22.097468,text/xml
Well_technical_data\Daily Drilling Report - XML Version\15_9_F_15_2007_12_30.xml,15_9_F_15_2007_12_30.xml,.xml,15642,2026-09-12T01:39:25.496956,text/xml
Well_technical_data\Daily Drilling Report - XML Version\15_9_F_15_2007_12_31.xml,15_9_F_15_2007_12_31.xml,.xml,8944,2026-09-12T01:39:28.589829,text/xml
Well_technical_data\Daily Drilling Report - XML Version\15_9_F_15_2008_09_07.xml,15_9_F_15_2008_09_07.xml,.xml,10330,2026-09-12T01:39:31.742055,text/xml
Well_technical_data\Daily Drilling Report - XML Version\15_9_F_15_2008_09_08.xml,15_9_F_15_2008_09_08.xml,.xml,12371,2026-09-12T01:39:35.226219,text/xml
Well_technical_data\Daily Drilling Report - XML Version\15_9_F_15_2008_09_09.xml,15_9_F_15_2008_09_09.xml,.xml,13805,2026-09-12T01:39:38.246688,text/xml
Well_technical_data\Daily Drilling Report - XML Version\15_9_F_15_2008_09_10.xml,15_9_F_15_2008_09_10.xml,.xml,13116,2026-09-12T01:39:41.254164,text/xml
Well_technical_data\Daily Drilling Report - XML Version\15_9_F_15_2008_09_11.xml,15_9_F_15_2008_09_11.xml,.xml,15948,2026-09-12T01:39:44.792791,text/xml
Well_technical_data\Daily Drilling Report - XML Version\15_9_F_15_2008_09_19.xml,15_9_F_15_2008_09_19.xml,.xml,5922,2026-09-12T01:39:48.024396,text/xml
Well_technical_data\Daily Drilling Report - XML Version\15_9_F_15_2008_09_20.xml,15_9_F_15_2008_09_20.xml,.xml,16231,2026-09-12T01:39:51.685791,text/xml
Well_technical_data\Daily Drilling Report - XML Version\15_9_F_15_2008_09_21.xml,15_9_F_15_2008_09_21.xml,.xml,22743,2026-09-12T01:39:55.298350,text/xml
Well_technical_data\Daily Drilling Report - XML Version\15_9_F_15_2008_09_22.xml,15_9_F_15_2008_09_22.xml,.xml,8888,2026-09-12T01:39:58.491284,text/xml
Well_technical_data\Daily Drilling Report - XML Version\15_9_F_15_2008_09_23.xml,15_9_F_15_2008_09_23.xml,.xml,15187,2026-09-12T01:40:01.609177,text/xml
Well_technical_data\Daily Drilling Report - XML Version\15_9_F_15_2008_09_24.xml,15_9_F_15_2008_09_24.xml,.xml,14279,2026-09-12T01:40:04.793675,text/xml
Well_technical_data\Daily Drilling Report - XML Version\15_9_F_15_2008_09_25.xml,15_9_F_15_2008_09_25.xml,.xml,10891,2026-09-12T01:40:07.738937,text/xml
Well_technical_data\Daily Drilling Report - XML Version\15_9_F_15_2008_09_26.xml,15_9_F_15_2008_09_26.xml,.xml,9287,2026-09-12T01:40:11.239439,text/xml
Well_technical_data\Daily Drilling Report - XML Version\15_9_F_15_2008_09_27.xml,15_9_F_15_2008_09_27.xml,.xml,8582,2026-09-12T01:40:14.244022,text/xml
Well_technical_data\Daily Drilling Report - XML Version\15_9_F_15_2008_09_28.xml,15_9_F_15_2008_09_28.xml,.xml,6815,2026-09-12T01:40:17.664940,text/xml
Well_technical_data\Daily Drilling Report - XML Version\15_9_F_15_2008_09_29.xml,15_9_F_15_2008_09_29.xml,.xml,7842,2026-09-12T01:40:21.329338,text/xml
Well_technical_data\Daily Drilling Report - XML Version\15_9_F_15_2008_09_30.xml,15_9_F_15_2008_09_30.xml,.xml,9684,2026-09-12T01:40:24.653546,text/xml
Well_technical_data\Daily Drilling Report - XML Version\15_9_F_15_2008_10_01.xml,15_9_F_15_2008_10_01.xml,.xml,9421,2026-09-12T01:40:27.534338,text/xml
Well_technical_data\Daily Drilling Report - XML Version\15_9_F_15_2008_10_02.xml,15_9_F_15_2008_10_02.xml,.xml,7237,2026-09-12T01:40:31.228728,text/xml
Well_technical_data\Daily Drilling Report - XML Version\15_9_F_15_2008_10_03.xml,15_9_F_15_2008_10_03.xml,.xml,8362,2026-09-12T01:40:34.514870,text/xml
Well_technical_data\Daily Drilling Report - XML Version\15_9_F_15_2008_10_04.xml,15_9_F_15_2008_10_04.xml,.xml,10028,2026-09-12T01:40:37.514935,text/xml
Well_technical_data\Daily Drilling Report - XML Version\15_9_F_15_2008_10_05.xml,15_9_F_15_2008_10_05.xml,.xml,10296,2026-09-12T01:40:41.379150,text/xml
Well_technical_data\Daily Drilling Report - XML Version\15_9_F_15_2008_10_06.xml,15_9_F_15_2008_10_06.xml,.xml,14002,2026-09-12T01:40:45.120245,text/xml
Well_technical_data\Daily Drilling Report - XML Version\15_9_F_15_2008_11_11.xml,15_9_F_15_2008_11_11.xml,.xml,6064,2026-09-12T01:40:48.441647,text/xml
Well_technical_data\Daily Drilling Report - XML Version\15_9_F_15_2008_11_12.xml,15_9_F_15_2008_11_12.xml,.xml,9250,2026-09-12T01:40:51.589502,text/xml
Well_technical_data\Daily Drilling Report - XML Version\15_9_F_15_2008_11_13.xml,15_9_F_15_2008_11_13.xml,.xml,8786,2026-09-12T01:40:54.508348,text/xml
Well_technical_data\Daily Drilling Report - XML Version\15_9_F_15_2008_11_14.xml,15_9_F_15_2008_11_14.xml,.xml,14823,2026-09-12T01:40:57.897861,text/xml
Well_technical_data\Daily Drilling Report - XML Version\15_9_F_15_2008_11_15.xml,15_9_F_15_2008_11_15.xml,.xml,9772,2026-09-12T01:41:01.425456,text/xml
Well_technical_data\Daily Drilling Report - XML Version\15_9_F_15_2008_11_16.xml,15_9_F_15_2008_11_16.xml,.xml,10624,2026-09-12T01:41:04.883300,text/xml
Well_technical_data\Daily Drilling Report - XML Version\15_9_F_15_2008_11_17.xml,15_9_F_15_2008_11_17.xml,.xml,10934,2026-09-12T01:41:07.867188,text/xml
Well_technical_data\Daily Drilling Report - XML Version\15_9_F_15_2008_11_18.xml,15_9_F_15_2008_11_18.xml,.xml,5940,2026-09-12T01:41:10.755145,text/xml
Well_technical_data\Daily Drilling Report - XML Version\15_9_F_15_2008_11_19.xml,15_9_F_15_2008_11_19.xml,.xml,13553,2026-09-12T01:41:14.372567,text/xml
Well_technical_data\Daily Drilling Report - XML Version\15_9_F_15_2008_11_20.xml,15_9_F_15_2008_11_20.xml,.xml,4051,2026-09-12T01:41:17.522939,text/xml
Well_technical_data\Daily Drilling Report - XML Version\15_9_F_15_2008_11_21.xml,15_9_F_15_2008_11_21.xml,.xml,6533,2026-09-12T01:41:20.569772,text/xml
Well_technical_data\Daily Drilling Report - XML Version\15_9_F_15_2008_11_22.xml,15_9_F_15_2008_11_22.xml,.xml,13649,2026-09-12T01:41:23.845779,text/xml
Well_technical_data\Daily Drilling Report - XML Version\15_9_F_15_2008_11_23.xml,15_9_F_15_2008_11_23.xml,.xml,10287,2026-09-12T01:41:27.134259,text/xml
Well_technical_data\Daily Drilling Report - XML Version\15_9_F_15_2008_11_24.xml,15_9_F_15_2008_11_24.xml,.xml,14038,2026-09-12T01:41:30.472415,text/xml
Well_technical_data\Daily Drilling Report - XML Version\15_9_F_15_2008_11_25.xml,15_9_F_15_2008_11_25.xml,.xml,11537,2026-09-12T01:41:33.288923,text/xml
Well_technical_data\Daily Drilling Report - XML Version\15_9_F_15_2008_11_26.xml,15_9_F_15_2008_11_26.xml,.xml,9502,2026-09-12T01:41:36.441791,text/xml
Well_technical_data\Daily Drilling Report - XML Version\15_9_F_15_2008_11_27.xml,15_9_F_15_2008_11_27.xml,.xml,8786,2026-09-12T01:41:39.459590,text/xml
Well_technical_data\Daily Drilling Report - XML Version\15_9_F_15_2008_11_28.xml,15_9_F_15_2008_11_28.xml,.xml,5947,2026-09-12T01:41:42.882531,text/xml
Well_technical_data\Daily Drilling Report - XML Version\15_9_F_15_2008_11_29.xml,15_9_F_15_2008_11_29.xml,.xml,15077,2026-09-12T01:41:47.204104,text/xml
Well_technical_data\Daily Drilling Report - XML Version\15_9_F_15_2008_11_30.xml,15_9_F_15_2008_11_30.xml,.xml,20845,2026-09-12T01:41:50.532854,text/xml
Well_technical_data\Daily Drilling Report - XML Version\15_9_F_15_2008_12_01.xml,15_9_F_15_2008_12_01.xml,.xml,5365,2026-09-12T01:41:53.734232,text/xml
Well_technical_data\Daily Drilling Report - XML Version\15_9_F_15_2008_12_02.xml,15_9_F_15_2008_12_02.xml,.xml,15071,2026-09-12T01:41:58.573837,text/xml
Well_technical_data\Daily Drilling Report - XML Version\15_9_F_15_2008_12_03.xml,15_9_F_15_2008_12_03.xml,.xml,13210,2026-09-12T01:42:01.911350,text/xml
Well_technical_data\Daily Drilling Report - XML Version\15_9_F_15_2008_12_04.xml,15_9_F_15_2008_12_04.xml,.xml,17763,2026-09-12T01:42:05.398589,text/xml
Well_technical_data\Daily Drilling Report - XML Version\15_9_F_15_2008_12_05.xml,15_9_F_15_2008_12_05.xml,.xml,19188,2026-09-12T01:42:09.120130,text/xml
Well_technical_data\Daily Drilling Report - XML Version\15_9_F_15_2008_12_06.xml,15_9_F_15_2008_12_06.xml,.xml,14739,2026-09-12T01:42:12.682861,text/xml
Well_technical_data\Daily Drilling Report - XML Version\15_9_F_15_2008_12_07.xml,15_9_F_15_2008_12_07.xml,.xml,20883,2026-09-12T01:42:16.264868,text/xml
Well_technical_data\Daily Drilling Report - XML Version\15_9_F_15_2008_12_08.xml,15_9_F_15_2008_12_08.xml,.xml,19980,2026-09-12T01:42:19.808828,text/xml
Well_technical_data\Daily Drilling Report - XML Version\15_9_F_15_2008_12_09.xml,15_9_F_15_2008_12_09.xml,.xml,15509,2026-09-12T01:42:23.435753,text/xml
Well_technical_data\Daily Drilling Report - XML Version\15_9_F_15_2008_12_10.xml,15_9_F_15_2008_12_10.xml,.xml,9527,2026-09-12T01:42:27.721994,text/xml
Well_technical_data\Daily Drilling Report - XML Version\15_9_F_15_2008_12_11.xml,15_9_F_15_2008_12_11.xml,.xml,7174,2026-09-12T01:42:31.050688,text/xml
Well_technical_data\Daily Drilling Report - XML Version\15_9_F_15_2008_12_12.xml,15_9_F_15_2008_12_12.xml,.xml,8099,2026-09-12T01:42:34.005040,text/xml
Well_technical_data\Daily Drilling Report - XML Version\15_9_F_15_2018_01_25.xml,15_9_F_15_2018_01_25.xml,.xml,2874,2026-09-12T01:42:37.041361,text/xml
Well_technical_data\Daily Drilling Report - XML Version\15_9_F_15_A_2008_12_12.xml,15_9_F_15_A_2008_12_12.xml,.xml,6246,2026-09-12T01:42:40.654128,text/xml
Well_technical_data\Daily Drilling Report - XML Version\15_9_F_15_A_2008_12_13.xml,15_9_F_15_A_2008_12_13.xml,.xml,12019,2026-09-12T01:42:43.814661,text/xml
Well_technical_data\Daily Drilling Report - XML Version\15_9_F_15_A_2008_12_14.xml,15_9_F_15_A_2008_12_14.xml,.xml,13350,2026-09-12T01:42:47.050643,text/xml
Well_technical_data\Daily Drilling Report - XML Version\15_9_F_15_A_2008_12_15.xml,15_9_F_15_A_2008_12_15.xml,.xml,16000,2026-09-12T01:42:50.250240,text/xml
Well_technical_data\Daily Drilling Report - XML Version\15_9_F_15_A_2008_12_16.xml,15_9_F_15_A_2008_12_16.xml,.xml,13733,2026-09-12T01:42:53.790377,text/xml
Well_technical_data\Daily Drilling Report - XML Version\15_9_F_15_A_2008_12_17.xml,15_9_F_15_A_2008_12_17.xml,.xml,19423,2026-09-12T01:42:57.757573,text/xml
Well_technical_data\Daily Drilling Report - XML Version\15_9_F_15_A_2008_12_18.xml,15_9_F_15_A_2008_12_18.xml,.xml,15720,2026-09-12T01:43:01.458755,text/xml
Well_technical_data\Daily Drilling Report - XML Version\15_9_F_15_A_2008_12_19.xml,15_9_F_15_A_2008_12_19.xml,.xml,14942,2026-09-12T01:43:04.966261,text/xml
Well_technical_data\Daily Drilling Report - XML Version\15_9_F_15_A_2008_12_20.xml,15_9_F_15_A_2008_12_20.xml,.xml,9169,2026-09-12T01:43:08.448683,text/xml
Well_technical_data\Daily Drilling Report - XML Version\15_9_F_15_A_2008_12_21.xml,15_9_F_15_A_2008_12_21.xml,.xml,10737,2026-09-12T01:43:11.944180,text/xml
Well_technical_data\Daily Drilling Report - XML Version\15_9_F_15_A_2008_12_22.xml,15_9_F_15_A_2008_12_22.xml,.xml,14806,2026-09-12T01:43:15.320031,text/xml
Well_technical_data\Daily Drilling Report - XML Version\15_9_F_15_A_2008_12_23.xml,15_9_F_15_A_2008_12_23.xml,.xml,12093,2026-09-12T01:43:18.515039,text/xml
Well_technical_data\Daily Drilling Report - XML Version\15_9_F_15_A_2008_12_24.xml,15_9_F_15_A_2008_12_24.xml,.xml,12436,2026-09-12T01:43:24.250535,text/xml
Well_technical_data\Daily Drilling Report - XML Version\15_9_F_15_A_2008_12_25.xml,15_9_F_15_A_2008_12_25.xml,.xml,16492,2026-09-12T01:43:27.745862,text/xml
Well_technical_data\Daily Drilling Report - XML Version\15_9_F_15_A_2008_12_26.xml,15_9_F_15_A_2008_12_26.xml,.xml,11634,2026-09-12T01:43:31.206934,text/xml
Well_technical_data\Daily Drilling Report - XML Version\15_9_F_15_A_2008_12_27.xml,15_9_F_15_A_2008_12_27.xml,.xml,10001,2026-09-12T01:43:34.493327,text/xml
Well_technical_data\Daily Drilling Report - XML Version\15_9_F_15_A_2008_12_28.xml,15_9_F_15_A_2008_12_28.xml,.xml,14435,2026-09-12T01:43:39.085767,text/xml
Well_technical_data\Daily Drilling Report - XML Version\15_9_F_15_A_2008_12_29.xml,15_9_F_15_A_2008_12_29.xml,.xml,18964,2026-09-12T01:43:42.720113,text/xml
Well_technical_data\Daily Drilling Report - XML Version\15_9_F_15_A_2008_12_30.xml,15_9_F_15_A_2008_12_30.xml,.xml,20150,2026-09-12T01:43:46.153325,text/xml
Well_technical_data\Daily Drilling Report - XML Version\15_9_F_15_A_2008_12_31.xml,15_9_F_15_A_2008_12_31.xml,.xml,13516,2026-09-12T01:43:49.057468,text/xml
Well_technical_data\Daily Drilling Report - XML Version\15_9_F_15_A_2009_01_01.xml,15_9_F_15_A_2009_01_01.xml,.xml,14978,2026-09-12T01:43:52.152426,text/xml
Well_technical_data\Daily Drilling Report - XML Version\15_9_F_15_A_2009_01_02.xml,15_9_F_15_A_2009_01_02.xml,.xml,17064,2026-09-12T01:43:55.713697,text/xml
Well_technical_data\Daily Drilling Report - XML Version\15_9_F_15_A_2009_01_03.xml,15_9_F_15_A_2009_01_03.xml,.xml,12572,2026-09-12T01:44:00.537876,text/xml
Well_technical_data\Daily Drilling Report - XML Version\15_9_F_15_A_2009_01_04.xml,15_9_F_15_A_2009_01_04.xml,.xml,13084,2026-09-12T01:44:04.033619,text/xml
Well_technical_data\Daily Drilling Report - XML Version\15_9_F_15_A_2009_01_05.xml,15_9_F_15_A_2009_01_05.xml,.xml,16436,2026-09-12T01:44:07.208869,text/xml
Well_technical_data\Daily Drilling Report - XML Version\15_9_F_15_A_2009_01_06.xml,15_9_F_15_A_2009_01_06.xml,.xml,10510,2026-09-12T01:44:10.718688,text/xml
Well_technical_data\Daily Drilling Report - XML Version\15_9_F_15_A_2009_01_07.xml,15_9_F_15_A_2009_01_07.xml,.xml,11747,2026-09-12T01:44:14.423338,text/xml
Well_technical_data\Daily Drilling Report - XML Version\15_9_F_15_A_2009_01_08.xml,15_9_F_15_A_2009_01_08.xml,.xml,9411,2026-09-12T01:44:17.762484,text/xml
Well_technical_data\Daily Drilling Report - XML Version\15_9_F_15_A_2009_01_09.xml,15_9_F_15_A_2009_01_09.xml,.xml,16706,2026-09-12T01:44:21.108958,text/xml
Well_technical_data\Daily Drilling Report - XML Version\15_9_F_15_A_2009_01_10.xml,15_9_F_15_A_2009_01_10.xml,.xml,16947,2026-09-12T01:44:24.247654,text/xml
Well_technical_data\Daily Drilling Report - XML Version\15_9_F_15_A_2009_01_11.xml,15_9_F_15_A_2009_01_11.xml,.xml,22268,2026-09-12T01:44:27.683046,text/xml
Well_technical_data\Daily Drilling Report - XML Version\15_9_F_15_A_2009_01_12.xml,15_9_F_15_A_2009_01_12.xml,.xml,8541,2026-09-12T01:44:31.168760,text/xml
Well_technical_data\Daily Drilling Report - XML Version\15_9_F_15_A_2009_01_13.xml,15_9_F_15_A_2009_01_13.xml,.xml,9590,2026-09-12T01:44:34.130921,text/xml
Well_technical_data\Daily Drilling Report - XML Version\15_9_F_15_A_2009_01_14.xml,15_9_F_15_A_2009_01_14.xml,.xml,6234,2026-09-12T01:44:37.300805,text/xml
Well_technical_data\Daily Drilling Report - XML Version\15_9_F_15_B_2009_01_14.xml,15_9_F_15_B_2009_01_14.xml,.xml,12416,2026-09-12T01:44:40.354649,text/xml
Well_technical_data\Daily Drilling Report - XML Version\15_9_F_15_B_2009_01_15.xml,15_9_F_15_B_2009_01_15.xml,.xml,14283,2026-09-12T01:44:43.688334,text/xml
Well_technical_data\Daily Drilling Report - XML Version\15_9_F_15_B_2009_01_16.xml,15_9_F_15_B_2009_01_16.xml,.xml,14561,2026-09-12T01:44:47.088813,text/xml
Well_technical_data\Daily Drilling Report - XML Version\15_9_F_15_B_2009_01_17.xml,15_9_F_15_B_2009_01_17.xml,.xml,20990,2026-09-12T01:44:49.899743,text/xml
Well_technical_data\Daily Drilling Report - XML Version\15_9_F_15_B_2009_01_18.xml,15_9_F_15_B_2009_01_18.xml,.xml,13022,2026-09-12T01:44:53.039503,text/xml
Well_technical_data\Daily Drilling Report - XML Version\15_9_F_15_B_2009_01_19.xml,15_9_F_15_B_2009_01_19.xml,.xml,10653,2026-09-12T01:44:56.060860,text/xml
Well_technical_data\Daily Drilling Report - XML Version\15_9_F_15_C_2009_01_19.xml,15_9_F_15_C_2009_01_19.xml,.xml,3794,2026-09-12T01:44:59.433394,text/xml
Well_technical_data\Daily Drilling Report - XML Version\15_9_F_15_C_2009_01_20.xml,15_9_F_15_C_2009_01_20.xml,.xml,13479,2026-09-12T01:45:02.708761,text/xml
Well_technical_data\Daily Drilling Report - XML Version\15_9_F_15_C_2009_01_21.xml,15_9_F_15_C_2009_01_21.xml,.xml,11362,2026-09-12T01:45:05.895026,text/xml
Well_technical_data\Daily Drilling Report - XML Version\15_9_F_15_C_2009_01_22.xml,15_9_F_15_C_2009_01_22.xml,.xml,7742,2026-09-12T01:45:08.704661,text/xml
Well_technical_data\Daily Drilling Report - XML Version\15_9_F_15_C_2009_01_23.xml,15_9_F_15_C_2009_01_23.xml,.xml,8155,2026-09-12T01:45:11.840857,text/xml
Well_technical_data\Daily Drilling Report - XML Version\15_9_F_15_C_2009_01_24.xml,15_9_F_15_C_2009_01_24.xml,.xml,6921,2026-09-12T01:45:15.074462,text/xml
Well_technical_data\Daily Drilling Report - XML Version\15_9_F_15_C_2009_01_25.xml,15_9_F_15_C_2009_01_25.xml,.xml,8957,2026-09-12T01:45:18.274670,text/xml
Well_technical_data\Daily Drilling Report - XML Version\15_9_F_15_C_2009_01_26.xml,15_9_F_15_C_2009_01_26.xml,.xml,10484,2026-09-12T01:45:21.623141,text/xml
Well_technical_data\Daily Drilling Report - XML Version\15_9_F_15_C_2009_01_27.xml,15_9_F_15_C_2009_01_27.xml,.xml,18344,2026-09-12T01:45:24.810365,text/xml
Well_technical_data\Daily Drilling Report - XML Version\15_9_F_15_C_2009_01_28.xml,15_9_F_15_C_2009_01_28.xml,.xml,14763,2026-09-12T01:45:27.977878,text/xml
Well_technical_data\Daily Drilling Report - XML Version\15_9_F_15_C_2009_01_29.xml,15_9_F_15_C_2009_01_29.xml,.xml,14237,2026-09-12T01:45:31.327965,text/xml
Well_technical_data\Daily Drilling Report - XML Version\15_9_F_15_C_2009_01_30.xml,15_9_F_15_C_2009_01_30.xml,.xml,9473,2026-09-12T01:45:35.520375,text/xml
Well_technical_data\Daily Drilling Report - XML Version\15_9_F_15_C_2009_01_31.xml,15_9_F_15_C_2009_01_31.xml,.xml,4777,2026-09-12T01:45:39.837596,text/xml
Well_technical_data\Daily Drilling Report - XML Version\15_9_F_15_C_2009_02_01.xml,15_9_F_15_C_2009_02_01.xml,.xml,4948,2026-09-12T01:45:43.346674,text/xml
Well_technical_data\Daily Drilling Report - XML Version\15_9_F_15_C_2009_02_02.xml,15_9_F_15_C_2009_02_02.xml,.xml,9739,2026-09-12T01:45:46.592706,text/xml
Well_technical_data\Daily Drilling Report - XML Version\15_9_F_15_C_2009_02_03.xml,15_9_F_15_C_2009_02_03.xml,.xml,4600,2026-09-12T01:45:49.775116,text/xml
Well_technical_data\Daily Drilling Report - XML Version\15_9_F_15_C_2009_02_04.xml,15_9_F_15_C_2009_02_04.xml,.xml,4984,2026-09-12T01:45:53.022133,text/xml
Well_technical_data\Daily Drilling Report - XML Version\15_9_F_15_C_2009_02_05.xml,15_9_F_15_C_2009_02_05.xml,.xml,14168,2026-09-12T01:45:56.844411,text/xml
Well_technical_data\Daily Drilling Report - XML Version\15_9_F_15_C_2009_02_06.xml,15_9_F_15_C_2009_02_06.xml,.xml,4247,2026-09-12T01:46:00.102263,text/xml
Well_technical_data\Daily Drilling Report - XML Version\15_9_F_15_C_2009_02_07.xml,15_9_F_15_C_2009_02_07.xml,.xml,8231,2026-09-12T01:46:03.420199,text/xml
Well_technical_data\Daily Drilling Report - XML Version\15_9_F_15_C_2009_02_08.xml,15_9_F_15_C_2009_02_08.xml,.xml,14005,2026-09-12T01:46:07.413316,text/xml
Well_technical_data\Daily Drilling Report - XML Version\15_9_F_15_C_2009_02_09.xml,15_9_F_15_C_2009_02_09.xml,.xml,9996,2026-09-12T01:46:10.662445,text/xml
Well_technical_data\Daily Drilling Report - XML Version\15_9_F_15_C_2009_02_10.xml,15_9_F_15_C_2009_02_10.xml,.xml,13505,2026-09-12T01:46:14.743390,text/xml
Well_technical_data\Daily Drilling Report - XML Version\15_9_F_15_C_2009_02_11.xml,15_9_F_15_C_2009_02_11.xml,.xml,3666,2026-09-12T01:46:18.004282,text/xml
Well_technical_data\Daily Drilling Report - XML Version\15_9_F_15_C_2009_02_12.xml,15_9_F_15_C_2009_02_12.xml,.xml,9405,2026-09-12T01:46:21.327826,text/xml
Well_technical_data\Daily Drilling Report - XML Version\15_9_F_15_C_2009_02_13.xml,15_9_F_15_C_2009_02_13.xml,.xml,10358,2026-09-12T01:46:24.732474,text/xml
Well_technical_data\Daily Drilling Report - XML Version\15_9_F_15_C_2009_02_14.xml,15_9_F_15_C_2009_02_14.xml,.xml,12451,2026-09-12T01:46:29.655760,text/xml
Well_technical_data\Daily Drilling Report - XML Version\15_9_F_15_C_2009_02_15.xml,15_9_F_15_C_2009_02_15.xml,.xml,11118,2026-09-12T01:46:33.413362,text/xml
Well_technical_data\Daily Drilling Report - XML Version\15_9_F_15_C_2009_02_16.xml,15_9_F_15_C_2009_02_16.xml,.xml,7080,2026-09-12T01:46:36.641416,text/xml
Well_technical_data\Daily Drilling Report - XML Version\15_9_F_15_C_2009_02_17.xml,15_9_F_15_C_2009_02_17.xml,.xml,13011,2026-09-12T01:46:39.984084,text/xml
Well_technical_data\Daily Drilling Report - XML Version\15_9_F_15_C_2009_02_18.xml,15_9_F_15_C_2009_02_18.xml,.xml,19475,2026-09-12T01:46:43.822582,text/xml
Well_technical_data\Daily Drilling Report - XML Version\15_9_F_15_C_2009_02_19.xml,15_9_F_15_C_2009_02_19.xml,.xml,14529,2026-09-12T01:46:47.045229,text/xml
Well_technical_data\Daily Drilling Report - XML Version\15_9_F_15_C_2009_02_20.xml,15_9_F_15_C_2009_02_20.xml,.xml,6715,2026-09-12T01:46:49.895942,text/xml
Well_technical_data\Daily Drilling Report - XML Version\15_9_F_15_C_2009_02_21.xml,15_9_F_15_C_2009_02_21.xml,.xml,6079,2026-09-12T01:46:54.224065,text/xml
Well_technical_data\Daily Drilling Report - XML Version\15_9_F_15_C_2009_02_22.xml,15_9_F_15_C_2009_02_22.xml,.xml,6445,2026-09-12T01:46:59.924490,text/xml
Well_technical_data\Daily Drilling Report - XML Version\15_9_F_15_C_2009_02_23.xml,15_9_F_15_C_2009_02_23.xml,.xml,6628,2026-09-12T01:47:03.763702,text/xml
Well_technical_data\Daily Drilling Report - XML Version\15_9_F_15_C_2009_02_24.xml,15_9_F_15_C_2009_02_24.xml,.xml,7219,2026-09-12T01:47:07.052172,text/xml
Well_technical_data\Daily Drilling Report - XML Version\15_9_F_15_C_2009_02_25.xml,15_9_F_15_C_2009_02_25.xml,.xml,7804,2026-09-12T01:47:10.521691,text/xml
Well_technical_data\Daily Drilling Report - XML Version\15_9_F_15_C_2009_02_26.xml,15_9_F_15_C_2009_02_26.xml,.xml,13061,2026-09-12T01:47:14.023739,text/xml
Well_technical_data\Daily Drilling Report - XML Version\15_9_F_15_C_2009_02_27.xml,15_9_F_15_C_2009_02_27.xml,.xml,22625,2026-09-12T01:47:17.839513,text/xml
Well_technical_data\Daily Drilling Report - XML Version\15_9_F_15_C_2009_02_28.xml,15_9_F_15_C_2009_02_28.xml,.xml,16775,2026-09-12T01:47:21.458492,text/xml
Well_technical_data\Daily Drilling Report - XML Version\15_9_F_15_C_2009_03_01.xml,15_9_F_15_C_2009_03_01.xml,.xml,14605,2026-09-12T01:47:25.185309,text/xml
Well_technical_data\Daily Drilling Report - XML Version\15_9_F_15_C_2009_03_02.xml,15_9_F_15_C_2009_03_02.xml,.xml,13903,2026-09-12T01:47:29.419294,text/xml
Well_technical_data\Daily Drilling Report - XML Version\15_9_F_15_C_2009_03_03.xml,15_9_F_15_C_2009_03_03.xml,.xml,4956,2026-09-12T01:47:32.829484,text/xml
Well_technical_data\Daily Drilling Report - XML Version\15_9_F_15_C_2009_03_04.xml,15_9_F_15_C_2009_03_04.xml,.xml,4763,2026-09-12T01:47:36.155065,text/xml
Well_technical_data\Daily Drilling Report - XML Version\15_9_F_15_C_2009_03_05.xml,15_9_F_15_C_2009_03_05.xml,.xml,5271,2026-09-12T01:47:39.444511,text/xml
Well_technical_data\Daily Drilling Report - XML Version\15_9_F_15_C_2009_03_06.xml,15_9_F_15_C_2009_03_06.xml,.xml,18215,2026-09-12T01:47:43.002609,text/xml
Well_technical_data\Daily Drilling Report - XML Version\15_9_F_15_C_2009_03_07.xml,15_9_F_15_C_2009_03_07.xml,.xml,18748,2026-09-12T01:47:46.881990,text/xml
Well_technical_data\Daily Drilling Report - XML Version\15_9_F_15_C_2013_10_07.xml,15_9_F_15_C_2013_10_07.xml,.xml,13977,2026-09-12T01:47:50.326596,text/xml
Well_technical_data\Daily Drilling Report - XML Version\15_9_F_15_C_2013_10_08.xml,15_9_F_15_C_2013_10_08.xml,.xml,15887,2026-09-12T01:47:53.597796,text/xml
Well_technical_data\Daily Drilling Report - XML Version\15_9_F_15_C_2013_10_09.xml,15_9_F_15_C_2013_10_09.xml,.xml,10871,2026-09-12T01:47:56.940473,text/xml
Well_technical_data\Daily Drilling Report - XML Version\15_9_F_15_C_2013_10_10.xml,15_9_F_15_C_2013_10_10.xml,.xml,14394,2026-09-12T01:48:00.355637,text/xml
Well_technical_data\Daily Drilling Report - XML Version\15_9_F_15_C_2013_10_11.xml,15_9_F_15_C_2013_10_11.xml,.xml,17090,2026-09-12T01:48:03.623909,text/xml
Well_technical_data\Daily Drilling Report - XML Version\15_9_F_15_C_2013_10_12.xml,15_9_F_15_C_2013_10_12.xml,.xml,15516,2026-09-12T01:48:07.495330,text/xml
Well_technical_data\Daily Drilling Report - XML Version\15_9_F_15_C_2013_10_13.xml,15_9_F_15_C_2013_10_13.xml,.xml,19571,2026-09-12T01:48:11.062398,text/xml
Well_technical_data\Daily Drilling Report - XML Version\15_9_F_15_C_2013_10_14.xml,15_9_F_15_C_2013_10_14.xml,.xml,21610,2026-09-12T01:48:14.573261,text/xml
Well_technical_data\Daily Drilling Report - XML Version\15_9_F_15_C_2013_10_15.xml,15_9_F_15_C_2013_10_15.xml,.xml,21871,2026-09-12T01:48:17.956981,text/xml
Well_technical_data\Daily Drilling Report - XML Version\15_9_F_15_C_2013_10_16.xml,15_9_F_15_C_2013_10_16.xml,.xml,19156,2026-09-12T01:48:21.099793,text/xml
Well_technical_data\Daily Drilling Report - XML Version\15_9_F_15_C_2013_10_17.xml,15_9_F_15_C_2013_10_17.xml,.xml,14960,2026-09-12T01:48:24.244226,text/xml
Well_technical_data\Daily Drilling Report - XML Version\15_9_F_15_C_2013_10_18.xml,15_9_F_15_C_2013_10_18.xml,.xml,15308,2026-09-12T01:48:27.355039,text/xml
Well_technical_data\Daily Drilling Report - XML Version\15_9_F_15_C_2013_10_19.xml,15_9_F_15_C_2013_10_19.xml,.xml,16580,2026-09-12T01:48:31.047813,text/xml
Well_technical_data\Daily Drilling Report - XML Version\15_9_F_15_C_2013_10_20.xml,15_9_F_15_C_2013_10_20.xml,.xml,7778,2026-09-12T01:48:34.785356,text/xml
Well_technical_data\Daily Drilling Report - XML Version\15_9_F_15_C_2013_10_21.xml,15_9_F_15_C_2013_10_21.xml,.xml,6315,2026-09-12T01:48:38.202475,text/xml
Well_technical_data\Daily Drilling Report - XML Version\15_9_F_15_C_2013_10_22.xml,15_9_F_15_C_2013_10_22.xml,.xml,6046,2026-09-12T01:48:41.003139,text/xml
Well_technical_data\Daily Drilling Report - XML Version\15_9_F_15_C_2013_10_23.xml,15_9_F_15_C_2013_10_23.xml,.xml,11678,2026-09-12T01:48:44.500965,text/xml
Well_technical_data\Daily Drilling Report - XML Version\15_9_F_15_C_2013_10_24.xml,15_9_F_15_C_2013_10_24.xml,.xml,10117,2026-09-12T01:48:48.235290,text/xml
Well_technical_data\Daily Drilling Report - XML Version\15_9_F_15_C_2013_10_25.xml,15_9_F_15_C_2013_10_25.xml,.xml,15167,2026-09-12T01:48:51.897658,text/xml
Well_technical_data\Daily Drilling Report - XML Version\15_9_F_15_C_2013_10_26.xml,15_9_F_15_C_2013_10_26.xml,.xml,13772,2026-09-12T01:48:55.413727,text/xml
Well_technical_data\Daily Drilling Report - XML Version\15_9_F_15_C_2013_10_27.xml,15_9_F_15_C_2013_10_27.xml,.xml,6832,2026-09-12T01:48:58.617283,text/xml
Well_technical_data\Daily Drilling Report - XML Version\15_9_F_15_C_2013_10_28.xml,15_9_F_15_C_2013_10_28.xml,.xml,14884,2026-09-12T01:49:01.986502,text/xml
Well_technical_data\Daily Drilling Report - XML Version\15_9_F_15_C_2013_10_29.xml,15_9_F_15_C_2013_10_29.xml,.xml,14362,2026-09-12T01:49:05.262099,text/xml
Well_technical_data\Daily Drilling Report - XML Version\15_9_F_15_C_2013_10_30.xml,15_9_F_15_C_2013_10_30.xml,.xml,15955,2026-09-12T01:49:08.627602,text/xml
Well_technical_data\Daily Drilling Report - XML Version\15_9_F_15_C_2013_10_31.xml,15_9_F_15_C_2013_10_31.xml,.xml,8061,2026-09-12T01:49:11.874910,text/xml
Well_technical_data\Daily Drilling Report - XML Version\15_9_F_15_C_2013_11_01.xml,15_9_F_15_C_2013_11_01.xml,.xml,5759,2026-09-12T01:49:15.228068,text/xml
Well_technical_data\Daily Drilling Report - XML Version\15_9_F_15_C_2013_11_02.xml,15_9_F_15_C_2013_11_02.xml,.xml,5726,2026-09-12T01:49:18.306464,text/xml
Well_technical_data\Daily Drilling Report - XML Version\15_9_F_15_C_2013_11_03.xml,15_9_F_15_C_2013_11_03.xml,.xml,15465,2026-09-12T01:49:21.431331,text/xml
Well_technical_data\Daily Drilling Report - XML Version\15_9_F_15_C_2013_11_04.xml,15_9_F_15_C_2013_11_04.xml,.xml,12646,2026-09-12T01:49:25.339300,text/xml
Well_technical_data\Daily Drilling Report - XML Version\15_9_F_15_C_2013_11_05.xml,15_9_F_15_C_2013_11_05.xml,.xml,19350,2026-09-12T01:49:28.947175,text/xml
Well_technical_data\Daily Drilling Report - XML Version\15_9_F_15_C_2013_11_06.xml,15_9_F_15_C_2013_11_06.xml,.xml,14168,2026-09-12T01:49:32.089843,text/xml
Well_technical_data\Daily Drilling Report - XML Version\15_9_F_15_C_2013_11_07.xml,15_9_F_15_C_2013_11_07.xml,.xml,18583,2026-09-12T01:49:35.463188,text/xml
Well_technical_data\Daily Drilling Report - XML Version\15_9_F_15_C_2013_11_08.xml,15_9_F_15_C_2013_11_08.xml,.xml,10696,2026-09-12T01:49:38.824026,text/xml
Well_technical_data\Daily Drilling Report - XML Version\15_9_F_15_C_2013_11_09.xml,15_9_F_15_C_2013_11_09.xml,.xml,12253,2026-09-12T01:49:41.994853,text/xml
Well_technical_data\Daily Drilling Report - XML Version\15_9_F_15_C_2013_11_10.xml,15_9_F_15_C_2013_11_10.xml,.xml,16289,2026-09-12T01:49:45.486475,text/xml
Well_technical_data\Daily Drilling Report - XML Version\15_9_F_15_C_2013_11_11.xml,15_9_F_15_C_2013_11_11.xml,.xml,8430,2026-09-12T01:49:48.817151,text/xml
Well_technical_data\Daily Drilling Report - XML Version\15_9_F_15_D_2013_11_11.xml,15_9_F_15_D_2013_11_11.xml,.xml,9135,2026-09-12T01:49:52.132842,text/xml
Well_technical_data\Daily Drilling Report - XML Version\15_9_F_15_D_2013_11_12.xml,15_9_F_15_D_2013_11_12.xml,.xml,9536,2026-09-12T01:49:55.291570,text/xml
Well_technical_data\Daily Drilling Report - XML Version\15_9_F_15_D_2013_11_13.xml,15_9_F_15_D_2013_11_13.xml,.xml,11674,2026-09-12T01:49:58.519473,text/xml
Well_technical_data\Daily Drilling Report - XML Version\15_9_F_15_D_2013_11_14.xml,15_9_F_15_D_2013_11_14.xml,.xml,14488,2026-09-12T01:50:01.779760,text/xml
Well_technical_data\Daily Drilling Report - XML Version\15_9_F_15_D_2013_11_15.xml,15_9_F_15_D_2013_11_15.xml,.xml,10253,2026-09-12T01:50:04.911711,text/xml
Well_technical_data\Daily Drilling Report - XML Version\15_9_F_15_D_2013_11_16.xml,15_9_F_15_D_2013_11_16.xml,.xml,14802,2026-09-12T01:50:08.354887,text/xml
Well_technical_data\Daily Drilling Report - XML Version\15_9_F_15_D_2013_11_17.xml,15_9_F_15_D_2013_11_17.xml,.xml,15194,2026-09-12T01:50:11.290574,text/xml
Well_technical_data\Daily Drilling Report - XML Version\15_9_F_15_D_2013_11_18.xml,15_9_F_15_D_2013_11_18.xml,.xml,17817,2026-09-12T01:50:14.679095,text/xml
Well_technical_data\Daily Drilling Report - XML Version\15_9_F_15_D_2013_11_19.xml,15_9_F_15_D_2013_11_19.xml,.xml,16803,2026-09-12T01:50:18.178396,text/xml
Well_technical_data\Daily Drilling Report - XML Version\15_9_F_15_D_2013_11_20.xml,15_9_F_15_D_2013_11_20.xml,.xml,25542,2026-09-12T01:50:21.752044,text/xml
Well_technical_data\Daily Drilling Report - XML Version\15_9_F_15_D_2013_11_21.xml,15_9_F_15_D_2013_11_21.xml,.xml,18371,2026-09-12T01:50:25.334398,text/xml
Well_technical_data\Daily Drilling Report - XML Version\15_9_F_15_D_2013_11_22.xml,15_9_F_15_D_2013_11_22.xml,.xml,15507,2026-09-12T01:50:28.740960,text/xml
Well_technical_data\Daily Drilling Report - XML Version\15_9_F_15_D_2013_11_23.xml,15_9_F_15_D_2013_11_23.xml,.xml,15654,2026-09-12T01:50:32.204973,text/xml
Well_technical_data\Daily Drilling Report - XML Version\15_9_F_15_D_2013_11_24.xml,15_9_F_15_D_2013_11_24.xml,.xml,13650,2026-09-12T01:50:35.905326,text/xml
Well_technical_data\Daily Drilling Report - XML Version\15_9_F_15_D_2013_11_25.xml,15_9_F_15_D_2013_11_25.xml,.xml,22430,2026-09-12T01:50:39.571909,text/xml
Well_technical_data\Daily Drilling Report - XML Version\15_9_F_15_D_2013_11_26.xml,15_9_F_15_D_2013_11_26.xml,.xml,16648,2026-09-12T01:50:43.063304,text/xml
Well_technical_data\Daily Drilling Report - XML Version\15_9_F_15_D_2013_11_27.xml,15_9_F_15_D_2013_11_27.xml,.xml,25451,2026-09-12T01:50:46.593899,text/xml
Well_technical_data\Daily Drilling Report - XML Version\15_9_F_15_D_2013_11_28.xml,15_9_F_15_D_2013_11_28.xml,.xml,21505,2026-09-12T01:50:49.963572,text/xml
Well_technical_data\Daily Drilling Report - XML Version\15_9_F_15_D_2013_11_29.xml,15_9_F_15_D_2013_11_29.xml,.xml,22667,2026-09-12T01:50:53.619158,text/xml
Well_technical_data\Daily Drilling Report - XML Version\15_9_F_15_D_2013_11_30.xml,15_9_F_15_D_2013_11_30.xml,.xml,22883,2026-09-12T01:50:57.526506,text/xml
Well_technical_data\Daily Drilling Report - XML Version\15_9_F_15_D_2013_12_01.xml,15_9_F_15_D_2013_12_01.xml,.xml,22052,2026-09-12T01:51:00.977853,text/xml
Well_technical_data\Daily Drilling Report - XML Version\15_9_F_15_D_2013_12_02.xml,15_9_F_15_D_2013_12_02.xml,.xml,18072,2026-09-12T01:51:04.702169,text/xml
Well_technical_data\Daily Drilling Report - XML Version\15_9_F_15_D_2013_12_03.xml,15_9_F_15_D_2013_12_03.xml,.xml,28374,2026-09-12T01:51:08.555584,text/xml
Well_technical_data\Daily Drilling Report - XML Version\15_9_F_15_D_2013_12_04.xml,15_9_F_15_D_2013_12_04.xml,.xml,18302,2026-09-12T01:51:11.873866,text/xml
Well_technical_data\Daily Drilling Report - XML Version\15_9_F_15_D_2013_12_05.xml,15_9_F_15_D_2013_12_05.xml,.xml,19642,2026-09-12T01:51:15.089703,text/xml
Well_technical_data\Daily Drilling Report - XML Version\15_9_F_15_D_2013_12_06.xml,15_9_F_15_D_2013_12_06.xml,.xml,11842,2026-09-12T01:51:18.224408,text/xml
Well_technical_data\Daily Drilling Report - XML Version\15_9_F_15_D_2013_12_07.xml,15_9_F_15_D_2013_12_07.xml,.xml,10853,2026-09-12T01:51:21.480478,text/xml
Well_technical_data\Daily Drilling Report - XML Version\15_9_F_15_D_2013_12_08.xml,15_9_F_15_D_2013_12_08.xml,.xml,17037,2026-09-12T01:51:25.323063,text/xml
Well_technical_data\Daily Drilling Report - XML Version\15_9_F_15_D_2013_12_09.xml,15_9_F_15_D_2013_12_09.xml,.xml,18828,2026-09-12T01:51:29.244662,text/xml
Well_technical_data\Daily Drilling Report - XML Version\15_9_F_15_D_2013_12_10.xml,15_9_F_15_D_2013_12_10.xml,.xml,16970,2026-09-12T01:51:32.669257,text/xml
Well_technical_data\Daily Drilling Report - XML Version\15_9_F_15_D_2013_12_11.xml,15_9_F_15_D_2013_12_11.xml,.xml,15906,2026-09-12T01:51:35.925076,text/xml
Well_technical_data\Daily Drilling Report - XML Version\15_9_F_15_D_2013_12_12.xml,15_9_F_15_D_2013_12_12.xml,.xml,14106,2026-09-12T01:51:40.669967,text/xml
Well_technical_data\Daily Drilling Report - XML Version\15_9_F_15_D_2013_12_13.xml,15_9_F_15_D_2013_12_13.xml,.xml,12843,2026-09-12T01:51:44.213312,text/xml
Well_technical_data\Daily Drilling Report - XML Version\15_9_F_15_D_2013_12_14.xml,15_9_F_15_D_2013_12_14.xml,.xml,13019,2026-09-12T01:51:47.191548,text/xml
Well_technical_data\Daily Drilling Report - XML Version\15_9_F_15_D_2013_12_15.xml,15_9_F_15_D_2013_12_15.xml,.xml,12670,2026-09-12T01:51:50.797697,text/xml
Well_technical_data\Daily Drilling Report - XML Version\15_9_F_15_D_2013_12_16.xml,15_9_F_15_D_2013_12_16.xml,.xml,18015,2026-09-12T01:51:54.011557,text/xml
Well_technical_data\Daily Drilling Report - XML Version\15_9_F_15_D_2013_12_17.xml,15_9_F_15_D_2013_12_17.xml,.xml,10951,2026-09-12T01:51:57.457358,text/xml
Well_technical_data\Daily Drilling Report - XML Version\15_9_F_15_D_2013_12_18.xml,15_9_F_15_D_2013_12_18.xml,.xml,20764,2026-09-12T01:52:00.706962,text/xml
Well_technical_data\Daily Drilling Report - XML Version\15_9_F_15_D_2013_12_19.xml,15_9_F_15_D_2013_12_19.xml,.xml,19065,2026-09-12T01:52:04.070045,text/xml
Well_technical_data\Daily Drilling Report - XML Version\15_9_F_15_D_2013_12_20.xml,15_9_F_15_D_2013_12_20.xml,.xml,15999,2026-09-12T01:52:07.158973,text/xml
Well_technical_data\Daily Drilling Report - XML Version\15_9_F_15_D_2013_12_21.xml,15_9_F_15_D_2013_12_21.xml,.xml,5187,2026-09-12T01:52:10.553214,text/xml
Well_technical_data\Daily Drilling Report - XML Version\15_9_F_15_D_2013_12_27.xml,15_9_F_15_D_2013_12_27.xml,.xml,9443,2026-09-12T01:52:13.527292,text/xml
Well_technical_data\Daily Drilling Report - XML Version\15_9_F_15_D_2013_12_28.xml,15_9_F_15_D_2013_12_28.xml,.xml,19704,2026-09-12T01:52:16.981125,text/xml
Well_technical_data\Daily Drilling Report - XML Version\15_9_F_15_D_2013_12_29.xml,15_9_F_15_D_2013_12_29.xml,.xml,18069,2026-09-12T01:52:20.415224,text/xml
Well_technical_data\Daily Drilling Report - XML Version\15_9_F_15_D_2013_12_30.xml,15_9_F_15_D_2013_12_30.xml,.xml,17042,2026-09-12T01:52:23.925084,text/xml
Well_technical_data\Daily Drilling Report - XML Version\15_9_F_15_D_2013_12_31.xml,15_9_F_15_D_2013_12_31.xml,.xml,8587,2026-09-12T01:52:27.096585,text/xml
Well_technical_data\Daily Drilling Report - XML Version\15_9_F_15_D_2014_01_01.xml,15_9_F_15_D_2014_01_01.xml,.xml,9158,2026-09-12T01:52:30.826468,text/xml
Well_technical_data\Daily Drilling Report - XML Version\15_9_F_15_D_2014_01_02.xml,15_9_F_15_D_2014_01_02.xml,.xml,8387,2026-09-12T01:52:33.838237,text/xml
Well_technical_data\Daily Drilling Report - XML Version\15_9_F_15_D_2014_01_03.xml,15_9_F_15_D_2014_01_03.xml,.xml,7366,2026-09-12T01:52:36.819216,text/xml
Well_technical_data\Daily Drilling Report - XML Version\15_9_F_15_D_2014_01_04.xml,15_9_F_15_D_2014_01_04.xml,.xml,18873,2026-09-12T01:52:40.853953,text/xml
Well_technical_data\Daily Drilling Report - XML Version\15_9_F_15_D_2014_01_05.xml,15_9_F_15_D_2014_01_05.xml,.xml,16976,2026-09-12T01:52:44.702435,text/xml
Well_technical_data\Daily Drilling Report - XML Version\15_9_F_15_D_2014_01_06.xml,15_9_F_15_D_2014_01_06.xml,.xml,7869,2026-09-12T01:52:47.694941,text/xml
Well_technical_data\Daily Drilling Report - XML Version\15_9_F_15_D_2014_01_07.xml,15_9_F_15_D_2014_01_07.xml,.xml,11659,2026-09-12T01:52:51.407483,text/xml
Well_technical_data\Daily Drilling Report - XML Version\15_9_F_15_D_2014_01_08.xml,15_9_F_15_D_2014_01_08.xml,.xml,12883,2026-09-12T01:52:54.720680,text/xml
Well_technical_data\Daily Drilling Report - XML Version\15_9_F_15_D_2014_01_09.xml,15_9_F_15_D_2014_01_09.xml,.xml,11066,2026-09-12T01:52:57.659643,text/xml
Well_technical_data\Daily Drilling Report - XML Version\15_9_F_15_D_2014_01_10.xml,15_9_F_15_D_2014_01_10.xml,.xml,12915,2026-09-12T01:53:00.341109,text/xml
Well_technical_data\Daily Drilling Report - XML Version\15_9_F_15_D_2014_01_11.xml,15_9_F_15_D_2014_01_11.xml,.xml,14295,2026-09-12T01:53:03.591380,text/xml
Well_technical_data\Daily Drilling Report - XML Version\15_9_F_15_D_2014_01_12.xml,15_9_F_15_D_2014_01_12.xml,.xml,12788,2026-09-12T01:53:07.638735,text/xml
Well_technical_data\Daily Drilling Report - XML Version\15_9_F_15_D_2014_01_13.xml,15_9_F_15_D_2014_01_13.xml,.xml,15398,2026-09-12T01:53:10.922429,text/xml
Well_technical_data\Daily Drilling Report - XML Version\15_9_F_15_D_2014_01_14.xml,15_9_F_15_D_2014_01_14.xml,.xml,11374,2026-09-12T01:53:14.181004,text/xml
Well_technical_data\Daily Drilling Report - XML Version\15_9_F_15_D_2014_01_15.xml,15_9_F_15_D_2014_01_15.xml,.xml,15034,2026-09-12T01:53:17.636194,text/xml
Well_technical_data\Daily Drilling Report - XML Version\15_9_F_15_D_2014_01_16.xml,15_9_F_15_D_2014_01_16.xml,.xml,11622,2026-09-12T01:53:20.711613,text/xml
Well_technical_data\Daily Drilling Report - XML Version\15_9_F_15_D_2015_08_06.xml,15_9_F_15_D_2015_08_06.xml,.xml,6391,2026-09-12T01:53:25.076263,text/xml
Well_technical_data\Daily Drilling Report - XML Version\15_9_F_15_D_2015_08_07.xml,15_9_F_15_D_2015_08_07.xml,.xml,8576,2026-09-12T01:53:28.151648,text/xml
Well_technical_data\Daily Drilling Report - XML Version\15_9_F_15_D_2015_08_08.xml,15_9_F_15_D_2015_08_08.xml,.xml,13750,2026-09-12T01:53:31.508394,text/xml
Well_technical_data\Daily Drilling Report - XML Version\15_9_F_15_D_2015_08_09.xml,15_9_F_15_D_2015_08_09.xml,.xml,11768,2026-09-12T01:53:34.961214,text/xml
Well_technical_data\Daily Drilling Report - XML Version\15_9_F_15_D_2015_08_10.xml,15_9_F_15_D_2015_08_10.xml,.xml,13842,2026-09-12T01:53:38.522631,text/xml
Well_technical_data\Daily Drilling Report - XML Version\15_9_F_15_D_2015_08_11.xml,15_9_F_15_D_2015_08_11.xml,.xml,5626,2026-09-12T01:53:42.376997,text/xml
Well_technical_data\Daily Drilling Report - XML Version\15_9_F_15_D_2015_08_12.xml,15_9_F_15_D_2015_08_12.xml,.xml,9257,2026-09-12T01:53:45.756595,text/xml
Well_technical_data\Daily Drilling Report - XML Version\15_9_F_15_D_2015_08_13.xml,15_9_F_15_D_2015_08_13.xml,.xml,14356,2026-09-12T01:53:48.701461,text/xml
Well_technical_data\Daily Drilling Report - XML Version\15_9_F_15_D_2015_08_14.xml,15_9_F_15_D_2015_08_14.xml,.xml,13114,2026-09-12T01:53:52.309711,text/xml
Well_technical_data\Daily Drilling Report - XML Version\15_9_F_15_D_2015_08_15.xml,15_9_F_15_D_2015_08_15.xml,.xml,16548,2026-09-12T01:53:55.793655,text/xml
Well_technical_data\Daily Drilling Report - XML Version\15_9_F_15_D_2015_08_16.xml,15_9_F_15_D_2015_08_16.xml,.xml,7125,2026-09-12T01:53:58.983076,text/xml
Well_technical_data\Daily Drilling Report - XML Version\15_9_F_15_D_2015_08_17.xml,15_9_F_15_D_2015_08_17.xml,.xml,3869,2026-09-12T01:54:02.114142,text/xml
Well_technical_data\Daily Drilling Report - XML Version\15_9_F_15_D_2016_07_09.xml,15_9_F_15_D_2016_07_09.xml,.xml,7772,2026-09-12T01:54:05.415555,text/xml
Well_technical_data\Daily Drilling Report - XML Version\15_9_F_15_D_2016_07_10.xml,15_9_F_15_D_2016_07_10.xml,.xml,12069,2026-09-12T01:54:08.383329,text/xml
Well_technical_data\Daily Drilling Report - XML Version\15_9_F_15_D_2016_07_11.xml,15_9_F_15_D_2016_07_11.xml,.xml,8204,2026-09-12T01:54:12.013995,text/xml
Well_technical_data\Daily Drilling Report - XML Version\15_9_F_15_D_2016_07_12.xml,15_9_F_15_D_2016_07_12.xml,.xml,12433,2026-09-12T01:54:15.058637,text/xml
Well_technical_data\Daily Drilling Report - XML Version\15_9_F_15_D_2016_07_13.xml,15_9_F_15_D_2016_07_13.xml,.xml,11184,2026-09-12T01:54:18.317801,text/xml
Well_technical_data\Daily Drilling Report - XML Version\15_9_F_15_D_2016_07_14.xml,15_9_F_15_D_2016_07_14.xml,.xml,18879,2026-09-12T01:54:21.772337,text/xml
Well_technical_data\Daily Drilling Report - XML Version\15_9_F_15_D_2016_07_15.xml,15_9_F_15_D_2016_07_15.xml,.xml,15689,2026-09-12T01:54:25.350560,text/xml
Well_technical_data\Daily Drilling Report - XML Version\15_9_F_15_D_2016_07_16.xml,15_9_F_15_D_2016_07_16.xml,.xml,16067,2026-09-12T01:54:28.711954,text/xml
Well_technical_data\Daily Drilling Report - XML Version\15_9_F_15_D_2016_07_17.xml,15_9_F_15_D_2016_07_17.xml,.xml,20773,2026-09-12T01:54:32.381496,text/xml
Well_technical_data\Daily Drilling Report - XML Version\15_9_F_15_D_2016_07_18.xml,15_9_F_15_D_2016_07_18.xml,.xml,17848,2026-09-12T01:54:35.960926,text/xml
Well_technical_data\Daily Drilling Report - XML Version\15_9_F_15_D_2016_07_19.xml,15_9_F_15_D_2016_07_19.xml,.xml,14279,2026-09-12T01:54:39.072070,text/xml
Well_technical_data\Daily Drilling Report - XML Version\15_9_F_15_D_2016_07_20.xml,15_9_F_15_D_2016_07_20.xml,.xml,17478,2026-09-12T01:54:42.484934,text/xml
Well_technical_data\Daily Drilling Report - XML Version\15_9_F_15_D_2016_07_21.xml,15_9_F_15_D_2016_07_21.xml,.xml,19564,2026-09-12T01:54:45.567274,text/xml
Well_technical_data\Daily Drilling Report - XML Version\15_9_F_15_D_2016_07_22.xml,15_9_F_15_D_2016_07_22.xml,.xml,19268,2026-09-12T01:54:49.419732,text/xml
Well_technical_data\Daily Drilling Report - XML Version\15_9_F_15_D_2016_07_23.xml,15_9_F_15_D_2016_07_23.xml,.xml,19314,2026-09-12T01:54:52.546606,text/xml
Well_technical_data\Daily Drilling Report - XML Version\15_9_F_15_D_2016_07_24.xml,15_9_F_15_D_2016_07_24.xml,.xml,19763,2026-09-12T01:54:55.747229,text/xml
Well_technical_data\Daily Drilling Report - XML Version\15_9_F_15_D_2016_07_25.xml,15_9_F_15_D_2016_07_25.xml,.xml,19633,2026-09-12T01:54:59.591833,text/xml
Well_technical_data\Daily Drilling Report - XML Version\15_9_F_15_D_2016_07_26.xml,15_9_F_15_D_2016_07_26.xml,.xml,13063,2026-09-12T01:55:03.090661,text/xml
Well_technical_data\Daily Drilling Report - XML Version\15_9_F_15_D_2016_07_27.xml,15_9_F_15_D_2016_07_27.xml,.xml,13278,2026-09-12T01:55:06.531031,text/xml
Well_technical_data\Daily Drilling Report - XML Version\15_9_F_15_D_2016_07_28.xml,15_9_F_15_D_2016_07_28.xml,.xml,23877,2026-09-12T01:55:09.600142,text/xml
Well_technical_data\Daily Drilling Report - XML Version\15_9_F_15_D_2016_07_29.xml,15_9_F_15_D_2016_07_29.xml,.xml,8310,2026-09-12T01:55:13.164714,text/xml
Well_technical_data\Daily Drilling Report - XML Version\15_9_F_15_D_2016_09_16.xml,15_9_F_15_D_2016_09_16.xml,.xml,19448,2026-09-12T01:55:16.446809,text/xml
Well_technical_data\Daily Drilling Report - XML Version\15_9_F_15_D_2016_09_17.xml,15_9_F_15_D_2016_09_17.xml,.xml,28381,2026-09-12T01:55:19.664849,text/xml
Well_technical_data\Daily Drilling Report - XML Version\15_9_F_15_D_2016_10_18.xml,15_9_F_15_D_2016_10_18.xml,.xml,15395,2026-09-12T01:55:22.969923,text/xml
Well_technical_data\Daily Drilling Report - XML Version\15_9_F_15_D_2016_10_19.xml,15_9_F_15_D_2016_10_19.xml,.xml,12187,2026-09-12T01:55:26.094341,text/xml
Well_technical_data\Daily Drilling Report - XML Version\15_9_F_1_2007_12_02.xml,15_9_F_1_2007_12_02.xml,.xml,12887,2026-09-12T01:55:29.470628,text/xml
Well_technical_data\Daily Drilling Report - XML Version\15_9_F_1_2007_12_03.xml,15_9_F_1_2007_12_03.xml,.xml,21763,2026-09-12T01:55:32.750179,text/xml
Well_technical_data\Daily Drilling Report - XML Version\15_9_F_1_2007_12_04.xml,15_9_F_1_2007_12_04.xml,.xml,11806,2026-09-12T01:55:36.040696,text/xml
Well_technical_data\Daily Drilling Report - XML Version\15_9_F_1_2007_12_05.xml,15_9_F_1_2007_12_05.xml,.xml,4377,2026-09-12T01:55:39.155376,text/xml
Well_technical_data\Daily Drilling Report - XML Version\15_9_F_1_2013_07_22.xml,15_9_F_1_2013_07_22.xml,.xml,4748,2026-09-12T01:55:42.646704,text/xml
Well_technical_data\Daily Drilling Report - XML Version\15_9_F_1_2013_07_23.xml,15_9_F_1_2013_07_23.xml,.xml,11165,2026-09-12T01:55:45.756571,text/xml
Well_technical_data\Daily Drilling Report - XML Version\15_9_F_1_2013_07_24.xml,15_9_F_1_2013_07_24.xml,.xml,10491,2026-09-12T01:55:48.644962,text/xml
Well_technical_data\Daily Drilling Report - XML Version\15_9_F_1_2013_07_25.xml,15_9_F_1_2013_07_25.xml,.xml,12676,2026-09-12T01:55:51.872711,text/xml
Well_technical_data\Daily Drilling Report - XML Version\15_9_F_1_2013_07_26.xml,15_9_F_1_2013_07_26.xml,.xml,12164,2026-09-12T01:55:54.890627,text/xml
Well_technical_data\Daily Drilling Report - XML Version\15_9_F_1_2013_07_27.xml,15_9_F_1_2013_07_27.xml,.xml,14514,2026-09-12T01:55:58.339442,text/xml
Well_technical_data\Daily Drilling Report - XML Version\15_9_F_1_2013_07_28.xml,15_9_F_1_2013_07_28.xml,.xml,13722,2026-09-12T01:56:01.277925,text/xml
Well_technical_data\Daily Drilling Report - XML Version\15_9_F_1_2013_07_29.xml,15_9_F_1_2013_07_29.xml,.xml,11250,2026-09-12T01:56:04.195918,text/xml
Well_technical_data\Daily Drilling Report - XML Version\15_9_F_1_2013_07_30.xml,15_9_F_1_2013_07_30.xml,.xml,10873,2026-09-12T01:56:07.280207,text/xml
Well_technical_data\Daily Drilling Report - XML Version\15_9_F_1_2013_07_31.xml,15_9_F_1_2013_07_31.xml,.xml,10129,2026-09-12T01:56:10.583799,text/xml
Well_technical_data\Daily Drilling Report - XML Version\15_9_F_1_2013_08_01.xml,15_9_F_1_2013_08_01.xml,.xml,13810,2026-09-12T01:56:14.004622,text/xml
Well_technical_data\Daily Drilling Report - XML Version\15_9_F_1_2013_08_02.xml,15_9_F_1_2013_08_02.xml,.xml,12078,2026-09-12T01:56:16.998304,text/xml
Well_technical_data\Daily Drilling Report - XML Version\15_9_F_1_2013_08_03.xml,15_9_F_1_2013_08_03.xml,.xml,15458,2026-09-12T01:56:20.633119,text/xml
Well_technical_data\Daily Drilling Report - XML Version\15_9_F_1_2013_08_04.xml,15_9_F_1_2013_08_04.xml,.xml,17807,2026-09-12T01:56:24.443796,text/xml
Well_technical_data\Daily Drilling Report - XML Version\15_9_F_1_2013_08_05.xml,15_9_F_1_2013_08_05.xml,.xml,13990,2026-09-12T01:56:27.553450,text/xml
Well_technical_data\Daily Drilling Report - XML Version\15_9_F_1_2013_08_06.xml,15_9_F_1_2013_08_06.xml,.xml,10890,2026-09-12T01:56:30.813851,text/xml
Well_technical_data\Daily Drilling Report - XML Version\15_9_F_1_2013_08_07.xml,15_9_F_1_2013_08_07.xml,.xml,15932,2026-09-12T01:56:33.888768,text/xml
Well_technical_data\Daily Drilling Report - XML Version\15_9_F_1_2013_08_08.xml,15_9_F_1_2013_08_08.xml,.xml,15004,2026-09-12T01:56:37.426206,text/xml
Well_technical_data\Daily Drilling Report - XML Version\15_9_F_1_2013_08_09.xml,15_9_F_1_2013_08_09.xml,.xml,10588,2026-09-12T01:56:40.983032,text/xml
Well_technical_data\Daily Drilling Report - XML Version\15_9_F_1_2013_08_10.xml,15_9_F_1_2013_08_10.xml,.xml,15332,2026-09-12T01:56:44.752952,text/xml
Well_technical_data\Daily Drilling Report - XML Version\15_9_F_1_2013_08_11.xml,15_9_F_1_2013_08_11.xml,.xml,10961,2026-09-12T01:56:47.799686,text/xml
Well_technical_data\Daily Drilling Report - XML Version\15_9_F_1_2013_08_12.xml,15_9_F_1_2013_08_12.xml,.xml,16772,2026-09-12T01:56:51.325352,text/xml
Well_technical_data\Daily Drilling Report - XML Version\15_9_F_1_2013_08_13.xml,15_9_F_1_2013_08_13.xml,.xml,10951,2026-09-12T01:56:54.785373,text/xml
Well_technical_data\Daily Drilling Report - XML Version\15_9_F_1_2013_08_14.xml,15_9_F_1_2013_08_14.xml,.xml,17799,2026-09-12T01:56:58.403117,text/xml
Well_technical_data\Daily Drilling Report - XML Version\15_9_F_1_2013_08_15.xml,15_9_F_1_2013_08_15.xml,.xml,14278,2026-09-12T01:57:01.448455,text/xml
Well_technical_data\Daily Drilling Report - XML Version\15_9_F_1_2013_08_16.xml,15_9_F_1_2013_08_16.xml,.xml,16948,2026-09-12T01:57:04.865894,text/xml
Well_technical_data\Daily Drilling Report - XML Version\15_9_F_1_2013_08_17.xml,15_9_F_1_2013_08_17.xml,.xml,15105,2026-09-12T01:57:07.918683,text/xml
Well_technical_data\Daily Drilling Report - XML Version\15_9_F_1_2013_08_18.xml,15_9_F_1_2013_08_18.xml,.xml,19157,2026-09-12T01:57:11.270319,text/xml
Well_technical_data\Daily Drilling Report - XML Version\15_9_F_1_2013_08_19.xml,15_9_F_1_2013_08_19.xml,.xml,18048,2026-09-12T01:57:14.555495,text/xml
Well_technical_data\Daily Drilling Report - XML Version\15_9_F_1_2013_08_20.xml,15_9_F_1_2013_08_20.xml,.xml,10635,2026-09-12T01:57:18.165054,text/xml
Well_technical_data\Daily Drilling Report - XML Version\15_9_F_1_2013_08_21.xml,15_9_F_1_2013_08_21.xml,.xml,18785,2026-09-12T01:57:21.323548,text/xml
Well_technical_data\Daily Drilling Report - XML Version\15_9_F_1_2013_08_22.xml,15_9_F_1_2013_08_22.xml,.xml,16327,2026-09-12T01:57:24.637379,text/xml
Well_technical_data\Daily Drilling Report - XML Version\15_9_F_1_2013_08_23.xml,15_9_F_1_2013_08_23.xml,.xml,18413,2026-09-12T01:57:27.851532,text/xml
Well_technical_data\Daily Drilling Report - XML Version\15_9_F_1_2013_08_24.xml,15_9_F_1_2013_08_24.xml,.xml,8977,2026-09-12T01:57:30.773039,text/xml
Well_technical_data\Daily Drilling Report - XML Version\15_9_F_1_A_2013_08_24.xml,15_9_F_1_A_2013_08_24.xml,.xml,15857,2026-09-12T01:57:34.641876,text/xml
Well_technical_data\Daily Drilling Report - XML Version\15_9_F_1_A_2013_08_25.xml,15_9_F_1_A_2013_08_25.xml,.xml,13076,2026-09-12T01:57:38.297974,text/xml
Well_technical_data\Daily Drilling Report - XML Version\15_9_F_1_A_2013_08_26.xml,15_9_F_1_A_2013_08_26.xml,.xml,19679,2026-09-12T01:57:42.011342,text/xml
Well_technical_data\Daily Drilling Report - XML Version\15_9_F_1_A_2013_08_27.xml,15_9_F_1_A_2013_08_27.xml,.xml,26370,2026-09-12T01:57:45.336601,text/xml
Well_technical_data\Daily Drilling Report - XML Version\15_9_F_1_A_2013_08_28.xml,15_9_F_1_A_2013_08_28.xml,.xml,20316,2026-09-12T01:57:48.269070,text/xml
Well_technical_data\Daily Drilling Report - XML Version\15_9_F_1_A_2013_08_29.xml,15_9_F_1_A_2013_08_29.xml,.xml,15235,2026-09-12T01:57:51.883611,text/xml
Well_technical_data\Daily Drilling Report - XML Version\15_9_F_1_A_2013_08_30.xml,15_9_F_1_A_2013_08_30.xml,.xml,13409,2026-09-12T01:57:54.924354,text/xml
Well_technical_data\Daily Drilling Report - XML Version\15_9_F_1_B_2013_08_30.xml,15_9_F_1_B_2013_08_30.xml,.xml,8966,2026-09-12T01:57:58.081508,text/xml
Well_technical_data\Daily Drilling Report - XML Version\15_9_F_1_B_2013_08_31.xml,15_9_F_1_B_2013_08_31.xml,.xml,15811,2026-09-12T01:58:01.447046,text/xml
Well_technical_data\Daily Drilling Report - XML Version\15_9_F_1_B_2013_09_01.xml,15_9_F_1_B_2013_09_01.xml,.xml,21197,2026-09-12T01:58:04.414069,text/xml
Well_technical_data\Daily Drilling Report - XML Version\15_9_F_1_B_2013_09_02.xml,15_9_F_1_B_2013_09_02.xml,.xml,20330,2026-09-12T01:58:07.786472,text/xml
Well_technical_data\Daily Drilling Report - XML Version\15_9_F_1_B_2013_09_03.xml,15_9_F_1_B_2013_09_03.xml,.xml,14759,2026-09-12T01:58:10.945990,text/xml
Well_technical_data\Daily Drilling Report - XML Version\15_9_F_1_B_2013_09_05.xml,15_9_F_1_B_2013_09_05.xml,.xml,11469,2026-09-12T01:58:13.750672,text/xml
Well_technical_data\Daily Drilling Report - XML Version\15_9_F_1_B_2013_09_06.xml,15_9_F_1_B_2013_09_06.xml,.xml,20054,2026-09-12T01:58:16.592244,text/xml
Well_technical_data\Daily Drilling Report - XML Version\15_9_F_1_B_2013_09_07.xml,15_9_F_1_B_2013_09_07.xml,.xml,18591,2026-09-12T01:58:19.808637,text/xml
Well_technical_data\Daily Drilling Report - XML Version\15_9_F_1_B_2013_09_08.xml,15_9_F_1_B_2013_09_08.xml,.xml,15522,2026-09-12T01:58:22.960125,text/xml
Well_technical_data\Daily Drilling Report - XML Version\15_9_F_1_B_2013_09_09.xml,15_9_F_1_B_2013_09_09.xml,.xml,23789,2026-09-12T01:58:29.720457,text/xml
Well_technical_data\Daily Drilling Report - XML Version\15_9_F_1_B_2013_09_10.xml,15_9_F_1_B_2013_09_10.xml,.xml,15061,2026-09-12T01:58:33.412659,text/xml
Well_technical_data\Daily Drilling Report - XML Version\15_9_F_1_B_2013_09_11.xml,15_9_F_1_B_2013_09_11.xml,.xml,16704,2026-09-12T01:58:36.884585,text/xml
Well_technical_data\Daily Drilling Report - XML Version\15_9_F_1_B_2013_09_12.xml,15_9_F_1_B_2013_09_12.xml,.xml,17091,2026-09-12T01:58:40.431414,text/xml
Well_technical_data\Daily Drilling Report - XML Version\15_9_F_1_B_2013_09_13.xml,15_9_F_1_B_2013_09_13.xml,.xml,23409,2026-09-12T01:58:44.115275,text/xml
Well_technical_data\Daily Drilling Report - XML Version\15_9_F_1_B_2013_09_14.xml,15_9_F_1_B_2013_09_14.xml,.xml,14287,2026-09-12T01:58:47.370704,text/xml
Well_technical_data\Daily Drilling Report - XML Version\15_9_F_1_B_2013_09_15.xml,15_9_F_1_B_2013_09_15.xml,.xml,9198,2026-09-12T01:58:51.874972,text/xml
Well_technical_data\Daily Drilling Report - XML Version\15_9_F_1_B_2013_09_16.xml,15_9_F_1_B_2013_09_16.xml,.xml,4691,2026-09-12T01:58:55.153922,text/xml
Well_technical_data\Daily Drilling Report - XML Version\15_9_F_1_B_2013_09_17.xml,15_9_F_1_B_2013_09_17.xml,.xml,4770,2026-09-12T01:58:58.366380,text/xml
Well_technical_data\Daily Drilling Report - XML Version\15_9_F_1_B_2013_09_18.xml,15_9_F_1_B_2013_09_18.xml,.xml,4672,2026-09-12T01:59:01.713931,text/xml
Well_technical_data\Daily Drilling Report - XML Version\15_9_F_1_B_2013_09_19.xml,15_9_F_1_B_2013_09_19.xml,.xml,10305,2026-09-12T01:59:04.886988,text/xml
Well_technical_data\Daily Drilling Report - XML Version\15_9_F_1_B_2013_09_20.xml,15_9_F_1_B_2013_09_20.xml,.xml,13946,2026-09-12T01:59:08.374665,text/xml
Well_technical_data\Daily Drilling Report - XML Version\15_9_F_1_B_2013_09_21.xml,15_9_F_1_B_2013_09_21.xml,.xml,9626,2026-09-12T01:59:11.157429,text/xml
Well_technical_data\Daily Drilling Report - XML Version\15_9_F_1_B_2013_09_22.xml,15_9_F_1_B_2013_09_22.xml,.xml,11385,2026-09-12T01:59:14.164168,text/xml
Well_technical_data\Daily Drilling Report - XML Version\15_9_F_1_B_2013_09_23.xml,15_9_F_1_B_2013_09_23.xml,.xml,16233,2026-09-12T01:59:18.009898,text/xml
Well_technical_data\Daily Drilling Report - XML Version\15_9_F_1_B_2013_09_24.xml,15_9_F_1_B_2013_09_24.xml,.xml,16058,2026-09-12T01:59:21.490037,text/xml
Well_technical_data\Daily Drilling Report - XML Version\15_9_F_1_B_2013_09_25.xml,15_9_F_1_B_2013_09_25.xml,.xml,11732,2026-09-12T01:59:25.280957,text/xml
Well_technical_data\Daily Drilling Report - XML Version\15_9_F_1_B_2013_09_26.xml,15_9_F_1_B_2013_09_26.xml,.xml,8940,2026-09-12T01:59:28.357768,text/xml
Well_technical_data\Daily Drilling Report - XML Version\15_9_F_1_B_2013_09_27.xml,15_9_F_1_B_2013_09_27.xml,.xml,14695,2026-09-12T01:59:31.488481,text/xml
Well_technical_data\Daily Drilling Report - XML Version\15_9_F_1_B_2013_09_28.xml,15_9_F_1_B_2013_09_28.xml,.xml,9977,2026-09-12T01:59:34.858468,text/xml
Well_technical_data\Daily Drilling Report - XML Version\15_9_F_1_B_2013_09_29.xml,15_9_F_1_B_2013_09_29.xml,.xml,7168,2026-09-12T01:59:37.912725,text/xml
Well_technical_data\Daily Drilling Report - XML Version\15_9_F_1_B_2013_09_30.xml,15_9_F_1_B_2013_09_30.xml,.xml,7026,2026-09-12T01:59:41.084028,text/xml
Well_technical_data\Daily Drilling Report - XML Version\15_9_F_1_B_2013_10_01.xml,15_9_F_1_B_2013_10_01.xml,.xml,8672,2026-09-12T01:59:44.519825,text/xml
Well_technical_data\Daily Drilling Report - XML Version\15_9_F_1_B_2013_10_02.xml,15_9_F_1_B_2013_10_02.xml,.xml,13987,2026-09-12T01:59:48.030632,text/xml
Well_technical_data\Daily Drilling Report - XML Version\15_9_F_1_B_2013_10_03.xml,15_9_F_1_B_2013_10_03.xml,.xml,13428,2026-09-12T01:59:51.245828,text/xml
Well_technical_data\Daily Drilling Report - XML Version\15_9_F_1_B_2013_10_04.xml,15_9_F_1_B_2013_10_04.xml,.xml,13211,2026-09-12T01:59:54.683008,text/xml
Well_technical_data\Daily Drilling Report - XML Version\15_9_F_1_B_2013_10_05.xml,15_9_F_1_B_2013_10_05.xml,.xml,9768,2026-09-12T01:59:57.995008,text/xml
Well_technical_data\Daily Drilling Report - XML Version\15_9_F_1_B_2013_10_06.xml,15_9_F_1_B_2013_10_06.xml,.xml,12176,2026-09-12T02:00:01.250387,text/xml
Well_technical_data\Daily Drilling Report - XML Version\15_9_F_1_B_2013_10_07.xml,15_9_F_1_B_2013_10_07.xml,.xml,10675,2026-09-12T02:00:04.574960,text/xml
Well_technical_data\Daily Drilling Report - XML Version\15_9_F_1_B_2013_12_21.xml,15_9_F_1_B_2013_12_21.xml,.xml,13961,2026-09-12T02:00:08.343988,text/xml
Well_technical_data\Daily Drilling Report - XML Version\15_9_F_1_B_2013_12_22.xml,15_9_F_1_B_2013_12_22.xml,.xml,9911,2026-09-12T02:00:11.304506,text/xml
Well_technical_data\Daily Drilling Report - XML Version\15_9_F_1_B_2013_12_23.xml,15_9_F_1_B_2013_12_23.xml,.xml,15280,2026-09-12T02:00:14.602920,text/xml
Well_technical_data\Daily Drilling Report - XML Version\15_9_F_1_B_2013_12_24.xml,15_9_F_1_B_2013_12_24.xml,.xml,15543,2026-09-12T02:00:17.855749,text/xml
Well_technical_data\Daily Drilling Report - XML Version\15_9_F_1_B_2013_12_25.xml,15_9_F_1_B_2013_12_25.xml,.xml,14717,2026-09-12T02:00:21.101379,text/xml
Well_technical_data\Daily Drilling Report - XML Version\15_9_F_1_B_2013_12_26.xml,15_9_F_1_B_2013_12_26.xml,.xml,8760,2026-09-12T02:00:23.933838,text/xml
Well_technical_data\Daily Drilling Report - XML Version\15_9_F_1_B_2013_12_27.xml,15_9_F_1_B_2013_12_27.xml,.xml,4805,2026-09-12T02:00:27.630307,text/xml
Well_technical_data\Daily Drilling Report - XML Version\15_9_F_1_B_2014_01_26.xml,15_9_F_1_B_2014_01_26.xml,.xml,9111,2026-09-12T02:00:31.920949,text/xml
Well_technical_data\Daily Drilling Report - XML Version\15_9_F_1_B_2014_01_27.xml,15_9_F_1_B_2014_01_27.xml,.xml,14579,2026-09-12T02:00:35.453138,text/xml
Well_technical_data\Daily Drilling Report - XML Version\15_9_F_1_B_2014_01_28.xml,15_9_F_1_B_2014_01_28.xml,.xml,8463,2026-09-12T02:00:38.526252,text/xml
Well_technical_data\Daily Drilling Report - XML Version\15_9_F_1_B_2014_01_29.xml,15_9_F_1_B_2014_01_29.xml,.xml,15944,2026-09-12T02:00:41.662988,text/xml
Well_technical_data\Daily Drilling Report - XML Version\15_9_F_1_B_2014_01_30.xml,15_9_F_1_B_2014_01_30.xml,.xml,12713,2026-09-12T02:00:45.249314,text/xml
Well_technical_data\Daily Drilling Report - XML Version\15_9_F_1_B_2014_01_31.xml,15_9_F_1_B_2014_01_31.xml,.xml,12332,2026-09-12T02:00:48.514195,text/xml
Well_technical_data\Daily Drilling Report - XML Version\15_9_F_1_B_2014_02_01.xml,15_9_F_1_B_2014_02_01.xml,.xml,14730,2026-09-12T02:00:51.888269,text/xml
Well_technical_data\Daily Drilling Report - XML Version\15_9_F_1_B_2014_02_02.xml,15_9_F_1_B_2014_02_02.xml,.xml,10341,2026-09-12T02:00:55.202129,text/xml
Well_technical_data\Daily Drilling Report - XML Version\15_9_F_1_B_2014_02_03.xml,15_9_F_1_B_2014_02_03.xml,.xml,19678,2026-09-12T02:00:59.061810,text/xml
Well_technical_data\Daily Drilling Report - XML Version\15_9_F_1_B_2014_02_04.xml,15_9_F_1_B_2014_02_04.xml,.xml,14089,2026-09-12T02:01:02.594384,text/xml
Well_technical_data\Daily Drilling Report - XML Version\15_9_F_1_B_2014_02_05.xml,15_9_F_1_B_2014_02_05.xml,.xml,10202,2026-09-12T02:01:05.289004,text/xml
Well_technical_data\Daily Drilling Report - XML Version\15_9_F_1_B_2014_02_06.xml,15_9_F_1_B_2014_02_06.xml,.xml,17517,2026-09-12T02:01:08.073488,text/xml
Well_technical_data\Daily Drilling Report - XML Version\15_9_F_1_B_2014_02_07.xml,15_9_F_1_B_2014_02_07.xml,.xml,16255,2026-09-12T02:01:11.730340,text/xml
Well_technical_data\Daily Drilling Report - XML Version\15_9_F_1_B_2014_02_08.xml,15_9_F_1_B_2014_02_08.xml,.xml,13041,2026-09-12T02:01:15.172106,text/xml
Well_technical_data\Daily Drilling Report - XML Version\15_9_F_1_B_2014_02_09.xml,15_9_F_1_B_2014_02_09.xml,.xml,7098,2026-09-12T02:01:18.442431,text/xml
Well_technical_data\Daily Drilling Report - XML Version\15_9_F_1_B_2014_02_10.xml,15_9_F_1_B_2014_02_10.xml,.xml,6526,2026-09-12T02:01:21.247704,text/xml
Well_technical_data\Daily Drilling Report - XML Version\15_9_F_1_B_2014_02_11.xml,15_9_F_1_B_2014_02_11.xml,.xml,13238,2026-09-12T02:01:25.019168,text/xml
Well_technical_data\Daily Drilling Report - XML Version\15_9_F_1_B_2014_02_12.xml,15_9_F_1_B_2014_02_12.xml,.xml,16655,2026-09-12T02:01:29.023647,text/xml
Well_technical_data\Daily Drilling Report - XML Version\15_9_F_1_B_2014_02_13.xml,15_9_F_1_B_2014_02_13.xml,.xml,19636,2026-09-12T02:01:32.584682,text/xml
Well_technical_data\Daily Drilling Report - XML Version\15_9_F_1_B_2014_02_14.xml,15_9_F_1_B_2014_02_14.xml,.xml,22372,2026-09-12T02:01:36.194223,text/xml
Well_technical_data\Daily Drilling Report - XML Version\15_9_F_1_B_2014_02_15.xml,15_9_F_1_B_2014_02_15.xml,.xml,23298,2026-09-12T02:01:39.536515,text/xml
Well_technical_data\Daily Drilling Report - XML Version\15_9_F_1_B_2014_02_16.xml,15_9_F_1_B_2014_02_16.xml,.xml,29059,2026-09-12T02:01:43.096245,text/xml
Well_technical_data\Daily Drilling Report - XML Version\15_9_F_1_B_2014_02_17.xml,15_9_F_1_B_2014_02_17.xml,.xml,22177,2026-09-12T02:01:46.865306,text/xml
Well_technical_data\Daily Drilling Report - XML Version\15_9_F_1_B_2014_02_18.xml,15_9_F_1_B_2014_02_18.xml,.xml,26777,2026-09-12T02:01:51.397166,text/xml
Well_technical_data\Daily Drilling Report - XML Version\15_9_F_1_B_2014_02_19.xml,15_9_F_1_B_2014_02_19.xml,.xml,19192,2026-09-12T02:01:57.696472,text/xml
Well_technical_data\Daily Drilling Report - XML Version\15_9_F_1_B_2014_02_20.xml,15_9_F_1_B_2014_02_20.xml,.xml,21098,2026-09-12T02:02:46.805665,text/xml
Well_technical_data\Daily Drilling Report - XML Version\15_9_F_1_B_2014_02_21.xml,15_9_F_1_B_2014_02_21.xml,.xml,11849,2026-09-12T02:02:52.450047,text/xml
Well_technical_data\Daily Drilling Report - XML Version\15_9_F_1_B_2014_02_22.xml,15_9_F_1_B_2014_02_22.xml,.xml,11212,2026-09-12T02:02:55.985823,text/xml
Well_technical_data\Daily Drilling Report - XML Version\15_9_F_1_C_2014_02_22.xml,15_9_F_1_C_2014_02_22.xml,.xml,21633,2026-09-12T02:02:59.929263,text/xml
Well_technical_data\Daily Drilling Report - XML Version\15_9_F_1_C_2014_02_23.xml,15_9_F_1_C_2014_02_23.xml,.xml,15183,2026-09-12T02:03:03.573862,text/xml
Well_technical_data\Daily Drilling Report - XML Version\15_9_F_1_C_2014_02_24.xml,15_9_F_1_C_2014_02_24.xml,.xml,12261,2026-09-12T02:03:07.215659,text/xml
Well_technical_data\Daily Drilling Report - XML Version\15_9_F_1_C_2014_02_25.xml,15_9_F_1_C_2014_02_25.xml,.xml,8599,2026-09-12T02:03:10.891135,text/xml
Well_technical_data\Daily Drilling Report - XML Version\15_9_F_1_C_2014_02_26.xml,15_9_F_1_C_2014_02_26.xml,.xml,19100,2026-09-12T02:03:14.572051,text/xml
Well_technical_data\Daily Drilling Report - XML Version\15_9_F_1_C_2014_02_27.xml,15_9_F_1_C_2014_02_27.xml,.xml,14214,2026-09-12T02:03:18.087183,text/xml
Well_technical_data\Daily Drilling Report - XML Version\15_9_F_1_C_2014_02_28.xml,15_9_F_1_C_2014_02_28.xml,.xml,17204,2026-09-12T02:03:21.939092,text/xml
Well_technical_data\Daily Drilling Report - XML Version\15_9_F_1_C_2014_03_01.xml,15_9_F_1_C_2014_03_01.xml,.xml,16508,2026-09-12T02:03:25.733160,text/xml
Well_technical_data\Daily Drilling Report - XML Version\15_9_F_1_C_2014_03_02.xml,15_9_F_1_C_2014_03_02.xml,.xml,20118,2026-09-12T02:03:29.152068,text/xml
Well_technical_data\Daily Drilling Report - XML Version\15_9_F_1_C_2014_03_03.xml,15_9_F_1_C_2014_03_03.xml,.xml,17020,2026-09-12T02:03:32.813112,text/xml
Well_technical_data\Daily Drilling Report - XML Version\15_9_F_1_C_2014_03_04.xml,15_9_F_1_C_2014_03_04.xml,.xml,20812,2026-09-12T02:03:36.216944,text/xml
Well_technical_data\Daily Drilling Report - XML Version\15_9_F_1_C_2014_03_05.xml,15_9_F_1_C_2014_03_05.xml,.xml,14197,2026-09-12T02:03:39.357898,text/xml
Well_technical_data\Daily Drilling Report - XML Version\15_9_F_1_C_2014_03_06.xml,15_9_F_1_C_2014_03_06.xml,.xml,24877,2026-09-12T02:03:43.072758,text/xml
Well_technical_data\Daily Drilling Report - XML Version\15_9_F_1_C_2014_03_07.xml,15_9_F_1_C_2014_03_07.xml,.xml,10906,2026-09-12T02:03:46.491754,text/xml
Well_technical_data\Daily Drilling Report - XML Version\15_9_F_1_C_2014_03_08.xml,15_9_F_1_C_2014_03_08.xml,.xml,27094,2026-09-12T02:03:50.148547,text/xml
Well_technical_data\Daily Drilling Report - XML Version\15_9_F_1_C_2014_03_09.xml,15_9_F_1_C_2014_03_09.xml,.xml,16537,2026-09-12T02:03:53.872205,text/xml
Well_technical_data\Daily Drilling Report - XML Version\15_9_F_1_C_2014_03_10.xml,15_9_F_1_C_2014_03_10.xml,.xml,12188,2026-09-12T02:03:57.371093,text/xml
Well_technical_data\Daily Drilling Report - XML Version\15_9_F_1_C_2014_03_11.xml,15_9_F_1_C_2014_03_11.xml,.xml,15819,2026-09-12T02:04:01.060145,text/xml
Well_technical_data\Daily Drilling Report - XML Version\15_9_F_1_C_2014_03_12.xml,15_9_F_1_C_2014_03_12.xml,.xml,24653,2026-09-12T02:04:04.215524,text/xml
Well_technical_data\Daily Drilling Report - XML Version\15_9_F_1_C_2014_03_13.xml,15_9_F_1_C_2014_03_13.xml,.xml,20884,2026-09-12T02:04:08.292889,text/xml
Well_technical_data\Daily Drilling Report - XML Version\15_9_F_1_C_2014_03_14.xml,15_9_F_1_C_2014_03_14.xml,.xml,18131,2026-09-12T02:04:11.866804,text/xml
Well_technical_data\Daily Drilling Report - XML Version\15_9_F_1_C_2014_03_15.xml,15_9_F_1_C_2014_03_15.xml,.xml,23492,2026-09-12T02:04:19.283342,text/xml
Well_technical_data\Daily Drilling Report - XML Version\15_9_F_1_C_2014_03_16.xml,15_9_F_1_C_2014_03_16.xml,.xml,19594,2026-09-12T02:04:22.885403,text/xml
Well_technical_data\Daily Drilling Report - XML Version\15_9_F_1_C_2014_03_17.xml,15_9_F_1_C_2014_03_17.xml,.xml,13190,2026-09-12T02:04:26.244524,text/xml
Well_technical_data\Daily Drilling Report - XML Version\15_9_F_1_C_2014_03_18.xml,15_9_F_1_C_2014_03_18.xml,.xml,14899,2026-09-12T02:04:30.049138,text/xml
Well_technical_data\Daily Drilling Report - XML Version\15_9_F_1_C_2014_03_19.xml,15_9_F_1_C_2014_03_19.xml,.xml,27477,2026-09-12T02:04:34.057899,text/xml
Well_technical_data\Daily Drilling Report - XML Version\15_9_F_1_C_2014_03_20.xml,15_9_F_1_C_2014_03_20.xml,.xml,20277,2026-09-12T02:04:37.474058,text/xml
Well_technical_data\Daily Drilling Report - XML Version\15_9_F_1_C_2014_03_21.xml,15_9_F_1_C_2014_03_21.xml,.xml,21437,2026-09-12T02:04:40.812387,text/xml
Well_technical_data\Daily Drilling Report - XML Version\15_9_F_1_C_2014_03_22.xml,15_9_F_1_C_2014_03_22.xml,.xml,18620,2026-09-12T02:04:44.219877,text/xml
Well_technical_data\Daily Drilling Report - XML Version\15_9_F_1_C_2014_03_23.xml,15_9_F_1_C_2014_03_23.xml,.xml,23202,2026-09-12T02:04:47.680310,text/xml
Well_technical_data\Daily Drilling Report - XML Version\15_9_F_1_C_2014_03_24.xml,15_9_F_1_C_2014_03_24.xml,.xml,4995,2026-09-12T02:04:50.840741,text/xml
Well_technical_data\Daily Drilling Report - XML Version\15_9_F_1_C_2014_03_25.xml,15_9_F_1_C_2014_03_25.xml,.xml,17243,2026-09-12T02:04:54.016700,text/xml
Well_technical_data\Daily Drilling Report - XML Version\15_9_F_1_C_2014_03_26.xml,15_9_F_1_C_2014_03_26.xml,.xml,6777,2026-09-12T02:04:57.042779,text/xml
Well_technical_data\Daily Drilling Report - XML Version\15_9_F_1_C_2014_03_27.xml,15_9_F_1_C_2014_03_27.xml,.xml,9046,2026-09-12T02:05:00.367549,text/xml
Well_technical_data\Daily Drilling Report - XML Version\15_9_F_1_C_2014_03_28.xml,15_9_F_1_C_2014_03_28.xml,.xml,11137,2026-09-12T02:05:03.284455,text/xml
Well_technical_data\Daily Drilling Report - XML Version\15_9_F_1_C_2014_03_29.xml,15_9_F_1_C_2014_03_29.xml,.xml,21160,2026-09-12T02:05:06.597137,text/xml
Well_technical_data\Daily Drilling Report - XML Version\15_9_F_1_C_2014_03_30.xml,15_9_F_1_C_2014_03_30.xml,.xml,23975,2026-09-12T02:05:09.956083,text/xml
Well_technical_data\Daily Drilling Report - XML Version\15_9_F_1_C_2014_03_31.xml,15_9_F_1_C_2014_03_31.xml,.xml,4989,2026-09-12T02:05:13.016568,text/xml
Well_technical_data\Daily Drilling Report - XML Version\15_9_F_1_C_2014_04_01.xml,15_9_F_1_C_2014_04_01.xml,.xml,16958,2026-09-12T02:05:16.528126,text/xml
Well_technical_data\Daily Drilling Report - XML Version\15_9_F_1_C_2014_04_02.xml,15_9_F_1_C_2014_04_02.xml,.xml,15640,2026-09-12T02:05:20.146413,text/xml
Well_technical_data\Daily Drilling Report - XML Version\15_9_F_1_C_2014_04_03.xml,15_9_F_1_C_2014_04_03.xml,.xml,25023,2026-09-12T02:05:23.843140,text/xml
Well_technical_data\Daily Drilling Report - XML Version\15_9_F_1_C_2014_04_04.xml,15_9_F_1_C_2014_04_04.xml,.xml,12258,2026-09-12T02:05:27.511914,text/xml
Well_technical_data\Daily Drilling Report - XML Version\15_9_F_1_C_2014_04_05.xml,15_9_F_1_C_2014_04_05.xml,.xml,9033,2026-09-12T02:05:30.883224,text/xml
Well_technical_data\Daily Drilling Report - XML Version\15_9_F_1_C_2014_04_06.xml,15_9_F_1_C_2014_04_06.xml,.xml,20878,2026-09-12T02:05:34.004630,text/xml
Well_technical_data\Daily Drilling Report - XML Version\15_9_F_1_C_2014_04_07.xml,15_9_F_1_C_2014_04_07.xml,.xml,20232,2026-09-12T02:05:38.203790,text/xml
Well_technical_data\Daily Drilling Report - XML Version\15_9_F_1_C_2014_04_08.xml,15_9_F_1_C_2014_04_08.xml,.xml,10594,2026-09-12T02:05:41.833802,text/xml
Well_technical_data\Daily Drilling Report - XML Version\15_9_F_1_C_2014_04_09.xml,15_9_F_1_C_2014_04_09.xml,.xml,10696,2026-09-12T02:05:45.055180,text/xml
Well_technical_data\Daily Drilling Report - XML Version\15_9_F_1_C_2014_04_10.xml,15_9_F_1_C_2014_04_10.xml,.xml,13841,2026-09-12T02:05:48.617883,text/xml
Well_technical_data\Daily Drilling Report - XML Version\15_9_F_1_C_2014_04_11.xml,15_9_F_1_C_2014_04_11.xml,.xml,16753,2026-09-12T02:05:51.806440,text/xml
Well_technical_data\Daily Drilling Report - XML Version\15_9_F_1_C_2014_04_12.xml,15_9_F_1_C_2014_04_12.xml,.xml,16485,2026-09-12T02:05:55.406135,text/xml
Well_technical_data\Daily Drilling Report - XML Version\15_9_F_1_C_2014_04_13.xml,15_9_F_1_C_2014_04_13.xml,.xml,19185,2026-09-12T02:05:58.670080,text/xml
Well_technical_data\Daily Drilling Report - XML Version\15_9_F_1_C_2014_04_14.xml,15_9_F_1_C_2014_04_14.xml,.xml,17311,2026-09-12T02:06:02.286755,text/xml
Well_technical_data\Daily Drilling Report - XML Version\15_9_F_1_C_2014_04_15.xml,15_9_F_1_C_2014_04_15.xml,.xml,14722,2026-09-12T02:06:05.809976,text/xml
Well_technical_data\Daily Drilling Report - XML Version\15_9_F_1_C_2014_04_16.xml,15_9_F_1_C_2014_04_16.xml,.xml,17609,2026-09-12T02:06:09.340927,text/xml
Well_technical_data\Daily Drilling Report - XML Version\15_9_F_1_C_2014_04_17.xml,15_9_F_1_C_2014_04_17.xml,.xml,16075,2026-09-12T02:06:12.866692,text/xml
Well_technical_data\Daily Drilling Report - XML Version\15_9_F_1_C_2014_04_18.xml,15_9_F_1_C_2014_04_18.xml,.xml,13280,2026-09-12T02:06:16.811858,text/xml
Well_technical_data\Daily Drilling Report - XML Version\15_9_F_1_C_2014_04_19.xml,15_9_F_1_C_2014_04_19.xml,.xml,13753,2026-09-12T02:06:20.050016,text/xml
Well_technical_data\Daily Drilling Report - XML Version\15_9_F_1_C_2014_04_20.xml,15_9_F_1_C_2014_04_20.xml,.xml,12648,2026-09-12T02:06:23.200043,text/xml
Well_technical_data\Daily Drilling Report - XML Version\15_9_F_1_C_2014_04_21.xml,15_9_F_1_C_2014_04_21.xml,.xml,11828,2026-09-12T02:06:26.383864,text/xml
Well_technical_data\Daily Drilling Report - XML Version\15_9_F_1_C_2014_04_22.xml,15_9_F_1_C_2014_04_22.xml,.xml,4361,2026-09-12T02:06:29.218128,text/xml
Well_technical_data\Daily Drilling Report - XML Version\15_9_F_1_C_2014_11_28.xml,15_9_F_1_C_2014_11_28.xml,.xml,6732,2026-09-12T02:06:32.361482,text/xml
Well_technical_data\Daily Drilling Report - XML Version\15_9_F_1_C_2014_11_29.xml,15_9_F_1_C_2014_11_29.xml,.xml,18150,2026-09-12T02:06:35.956118,text/xml
Well_technical_data\Daily Drilling Report - XML Version\15_9_F_1_C_2014_11_30.xml,15_9_F_1_C_2014_11_30.xml,.xml,10309,2026-09-12T02:06:39.301584,text/xml
Well_technical_data\Daily Drilling Report - XML Version\15_9_F_1_C_2014_12_01.xml,15_9_F_1_C_2014_12_01.xml,.xml,10807,2026-09-12T02:06:42.376876,text/xml
Well_technical_data\Daily Drilling Report - XML Version\15_9_F_1_C_2014_12_02.xml,15_9_F_1_C_2014_12_02.xml,.xml,8849,2026-09-12T02:06:45.893593,text/xml
Well_technical_data\Daily Drilling Report - XML Version\15_9_F_1_C_2014_12_03.xml,15_9_F_1_C_2014_12_03.xml,.xml,16127,2026-09-12T02:06:49.193229,text/xml
Well_technical_data\Daily Drilling Report - XML Version\15_9_F_1_C_2014_12_04.xml,15_9_F_1_C_2014_12_04.xml,.xml,13766,2026-09-12T02:06:52.825496,text/xml
Well_technical_data\Daily Drilling Report - XML Version\15_9_F_1_C_2014_12_05.xml,15_9_F_1_C_2014_12_05.xml,.xml,15499,2026-09-12T02:06:56.024752,text/xml
Well_technical_data\Daily Drilling Report - XML Version\15_9_F_1_C_2014_12_06.xml,15_9_F_1_C_2014_12_06.xml,.xml,9033,2026-09-12T02:06:59.353067,text/xml
Well_technical_data\Daily Drilling Report - XML Version\15_9_F_1_C_2014_12_07.xml,15_9_F_1_C_2014_12_07.xml,.xml,7662,2026-09-12T02:07:02.731618,text/xml
Well_technical_data\Daily Drilling Report - XML Version\15_9_F_1_C_2016_06_16.xml,15_9_F_1_C_2016_06_16.xml,.xml,15099,2026-09-12T02:07:06.070479,text/xml
Well_technical_data\Daily Drilling Report - XML Version\15_9_F_1_C_2016_06_17.xml,15_9_F_1_C_2016_06_17.xml,.xml,15592,2026-09-12T02:07:09.542828,text/xml
Well_technical_data\Daily Drilling Report - XML Version\15_9_F_1_C_2016_06_18.xml,15_9_F_1_C_2016_06_18.xml,.xml,13030,2026-09-12T02:07:12.898330,text/xml
Well_technical_data\Daily Drilling Report - XML Version\15_9_F_1_C_2016_06_19.xml,15_9_F_1_C_2016_06_19.xml,.xml,17839,2026-09-12T02:07:16.527588,text/xml
Well_technical_data\Daily Drilling Report - XML Version\15_9_F_1_C_2016_06_20.xml,15_9_F_1_C_2016_06_20.xml,.xml,17671,2026-09-12T02:07:19.918405,text/xml
Well_technical_data\Daily Drilling Report - XML Version\15_9_F_1_C_2016_06_21.xml,15_9_F_1_C_2016_06_21.xml,.xml,17560,2026-09-12T02:07:23.285965,text/xml
Well_technical_data\Daily Drilling Report - XML Version\15_9_F_1_C_2016_06_22.xml,15_9_F_1_C_2016_06_22.xml,.xml,14291,2026-09-12T02:07:26.197187,text/xml
Well_technical_data\Daily Drilling Report - XML Version\15_9_F_1_C_2016_06_23.xml,15_9_F_1_C_2016_06_23.xml,.xml,18550,2026-09-12T02:07:29.219982,text/xml
Well_technical_data\Daily Drilling Report - XML Version\15_9_F_1_C_2016_06_24.xml,15_9_F_1_C_2016_06_24.xml,.xml,14792,2026-09-12T02:07:32.233246,text/xml
Well_technical_data\Daily Drilling Report - XML Version\15_9_F_1_C_2016_06_25.xml,15_9_F_1_C_2016_06_25.xml,.xml,17612,2026-09-12T02:07:35.324476,text/xml
Well_technical_data\Daily Drilling Report - XML Version\15_9_F_1_C_2016_06_26.xml,15_9_F_1_C_2016_06_26.xml,.xml,21875,2026-09-12T02:07:38.699956,text/xml
Well_technical_data\Daily Drilling Report - XML Version\15_9_F_1_C_2016_06_27.xml,15_9_F_1_C_2016_06_27.xml,.xml,23259,2026-09-12T02:07:42.406461,text/xml
Well_technical_data\Daily Drilling Report - XML Version\15_9_F_1_C_2016_06_28.xml,15_9_F_1_C_2016_06_28.xml,.xml,16837,2026-09-12T02:07:45.718579,text/xml
Well_technical_data\Daily Drilling Report - XML Version\15_9_F_1_C_2016_06_29.xml,15_9_F_1_C_2016_06_29.xml,.xml,15094,2026-09-12T02:07:49.326125,text/xml
Well_technical_data\Daily Drilling Report - XML Version\15_9_F_1_C_2016_06_30.xml,15_9_F_1_C_2016_06_30.xml,.xml,12987,2026-09-12T02:07:52.815891,text/xml
Well_technical_data\Daily Drilling Report - XML Version\15_9_F_1_C_2016_07_01.xml,15_9_F_1_C_2016_07_01.xml,.xml,6824,2026-09-12T02:07:55.529852,text/xml
Well_technical_data\Daily Drilling Report - XML Version\15_9_F_1_C_2016_07_02.xml,15_9_F_1_C_2016_07_02.xml,.xml,12382,2026-09-12T02:07:58.684807,text/xml
Well_technical_data\Daily Drilling Report - XML Version\15_9_F_1_C_2016_07_03.xml,15_9_F_1_C_2016_07_03.xml,.xml,16238,2026-09-12T02:08:01.694539,text/xml
Well_technical_data\Daily Drilling Report - XML Version\15_9_F_1_C_2016_07_04.xml,15_9_F_1_C_2016_07_04.xml,.xml,12856,2026-09-12T02:08:04.549504,text/xml
Well_technical_data\Daily Drilling Report - XML Version\15_9_F_1_C_2016_07_05.xml,15_9_F_1_C_2016_07_05.xml,.xml,11132,2026-09-12T02:08:07.748825,text/xml
Well_technical_data\Daily Drilling Report - XML Version\15_9_F_1_C_2016_07_06.xml,15_9_F_1_C_2016_07_06.xml,.xml,18683,2026-09-12T02:08:10.966750,text/xml
Well_technical_data\Daily Drilling Report - XML Version\15_9_F_1_C_2016_07_07.xml,15_9_F_1_C_2016_07_07.xml,.xml,13550,2026-09-12T02:08:14.075378,text/xml
Well_technical_data\Daily Drilling Report - XML Version\15_9_F_1_C_2016_07_08.xml,15_9_F_1_C_2016_07_08.xml,.xml,13100,2026-09-12T02:08:17.267532,text/xml
Well_technical_data\Daily Drilling Report - XML Version\15_9_F_1_C_2016_07_09.xml,15_9_F_1_C_2016_07_09.xml,.xml,7272,2026-09-12T02:08:20.345989,text/xml
Well_technical_data\Daily Drilling Report - XML Version\15_9_F_1_C_2016_09_17.xml,15_9_F_1_C_2016_09_17.xml,.xml,5076,2026-09-12T02:08:22.964486,text/xml
Well_technical_data\Daily Drilling Report - XML Version\15_9_F_1_C_2016_09_18.xml,15_9_F_1_C_2016_09_18.xml,.xml,26259,2026-09-12T02:08:26.289002,text/xml
Well_technical_data\Daily Drilling Report - XML Version\15_9_F_1_C_2016_09_19.xml,15_9_F_1_C_2016_09_19.xml,.xml,7665,2026-09-12T02:08:29.607899,text/xml
Well_technical_data\Daily Drilling Report - XML Version\15_9_F_1_C_2016_10_22.xml,15_9_F_1_C_2016_10_22.xml,.xml,19834,2026-09-12T02:08:32.931365,text/xml
Well_technical_data\Daily Drilling Report - XML Version\15_9_F_4_2007_06_10.xml,15_9_F_4_2007_06_10.xml,.xml,6355,2026-09-12T02:08:35.945920,text/xml
Well_technical_data\Daily Drilling Report - XML Version\15_9_F_4_2007_06_11.xml,15_9_F_4_2007_06_11.xml,.xml,13716,2026-09-12T02:08:38.781254,text/xml
Well_technical_data\Daily Drilling Report - XML Version\15_9_F_4_2007_06_12.xml,15_9_F_4_2007_06_12.xml,.xml,14253,2026-09-12T02:08:42.203287,text/xml
Well_technical_data\Daily Drilling Report - XML Version\15_9_F_4_2007_06_13.xml,15_9_F_4_2007_06_13.xml,.xml,13046,2026-09-12T02:08:45.297721,text/xml
Well_technical_data\Daily Drilling Report - XML Version\15_9_F_4_2007_06_14.xml,15_9_F_4_2007_06_14.xml,.xml,13794,2026-09-12T02:08:48.357741,text/xml
Well_technical_data\Daily Drilling Report - XML Version\15_9_F_4_2007_10_13.xml,15_9_F_4_2007_10_13.xml,.xml,9768,2026-09-12T02:08:51.532516,text/xml
Well_technical_data\Daily Drilling Report - XML Version\15_9_F_4_2007_10_14.xml,15_9_F_4_2007_10_14.xml,.xml,19070,2026-09-12T02:08:55.087143,text/xml
Well_technical_data\Daily Drilling Report - XML Version\15_9_F_4_2007_10_15.xml,15_9_F_4_2007_10_15.xml,.xml,12083,2026-09-12T02:08:58.102939,text/xml
Well_technical_data\Daily Drilling Report - XML Version\15_9_F_4_2007_10_16.xml,15_9_F_4_2007_10_16.xml,.xml,12562,2026-09-12T02:09:00.978101,text/xml
Well_technical_data\Daily Drilling Report - XML Version\15_9_F_4_2007_10_17.xml,15_9_F_4_2007_10_17.xml,.xml,15860,2026-09-12T02:09:04.649191,text/xml
Well_technical_data\Daily Drilling Report - XML Version\15_9_F_4_2007_10_18.xml,15_9_F_4_2007_10_18.xml,.xml,12827,2026-09-12T02:09:08.091435,text/xml
Well_technical_data\Daily Drilling Report - XML Version\15_9_F_4_2007_10_19.xml,15_9_F_4_2007_10_19.xml,.xml,16098,2026-09-12T02:09:11.548911,text/xml
Well_technical_data\Daily Drilling Report - XML Version\15_9_F_4_2007_10_20.xml,15_9_F_4_2007_10_20.xml,.xml,15371,2026-09-12T02:09:15.215400,text/xml
Well_technical_data\Daily Drilling Report - XML Version\15_9_F_4_2007_10_21.xml,15_9_F_4_2007_10_21.xml,.xml,11718,2026-09-12T02:09:18.484187,text/xml
Well_technical_data\Daily Drilling Report - XML Version\15_9_F_4_2007_10_22.xml,15_9_F_4_2007_10_22.xml,.xml,15500,2026-09-12T02:09:21.843577,text/xml
Well_technical_data\Daily Drilling Report - XML Version\15_9_F_4_2007_10_23.xml,15_9_F_4_2007_10_23.xml,.xml,12686,2026-09-12T02:09:24.951551,text/xml
Well_technical_data\Daily Drilling Report - XML Version\15_9_F_4_2007_10_24.xml,15_9_F_4_2007_10_24.xml,.xml,15783,2026-09-12T02:09:28.060180,text/xml
Well_technical_data\Daily Drilling Report - XML Version\15_9_F_4_2007_10_25.xml,15_9_F_4_2007_10_25.xml,.xml,14450,2026-09-12T02:09:31.411990,text/xml
Well_technical_data\Daily Drilling Report - XML Version\15_9_F_4_2007_10_26.xml,15_9_F_4_2007_10_26.xml,.xml,11100,2026-09-12T02:09:34.329049,text/xml
Well_technical_data\Daily Drilling Report - XML Version\15_9_F_4_2007_10_27.xml,15_9_F_4_2007_10_27.xml,.xml,12250,2026-09-12T02:09:37.262669,text/xml
Well_technical_data\Daily Drilling Report - XML Version\15_9_F_4_2007_10_28.xml,15_9_F_4_2007_10_28.xml,.xml,16989,2026-09-12T02:09:40.829588,text/xml
Well_technical_data\Daily Drilling Report - XML Version\15_9_F_4_2007_10_29.xml,15_9_F_4_2007_10_29.xml,.xml,10378,2026-09-12T02:09:44.109888,text/xml
Well_technical_data\Daily Drilling Report - XML Version\15_9_F_4_2007_10_30.xml,15_9_F_4_2007_10_30.xml,.xml,12425,2026-09-12T02:09:47.461828,text/xml
Well_technical_data\Daily Drilling Report - XML Version\15_9_F_4_2007_10_31.xml,15_9_F_4_2007_10_31.xml,.xml,11022,2026-09-12T02:09:50.701177,text/xml
Well_technical_data\Daily Drilling Report - XML Version\15_9_F_4_2007_11_01.xml,15_9_F_4_2007_11_01.xml,.xml,6765,2026-09-12T02:09:53.998890,text/xml
Well_technical_data\Daily Drilling Report - XML Version\15_9_F_4_2007_11_02.xml,15_9_F_4_2007_11_02.xml,.xml,9673,2026-09-12T02:09:56.759602,text/xml
Well_technical_data\Daily Drilling Report - XML Version\15_9_F_4_2007_11_03.xml,15_9_F_4_2007_11_03.xml,.xml,15062,2026-09-12T02:09:59.898391,text/xml
Well_technical_data\Daily Drilling Report - XML Version\15_9_F_4_2007_11_04.xml,15_9_F_4_2007_11_04.xml,.xml,11465,2026-09-12T02:10:02.993303,text/xml
Well_technical_data\Daily Drilling Report - XML Version\15_9_F_4_2007_11_05.xml,15_9_F_4_2007_11_05.xml,.xml,10085,2026-09-12T02:10:06.292833,text/xml
Well_technical_data\Daily Drilling Report - XML Version\15_9_F_4_2007_11_06.xml,15_9_F_4_2007_11_06.xml,.xml,5543,2026-09-12T02:10:10.067389,text/xml
Well_technical_data\Daily Drilling Report - XML Version\15_9_F_4_2008_02_05.xml,15_9_F_4_2008_02_05.xml,.xml,4131,2026-09-12T02:10:13.432061,text/xml
Well_technical_data\Daily Drilling Report - XML Version\15_9_F_4_2008_02_06.xml,15_9_F_4_2008_02_06.xml,.xml,10602,2026-09-12T02:10:16.523411,text/xml
Well_technical_data\Daily Drilling Report - XML Version\15_9_F_4_2008_02_07.xml,15_9_F_4_2008_02_07.xml,.xml,11040,2026-09-12T02:10:19.457742,text/xml
Well_technical_data\Daily Drilling Report - XML Version\15_9_F_4_2008_02_08.xml,15_9_F_4_2008_02_08.xml,.xml,17333,2026-09-12T02:10:22.691499,text/xml
Well_technical_data\Daily Drilling Report - XML Version\15_9_F_4_2008_02_09.xml,15_9_F_4_2008_02_09.xml,.xml,16886,2026-09-12T02:10:25.910496,text/xml
Well_technical_data\Daily Drilling Report - XML Version\15_9_F_4_2008_02_10.xml,15_9_F_4_2008_02_10.xml,.xml,14424,2026-09-12T02:10:29.019179,text/xml
Well_technical_data\Daily Drilling Report - XML Version\15_9_F_4_2008_02_11.xml,15_9_F_4_2008_02_11.xml,.xml,6957,2026-09-12T02:10:32.137721,text/xml
Well_technical_data\Daily Drilling Report - XML Version\15_9_F_4_2008_02_14.xml,15_9_F_4_2008_02_14.xml,.xml,6697,2026-09-12T02:10:35.240229,text/xml
Well_technical_data\Daily Drilling Report - XML Version\15_9_F_4_2008_02_15.xml,15_9_F_4_2008_02_15.xml,.xml,16026,2026-09-12T02:10:39.155862,text/xml
Well_technical_data\Daily Drilling Report - XML Version\15_9_F_4_2008_02_16.xml,15_9_F_4_2008_02_16.xml,.xml,19894,2026-09-12T02:10:42.527189,text/xml
Well_technical_data\Daily Drilling Report - XML Version\15_9_F_4_2008_02_17.xml,15_9_F_4_2008_02_17.xml,.xml,16632,2026-09-12T02:10:46.005066,text/xml
Well_technical_data\Daily Drilling Report - XML Version\15_9_F_4_2008_02_18.xml,15_9_F_4_2008_02_18.xml,.xml,13564,2026-09-12T02:10:49.603296,text/xml
Well_technical_data\Daily Drilling Report - XML Version\15_9_F_4_2008_02_19.xml,15_9_F_4_2008_02_19.xml,.xml,13677,2026-09-12T02:10:52.740264,text/xml
Well_technical_data\Daily Drilling Report - XML Version\15_9_F_4_2008_02_20.xml,15_9_F_4_2008_02_20.xml,.xml,12249,2026-09-12T02:10:56.355651,text/xml
Well_technical_data\Daily Drilling Report - XML Version\15_9_F_4_2008_02_21.xml,15_9_F_4_2008_02_21.xml,.xml,6909,2026-09-12T02:10:59.582494,text/xml
Well_technical_data\Daily Drilling Report - XML Version\15_9_F_4_2008_02_22.xml,15_9_F_4_2008_02_22.xml,.xml,11811,2026-09-12T02:11:02.848387,text/xml
Well_technical_data\Daily Drilling Report - XML Version\15_9_F_4_2008_02_23.xml,15_9_F_4_2008_02_23.xml,.xml,12232,2026-09-12T02:11:05.891948,text/xml
Well_technical_data\Daily Drilling Report - XML Version\15_9_F_4_2008_02_24.xml,15_9_F_4_2008_02_24.xml,.xml,15065,2026-09-12T02:11:09.207678,text/xml
Well_technical_data\Daily Drilling Report - XML Version\15_9_F_4_2008_02_25.xml,15_9_F_4_2008_02_25.xml,.xml,14820,2026-09-12T02:11:12.582220,text/xml
Well_technical_data\Daily Drilling Report - XML Version\15_9_F_4_2008_02_26.xml,15_9_F_4_2008_02_26.xml,.xml,14323,2026-09-12T02:11:15.898483,text/xml
Well_technical_data\Daily Drilling Report - XML Version\15_9_F_4_2008_02_27.xml,15_9_F_4_2008_02_27.xml,.xml,11308,2026-09-12T02:11:19.035248,text/xml
Well_technical_data\Daily Drilling Report - XML Version\15_9_F_4_2008_02_28.xml,15_9_F_4_2008_02_28.xml,.xml,17082,2026-09-12T02:11:22.448736,text/xml
Well_technical_data\Daily Drilling Report - XML Version\15_9_F_4_2008_02_29.xml,15_9_F_4_2008_02_29.xml,.xml,8912,2026-09-12T02:11:25.433846,text/xml
Well_technical_data\Daily Drilling Report - XML Version\15_9_F_4_2008_03_01.xml,15_9_F_4_2008_03_01.xml,.xml,8422,2026-09-12T02:11:28.833524,text/xml
Well_technical_data\Daily Drilling Report - XML Version\15_9_F_4_2008_03_02.xml,15_9_F_4_2008_03_02.xml,.xml,12792,2026-09-12T02:11:32.141558,text/xml
Well_technical_data\Daily Drilling Report - XML Version\15_9_F_4_2008_03_03.xml,15_9_F_4_2008_03_03.xml,.xml,10582,2026-09-12T02:11:35.629925,text/xml
Well_technical_data\Daily Drilling Report - XML Version\15_9_F_4_2008_03_04.xml,15_9_F_4_2008_03_04.xml,.xml,11316,2026-09-12T02:11:38.884102,text/xml
Well_technical_data\Daily Drilling Report - XML Version\15_9_F_4_2008_03_05.xml,15_9_F_4_2008_03_05.xml,.xml,8673,2026-09-12T02:11:41.786541,text/xml
Well_technical_data\Daily Drilling Report - XML Version\15_9_F_4_2008_03_06.xml,15_9_F_4_2008_03_06.xml,.xml,10270,2026-09-12T02:11:48.498997,text/xml
Well_technical_data\Daily Drilling Report - XML Version\15_9_F_4_2008_03_07.xml,15_9_F_4_2008_03_07.xml,.xml,12862,2026-09-12T02:11:51.747481,text/xml
Well_technical_data\Daily Drilling Report - XML Version\15_9_F_4_2008_03_08.xml,15_9_F_4_2008_03_08.xml,.xml,13384,2026-09-12T02:11:55.443447,text/xml
Well_technical_data\Daily Drilling Report - XML Version\15_9_F_4_2008_03_09.xml,15_9_F_4_2008_03_09.xml,.xml,11007,2026-09-12T02:11:58.510293,text/xml
Well_technical_data\Daily Drilling Report - XML Version\15_9_F_4_2008_03_10.xml,15_9_F_4_2008_03_10.xml,.xml,13014,2026-09-12T02:12:01.592775,text/xml
Well_technical_data\Daily Drilling Report - XML Version\15_9_F_4_2008_03_11.xml,15_9_F_4_2008_03_11.xml,.xml,10279,2026-09-12T02:12:04.781879,text/xml
Well_technical_data\Daily Drilling Report - XML Version\15_9_F_4_2008_03_12.xml,15_9_F_4_2008_03_12.xml,.xml,11405,2026-09-12T02:12:08.553115,text/xml
Well_technical_data\Daily Drilling Report - XML Version\15_9_F_4_2008_03_13.xml,15_9_F_4_2008_03_13.xml,.xml,12136,2026-09-12T02:12:11.936294,text/xml
Well_technical_data\Daily Drilling Report - XML Version\15_9_F_4_2008_03_14.xml,15_9_F_4_2008_03_14.xml,.xml,15443,2026-09-12T02:12:15.683650,text/xml
Well_technical_data\Daily Drilling Report - XML Version\15_9_F_4_2008_03_15.xml,15_9_F_4_2008_03_15.xml,.xml,13435,2026-09-12T02:12:18.910163,text/xml
Well_technical_data\Daily Drilling Report - XML Version\15_9_F_4_2008_03_16.xml,15_9_F_4_2008_03_16.xml,.xml,14625,2026-09-12T02:12:22.291648,text/xml
Well_technical_data\Daily Drilling Report - XML Version\15_9_F_4_2008_03_17.xml,15_9_F_4_2008_03_17.xml,.xml,14983,2026-09-12T02:12:25.464132,text/xml
Well_technical_data\Daily Drilling Report - XML Version\15_9_F_4_2008_03_18.xml,15_9_F_4_2008_03_18.xml,.xml,12095,2026-09-12T02:12:29.094375,text/xml
Well_technical_data\Daily Drilling Report - XML Version\15_9_F_4_2008_03_19.xml,15_9_F_4_2008_03_19.xml,.xml,15459,2026-09-12T02:12:32.268764,text/xml
Well_technical_data\Daily Drilling Report - XML Version\15_9_F_4_2008_03_20.xml,15_9_F_4_2008_03_20.xml,.xml,10322,2026-09-12T02:12:36.469021,text/xml
Well_technical_data\Daily Drilling Report - XML Version\15_9_F_4_2008_03_21.xml,15_9_F_4_2008_03_21.xml,.xml,6938,2026-09-12T02:12:39.709319,text/xml
Well_technical_data\Daily Drilling Report - XML Version\15_9_F_4_2008_03_22.xml,15_9_F_4_2008_03_22.xml,.xml,6561,2026-09-12T02:12:43.175067,text/xml
Well_technical_data\Daily Drilling Report - XML Version\15_9_F_4_2008_03_23.xml,15_9_F_4_2008_03_23.xml,.xml,7830,2026-09-12T02:12:46.363787,text/xml
Well_technical_data\Daily Drilling Report - XML Version\15_9_F_4_2008_03_24.xml,15_9_F_4_2008_03_24.xml,.xml,8069,2026-09-12T02:12:49.710984,text/xml
Well_technical_data\Daily Drilling Report - XML Version\15_9_F_4_2008_03_25.xml,15_9_F_4_2008_03_25.xml,.xml,8638,2026-09-12T02:12:53.722857,text/xml
Well_technical_data\Daily Drilling Report - XML Version\15_9_F_4_2008_03_26.xml,15_9_F_4_2008_03_26.xml,.xml,8604,2026-09-12T02:12:56.879422,text/xml
Well_technical_data\Daily Drilling Report - XML Version\15_9_F_4_2008_03_27.xml,15_9_F_4_2008_03_27.xml,.xml,14047,2026-09-12T02:13:00.306468,text/xml
Well_technical_data\Daily Drilling Report - XML Version\15_9_F_4_2008_03_28.xml,15_9_F_4_2008_03_28.xml,.xml,13910,2026-09-12T02:13:03.226047,text/xml
Well_technical_data\Daily Drilling Report - XML Version\15_9_F_4_2008_03_29.xml,15_9_F_4_2008_03_29.xml,.xml,8059,2026-09-12T02:13:06.509391,text/xml
Well_technical_data\Daily Drilling Report - XML Version\15_9_F_4_2008_03_30.xml,15_9_F_4_2008_03_30.xml,.xml,6129,2026-09-12T02:13:09.621069,text/xml
Well_technical_data\Daily Drilling Report - XML Version\15_9_F_4_2008_03_31.xml,15_9_F_4_2008_03_31.xml,.xml,4319,2026-09-12T02:13:12.556212,text/xml
Well_technical_data\Daily Drilling Report - XML Version\15_9_F_4_2008_04_01.xml,15_9_F_4_2008_04_01.xml,.xml,16741,2026-09-12T02:13:15.727273,text/xml
Well_technical_data\Daily Drilling Report - XML Version\15_9_F_4_2008_04_02.xml,15_9_F_4_2008_04_02.xml,.xml,13059,2026-09-12T02:13:19.513595,text/xml
Well_technical_data\Daily Drilling Report - XML Version\15_9_F_4_2008_04_03.xml,15_9_F_4_2008_04_03.xml,.xml,20735,2026-09-12T02:13:22.878076,text/xml
Well_technical_data\Daily Drilling Report - XML Version\15_9_F_4_2008_04_04.xml,15_9_F_4_2008_04_04.xml,.xml,13538,2026-09-12T02:13:26.310954,text/xml
Well_technical_data\Daily Drilling Report - XML Version\15_9_F_4_2008_04_05.xml,15_9_F_4_2008_04_05.xml,.xml,20075,2026-09-12T02:13:29.376532,text/xml
Well_technical_data\Daily Drilling Report - XML Version\15_9_F_4_2008_04_06.xml,15_9_F_4_2008_04_06.xml,.xml,12197,2026-09-12T02:13:32.454907,text/xml
Well_technical_data\Daily Drilling Report - XML Version\15_9_F_4_2008_04_07.xml,15_9_F_4_2008_04_07.xml,.xml,16439,2026-09-12T02:13:35.656091,text/xml
Well_technical_data\Daily Drilling Report - XML Version\15_9_F_4_2008_04_08.xml,15_9_F_4_2008_04_08.xml,.xml,15534,2026-09-12T02:13:39.347999,text/xml
Well_technical_data\Daily Drilling Report - XML Version\15_9_F_4_2008_04_09.xml,15_9_F_4_2008_04_09.xml,.xml,14260,2026-09-12T02:13:42.555011,text/xml
Well_technical_data\Daily Drilling Report - XML Version\15_9_F_4_2008_04_10.xml,15_9_F_4_2008_04_10.xml,.xml,11455,2026-09-12T02:13:45.841084,text/xml
Well_technical_data\Daily Drilling Report - XML Version\15_9_F_4_2008_04_11.xml,15_9_F_4_2008_04_11.xml,.xml,12131,2026-09-12T02:13:48.932989,text/xml
Well_technical_data\Daily Drilling Report - XML Version\15_9_F_4_2008_04_12.xml,15_9_F_4_2008_04_12.xml,.xml,17622,2026-09-12T02:13:52.200188,text/xml
Well_technical_data\Daily Drilling Report - XML Version\15_9_F_4_2008_04_13.xml,15_9_F_4_2008_04_13.xml,.xml,12344,2026-09-12T02:13:55.721195,text/xml
Well_technical_data\Daily Drilling Report - XML Version\15_9_F_4_2008_04_14.xml,15_9_F_4_2008_04_14.xml,.xml,13091,2026-09-12T02:13:58.924792,text/xml
Well_technical_data\Daily Drilling Report - XML Version\15_9_F_4_2008_04_15.xml,15_9_F_4_2008_04_15.xml,.xml,13939,2026-09-12T02:14:02.548912,text/xml
Well_technical_data\Daily Drilling Report - XML Version\15_9_F_4_2008_04_16.xml,15_9_F_4_2008_04_16.xml,.xml,10995,2026-09-12T02:14:06.094315,text/xml
Well_technical_data\Daily Drilling Report - XML Version\15_9_F_4_2008_04_17.xml,15_9_F_4_2008_04_17.xml,.xml,6562,2026-09-12T02:14:09.570086,text/xml
Well_technical_data\Daily Drilling Report - XML Version\15_9_F_4_2008_04_18.xml,15_9_F_4_2008_04_18.xml,.xml,7731,2026-09-12T02:14:12.980933,text/xml
Well_technical_data\Daily Drilling Report - XML Version\15_9_F_4_2008_04_19.xml,15_9_F_4_2008_04_19.xml,.xml,11835,2026-09-12T02:14:16.343517,text/xml
Well_technical_data\Daily Drilling Report - XML Version\15_9_F_4_2008_04_20.xml,15_9_F_4_2008_04_20.xml,.xml,12888,2026-09-12T02:14:19.566664,text/xml
Well_technical_data\Daily Drilling Report - XML Version\15_9_F_4_2008_04_21.xml,15_9_F_4_2008_04_21.xml,.xml,12795,2026-09-12T02:14:22.364078,text/xml
Well_technical_data\Daily Drilling Report - XML Version\15_9_F_4_2008_04_22.xml,15_9_F_4_2008_04_22.xml,.xml,16157,2026-09-12T02:14:25.372621,text/xml
Well_technical_data\Daily Drilling Report - XML Version\15_9_F_4_2008_04_23.xml,15_9_F_4_2008_04_23.xml,.xml,9230,2026-09-12T02:14:28.559965,text/xml
Well_technical_data\Daily Drilling Report - XML Version\15_9_F_4_2010_09_24.xml,15_9_F_4_2010_09_24.xml,.xml,4306,2026-09-12T02:14:31.970452,text/xml
Well_technical_data\Daily Drilling Report - XML Version\15_9_F_4_2010_09_25.xml,15_9_F_4_2010_09_25.xml,.xml,10824,2026-09-12T02:14:35.289111,text/xml
Well_technical_data\Daily Drilling Report - XML Version\15_9_F_4_2010_09_26.xml,15_9_F_4_2010_09_26.xml,.xml,8463,2026-09-12T02:14:38.413282,text/xml
Well_technical_data\Daily Drilling Report - XML Version\15_9_F_4_2010_09_27.xml,15_9_F_4_2010_09_27.xml,.xml,3786,2026-09-12T02:14:41.430872,text/xml
Well_technical_data\Daily Drilling Report - XML Version\15_9_F_4_2012_09_12.xml,15_9_F_4_2012_09_12.xml,.xml,6194,2026-09-12T02:14:44.701482,text/xml
Well_technical_data\Daily Drilling Report - XML Version\15_9_F_4_2012_09_13.xml,15_9_F_4_2012_09_13.xml,.xml,7392,2026-09-12T02:14:48.033786,text/xml
Well_technical_data\Daily Drilling Report - XML Version\15_9_F_4_2012_09_14.xml,15_9_F_4_2012_09_14.xml,.xml,9924,2026-09-12T02:14:50.902504,text/xml
Well_technical_data\Daily Drilling Report - XML Version\15_9_F_4_2012_09_15.xml,15_9_F_4_2012_09_15.xml,.xml,9170,2026-09-12T02:14:53.868967,text/xml
Well_technical_data\Daily Drilling Report - XML Version\15_9_F_4_2012_09_16.xml,15_9_F_4_2012_09_16.xml,.xml,7115,2026-09-12T02:14:56.950096,text/xml
Well_technical_data\Daily Drilling Report - XML Version\15_9_F_4_2016_10_01.xml,15_9_F_4_2016_10_01.xml,.xml,3113,2026-09-12T02:15:00.233278,text/xml
Well_technical_data\Daily Drilling Report - XML Version\15_9_F_4_2016_10_02.xml,15_9_F_4_2016_10_02.xml,.xml,7963,2026-09-12T02:15:03.324618,text/xml
Well_technical_data\Daily Drilling Report - XML Version\15_9_F_4_2016_10_03.xml,15_9_F_4_2016_10_03.xml,.xml,16267,2026-09-12T02:15:06.751400,text/xml
Well_technical_data\Daily Drilling Report - XML Version\15_9_F_4_2016_10_04.xml,15_9_F_4_2016_10_04.xml,.xml,21120,2026-09-12T02:15:10.212325,text/xml
Well_technical_data\Daily Drilling Report - XML Version\15_9_F_4_2016_10_05.xml,15_9_F_4_2016_10_05.xml,.xml,16599,2026-09-12T02:15:13.605845,text/xml
Well_technical_data\Daily Drilling Report - XML Version\15_9_F_4_2016_10_06.xml,15_9_F_4_2016_10_06.xml,.xml,19053,2026-09-12T02:15:17.459674,text/xml
Well_technical_data\Daily Drilling Report - XML Version\15_9_F_4_2016_10_07.xml,15_9_F_4_2016_10_07.xml,.xml,24128,2026-09-12T02:15:21.186074,text/xml
Well_technical_data\Daily Drilling Report - XML Version\15_9_F_4_2016_10_08.xml,15_9_F_4_2016_10_08.xml,.xml,20740,2026-09-12T02:15:25.103631,text/xml
Well_technical_data\Daily Drilling Report - XML Version\15_9_F_4_2016_10_09.xml,15_9_F_4_2016_10_09.xml,.xml,18005,2026-09-12T02:15:28.602810,text/xml
Well_technical_data\Daily Drilling Report - XML Version\15_9_F_4_2016_10_10.xml,15_9_F_4_2016_10_10.xml,.xml,9387,2026-09-12T02:15:31.883260,text/xml
Well_technical_data\Daily Drilling Report - XML Version\15_9_F_4_2016_10_11.xml,15_9_F_4_2016_10_11.xml,.xml,8170,2026-09-12T02:15:35.191997,text/xml
Well_technical_data\Daily Drilling Report - XML Version\15_9_F_4_2016_10_12.xml,15_9_F_4_2016_10_12.xml,.xml,12861,2026-09-12T02:15:38.405420,text/xml
Well_technical_data\Daily Drilling Report - XML Version\15_9_F_4_2016_10_13.xml,15_9_F_4_2016_10_13.xml,.xml,25894,2026-09-12T02:15:42.064857,text/xml
Well_technical_data\Daily Drilling Report - XML Version\15_9_F_4_2016_10_14.xml,15_9_F_4_2016_10_14.xml,.xml,5472,2026-09-12T02:15:45.352166,text/xml
Well_technical_data\Daily Drilling Report - XML Version\15_9_F_5_2007_11_15.xml,15_9_F_5_2007_11_15.xml,.xml,2860,2026-09-12T02:15:48.558205,text/xml
Well_technical_data\Daily Drilling Report - XML Version\15_9_F_5_2007_11_16.xml,15_9_F_5_2007_11_16.xml,.xml,12172,2026-09-12T02:15:51.916293,text/xml
Well_technical_data\Daily Drilling Report - XML Version\15_9_F_5_2007_11_17.xml,15_9_F_5_2007_11_17.xml,.xml,11523,2026-09-12T02:15:54.983198,text/xml
Well_technical_data\Daily Drilling Report - XML Version\15_9_F_5_2007_11_18.xml,15_9_F_5_2007_11_18.xml,.xml,21671,2026-09-12T02:15:58.644760,text/xml
Well_technical_data\Daily Drilling Report - XML Version\15_9_F_5_2007_11_19.xml,15_9_F_5_2007_11_19.xml,.xml,11252,2026-09-12T02:16:02.021693,text/xml
Well_technical_data\Daily Drilling Report - XML Version\15_9_F_5_2007_12_18.xml,15_9_F_5_2007_12_18.xml,.xml,11068,2026-09-12T02:16:05.415317,text/xml
Well_technical_data\Daily Drilling Report - XML Version\15_9_F_5_2007_12_19.xml,15_9_F_5_2007_12_19.xml,.xml,17321,2026-09-12T02:16:09.080052,text/xml
Well_technical_data\Daily Drilling Report - XML Version\15_9_F_5_2007_12_20.xml,15_9_F_5_2007_12_20.xml,.xml,11876,2026-09-12T02:16:12.563464,text/xml
Well_technical_data\Daily Drilling Report - XML Version\15_9_F_5_2007_12_21.xml,15_9_F_5_2007_12_21.xml,.xml,12715,2026-09-12T02:16:15.782568,text/xml
Well_technical_data\Daily Drilling Report - XML Version\15_9_F_5_2007_12_22.xml,15_9_F_5_2007_12_22.xml,.xml,11895,2026-09-12T02:16:18.973924,text/xml
Well_technical_data\Daily Drilling Report - XML Version\15_9_F_5_2007_12_23.xml,15_9_F_5_2007_12_23.xml,.xml,14418,2026-09-12T02:16:22.148882,text/xml
Well_technical_data\Daily Drilling Report - XML Version\15_9_F_5_2008_07_11.xml,15_9_F_5_2008_07_11.xml,.xml,6822,2026-09-12T02:16:25.186599,text/xml
Well_technical_data\Daily Drilling Report - XML Version\15_9_F_5_2008_07_12.xml,15_9_F_5_2008_07_12.xml,.xml,11289,2026-09-12T02:16:28.509927,text/xml
Well_technical_data\Daily Drilling Report - XML Version\15_9_F_5_2008_07_13.xml,15_9_F_5_2008_07_13.xml,.xml,12481,2026-09-12T02:16:31.272896,text/xml
Well_technical_data\Daily Drilling Report - XML Version\15_9_F_5_2008_07_14.xml,15_9_F_5_2008_07_14.xml,.xml,11701,2026-09-12T02:16:34.506705,text/xml
Well_technical_data\Daily Drilling Report - XML Version\15_9_F_5_2008_07_15.xml,15_9_F_5_2008_07_15.xml,.xml,11020,2026-09-12T02:16:37.766281,text/xml
Well_technical_data\Daily Drilling Report - XML Version\15_9_F_5_2008_07_16.xml,15_9_F_5_2008_07_16.xml,.xml,13483,2026-09-12T02:16:40.930452,text/xml
Well_technical_data\Daily Drilling Report - XML Version\15_9_F_5_2008_07_17.xml,15_9_F_5_2008_07_17.xml,.xml,13023,2026-09-12T02:16:43.976873,text/xml
Well_technical_data\Daily Drilling Report - XML Version\15_9_F_5_2008_07_18.xml,15_9_F_5_2008_07_18.xml,.xml,12105,2026-09-12T02:16:47.240448,text/xml
Well_technical_data\Daily Drilling Report - XML Version\15_9_F_5_2008_07_19.xml,15_9_F_5_2008_07_19.xml,.xml,12578,2026-09-12T02:16:50.520059,text/xml
Well_technical_data\Daily Drilling Report - XML Version\15_9_F_5_2008_07_20.xml,15_9_F_5_2008_07_20.xml,.xml,12658,2026-09-12T02:16:53.501307,text/xml
Well_technical_data\Daily Drilling Report - XML Version\15_9_F_5_2008_07_21.xml,15_9_F_5_2008_07_21.xml,.xml,15296,2026-09-12T02:16:56.946071,text/xml
Well_technical_data\Daily Drilling Report - XML Version\15_9_F_5_2008_07_22.xml,15_9_F_5_2008_07_22.xml,.xml,12521,2026-09-12T02:17:00.131144,text/xml
Well_technical_data\Daily Drilling Report - XML Version\15_9_F_5_2008_07_23.xml,15_9_F_5_2008_07_23.xml,.xml,12017,2026-09-12T02:17:03.178883,text/xml
Well_technical_data\Daily Drilling Report - XML Version\15_9_F_5_2008_07_24.xml,15_9_F_5_2008_07_24.xml,.xml,18915,2026-09-12T02:17:06.548194,text/xml
Well_technical_data\Daily Drilling Report - XML Version\15_9_F_5_2008_07_25.xml,15_9_F_5_2008_07_25.xml,.xml,11537,2026-09-12T02:17:09.772353,text/xml
Well_technical_data\Daily Drilling Report - XML Version\15_9_F_5_2008_07_26.xml,15_9_F_5_2008_07_26.xml,.xml,19023,2026-09-12T02:17:13.025665,text/xml
Well_technical_data\Daily Drilling Report - XML Version\15_9_F_5_2008_07_27.xml,15_9_F_5_2008_07_27.xml,.xml,15795,2026-09-12T02:17:16.759263,text/xml
Well_technical_data\Daily Drilling Report - XML Version\15_9_F_5_2008_07_28.xml,15_9_F_5_2008_07_28.xml,.xml,20408,2026-09-12T02:17:20.281988,text/xml
Well_technical_data\Daily Drilling Report - XML Version\15_9_F_5_2008_07_29.xml,15_9_F_5_2008_07_29.xml,.xml,32268,2026-09-12T02:17:24.053372,text/xml
Well_technical_data\Daily Drilling Report - XML Version\15_9_F_5_2008_07_30.xml,15_9_F_5_2008_07_30.xml,.xml,25844,2026-09-12T02:17:27.535146,text/xml
Well_technical_data\Daily Drilling Report - XML Version\15_9_F_5_2008_07_31.xml,15_9_F_5_2008_07_31.xml,.xml,20058,2026-09-12T02:17:31.048059,text/xml
Well_technical_data\Daily Drilling Report - XML Version\15_9_F_5_2008_08_01.xml,15_9_F_5_2008_08_01.xml,.xml,18343,2026-09-12T02:17:34.506714,text/xml
Well_technical_data\Daily Drilling Report - XML Version\15_9_F_5_2008_08_02.xml,15_9_F_5_2008_08_02.xml,.xml,15125,2026-09-12T02:17:37.745128,text/xml
Well_technical_data\Daily Drilling Report - XML Version\15_9_F_5_2008_08_03.xml,15_9_F_5_2008_08_03.xml,.xml,18369,2026-09-12T02:17:40.993279,text/xml
Well_technical_data\Daily Drilling Report - XML Version\15_9_F_5_2008_08_04.xml,15_9_F_5_2008_08_04.xml,.xml,21679,2026-09-12T02:17:44.494893,text/xml
Well_technical_data\Daily Drilling Report - XML Version\15_9_F_5_2008_08_05.xml,15_9_F_5_2008_08_05.xml,.xml,17845,2026-09-12T02:17:47.905160,text/xml
Well_technical_data\Daily Drilling Report - XML Version\15_9_F_5_2008_08_06.xml,15_9_F_5_2008_08_06.xml,.xml,22373,2026-09-12T02:17:51.430248,text/xml
Well_technical_data\Daily Drilling Report - XML Version\15_9_F_5_2008_08_07.xml,15_9_F_5_2008_08_07.xml,.xml,14162,2026-09-12T02:17:55.456401,text/xml
Well_technical_data\Daily Drilling Report - XML Version\15_9_F_5_2008_08_08.xml,15_9_F_5_2008_08_08.xml,.xml,17512,2026-09-12T02:17:58.992358,text/xml
Well_technical_data\Daily Drilling Report - XML Version\15_9_F_5_2008_08_09.xml,15_9_F_5_2008_08_09.xml,.xml,14042,2026-09-12T02:18:02.436507,text/xml
Well_technical_data\Daily Drilling Report - XML Version\15_9_F_5_2008_08_10.xml,15_9_F_5_2008_08_10.xml,.xml,14616,2026-09-12T02:18:05.691176,text/xml
Well_technical_data\Daily Drilling Report - XML Version\15_9_F_5_2008_08_11.xml,15_9_F_5_2008_08_11.xml,.xml,16104,2026-09-12T02:18:09.053379,text/xml
Well_technical_data\Daily Drilling Report - XML Version\15_9_F_5_2008_08_12.xml,15_9_F_5_2008_08_12.xml,.xml,19424,2026-09-12T02:18:12.560847,text/xml
Well_technical_data\Daily Drilling Report - XML Version\15_9_F_5_2008_08_13.xml,15_9_F_5_2008_08_13.xml,.xml,19284,2026-09-12T02:18:15.721697,text/xml
Well_technical_data\Daily Drilling Report - XML Version\15_9_F_5_2008_08_14.xml,15_9_F_5_2008_08_14.xml,.xml,23817,2026-09-12T02:18:19.056070,text/xml
Well_technical_data\Daily Drilling Report - XML Version\15_9_F_5_2008_08_15.xml,15_9_F_5_2008_08_15.xml,.xml,19505,2026-09-12T02:18:22.435392,text/xml
Well_technical_data\Daily Drilling Report - XML Version\15_9_F_5_2008_08_16.xml,15_9_F_5_2008_08_16.xml,.xml,11897,2026-09-12T02:18:25.859772,text/xml
Well_technical_data\Daily Drilling Report - XML Version\15_9_F_5_2008_08_17.xml,15_9_F_5_2008_08_17.xml,.xml,6021,2026-09-12T02:18:29.178579,text/xml
Well_technical_data\Daily Drilling Report - XML Version\15_9_F_5_2008_08_18.xml,15_9_F_5_2008_08_18.xml,.xml,12301,2026-09-12T02:18:32.238377,text/xml
Well_technical_data\Daily Drilling Report - XML Version\15_9_F_5_2008_08_19.xml,15_9_F_5_2008_08_19.xml,.xml,13565,2026-09-12T02:18:35.618041,text/xml
Well_technical_data\Daily Drilling Report - XML Version\15_9_F_5_2008_08_20.xml,15_9_F_5_2008_08_20.xml,.xml,8533,2026-09-12T02:18:38.969566,text/xml
Well_technical_data\Daily Drilling Report - XML Version\15_9_F_5_2008_08_22.xml,15_9_F_5_2008_08_22.xml,.xml,6330,2026-09-12T02:18:42.256419,text/xml
Well_technical_data\Daily Drilling Report - XML Version\15_9_F_5_2008_08_23.xml,15_9_F_5_2008_08_23.xml,.xml,10327,2026-09-12T02:18:45.218689,text/xml
Well_technical_data\Daily Drilling Report - XML Version\15_9_F_5_2008_08_24.xml,15_9_F_5_2008_08_24.xml,.xml,7018,2026-09-12T02:18:48.647746,text/xml
Well_technical_data\Daily Drilling Report - XML Version\15_9_F_5_2008_08_25.xml,15_9_F_5_2008_08_25.xml,.xml,13535,2026-09-12T02:18:51.839750,text/xml
Well_technical_data\Daily Drilling Report - XML Version\15_9_F_5_2008_08_26.xml,15_9_F_5_2008_08_26.xml,.xml,12690,2026-09-12T02:18:54.984417,text/xml
Well_technical_data\Daily Drilling Report - XML Version\15_9_F_5_2008_08_27.xml,15_9_F_5_2008_08_27.xml,.xml,9226,2026-09-12T02:18:58.112851,text/xml
Well_technical_data\Daily Drilling Report - XML Version\15_9_F_5_2008_10_06.xml,15_9_F_5_2008_10_06.xml,.xml,5043,2026-09-12T02:19:01.546451,text/xml
Well_technical_data\Daily Drilling Report - XML Version\15_9_F_5_2008_10_07.xml,15_9_F_5_2008_10_07.xml,.xml,6857,2026-09-12T02:19:04.868799,text/xml
Well_technical_data\Daily Drilling Report - XML Version\15_9_F_5_2008_10_08.xml,15_9_F_5_2008_10_08.xml,.xml,7594,2026-09-12T02:19:08.209771,text/xml
Well_technical_data\Daily Drilling Report - XML Version\15_9_F_5_2008_10_09.xml,15_9_F_5_2008_10_09.xml,.xml,15467,2026-09-12T02:19:11.670064,text/xml
Well_technical_data\Daily Drilling Report - XML Version\15_9_F_5_2008_10_10.xml,15_9_F_5_2008_10_10.xml,.xml,8829,2026-09-12T02:19:14.706919,text/xml
Well_technical_data\Daily Drilling Report - XML Version\15_9_F_5_2008_10_11.xml,15_9_F_5_2008_10_11.xml,.xml,10847,2026-09-12T02:19:18.045487,text/xml
Well_technical_data\Daily Drilling Report - XML Version\15_9_F_5_2008_10_12.xml,15_9_F_5_2008_10_12.xml,.xml,9351,2026-09-12T02:19:21.531350,text/xml
Well_technical_data\Daily Drilling Report - XML Version\15_9_F_5_2008_10_13.xml,15_9_F_5_2008_10_13.xml,.xml,8648,2026-09-12T02:19:25.281439,text/xml
Well_technical_data\Daily Drilling Report - XML Version\15_9_F_5_2008_10_14.xml,15_9_F_5_2008_10_14.xml,.xml,8631,2026-09-12T02:19:28.432241,text/xml
Well_technical_data\Daily Drilling Report - XML Version\15_9_F_5_2008_10_15.xml,15_9_F_5_2008_10_15.xml,.xml,9900,2026-09-12T02:19:32.204852,text/xml
Well_technical_data\Daily Drilling Report - XML Version\15_9_F_5_2008_10_16.xml,15_9_F_5_2008_10_16.xml,.xml,10082,2026-09-12T02:19:35.383335,text/xml
Well_technical_data\Daily Drilling Report - XML Version\15_9_F_5_2008_10_17.xml,15_9_F_5_2008_10_17.xml,.xml,11646,2026-09-12T02:19:38.616380,text/xml
Well_technical_data\Daily Drilling Report - XML Version\15_9_F_5_2008_10_18.xml,15_9_F_5_2008_10_18.xml,.xml,10023,2026-09-12T02:19:41.693300,text/xml
Well_technical_data\Daily Drilling Report - XML Version\15_9_F_5_2008_10_19.xml,15_9_F_5_2008_10_19.xml,.xml,5350,2026-09-12T02:19:45.183583,text/xml
Well_technical_data\Daily Drilling Report - XML Version\15_9_F_5_2008_10_20.xml,15_9_F_5_2008_10_20.xml,.xml,5276,2026-09-12T02:19:48.446492,text/xml
Well_technical_data\Daily Drilling Report - XML Version\15_9_F_5_2012_09_16.xml,15_9_F_5_2012_09_16.xml,.xml,4984,2026-09-12T02:19:51.554833,text/xml
Well_technical_data\Daily Drilling Report - XML Version\15_9_F_5_2012_09_17.xml,15_9_F_5_2012_09_17.xml,.xml,11381,2026-09-12T02:19:54.491387,text/xml
Well_technical_data\Daily Drilling Report - XML Version\15_9_F_5_2012_09_18.xml,15_9_F_5_2012_09_18.xml,.xml,8069,2026-09-12T02:19:58.000360,text/xml
Well_technical_data\Daily Drilling Report - XML Version\15_9_F_5_2012_09_19.xml,15_9_F_5_2012_09_19.xml,.xml,5624,2026-09-12T02:20:01.019527,text/xml
Well_technical_data\Daily Drilling Report - XML Version\15_9_F_5_2015_11_03.xml,15_9_F_5_2015_11_03.xml,.xml,4681,2026-09-12T02:20:03.871789,text/xml
Well_technical_data\Daily Drilling Report - XML Version\15_9_F_5_2015_11_04.xml,15_9_F_5_2015_11_04.xml,.xml,12483,2026-09-12T02:20:06.840107,text/xml
Well_technical_data\Daily Drilling Report - XML Version\15_9_F_5_2015_11_05.xml,15_9_F_5_2015_11_05.xml,.xml,11359,2026-09-12T02:20:10.376614,text/xml
Well_technical_data\Daily Drilling Report - XML Version\15_9_F_5_2015_11_06.xml,15_9_F_5_2015_11_06.xml,.xml,4147,2026-09-12T02:20:13.722304,text/xml
Well_technical_data\Daily Drilling Report - XML Version\15_9_F_5_2016_04_19.xml,15_9_F_5_2016_04_19.xml,.xml,13427,2026-09-12T02:20:17.416390,text/xml
Well_technical_data\Daily Drilling Report - XML Version\15_9_F_5_2016_04_20.xml,15_9_F_5_2016_04_20.xml,.xml,22047,2026-09-12T02:20:20.955487,text/xml
Well_technical_data\Daily Drilling Report - XML Version\15_9_F_5_2016_04_21.xml,15_9_F_5_2016_04_21.xml,.xml,9599,2026-09-12T02:20:24.079999,text/xml
Well_technical_data\Daily Drilling Report - XML Version\15_9_F_5_2016_08_29.xml,15_9_F_5_2016_08_29.xml,.xml,7620,2026-09-12T02:20:27.574229,text/xml
Well_technical_data\Daily Drilling Report - XML Version\15_9_F_5_2016_08_30.xml,15_9_F_5_2016_08_30.xml,.xml,14873,2026-09-12T02:20:30.821879,text/xml
Well_technical_data\Daily Drilling Report - XML Version\15_9_F_5_2016_08_31.xml,15_9_F_5_2016_08_31.xml,.xml,16884,2026-09-12T02:20:34.504626,text/xml
Well_technical_data\Daily Drilling Report - XML Version\15_9_F_5_2016_09_01.xml,15_9_F_5_2016_09_01.xml,.xml,19055,2026-09-12T02:20:37.348193,text/xml
Well_technical_data\Daily Drilling Report - XML Version\15_9_F_5_2016_09_02.xml,15_9_F_5_2016_09_02.xml,.xml,20863,2026-09-12T02:20:40.665213,text/xml
Well_technical_data\Daily Drilling Report - XML Version\15_9_F_5_2016_09_03.xml,15_9_F_5_2016_09_03.xml,.xml,10082,2026-09-12T02:20:44.014222,text/xml
Well_technical_data\Daily Drilling Report - XML Version\15_9_F_5_2016_09_04.xml,15_9_F_5_2016_09_04.xml,.xml,11272,2026-09-12T02:20:47.188096,text/xml
Well_technical_data\Daily Drilling Report - XML Version\15_9_F_5_2016_09_05.xml,15_9_F_5_2016_09_05.xml,.xml,22157,2026-09-12T02:20:50.457922,text/xml
Well_technical_data\Daily Drilling Report - XML Version\15_9_F_5_2016_09_06.xml,15_9_F_5_2016_09_06.xml,.xml,19718,2026-09-12T02:20:53.916296,text/xml
Well_technical_data\Daily Drilling Report - XML Version\15_9_F_5_2016_09_07.xml,15_9_F_5_2016_09_07.xml,.xml,19411,2026-09-12T02:20:57.455773,text/xml
Well_technical_data\Daily Drilling Report - XML Version\15_9_F_5_2016_09_08.xml,15_9_F_5_2016_09_08.xml,.xml,21193,2026-09-12T02:21:01.017674,text/xml
Well_technical_data\Daily Drilling Report - XML Version\15_9_F_5_2016_09_09.xml,15_9_F_5_2016_09_09.xml,.xml,23529,2026-09-12T02:21:04.349317,text/xml
Well_technical_data\Daily Drilling Report - XML Version\15_9_F_5_2016_09_10.xml,15_9_F_5_2016_09_10.xml,.xml,25837,2026-09-12T02:21:07.547290,text/xml
Well_technical_data\Daily Drilling Report - XML Version\15_9_F_5_2016_09_11.xml,15_9_F_5_2016_09_11.xml,.xml,23722,2026-09-12T02:21:11.258183,text/xml
Well_technical_data\Daily Drilling Report - XML Version\15_9_F_5_2016_09_12.xml,15_9_F_5_2016_09_12.xml,.xml,13987,2026-09-12T02:21:14.993254,text/xml
Well_technical_data\Daily Drilling Report - XML Version\15_9_F_5_2016_10_14.xml,15_9_F_5_2016_10_14.xml,.xml,20816,2026-09-12T02:21:19.164619,text/xml
Well_technical_data\Daily Drilling Report - XML Version\15_9_F_5_2016_10_15.xml,15_9_F_5_2016_10_15.xml,.xml,12386,2026-09-12T02:21:22.320695,text/xml
Well_technical_data\Daily Drilling Report - XML Version\15_9_F_5_2016_10_16.xml,15_9_F_5_2016_10_16.xml,.xml,5821,2026-09-12T02:21:25.635952,text/xml
Well_technical_data\Daily Drilling Report - XML Version\15_9_F_5_2016_10_17.xml,15_9_F_5_2016_10_17.xml,.xml,5662,2026-09-12T02:21:29.277452,text/xml
Well_technical_data\Daily Drilling Report - XML Version\15_9_F_7_2007_09_15.xml,15_9_F_7_2007_09_15.xml,.xml,4027,2026-09-12T02:21:32.873038,text/xml
Well_technical_data\Daily Drilling Report - XML Version\15_9_F_7_2007_09_16.xml,15_9_F_7_2007_09_16.xml,.xml,9490,2026-09-12T02:21:35.969726,text/xml
Well_technical_data\Daily Drilling Report - XML Version\15_9_F_7_2007_09_17.xml,15_9_F_7_2007_09_17.xml,.xml,12656,2026-09-12T02:21:39.104500,text/xml
Well_technical_data\Daily Drilling Report - XML Version\15_9_F_7_2007_09_18.xml,15_9_F_7_2007_09_18.xml,.xml,10706,2026-09-12T02:21:41.982981,text/xml
Well_technical_data\Daily Drilling Report - XML Version\15_9_F_7_2007_09_19.xml,15_9_F_7_2007_09_19.xml,.xml,9559,2026-09-12T02:21:45.157847,text/xml
Well_technical_data\Daily Drilling Report - XML Version\15_9_F_7_2007_09_20.xml,15_9_F_7_2007_09_20.xml,.xml,12281,2026-09-12T02:21:48.550540,text/xml
Well_technical_data\Daily Drilling Report - XML Version\15_9_F_7_2007_09_21.xml,15_9_F_7_2007_09_21.xml,.xml,12556,2026-09-12T02:21:51.602995,text/xml
Well_technical_data\Daily Drilling Report - XML Version\15_9_F_7_2007_09_22.xml,15_9_F_7_2007_09_22.xml,.xml,11096,2026-09-12T02:21:54.716832,text/xml
Well_technical_data\Daily Drilling Report - XML Version\15_9_F_7_2007_09_23.xml,15_9_F_7_2007_09_23.xml,.xml,10129,2026-09-12T02:21:57.495944,text/xml
Well_technical_data\Daily Drilling Report - XML Version\15_9_F_7_2007_09_24.xml,15_9_F_7_2007_09_24.xml,.xml,10489,2026-09-12T02:21:59.952141,text/xml
Well_technical_data\Daily Drilling Report - XML Version\15_9_F_7_2007_09_25.xml,15_9_F_7_2007_09_25.xml,.xml,14265,2026-09-12T02:22:03.182914,text/xml
Well_technical_data\Daily Drilling Report - XML Version\15_9_F_7_2007_09_26.xml,15_9_F_7_2007_09_26.xml,.xml,10561,2026-09-12T02:22:06.096152,text/xml
Well_technical_data\Daily Drilling Report - XML Version\15_9_F_7_2007_09_27.xml,15_9_F_7_2007_09_27.xml,.xml,10118,2026-09-12T02:22:09.214425,text/xml
Well_technical_data\Daily Drilling Report - XML Version\15_9_F_7_2007_09_28.xml,15_9_F_7_2007_09_28.xml,.xml,10358,2026-09-12T02:22:12.166050,text/xml
Well_technical_data\Daily Drilling Report - XML Version\15_9_F_7_2007_09_29.xml,15_9_F_7_2007_09_29.xml,.xml,16246,2026-09-12T02:22:15.434417,text/xml
Well_technical_data\Daily Drilling Report - XML Version\15_9_F_7_2007_09_30.xml,15_9_F_7_2007_09_30.xml,.xml,11846,2026-09-12T02:22:18.511590,text/xml
Well_technical_data\Daily Drilling Report - XML Version\15_9_F_7_2007_10_01.xml,15_9_F_7_2007_10_01.xml,.xml,11081,2026-09-12T02:22:21.587486,text/xml
Well_technical_data\Daily Drilling Report - XML Version\15_9_F_7_2007_10_02.xml,15_9_F_7_2007_10_02.xml,.xml,12811,2026-09-12T02:22:24.566250,text/xml
Well_technical_data\Daily Drilling Report - XML Version\15_9_F_7_2007_10_03.xml,15_9_F_7_2007_10_03.xml,.xml,13752,2026-09-12T02:22:27.610644,text/xml
Well_technical_data\Daily Drilling Report - XML Version\15_9_F_7_2007_10_04.xml,15_9_F_7_2007_10_04.xml,.xml,13833,2026-09-12T02:22:30.669731,text/xml
Well_technical_data\Daily Drilling Report - XML Version\15_9_F_7_2007_10_05.xml,15_9_F_7_2007_10_05.xml,.xml,14372,2026-09-12T02:22:34.423324,text/xml
Well_technical_data\Daily Drilling Report - XML Version\15_9_F_7_2007_10_06.xml,15_9_F_7_2007_10_06.xml,.xml,16397,2026-09-12T02:22:37.773332,text/xml
Well_technical_data\Daily Drilling Report - XML Version\15_9_F_7_2007_10_07.xml,15_9_F_7_2007_10_07.xml,.xml,12976,2026-09-12T02:22:40.633294,text/xml
Well_technical_data\Daily Drilling Report - XML Version\15_9_F_7_2007_10_08.xml,15_9_F_7_2007_10_08.xml,.xml,15677,2026-09-12T02:22:43.752464,text/xml
Well_technical_data\Daily Drilling Report - XML Version\15_9_F_7_2007_10_09.xml,15_9_F_7_2007_10_09.xml,.xml,12858,2026-09-12T02:22:46.827656,text/xml
Well_technical_data\Daily Drilling Report - XML Version\15_9_F_7_2007_10_10.xml,15_9_F_7_2007_10_10.xml,.xml,7823,2026-09-12T02:22:50.253648,text/xml
Well_technical_data\Daily Drilling Report - XML Version\15_9_F_7_2007_10_11.xml,15_9_F_7_2007_10_11.xml,.xml,11754,2026-09-12T02:22:53.953809,text/xml
Well_technical_data\Daily Drilling Report - XML Version\15_9_F_7_2007_10_12.xml,15_9_F_7_2007_10_12.xml,.xml,4533,2026-09-12T02:22:57.473789,text/xml
Well_technical_data\Daily Drilling Report - XML Version\15_9_F_7_2015_02_05.xml,15_9_F_7_2015_02_05.xml,.xml,9385,2026-09-12T02:23:00.568941,text/xml
Well_technical_data\Daily Drilling Report - XML Version\15_9_F_7_2015_02_06.xml,15_9_F_7_2015_02_06.xml,.xml,12518,2026-09-12T02:23:03.458878,text/xml
Well_technical_data\Daily Drilling Report - XML Version\15_9_F_7_2015_02_07.xml,15_9_F_7_2015_02_07.xml,.xml,18791,2026-09-12T02:23:07.184436,text/xml
Well_technical_data\Daily Drilling Report - XML Version\15_9_F_7_2015_02_08.xml,15_9_F_7_2015_02_08.xml,.xml,18134,2026-09-12T02:23:09.964195,text/xml
Well_technical_data\Daily Drilling Report - XML Version\15_9_F_7_2015_02_09.xml,15_9_F_7_2015_02_09.xml,.xml,15766,2026-09-12T02:23:13.179252,text/xml
Well_technical_data\Daily Drilling Report - XML Version\15_9_F_7_2015_02_10.xml,15_9_F_7_2015_02_10.xml,.xml,3743,2026-09-12T02:23:16.494306,text/xml
Well_technical_data\Daily Drilling Report - XML Version\15_9_F_7_2016_07_29.xml,15_9_F_7_2016_07_29.xml,.xml,16643,2026-09-12T02:23:20.189822,text/xml
Well_technical_data\Daily Drilling Report - XML Version\15_9_F_7_2016_07_30.xml,15_9_F_7_2016_07_30.xml,.xml,21963,2026-09-12T02:23:23.360822,text/xml
Well_technical_data\Daily Drilling Report - XML Version\15_9_F_7_2016_07_31.xml,15_9_F_7_2016_07_31.xml,.xml,4698,2026-09-12T02:23:26.434006,text/xml
Well_technical_data\Daily Drilling Report - XML Version\15_9_F_7_2016_10_23.xml,15_9_F_7_2016_10_23.xml,.xml,19560,2026-09-12T02:23:29.461132,text/xml
Well_technical_data\Daily Drilling Report - XML Version\15_9_F_7_2016_10_24.xml,15_9_F_7_2016_10_24.xml,.xml,3862,2026-09-12T02:23:32.523109,text/xml
Well_technical_data\Daily Drilling Report - XML Version\15_9_F_9_2007_11_29.xml,15_9_F_9_2007_11_29.xml,.xml,12469,2026-09-12T02:23:35.437398,text/xml
Well_technical_data\Daily Drilling Report - XML Version\15_9_F_9_2007_11_30.xml,15_9_F_9_2007_11_30.xml,.xml,16287,2026-09-12T02:23:38.704529,text/xml
Well_technical_data\Daily Drilling Report - XML Version\15_9_F_9_2007_12_01.xml,15_9_F_9_2007_12_01.xml,.xml,13035,2026-09-12T02:23:41.936537,text/xml
Well_technical_data\Daily Drilling Report - XML Version\15_9_F_9_2007_12_02.xml,15_9_F_9_2007_12_02.xml,.xml,6884,2026-09-12T02:23:45.422799,text/xml
Well_technical_data\Daily Drilling Report - XML Version\15_9_F_9_2007_12_13.xml,15_9_F_9_2007_12_13.xml,.xml,10785,2026-09-12T02:23:48.450459,text/xml
Well_technical_data\Daily Drilling Report - XML Version\15_9_F_9_2007_12_14.xml,15_9_F_9_2007_12_14.xml,.xml,12808,2026-09-12T02:23:51.326515,text/xml
Well_technical_data\Daily Drilling Report - XML Version\15_9_F_9_2007_12_15.xml,15_9_F_9_2007_12_15.xml,.xml,11794,2026-09-12T02:23:54.643241,text/xml
Well_technical_data\Daily Drilling Report - XML Version\15_9_F_9_2007_12_16.xml,15_9_F_9_2007_12_16.xml,.xml,9744,2026-09-12T02:23:57.402024,text/xml
Well_technical_data\Daily Drilling Report - XML Version\15_9_F_9_2007_12_17.xml,15_9_F_9_2007_12_17.xml,.xml,13564,2026-09-12T02:24:00.840851,text/xml
Well_technical_data\Daily Drilling Report - XML Version\15_9_F_9_2007_12_18.xml,15_9_F_9_2007_12_18.xml,.xml,3575,2026-09-12T02:24:03.863679,text/xml
Well_technical_data\Daily Drilling Report - XML Version\15_9_F_9_2008_08_27.xml,15_9_F_9_2008_08_27.xml,.xml,7038,2026-09-12T02:24:07.422418,text/xml
Well_technical_data\Daily Drilling Report - XML Version\15_9_F_9_2008_08_28.xml,15_9_F_9_2008_08_28.xml,.xml,12783,2026-09-12T02:24:10.290740,text/xml
Well_technical_data\Daily Drilling Report - XML Version\15_9_F_9_2008_08_29.xml,15_9_F_9_2008_08_29.xml,.xml,11018,2026-09-12T02:24:13.171508,text/xml
Well_technical_data\Daily Drilling Report - XML Version\15_9_F_9_2008_08_30.xml,15_9_F_9_2008_08_30.xml,.xml,16126,2026-09-12T02:24:16.130361,text/xml
Well_technical_data\Daily Drilling Report - XML Version\15_9_F_9_2008_08_31.xml,15_9_F_9_2008_08_31.xml,.xml,13198,2026-09-12T02:24:19.347848,text/xml
Well_technical_data\Daily Drilling Report - XML Version\15_9_F_9_2008_09_01.xml,15_9_F_9_2008_09_01.xml,.xml,19151,2026-09-12T02:24:22.682570,text/xml
Well_technical_data\Daily Drilling Report - XML Version\15_9_F_9_2008_09_02.xml,15_9_F_9_2008_09_02.xml,.xml,13083,2026-09-12T02:24:25.520644,text/xml
Well_technical_data\Daily Drilling Report - XML Version\15_9_F_9_2008_09_03.xml,15_9_F_9_2008_09_03.xml,.xml,17987,2026-09-12T02:24:28.721409,text/xml
Well_technical_data\Daily Drilling Report - XML Version\15_9_F_9_2008_09_04.xml,15_9_F_9_2008_09_04.xml,.xml,15449,2026-09-12T02:24:31.865254,text/xml
Well_technical_data\Daily Drilling Report - XML Version\15_9_F_9_2008_09_05.xml,15_9_F_9_2008_09_05.xml,.xml,13384,2026-09-12T02:24:34.919810,text/xml
Well_technical_data\Daily Drilling Report - XML Version\15_9_F_9_2008_09_06.xml,15_9_F_9_2008_09_06.xml,.xml,14482,2026-09-12T02:24:38.190596,text/xml
Well_technical_data\Daily Drilling Report - XML Version\15_9_F_9_2008_09_07.xml,15_9_F_9_2008_09_07.xml,.xml,12274,2026-09-12T02:24:41.557158,text/xml
Well_technical_data\Daily Drilling Report - XML Version\15_9_F_9_2009_06_25.xml,15_9_F_9_2009_06_25.xml,.xml,11525,2026-09-12T02:24:44.359293,text/xml
Well_technical_data\Daily Drilling Report - XML Version\15_9_F_9_2009_06_26.xml,15_9_F_9_2009_06_26.xml,.xml,12735,2026-09-12T02:24:47.384808,text/xml
Well_technical_data\Daily Drilling Report - XML Version\15_9_F_9_2009_06_27.xml,15_9_F_9_2009_06_27.xml,.xml,14570,2026-09-12T02:24:50.741807,text/xml
Well_technical_data\Daily Drilling Report - XML Version\15_9_F_9_2009_06_28.xml,15_9_F_9_2009_06_28.xml,.xml,14531,2026-09-12T02:24:54.089255,text/xml
Well_technical_data\Daily Drilling Report - XML Version\15_9_F_9_2009_06_29.xml,15_9_F_9_2009_06_29.xml,.xml,17578,2026-09-12T02:24:57.282702,text/xml
Well_technical_data\Daily Drilling Report - XML Version\15_9_F_9_2009_06_30.xml,15_9_F_9_2009_06_30.xml,.xml,14615,2026-09-12T02:25:00.507538,text/xml
Well_technical_data\Daily Drilling Report - XML Version\15_9_F_9_2009_07_01.xml,15_9_F_9_2009_07_01.xml,.xml,14616,2026-09-12T02:25:03.618396,text/xml
Well_technical_data\Daily Drilling Report - XML Version\15_9_F_9_2009_07_02.xml,15_9_F_9_2009_07_02.xml,.xml,16547,2026-09-12T02:25:06.949678,text/xml
Well_technical_data\Daily Drilling Report - XML Version\15_9_F_9_2009_07_03.xml,15_9_F_9_2009_07_03.xml,.xml,14841,2026-09-12T02:25:09.774806,text/xml
Well_technical_data\Daily Drilling Report - XML Version\15_9_F_9_2009_07_04.xml,15_9_F_9_2009_07_04.xml,.xml,7001,2026-09-12T02:25:12.457450,text/xml
Well_technical_data\Daily Drilling Report - XML Version\15_9_F_9_A_2009_07_04.xml,15_9_F_9_A_2009_07_04.xml,.xml,15808,2026-09-12T02:25:15.515780,text/xml
Well_technical_data\Daily Drilling Report - XML Version\15_9_F_9_A_2009_07_05.xml,15_9_F_9_A_2009_07_05.xml,.xml,19398,2026-09-12T02:25:19.150008,text/xml
Well_technical_data\Daily Drilling Report - XML Version\15_9_F_9_A_2009_07_06.xml,15_9_F_9_A_2009_07_06.xml,.xml,19214,2026-09-12T02:25:22.671312,text/xml
Well_technical_data\Daily Drilling Report - XML Version\15_9_F_9_A_2009_07_07.xml,15_9_F_9_A_2009_07_07.xml,.xml,16816,2026-09-12T02:25:26.152251,text/xml
Well_technical_data\Daily Drilling Report - XML Version\15_9_F_9_A_2009_07_08.xml,15_9_F_9_A_2009_07_08.xml,.xml,14316,2026-09-12T02:25:29.278055,text/xml
Well_technical_data\Daily Drilling Report - XML Version\15_9_F_9_A_2009_07_09.xml,15_9_F_9_A_2009_07_09.xml,.xml,18775,2026-09-12T02:25:32.510045,text/xml
Well_technical_data\Daily Drilling Report - XML Version\15_9_F_9_A_2009_07_10.xml,15_9_F_9_A_2009_07_10.xml,.xml,19573,2026-09-12T02:25:35.703982,text/xml
Well_technical_data\Daily Drilling Report - XML Version\15_9_F_9_A_2009_07_11.xml,15_9_F_9_A_2009_07_11.xml,.xml,15282,2026-09-12T02:25:39.173995,text/xml
Well_technical_data\Daily Drilling Report - XML Version\15_9_F_9_A_2009_07_12.xml,15_9_F_9_A_2009_07_12.xml,.xml,17219,2026-09-12T02:25:42.445405,text/xml
Well_technical_data\Daily Drilling Report - XML Version\15_9_F_9_A_2009_07_13.xml,15_9_F_9_A_2009_07_13.xml,.xml,13007,2026-09-12T02:25:45.417139,text/xml
Well_technical_data\Daily Drilling Report - XML Version\15_9_F_9_A_2009_07_14.xml,15_9_F_9_A_2009_07_14.xml,.xml,16029,2026-09-12T02:25:48.680755,text/xml
Well_technical_data\Daily Drilling Report - XML Version\15_9_F_9_A_2009_07_15.xml,15_9_F_9_A_2009_07_15.xml,.xml,12061,2026-09-12T02:25:51.557271,text/xml
Well_technical_data\Daily Drilling Report - XML Version\15_9_F_9_A_2015_01_27.xml,15_9_F_9_A_2015_01_27.xml,.xml,8883,2026-09-12T02:25:54.899860,text/xml
Well_technical_data\Daily Drilling Report - XML Version\15_9_F_9_A_2015_01_28.xml,15_9_F_9_A_2015_01_28.xml,.xml,20219,2026-09-12T02:25:58.065814,text/xml
Well_technical_data\Daily Drilling Report - XML Version\15_9_F_9_A_2015_01_29.xml,15_9_F_9_A_2015_01_29.xml,.xml,11927,2026-09-12T02:26:01.054700,text/xml
Well_technical_data\Daily Drilling Report - XML Version\15_9_F_9_A_2015_01_30.xml,15_9_F_9_A_2015_01_30.xml,.xml,16588,2026-09-12T02:26:04.220604,text/xml
Well_technical_data\Daily Drilling Report - XML Version\15_9_F_9_A_2015_01_31.xml,15_9_F_9_A_2015_01_31.xml,.xml,18037,2026-09-12T02:26:07.658237,text/xml
Well_technical_data\Daily Drilling Report - XML Version\15_9_F_9_A_2015_02_01.xml,15_9_F_9_A_2015_02_01.xml,.xml,22381,2026-09-12T02:26:10.566140,text/xml
Well_technical_data\Daily Drilling Report - XML Version\15_9_F_9_A_2015_02_02.xml,15_9_F_9_A_2015_02_02.xml,.xml,21132,2026-09-12T02:26:14.308414,text/xml
Well_technical_data\Daily Drilling Report - XML Version\15_9_F_9_A_2015_02_03.xml,15_9_F_9_A_2015_02_03.xml,.xml,14108,2026-09-12T02:26:17.153638,text/xml
Well_technical_data\Daily Drilling Report - XML Version\15_9_F_9_A_2015_02_04.xml,15_9_F_9_A_2015_02_04.xml,.xml,17197,2026-09-12T02:26:20.347633,text/xml
Well_technical_data\Daily Drilling Report - XML Version\15_9_F_9_A_2015_02_05.xml,15_9_F_9_A_2015_02_05.xml,.xml,3556,2026-09-12T02:26:23.452233,text/xml
Well_technical_data\Daily Drilling Report - XML Version\15_9_F_9_A_2016_09_29.xml,15_9_F_9_A_2016_09_29.xml,.xml,5239,2026-09-12T02:26:26.787181,text/xml
Well_technical_data\Daily Drilling Report - XML Version\15_9_F_9_A_2016_09_30.xml,15_9_F_9_A_2016_09_30.xml,.xml,17664,2026-09-12T02:26:29.704600,text/xml
Well_technical_data\Daily Drilling Report - XML Version\15_9_F_9_A_2016_10_01.xml,15_9_F_9_A_2016_10_01.xml,.xml,12775,2026-09-12T02:26:32.748416,text/xml
Well_technical_data\Daily Drilling Report - XML Version\15_9_F_9_A_2016_10_17.xml,15_9_F_9_A_2016_10_17.xml,.xml,7912,2026-09-12T02:26:35.645531,text/xml
Well_technical_data\Daily Drilling Report - XML Version\15_9_F_9_A_2016_10_18.xml,15_9_F_9_A_2016_10_18.xml,.xml,3501,2026-09-12T02:26:39.298243,text/xml
Well_technical_data\Daily Drilling Report - XML Version\15_9_F_9_A_2016_10_24.xml,15_9_F_9_A_2016_10_24.xml,.xml,20449,2026-09-12T02:26:42.854553,text/xml
Well_technical_data\EDM.XML\Volve F.edm.xml,Volve F.edm.xml,.xml,211263929,2026-09-12T04:10:35.493227,text/xml
Well_technical_data\EDM.XML\Volve F.edm.zip,Volve F.edm.zip,.zip,77698104,2026-09-12T04:11:14.172327,application/x-zip-compressed
Well_technical_data\Site\Site Summary - VolveF.pdf,Site Summary - VolveF.pdf,.pdf,97565,2026-09-12T04:11:23.260093,application/pdf
Well_technical_data\Site\Thumbs.db,Thumbs.db,.db,7680,2026-09-12T04:11:26.674115,unknown
Well_technical_data\Site_TemplateSlot\Site Template Slot Summary - VolveF.pdf,Site Template Slot Summary - VolveF.pdf,.pdf,64130,2026-09-12T04:11:32.638616,application/pdf
Well_technical_data\Site_TemplateSlot\Thumbs.db,Thumbs.db,.db,7680,2026-09-12T04:11:35.837643,unknown
Well_technical_data\StressCheck\F-10 A rev#1 STGAL 230915.sck,F-10 A rev#1 STGAL 230915.sck,.sck,275968,2026-09-12T04:11:42.482065,unknown
Well_technical_data\StressCheck\F-10 A rev#2 STGAL 051115.sck,F-10 A rev#2 STGAL 051115.sck,.sck,282112,2026-09-12T04:11:47.222817,unknown
Well_technical_data\StressCheck\F-10 A rev#7 LHULT 171115.sck,F-10 A rev#7 LHULT 171115.sck,.sck,241664,2026-09-12T04:11:51.893439,unknown
Well_technical_data\StressCheck\F-13 Main field rev#4 STGAL 300915.sck,F-13 Main field rev#4 STGAL 300915.sck,.sck,272384,2026-09-12T04:11:56.076035,unknown
Well_technical_data\StressCheck\F-13 _IOR_SE_entry(Top Hugin)  rev1 YH-(170221).sck,F-13 _IOR_SE_entry(Top Hugin)  rev1 YH-(170221).sck,.sck,236544,2026-09-12T04:12:00.256407,unknown
"Well_technical_data\StressCheck\F-13_AB DG2_Target btw F12_F14 Rev2,3 141210-Final, v1.sck","F-13_AB DG2_Target btw F12_F14 Rev2,3 141210-Final, v1.sck",.sck,248832,2026-09-12T04:12:04.940386,unknown
"Well_technical_data\StressCheck\F-13_Target F14N Rev1,2 141210-Final, v1.sck","F-13_Target F14N Rev1,2 141210-Final, v1.sck",.sck,221696,2026-09-12T04:12:09.411653,unknown
"Well_technical_data\StressCheck\F-14 A NW target - SIGULU - rev0, v0.sck","F-14 A NW target - SIGULU - rev0, v0.sck",.sck,286720,2026-09-12T04:12:14.029475,unknown
Well_technical_data\Wellcat\F-11 WCD- T2 Rev 0 Check tubing compression for cutting.wcd,F-11 WCD- T2 Rev 0 Check tubing compression for cutting.wcd,.wcd,278528,2026-09-12T04:25:14.725155,unknown
Well_technical_data\Wellcat\F-13 WCD Completion .wcd,F-13 WCD Completion .wcd,.wcd,1507328,2026-09-12T04:25:19.920447,unknown
"Well_technical_data\Wellcat\F-14 A NW target - SIGULU - rev0, v0.wcd","F-14 A NW target - SIGULU - rev0, v0.wcd",.wcd,1376256,2026-09-12T04:25:25.399263,unknown
Well_technical_data\WellPlan\left_intentionally_empty.txt,left_intentionally_empty.txt,.txt,0,2026-09-12T04:12:18.797745,text/plain
Well_technical_data\WellWellbore\15_9-19\15_9-19 A\15_9-19 A_Standard_Survey_NPD.txt,15_9-19 A_Standard_Survey_NPD.txt,.txt,37994,2026-09-12T04:12:28.431633,text/plain
Well_technical_data\WellWellbore\15_9-19\15_9-19 A\15_9-19_A_Standard Survey - Geographic.pdf,15_9-19_A_Standard Survey - Geographic.pdf,.pdf,90728,2026-09-12T04:12:32.077714,application/pdf
Well_technical_data\WellWellbore\15_9-19\15_9-19 BT2\15_9-19 BT2_Standard_Survey_NPD.txt,15_9-19 BT2_Standard_Survey_NPD.txt,.txt,34743,2026-09-12T04:12:37.617329,text/plain
Well_technical_data\WellWellbore\15_9-19\15_9-19 BT2\15_9-19_BT2_Standard Survey - Geographic.pdf,15_9-19_BT2_Standard Survey - Geographic.pdf,.pdf,89578,2026-09-12T04:12:41.634786,application/pdf
Well_technical_data\WellWellbore\15_9-19\15_9-19 SR\15_9-19 SR_Standard_Survey_NPD.txt,15_9-19 SR_Standard_Survey_NPD.txt,.txt,45474,2026-09-12T04:12:47.065009,text/plain
Well_technical_data\WellWellbore\15_9-19\15_9-19 SR\15_9-19_SR_Standard Survey - Geographic.pdf,15_9-19_SR_Standard Survey - Geographic.pdf,.pdf,95413,2026-09-12T04:12:50.980346,application/pdf
Well_technical_data\WellWellbore\15_9-F-1\WellSummary F-1.pdf,WellSummary F-1.pdf,.pdf,61225,2026-09-12T04:14:01.216515,application/pdf
Well_technical_data\WellWellbore\15_9-F-1\15_9-F-1\Standard Survey Report_Volve F_F-1_F-1_159-F-1 North Upside Pilot DG2 revp1_PLAN.pdf,Standard Survey Report_Volve F_F-1_F-1_159-F-1 North Upside Pilot DG2 revp1_PLAN.pdf,.pdf,74026,2026-09-12T04:12:59.411743,application/pdf
Well_technical_data\WellWellbore\15_9-F-1\15_9-F-1\Standard Survey Report_Volve F_F-1_F-1_F-1_ACTUAL.pdf,Standard Survey Report_Volve F_F-1_F-1_F-1_ACTUAL.pdf,.pdf,77102,2026-09-12T04:13:03.185867,application/pdf
Well_technical_data\WellWellbore\15_9-F-1\15_9-F-1\Volve F_F-1_F-1_159-F-1 North Upside Pilot DG2 revp1_PLAN,Volve F_F-1_F-1_159-F-1 North Upside Pilot DG2 revp1_PLAN,,18136,2026-09-12T04:13:06.448370,unknown
Well_technical_data\WellWellbore\15_9-F-1\15_9-F-1\Volve F_F-1_F-1_F-1_ACTUAL,Volve F_F-1_F-1_F-1_ACTUAL,,13516,2026-09-12T04:13:09.674115,unknown
Well_technical_data\WellWellbore\15_9-F-1\15_9-F-1 A\Standard Survey Report_Volve F_F-1_F-1 A_159-F-1 A rev0_PLAN.pdf,Standard Survey Report_Volve F_F-1_F-1 A_159-F-1 A rev0_PLAN.pdf,.pdf,64943,2026-09-12T04:13:15.716878,application/pdf
Well_technical_data\WellWellbore\15_9-F-1\15_9-F-1 A\Standard Survey Report_Volve F_F-1_F-1 A_F-1 A_ACTUAL.pdf,Standard Survey Report_Volve F_F-1_F-1 A_F-1 A_ACTUAL.pdf,.pdf,71502,2026-09-12T04:13:19.507125,application/pdf
Well_technical_data\WellWellbore\15_9-F-1\15_9-F-1 A\Volve F_F-1_F-1 A_159-F-1 A rev0_PLAN,Volve F_F-1_F-1 A_159-F-1 A rev0_PLAN,,15943,2026-09-12T04:13:22.623125,unknown
Well_technical_data\WellWellbore\15_9-F-1\15_9-F-1 A\Volve F_F-1_F-1 A_F-1 A_ACTUAL,Volve F_F-1_F-1 A_F-1 A_ACTUAL,,13862,2026-09-12T04:13:25.830018,unknown
Well_technical_data\WellWellbore\15_9-F-1\15_9-F-1 B\Standard Survey Report_Volve F_F-1_F-1 B_159-F-1 B Northwest Injector DG2 revp2_PLAN.pdf,Standard Survey Report_Volve F_F-1_F-1 B_159-F-1 B Northwest Injector DG2 revp2_PLAN.pdf,.pdf,64531,2026-09-12T04:13:31.645863,application/pdf
Well_technical_data\WellWellbore\15_9-F-1\15_9-F-1 B\Standard Survey Report_Volve F_F-1_F-1 B_F-1 B_ACTUAL.pdf,Standard Survey Report_Volve F_F-1_F-1 B_F-1 B_ACTUAL.pdf,.pdf,71207,2026-09-12T04:13:35.416077,application/pdf
Well_technical_data\WellWellbore\15_9-F-1\15_9-F-1 B\Volve F_F-1_F-1 B_159-F-1 B Northwest Injector DG2 revp2_PLAN,Volve F_F-1_F-1 B_159-F-1 B Northwest Injector DG2 revp2_PLAN,,17033,2026-09-12T04:13:38.744264,unknown
Well_technical_data\WellWellbore\15_9-F-1\15_9-F-1 B\Volve F_F-1_F-1 B_F-1 B_ACTUAL,Volve F_F-1_F-1 B_F-1 B_ACTUAL,,13242,2026-09-12T04:13:42.080647,unknown
Well_technical_data\WellWellbore\15_9-F-1\15_9-F-1 C\Standard Survey Report_Volve F_F-1_F-1 C_F-1 C InjectorProducer opt3 revp2_PLAN.pdf,Standard Survey Report_Volve F_F-1_F-1 C_F-1 C InjectorProducer opt3 revp2_PLAN.pdf,.pdf,65572,2026-09-12T04:13:47.481969,application/pdf
Well_technical_data\WellWellbore\15_9-F-1\15_9-F-1 C\Standard Survey Report_Volve F_F-1_F-1 C_F-1 C_ACTUAL.pdf,Standard Survey Report_Volve F_F-1_F-1 C_F-1 C_ACTUAL.pdf,.pdf,71623,2026-09-12T04:13:51.158461,application/pdf
Well_technical_data\WellWellbore\15_9-F-1\15_9-F-1 C\Volve F_F-1_F-1 C_F-1 C InjectorProducer opt3 revp2_PLAN,Volve F_F-1_F-1 C_F-1 C InjectorProducer opt3 revp2_PLAN,,18633,2026-09-12T04:13:54.242216,unknown
Well_technical_data\WellWellbore\15_9-F-1\15_9-F-1 C\Volve F_F-1_F-1 C_F-1 C_ACTUAL,Volve F_F-1_F-1 C_F-1 C_ACTUAL,,14984,2026-09-12T04:13:57.718977,unknown
Well_technical_data\WellWellbore\15_9-F-10\Well Summary F-10.pdf,Well Summary F-10.pdf,.pdf,59305,2026-09-12T04:15:00.049592,application/pdf
Well_technical_data\WellWellbore\15_9-F-10\15_9-F-10\F10 Rev 51 280409_PLAN.txt,F10 Rev 51 280409_PLAN.txt,.txt,18799,2026-09-12T04:14:08.660502,text/plain
Well_technical_data\WellWellbore\15_9-F-10\15_9-F-10\Standard Survey Report_F10 Rev 51 280409_PLAN.pdf,Standard Survey Report_F10 Rev 51 280409_PLAN.pdf,.pdf,68894,2026-09-12T04:14:12.566022,application/pdf
Well_technical_data\WellWellbore\15_9-F-10\15_9-F-10\Standard Survey Report_Volve F_F-10_F-10_F-10_ACTUAL.pdf,Standard Survey Report_Volve F_F-10_F-10_F-10_ACTUAL.pdf,.pdf,103364,2026-09-12T04:14:16.132843,application/pdf
Well_technical_data\WellWellbore\15_9-F-10\15_9-F-10\Volve F_F-10_F-10_F-10_ACTUAL,Volve F_F-10_F-10_F-10_ACTUAL,,57188,2026-09-12T04:14:19.720682,unknown
Well_technical_data\WellWellbore\15_9-F-10\15_9-F-10 A\Standard Survey Report_Volve F_F-10_F-10 A_F-10 A rev#7 LHULT 171115_PLAN.pdf,Standard Survey Report_Volve F_F-10_F-10 A_F-10 A rev#7 LHULT 171115_PLAN.pdf,.pdf,65916,2026-09-12T04:14:25.690903,application/pdf
Well_technical_data\WellWellbore\15_9-F-10\15_9-F-10 A\Volve F_F-10_F-10 A_Combined target EW_PROTOTYPE,Volve F_F-10_F-10 A_Combined target EW_PROTOTYPE,,7710,2026-09-12T04:14:29.083972,unknown
Well_technical_data\WellWellbore\15_9-F-10\15_9-F-10 A\Volve F_F-10_F-10 A_F-10 A NW target_PROTOTYPE,Volve F_F-10_F-10 A_F-10 A NW target_PROTOTYPE,,18033,2026-09-12T04:14:32.155535,unknown
Well_technical_data\WellWellbore\15_9-F-10\15_9-F-10 A\Volve F_F-10_F-10 A_F-10 A rev#1 STGAL 230915_PROTOTYPE,Volve F_F-10_F-10 A_F-10 A rev#1 STGAL 230915_PROTOTYPE,,26878,2026-09-12T04:14:35.571044,unknown
Well_technical_data\WellWellbore\15_9-F-10\15_9-F-10 A\Volve F_F-10_F-10 A_F-10 A rev#2 STGAL 051115_PROTOTYPE,Volve F_F-10_F-10 A_F-10 A rev#2 STGAL 051115_PROTOTYPE,,26909,2026-09-12T04:14:39.091530,unknown
Well_technical_data\WellWellbore\15_9-F-10\15_9-F-10 A\Volve F_F-10_F-10 A_F-10 A rev#3 STGAL 091115_PROTOTYPE,Volve F_F-10_F-10 A_F-10 A rev#3 STGAL 091115_PROTOTYPE,,26909,2026-09-12T04:14:42.840762,unknown
Well_technical_data\WellWellbore\15_9-F-10\15_9-F-10 A\Volve F_F-10_F-10 A_F-10 A rev#4 STGAL 091115_PROTOTYPE,Volve F_F-10_F-10 A_F-10 A rev#4 STGAL 091115_PROTOTYPE,,26677,2026-09-12T04:14:46.469209,unknown
Well_technical_data\WellWellbore\15_9-F-10\15_9-F-10 A\Volve F_F-10_F-10 A_F-10 A rev#5 STGAL091115_PROTOTYPE,Volve F_F-10_F-10 A_F-10 A rev#5 STGAL091115_PROTOTYPE,,27254,2026-09-12T04:14:49.614910,unknown
Well_technical_data\WellWellbore\15_9-F-10\15_9-F-10 A\Volve F_F-10_F-10 A_F-10 A rev#6 STGAL 111015_PROTOTYPE,Volve F_F-10_F-10 A_F-10 A rev#6 STGAL 111015_PROTOTYPE,,27025,2026-09-12T04:14:53.006409,unknown
Well_technical_data\WellWellbore\15_9-F-10\15_9-F-10 A\Volve F_F-10_F-10 A_F-10 A rev#7 LHULT 171115_PLAN,Volve F_F-10_F-10 A_F-10 A rev#7 LHULT 171115_PLAN,,27257,2026-09-12T04:14:56.336125,unknown
Well_technical_data\WellWellbore\15_9-F-11\Well Summary F-11.pdf,Well Summary F-11.pdf,.pdf,63532,2026-09-12T04:16:49.818765,application/pdf
Well_technical_data\WellWellbore\15_9-F-11\15_9-F-11\Standard Survey Report_Volve F_F-11_159-F-11_159-F-11 rev0_PLAN.pdf,Standard Survey Report_Volve F_F-11_159-F-11_159-F-11 rev0_PLAN.pdf,.pdf,66454,2026-09-12T04:15:07.494379,application/pdf
Well_technical_data\WellWellbore\15_9-F-11\15_9-F-11\Standard Survey Report_Volve F_F-11_159-F-11_159-F-11_ACTUAL.pdf,Standard Survey Report_Volve F_F-11_159-F-11_159-F-11_ACTUAL.pdf,.pdf,64385,2026-09-12T04:15:10.869199,application/pdf
Well_technical_data\WellWellbore\15_9-F-11\15_9-F-11\Volve F_F-11_159-F-11_159-F-11 rev0_PLAN,Volve F_F-11_159-F-11_159-F-11 rev0_PLAN,,20302,2026-09-12T04:15:14.181616,unknown
Well_technical_data\WellWellbore\15_9-F-11\15_9-F-11\Volve F_F-11_159-F-11_159-F-11_ACTUAL,Volve F_F-11_159-F-11_159-F-11_ACTUAL,,4231,2026-09-12T04:15:17.405328,unknown
Well_technical_data\WellWellbore\15_9-F-11\15_9-F-11 A\Standard Survey Report_Volve F_F-11_159-F-11 A_159-F-11 A NWest PIL DG3 rev0_PLAN.pdf,Standard Survey Report_Volve F_F-11_159-F-11 A_159-F-11 A NWest PIL DG3 rev0_PLAN.pdf,.pdf,63405,2026-09-12T04:15:23.183951,application/pdf
Well_technical_data\WellWellbore\15_9-F-11\15_9-F-11 A\Standard Survey Report_Volve F_F-11_159-F-11 A_159-F-11 A_ACTUAL.pdf,Standard Survey Report_Volve F_F-11_159-F-11 A_159-F-11 A_ACTUAL.pdf,.pdf,88260,2026-09-12T04:15:27.253031,application/pdf
Well_technical_data\WellWellbore\15_9-F-11\15_9-F-11 A\Volve F_F-11_159-F-11 A_159-F-11 A NWest PIL DG3 rev0_PLAN,Volve F_F-11_159-F-11 A_159-F-11 A NWest PIL DG3 rev0_PLAN,,6788,2026-09-12T04:15:30.419919,unknown
Well_technical_data\WellWellbore\15_9-F-11\15_9-F-11 A\Volve F_F-11_159-F-11 A_159-F-11 A_ACTUAL,Volve F_F-11_159-F-11 A_159-F-11 A_ACTUAL,,38677,2026-09-12T04:15:33.832683,unknown
Well_technical_data\WellWellbore\15_9-F-11\15_9-F-11 B\Standard Survey Report_Volve F_F-11_159-F-11 B_159-F-11 B IOR DG3 rev0_PLAN.pdf,Standard Survey Report_Volve F_F-11_159-F-11 B_159-F-11 B IOR DG3 rev0_PLAN.pdf,.pdf,67226,2026-09-12T04:15:40.348917,application/pdf
Well_technical_data\WellWellbore\15_9-F-11\15_9-F-11 B\Standard Survey Report_Volve F_F-11_159-F-11 B_159-F-11 B_ACTUAL.pdf,Standard Survey Report_Volve F_F-11_159-F-11 B_159-F-11 B_ACTUAL.pdf,.pdf,88521,2026-09-12T04:15:44.191114,application/pdf
Well_technical_data\WellWellbore\15_9-F-11\15_9-F-11 B\Volve F_F-11_159-F-11 B_159-F-11 B IOR DG3 rev0_PLAN,Volve F_F-11_159-F-11 B_159-F-11 B IOR DG3 rev0_PLAN,,41153,2026-09-12T04:15:47.563442,unknown
Well_technical_data\WellWellbore\15_9-F-11\15_9-F-11 B\Volve F_F-11_159-F-11 B_159-F-11 B_ACTUAL,Volve F_F-11_159-F-11 B_159-F-11 B_ACTUAL,,36413,2026-09-12T04:15:51.001442,unknown
Well_technical_data\WellWellbore\15_9-F-11\15_9-F-11 T2\Standard Survey Report_Volve F_F-11_159-F-11 T2_159-F-11 T2 rev0_PLAN.pdf,Standard Survey Report_Volve F_F-11_159-F-11 T2_159-F-11 T2 rev0_PLAN.pdf,.pdf,64753,2026-09-12T04:15:56.862063,application/pdf
Well_technical_data\WellWellbore\15_9-F-11\15_9-F-11 T2\Standard Survey Report_Volve F_F-11_159-F-11 T2_159-F-11 T2_ACTUAL.pdf,Standard Survey Report_Volve F_F-11_159-F-11 T2_159-F-11 T2_ACTUAL.pdf,.pdf,96966,2026-09-12T04:16:00.491019,application/pdf
Well_technical_data\WellWellbore\15_9-F-11\15_9-F-11 T2\Volve F_F-11_159-F-11 T2_159-F-11 T2 rev0_PLAN,Volve F_F-11_159-F-11 T2_159-F-11 T2 rev0_PLAN,,21243,2026-09-12T04:16:03.867604,unknown
Well_technical_data\WellWellbore\15_9-F-11\15_9-F-11 T2\Volve F_F-11_159-F-11 T2_159-F-11 T2_ACTUAL,Volve F_F-11_159-F-11 T2_159-F-11 T2_ACTUAL,,52939,2026-09-12T04:16:07.492436,unknown
Well_technical_data\WellWellbore\15_9-F-11\15_9-F-11 T2\Volve F_F-11_159-F-11 T2_WCD-F11 T2 Rev 0 Check tubing compression for cutting_PROTOTYPE,Volve F_F-11_159-F-11 T2_WCD-F11 T2 Rev 0 Check tubing compression for cutting_PROTOTYPE,,21279,2026-09-12T04:16:10.703886,unknown
Well_technical_data\WellWellbore\15_9-F-11\Relief well 1049m West\Volve F_F-11_Relief well 508m West_Relief Well -F-11 B IOR 508m West 9 58 csg shoe_PROTOTYPE,Volve F_F-11_Relief well 508m West_Relief Well -F-11 B IOR 508m West 9 58 csg shoe_PROTOTYPE,,13804,2026-09-12T04:16:16.397751,unknown
Well_technical_data\WellWellbore\15_9-F-11\Relief well 1049m West\Volve F_F-11_Relief well 508m West_Relief Well F-11 N pilot 508m West 14 csg shoe_PROTOTYPE,Volve F_F-11_Relief well 508m West_Relief Well F-11 N pilot 508m West 14 csg shoe_PROTOTYPE,,11945,2026-09-12T04:16:19.491165,unknown
Well_technical_data\WellWellbore\15_9-F-11\Relief well 1352m South\Volve F_F-11_Relief well 966m North_Relief wel F-11 B IOR 966m North 9 58 csg shoe_PROTOTYPE,Volve F_F-11_Relief well 966m North_Relief wel F-11 B IOR 966m North 9 58 csg shoe_PROTOTYPE,,14500,2026-09-12T04:16:24.722428,unknown
Well_technical_data\WellWellbore\15_9-F-11\Relief well 1352m South\Volve F_F-11_Relief well 966m North_Relief well F-11 N Pilot 966m North 14 csg shoe_PROTOTYPE,Volve F_F-11_Relief well 966m North_Relief well F-11 N Pilot 966m North 14 csg shoe_PROTOTYPE,,12529,2026-09-12T04:16:28.185709,unknown
Well_technical_data\WellWellbore\15_9-F-11\Relief well 508m West\Volve F_F-11_Relief well 1049m West_relief well F-11 B IOR 1049 West 9 58 csg shoe_PROTOTYPE,Volve F_F-11_Relief well 1049m West_relief well F-11 B IOR 1049 West 9 58 csg shoe_PROTOTYPE,,14028,2026-09-12T04:16:36.772263,unknown
Well_technical_data\WellWellbore\15_9-F-11\Relief well 508m West\Volve F_F-11_Relief well 1049m West_Relief Well F-11 N Pilot 1049m West 14 csg shoe_PROTOTYPE,Volve F_F-11_Relief well 1049m West_Relief Well F-11 N Pilot 1049m West 14 csg shoe_PROTOTYPE,,12173,2026-09-12T04:16:33.243468,unknown
Well_technical_data\WellWellbore\15_9-F-11\Relief well 966m North\Volve F_F-11_Relief well 1352m South_Relief well F-11 B IOR 1352m South 9 58 csg shoe_PROTOTYPE,Volve F_F-11_Relief well 1352m South_Relief well F-11 B IOR 1352m South 9 58 csg shoe_PROTOTYPE,,15547,2026-09-12T04:16:42.380164,unknown
Well_technical_data\WellWellbore\15_9-F-11\Relief well 966m North\Volve F_F-11_Relief well 1352m South_Relief well F-11 N Pilot 1352m South 14 csg shoe_PROTOTYPE,Volve F_F-11_Relief well 1352m South_Relief well F-11 N Pilot 1352m South 14 csg shoe_PROTOTYPE,,13690,2026-09-12T04:16:46.139407,unknown
Well_technical_data\WellWellbore\15_9-F-12\Well Summary F-12.pdf,Well Summary F-12.pdf,.pdf,58117,2026-09-12T04:17:12.650892,application/pdf
Well_technical_data\WellWellbore\15_9-F-12\15_9-F-12\Standard Survey Report_Volve F_F-12_F-12_F-12_ACTUAL.pdf,Standard Survey Report_Volve F_F-12_F-12_F-12_ACTUAL.pdf,.pdf,81175,2026-09-12T04:16:57.921026,application/pdf
Well_technical_data\WellWellbore\15_9-F-12\15_9-F-12\Standard Survey Report_Volve F_F-12_F-12_F12 Rev011 CC 240707_PLAN.pdf,Standard Survey Report_Volve F_F-12_F-12_F12 Rev011 CC 240707_PLAN.pdf,.pdf,63240,2026-09-12T04:17:01.514778,application/pdf
Well_technical_data\WellWellbore\15_9-F-12\15_9-F-12\Volve F_F-12_F-12_F-12_ACTUAL,Volve F_F-12_F-12_F-12_ACTUAL,,26241,2026-09-12T04:17:05.564212,unknown
Well_technical_data\WellWellbore\15_9-F-12\15_9-F-12\Volve F_F-12_F-12_F12 Rev011 CC 240707_PLAN,Volve F_F-12_F-12_F12 Rev011 CC 240707_PLAN,,15382,2026-09-12T04:17:09.069454,unknown
Well_technical_data\WellWellbore\15_9-F-13\Well Summary F-13.pdf,Well Summary F-13.pdf,.pdf,59239,2026-09-12T04:17:55.002653,application/pdf
Well_technical_data\WellWellbore\15_9-F-13\15_9-F-13\Standard Survey Report_Volve F_F-13_F-13_F-13 Main field rev#5 STGAL 051115_PLAN.pdf,Standard Survey Report_Volve F_F-13_F-13_F-13 Main field rev#5 STGAL 051115_PLAN.pdf,.pdf,66712,2026-09-12T04:17:19.703899,application/pdf
"Well_technical_data\WellWellbore\15_9-F-13\15_9-F-13\Volve F_F-13_F-13_AB DG2_F-13_Target btw F12_F14 Rev2,3 141210-Final_PROTOTYPE","Volve F_F-13_F-13_AB DG2_F-13_Target btw F12_F14 Rev2,3 141210-Final_PROTOTYPE",,16871,2026-09-12T04:17:26.588003,unknown
"Well_technical_data\WellWellbore\15_9-F-13\15_9-F-13\Volve F_F-13_F-13_AB DG2_F-13_Target F14N Rev1,2 141210-Final_PROTOTYPE","Volve F_F-13_F-13_AB DG2_F-13_Target F14N Rev1,2 141210-Final_PROTOTYPE",,16603,2026-09-12T04:17:23.404507,unknown
Well_technical_data\WellWellbore\15_9-F-13\15_9-F-13\Volve F_F-13_F-13_F-13 Main field rev#1 STGAL 230915_PROTOTYPE,Volve F_F-13_F-13_F-13 Main field rev#1 STGAL 230915_PROTOTYPE,,23346,2026-09-12T04:17:30.032713,unknown
Well_technical_data\WellWellbore\15_9-F-13\15_9-F-13\Volve F_F-13_F-13_F-13 Main field rev#2 STGAL 250915_PROTOTYPE,Volve F_F-13_F-13_F-13 Main field rev#2 STGAL 250915_PROTOTYPE,,23349,2026-09-12T04:17:33.644078,unknown
Well_technical_data\WellWellbore\15_9-F-13\15_9-F-13\Volve F_F-13_F-13_F-13 Main field rev#3 STGAL 280915_PROTOTYPE,Volve F_F-13_F-13_F-13 Main field rev#3 STGAL 280915_PROTOTYPE,,23349,2026-09-12T04:17:37.323261,unknown
Well_technical_data\WellWellbore\15_9-F-13\15_9-F-13\Volve F_F-13_F-13_F-13 Main field rev#4 STGAL 300915_PROTOTYPE,Volve F_F-13_F-13_F-13 Main field rev#4 STGAL 300915_PROTOTYPE,,23813,2026-09-12T04:17:40.967807,unknown
Well_technical_data\WellWellbore\15_9-F-13\15_9-F-13\Volve F_F-13_F-13_F-13 Main field rev#5 STGAL 051115_PLAN,Volve F_F-13_F-13_F-13 Main field rev#5 STGAL 051115_PLAN,,23571,2026-09-12T04:17:44.402426,unknown
Well_technical_data\WellWellbore\15_9-F-13\15_9-F-13\Volve F_F-13_F-13_F-13 _IOR_SE_entry(Top Hugin)  rev1 YH-(170221)_PROTOTYPE,Volve F_F-13_F-13_F-13 _IOR_SE_entry(Top Hugin)  rev1 YH-(170221)_PROTOTYPE,,14508,2026-09-12T04:17:48.111994,unknown
Well_technical_data\WellWellbore\15_9-F-13\15_9-F-13\Volve F_F-13_F-13_WCDcompletion_PROTOTYPE,Volve F_F-13_F-13_WCDcompletion_PROTOTYPE,,22967,2026-09-12T04:17:51.457995,unknown
Well_technical_data\WellWellbore\15_9-F-14\Well Summary F-14.pdf,Well Summary F-14.pdf,.pdf,59650,2026-09-12T04:18:28.357220,application/pdf
Well_technical_data\WellWellbore\15_9-F-14\15_9-F-14\Standard Survey Report_Volve F_F-14_F-14_F-14_ACTUAL.pdf,Standard Survey Report_Volve F_F-14_F-14_F-14_ACTUAL.pdf,.pdf,76382,2026-09-12T04:18:02.591482,application/pdf
Well_technical_data\WellWellbore\15_9-F-14\15_9-F-14\Standard Survey Report_Volve F_F-14_F-14_F14 Rev6 from 958CP 270508 CC_PLAN.pdf,Standard Survey Report_Volve F_F-14_F-14_F14 Rev6 from 958CP 270508 CC_PLAN.pdf,.pdf,72708,2026-09-12T04:18:05.689149,application/pdf
Well_technical_data\WellWellbore\15_9-F-14\15_9-F-14\Volve F_F-14_F-14_F-14_ACTUAL,Volve F_F-14_F-14_F-14_ACTUAL,,12487,2026-09-12T04:18:09.024238,unknown
Well_technical_data\WellWellbore\15_9-F-14\15_9-F-14\Volve F_F-14_F-14_F14 Rev6 from 958CP 270508 CC_PLAN,Volve F_F-14_F-14_F14 Rev6 from 958CP 270508 CC_PLAN,,14972,2026-09-12T04:18:12.433741,unknown
Well_technical_data\WellWellbore\15_9-F-14\15_9-F-14 A\Volve F_F-14_F-14 A_Combined targets_PROTOTYPE,Volve F_F-14_F-14 A_Combined targets_PROTOTYPE,,22145,2026-09-12T04:18:17.835203,unknown
Well_technical_data\WellWellbore\15_9-F-14\15_9-F-14 A\Volve F_F-14_F-14 A_F-14 A NW target - SIGULU - rev0_PROTOTYPE,Volve F_F-14_F-14 A_F-14 A NW target - SIGULU - rev0_PROTOTYPE,,13310,2026-09-12T04:18:21.488157,unknown
Well_technical_data\WellWellbore\15_9-F-14\15_9-F-14 A\Volve F_F-14_F-14 A_F-14 A NW target deep sidetrack_PROTOTYPE,Volve F_F-14_F-14 A_F-14 A NW target deep sidetrack_PROTOTYPE,,12844,2026-09-12T04:18:24.696472,unknown
Well_technical_data\WellWellbore\15_9-F-15\Well Summary F-15.pdf,Well Summary F-15.pdf,.pdf,61481,2026-09-12T04:19:35.032547,application/pdf
Well_technical_data\WellWellbore\15_9-F-15\15_9-F-15\Standard Survey Report_Volve F_F-15_F-15_F-15_ACTUAL.pdf,Standard Survey Report_Volve F_F-15_F-15_F-15_ACTUAL.pdf,.pdf,70611,2026-09-12T04:18:37.127454,application/pdf
Well_technical_data\WellWellbore\15_9-F-15\15_9-F-15\Volve F_F-15_F-15_F-15_ACTUAL,Volve F_F-15_F-15_F-15_ACTUAL,,13192,2026-09-12T04:18:40.900668,unknown
Well_technical_data\WellWellbore\15_9-F-15\15_9-F-15 A\Standard Survey Report_Volve F_F-15_F-15A_F-15A_ACTUAL.pdf,Standard Survey Report_Volve F_F-15_F-15A_F-15A_ACTUAL.pdf,.pdf,70627,2026-09-12T04:18:47.272803,application/pdf
Well_technical_data\WellWellbore\15_9-F-15\15_9-F-15 A\Volve F_F-15_F-15A_F-15A_ACTUAL,Volve F_F-15_F-15A_F-15A_ACTUAL,,13424,2026-09-12T04:18:50.640737,unknown
Well_technical_data\WellWellbore\15_9-F-15\15_9-F-15 B\Standard Survey Report_Volve F_F-15_F-15B_F-15B Rev 1 Openhole 060109_PLAN.pdf,Standard Survey Report_Volve F_F-15_F-15B_F-15B Rev 1 Openhole 060109_PLAN.pdf,.pdf,63435,2026-09-12T04:18:56.690327,application/pdf
Well_technical_data\WellWellbore\15_9-F-15\15_9-F-15 B\Standard Survey Report_Volve F_F-15_F-15B_F-15B_ACTUAL.pdf,Standard Survey Report_Volve F_F-15_F-15B_F-15B_ACTUAL.pdf,.pdf,70253,2026-09-12T04:19:00.916481,application/pdf
Well_technical_data\WellWellbore\15_9-F-15\15_9-F-15 B\Volve F_F-15_F-15B_F-15B Rev 1 Openhole 060109_PLAN,Volve F_F-15_F-15B_F-15B Rev 1 Openhole 060109_PLAN,,3610,2026-09-12T04:19:03.843604,unknown
Well_technical_data\WellWellbore\15_9-F-15\15_9-F-15 B\Volve F_F-15_F-15B_F-15B_ACTUAL,Volve F_F-15_F-15B_F-15B_ACTUAL,,11736,2026-09-12T04:19:07.397413,unknown
Well_technical_data\WellWellbore\15_9-F-15\15_9-F-15 C\Standard Survey Report_Volve F_F-15_F-15C_F-15C_ACTUAL.pdf,Standard Survey Report_Volve F_F-15_F-15C_F-15C_ACTUAL.pdf,.pdf,68483,2026-09-12T04:19:12.787554,application/pdf
Well_technical_data\WellWellbore\15_9-F-15\15_9-F-15 C\Volve F_F-15_F-15C_F-15C_ACTUAL,Volve F_F-15_F-15C_F-15C_ACTUAL,,10982,2026-09-12T04:19:15.921503,unknown
Well_technical_data\WellWellbore\15_9-F-15\15_9-F-15 D\Standard Survey Report_Volve F_F-15_F-15D_159-F-15 D revp8_PLAN.pdf,Standard Survey Report_Volve F_F-15_F-15D_159-F-15 D revp8_PLAN.pdf,.pdf,65444,2026-09-12T04:19:21.517098,application/pdf
Well_technical_data\WellWellbore\15_9-F-15\15_9-F-15 D\Standard Survey Report_Volve F_F-15_F-15D_F-15D_ACTUAL.pdf,Standard Survey Report_Volve F_F-15_F-15D_F-15D_ACTUAL.pdf,.pdf,72565,2026-09-12T04:19:25.635492,application/pdf
Well_technical_data\WellWellbore\15_9-F-15\15_9-F-15 D\Volve F_F-15_F-15D_159-F-15 D revp8_PLAN,Volve F_F-15_F-15D_159-F-15 D revp8_PLAN,,19775,2026-09-12T04:19:28.695805,unknown
Well_technical_data\WellWellbore\15_9-F-15\15_9-F-15 D\Volve F_F-15_F-15D_F-15D_ACTUAL,Volve F_F-15_F-15D_F-15D_ACTUAL,,15028,2026-09-12T04:19:31.729806,unknown
Well_technical_data\WellWellbore\15_9-F-2\Well Summary F-2.pdf,Well Summary F-2.pdf,.pdf,58521,2026-09-12T04:20:12.360430,application/pdf
Well_technical_data\WellWellbore\15_9-F-2\15_9-F-2\Standard Survey Report_Volve F_F-2_F-2_F-2 rev#2 STGAL 151015_PLAN.pdf,Standard Survey Report_Volve F_F-2_F-2_F-2 rev#2 STGAL 151015_PLAN.pdf,.pdf,66338,2026-09-12T04:19:41.915659,application/pdf
"Well_technical_data\WellWellbore\15_9-F-2\15_9-F-2\Volve F_F-2_F-2_F-2 Injector Max,MZ DRAFT FOR COST,211108_PROTOTYPE","Volve F_F-2_F-2_F-2 Injector Max,MZ DRAFT FOR COST,211108_PROTOTYPE",,16231,2026-09-12T04:19:45.408872,unknown
"Well_technical_data\WellWellbore\15_9-F-2\15_9-F-2\Volve F_F-2_F-2_F-2 Injector Most DRAFT FOR COST ,MZ,211108_PROTOTYPE","Volve F_F-2_F-2_F-2 Injector Most DRAFT FOR COST ,MZ,211108_PROTOTYPE",,15655,2026-09-12T04:19:48.826610,unknown
"Well_technical_data\WellWellbore\15_9-F-2\15_9-F-2\Volve F_F-2_F-2_F-2 Producer Max DRAFT FOR COST,MZ,211108_PROTOTYPE","Volve F_F-2_F-2_F-2 Producer Max DRAFT FOR COST,MZ,211108_PROTOTYPE",,16231,2026-09-12T04:19:52.535516,unknown
"Well_technical_data\WellWellbore\15_9-F-2\15_9-F-2\Volve F_F-2_F-2_F-2 Producer Most DRAFT FOR COST,MZ,211108_PROTOTYPE","Volve F_F-2_F-2_F-2 Producer Most DRAFT FOR COST,MZ,211108_PROTOTYPE",,13911,2026-09-12T04:19:55.744255,unknown
Well_technical_data\WellWellbore\15_9-F-2\15_9-F-2\Volve F_F-2_F-2_F-2 Rev #00 LS150806_PROTOTYPE,Volve F_F-2_F-2_F-2 Rev #00 LS150806_PROTOTYPE,,3597,2026-09-12T04:19:58.553424,unknown
Well_technical_data\WellWellbore\15_9-F-2\15_9-F-2\Volve F_F-2_F-2_F-2 rev#1 STGAL 141015_PROTOTYPE,Volve F_F-2_F-2_F-2 rev#1 STGAL 141015_PROTOTYPE,,17567,2026-09-12T04:20:01.918291,unknown
Well_technical_data\WellWellbore\15_9-F-2\15_9-F-2\Volve F_F-2_F-2_F-2 rev#2 STGAL 151015_PLAN,Volve F_F-2_F-2_F-2 rev#2 STGAL 151015_PLAN,,17799,2026-09-12T04:20:05.106582,unknown
Well_technical_data\WellWellbore\15_9-F-2\15_9-F-2\Volve F_F-2_F-2_F2 Injector 170907_PROTOTYPE,Volve F_F-2_F-2_F2 Injector 170907_PROTOTYPE,,15609,2026-09-12T04:20:08.398396,unknown
Well_technical_data\WellWellbore\15_9-F-3\Well Summary F-3.pdf,Well Summary F-3.pdf,.pdf,58456,2026-09-12T04:20:40.251153,application/pdf
Well_technical_data\WellWellbore\15_9-F-3\15_9-F-3\Standard Survey Report_Volve F_F-3_F-3_F-3 rev#1 STGAL 151015_PLAN.pdf,Standard Survey Report_Volve F_F-3_F-3_F-3 rev#1 STGAL 151015_PLAN.pdf,.pdf,66103,2026-09-12T04:20:20.364394,application/pdf
Well_technical_data\WellWellbore\15_9-F-3\15_9-F-3\Volve F_F-3_F-3_F-3 Rev#00 LS150806_PROTOTYPE,Volve F_F-3_F-3_F-3 Rev#00 LS150806_PROTOTYPE,,3594,2026-09-12T04:20:23.410735,unknown
Well_technical_data\WellWellbore\15_9-F-3\15_9-F-3\Volve F_F-3_F-3_F-3 rev#1 STGAL 151015_PLAN,Volve F_F-3_F-3_F-3 rev#1 STGAL 151015_PLAN,,17567,2026-09-12T04:20:30.045761,unknown
Well_technical_data\WellWellbore\15_9-F-3\15_9-F-3\Volve F_F-3_F-3_F-3 _IOR_SE_entry(Top Hugin)  rev2 YH-(240221)_PROTOTYPE,Volve F_F-3_F-3_F-3 _IOR_SE_entry(Top Hugin)  rev2 YH-(240221)_PROTOTYPE,,14279,2026-09-12T04:20:27.000538,unknown
Well_technical_data\WellWellbore\15_9-F-3\15_9-F-3\Volve F_F-3_F-3_F3 E TS DRAFT NewRigCoords 220607_PROTOTYPE,Volve F_F-3_F-3_F3 E TS DRAFT NewRigCoords 220607_PROTOTYPE,,17452,2026-09-12T04:20:33.598667,unknown
Well_technical_data\WellWellbore\15_9-F-3\15_9-F-3\Volve F_F-3_F-3_F3 S injector 170907_PROTOTYPE,Volve F_F-3_F-3_F3 S injector 170907_PROTOTYPE,,15613,2026-09-12T04:20:36.938396,unknown
Well_technical_data\WellWellbore\15_9-F-4\Well Summary F-4.pdf,Well Summary F-4.pdf,.pdf,57922,2026-09-12T04:21:05.368297,application/pdf
Well_technical_data\WellWellbore\15_9-F-4\15_9-F-4\Standard Survey Report_Volve F_F-4_F-4_F-4_ACTUAL.pdf,Standard Survey Report_Volve F_F-4_F-4_F-4_ACTUAL.pdf,.pdf,72487,2026-09-12T04:20:48.735502,application/pdf
Well_technical_data\WellWellbore\15_9-F-4\15_9-F-4\Standard Survey Report_Volve F_F-4_F-4_F4 Rev 016 FinalCoords CC 310707_PLAN.pdf,Standard Survey Report_Volve F_F-4_F-4_F4 Rev 016 FinalCoords CC 310707_PLAN.pdf,.pdf,64772,2026-09-12T04:20:51.974141,application/pdf
Well_technical_data\WellWellbore\15_9-F-4\15_9-F-4\Volve F_F-4_F-4_F-4_ACTUAL,Volve F_F-4_F-4_F-4_ACTUAL,,11686,2026-09-12T04:20:55.208311,unknown
Well_technical_data\WellWellbore\15_9-F-4\15_9-F-4\Volve F_F-4_F-4_F4 Rev 016 FinalCoords CC 310707_PLAN,Volve F_F-4_F-4_F4 Rev 016 FinalCoords CC 310707_PLAN,,16189,2026-09-12T04:20:58.424968,unknown
Well_technical_data\WellWellbore\15_9-F-4\15_9-F-4\Volve F_F-4_F-4_WCD-DO NOT USE - TO BE ERASED_PROTOTYPE,Volve F_F-4_F-4_WCD-DO NOT USE - TO BE ERASED_PROTOTYPE,,2344,2026-09-12T04:21:01.732555,unknown
Well_technical_data\WellWellbore\15_9-F-5\Well Summary F-5.pdf,Well Summary F-5.pdf,.pdf,58943,2026-09-12T04:21:26.888938,application/pdf
Well_technical_data\WellWellbore\15_9-F-5\15_9-F-5\Standard Survey Report_Volve F_F-5_F-5_F-5_ACTUAL.pdf,Standard Survey Report_Volve F_F-5_F-5_F-5_ACTUAL.pdf,.pdf,77177,2026-09-12T04:21:13.023125,application/pdf
Well_technical_data\WellWellbore\15_9-F-5\15_9-F-5\Standard Survey Report_Volve F_F-5_F-5_F5 Rev 143 131207_PLAN.pdf,Standard Survey Report_Volve F_F-5_F-5_F5 Rev 143 131207_PLAN.pdf,.pdf,69601,2026-09-12T04:21:16.965535,application/pdf
Well_technical_data\WellWellbore\15_9-F-5\15_9-F-5\Volve F_F-5_F-5_F-5_ACTUAL,Volve F_F-5_F-5_F-5_ACTUAL,,12934,2026-09-12T04:21:20.082757,unknown
Well_technical_data\WellWellbore\15_9-F-5\15_9-F-5\Volve F_F-5_F-5_F5 Rev 143 131207_PLAN,Volve F_F-5_F-5_F5 Rev 143 131207_PLAN,,17525,2026-09-12T04:21:23.344827,unknown
Well_technical_data\WellWellbore\15_9-F-6\Well Summary F-6.pdf,Well Summary F-6.pdf,.pdf,56265,2026-09-12T04:21:32.270979,application/pdf
Well_technical_data\WellWellbore\15_9-F-7\Well Summary F-7.pdf,Well Summary F-7.pdf,.pdf,57968,2026-09-12T04:21:54.591599,application/pdf
Well_technical_data\WellWellbore\15_9-F-7\15_9-F-7\Standard Survey Report_Volve F_F-7_F-7_F-7_ACTUAL.pdf,Standard Survey Report_Volve F_F-7_F-7_F-7_ACTUAL.pdf,.pdf,67168,2026-09-12T04:21:40.904335,application/pdf
Well_technical_data\WellWellbore\15_9-F-7\15_9-F-7\Standard Survey Report_Volve F_F-7_F-7_F7 Rev013 FinalCoords CC 040707_PLAN.pdf,Standard Survey Report_Volve F_F-7_F-7_F7 Rev013 FinalCoords CC 040707_PLAN.pdf,.pdf,64392,2026-09-12T04:21:44.732086,application/pdf
Well_technical_data\WellWellbore\15_9-F-7\15_9-F-7\Volve F_F-7_F-7_F-7_ACTUAL,Volve F_F-7_F-7_F-7_ACTUAL,,6425,2026-09-12T04:21:47.964855,unknown
Well_technical_data\WellWellbore\15_9-F-7\15_9-F-7\Volve F_F-7_F-7_F7 Rev013 FinalCoords CC 040707_PLAN,Volve F_F-7_F-7_F7 Rev013 FinalCoords CC 040707_PLAN,,6195,2026-09-12T04:21:51.014508,unknown
Well_technical_data\WellWellbore\15_9-F-8\Well Summary F-8.pdf,Well Summary F-8.pdf,.pdf,58815,2026-09-12T04:22:23.840435,application/pdf
Well_technical_data\WellWellbore\15_9-F-8\15_9-F-8\Standard Survey Report_Volve F_F-8_F-8_F8 Volve Sør Prod DRAFT NewRigCoords 220607_PLAN.pdf,Standard Survey Report_Volve F_F-8_F-8_F8 Volve Sør Prod DRAFT NewRigCoords 220607_PLAN.pdf,.pdf,65977,2026-09-12T04:22:02.762104,application/pdf
Well_technical_data\WellWellbore\15_9-F-8\15_9-F-8\Volve F_F-8_F-8_F8 North Producer AMAP 200110 ks_PROTOTYPE,Volve F_F-8_F-8_F8 North Producer AMAP 200110 ks_PROTOTYPE,,15715,2026-09-12T04:22:06.700682,unknown
Well_technical_data\WellWellbore\15_9-F-8\15_9-F-8\Volve F_F-8_F-8_F8 Volve Sør Prod DRAFT 120107_PROTOTYPE,Volve F_F-8_F-8_F8 Volve Sør Prod DRAFT 120107_PROTOTYPE,,16870,2026-09-12T04:22:10.202657,unknown
Well_technical_data\WellWellbore\15_9-F-8\15_9-F-8\Volve F_F-8_F-8_F8 Volve Sør Prod DRAFT NewRigCoords 220607_PLAN,Volve F_F-8_F-8_F8 Volve Sør Prod DRAFT NewRigCoords 220607_PLAN,,16909,2026-09-12T04:22:13.520526,unknown
Well_technical_data\WellWellbore\15_9-F-8\15_9-F-8 A\Volve F_F-8_F-8 A_F-8 A IOR Fallback AMAP 200110 ks_PROTOTYPE,Volve F_F-8_F-8 A_F-8 A IOR Fallback AMAP 200110 ks_PROTOTYPE,,15548,2026-09-12T04:22:18.991976,unknown
Well_technical_data\WellWellbore\15_9-F-9\Well Summary F-9.pdf,Well Summary F-9.pdf,.pdf,58542,2026-09-12T04:23:02.492150,application/pdf
Well_technical_data\WellWellbore\15_9-F-9\15_9-F-9\Standard Survey Report_Volve F_F-9_F-9_F-9_ACTUAL.pdf,Standard Survey Report_Volve F_F-9_F-9_F-9_ACTUAL.pdf,.pdf,66804,2026-09-12T04:22:32.089120,application/pdf
Well_technical_data\WellWellbore\15_9-F-9\15_9-F-9\Standard Survey Report_Volve F_F-9_F-9_F9 Rev 013 061207 tangent from 750m_PLAN.pdf,Standard Survey Report_Volve F_F-9_F-9_F9 Rev 013 061207 tangent from 750m_PLAN.pdf,.pdf,65081,2026-09-12T04:22:35.889052,application/pdf
Well_technical_data\WellWellbore\15_9-F-9\15_9-F-9\Volve F_F-9_F-9_F-9_ACTUAL,Volve F_F-9_F-9_F-9_ACTUAL,,4268,2026-09-12T04:22:39.482230,unknown
Well_technical_data\WellWellbore\15_9-F-9\15_9-F-9\Volve F_F-9_F-9_F9 Rev 013 061207 tangent from 750m_PLAN,Volve F_F-9_F-9_F9 Rev 013 061207 tangent from 750m_PLAN,,6376,2026-09-12T04:22:42.964319,unknown
Well_technical_data\WellWellbore\15_9-F-9\15_9-F-9 A\Standard Survey Report_Volve F_F-9_F-9 A_F-9 A_ACTUAL.pdf,Standard Survey Report_Volve F_F-9_F-9 A_F-9 A_ACTUAL.pdf,.pdf,66298,2026-09-12T04:22:49.101308,application/pdf
Well_technical_data\WellWellbore\15_9-F-9\15_9-F-9 A\Standard Survey Report_Volve F_F-9_F-9 A_F-9A Utsira Water injector Rev10 RM KO426m 120609_PLAN.pdf,Standard Survey Report_Volve F_F-9_F-9 A_F-9A Utsira Water injector Rev10 RM KO426m 120609_PLAN.pdf,.pdf,65408,2026-09-12T04:22:52.774899,application/pdf
Well_technical_data\WellWellbore\15_9-F-9\15_9-F-9 A\Volve F_F-9_F-9 A_F-9 A_ACTUAL,Volve F_F-9_F-9 A_F-9 A_ACTUAL,,4482,2026-09-12T04:22:55.642726,unknown
Well_technical_data\WellWellbore\15_9-F-9\15_9-F-9 A\Volve F_F-9_F-9 A_F-9A Utsira Water injector Rev10 RM KO426m 120609_PLAN,Volve F_F-9_F-9 A_F-9A Utsira Water injector Rev10 RM KO426m 120609_PLAN,,6020,2026-09-12T04:22:58.775203,unknown
Well_technical_data\WellWellbore\Relief well location 1\Well Summary Relief well location 1.pdf,Well Summary Relief well location 1.pdf,.pdf,58020,2026-09-12T04:23:24.288861,application/pdf
Well_technical_data\WellWellbore\Relief well location 1\F-1 A Northwest Injector 9 58 csg. shoe\Volve F_Relief well location 1_F-1 A Northwest Injector 9 58 csg shoe_F-1 A Northwest Injector 9 58 csg shoe revp1_PLAN,Volve F_Relief well location 1_F-1 A Northwest Injector 9 58 csg shoe_F-1 A Northwest Injector 9 58 csg shoe revp1_PLAN,,15341,2026-09-12T04:23:09.749801,unknown
Well_technical_data\WellWellbore\Relief well location 1\F-1 B 9 58 csg.shoe\Volve F_Relief well location 1_F-1 B 9 58 csgshoe_F-1 B 9 58 csgshoe revp1_PLAN,Volve F_Relief well location 1_F-1 B 9 58 csgshoe_F-1 B 9 58 csgshoe revp1_PLAN,,14727,2026-09-12T04:23:15.309295,unknown
Well_technical_data\WellWellbore\Relief well location 1\F-1 North Upside Pilot 13 38 csg. shoe\Volve F_Relief well location 1_F-1 North Upside Pilot 13 38 csg shoe_F-1 North Upside Pilot 13 38 csg revp1_PLAN,Volve F_Relief well location 1_F-1 North Upside Pilot 13 38 csg shoe_F-1 North Upside Pilot 13 38 csg revp1_PLAN,,13124,2026-09-12T04:23:20.575716,unknown
Well_technical_data\WellWellbore\Relief well location 2\Well Summary Relief well location 2.pdf,Well Summary Relief well location 2.pdf,.pdf,57518,2026-09-12T04:23:43.342116,application/pdf
Well_technical_data\WellWellbore\Relief well location 2\F-1 A Nortwest Injector 9 58 csg. shoe\Volve F_Relief well location 2_F-1 A Nortwest Injector 9 58 csg shoe_F-1 A Northwest Injector 9 58 csg shoe revp1_PLAN,Volve F_Relief well location 2_F-1 A Nortwest Injector 9 58 csg shoe_F-1 A Northwest Injector 9 58 csg shoe revp1_PLAN,,14761,2026-09-12T04:23:32.993755,unknown
Well_technical_data\WellWellbore\Relief well location 2\F-1 North Upside Pilot 13 38 csg. shoe\Volve F_Relief well location 2_F-1 North Upside Pilot 13 38 csg shoe_F-1 North Upside Pilot 13 38 csg shoe revp1_PLAN,Volve F_Relief well location 2_F-1 North Upside Pilot 13 38 csg shoe_F-1 North Upside Pilot 13 38 csg shoe revp1_PLAN,,12555,2026-09-12T04:23:39.532676,unknown
Well_technical_data\WellWellbore\Relief well location 3\Well Summary Relief well location 3.pdf,Well Summary Relief well location 3.pdf,.pdf,57278,2026-09-12T04:24:14.025227,application/pdf
Well_technical_data\WellWellbore\Relief well location 3\F-1 C\Volve F_Relief well location 3_F-1 C_F-1 C Relief Well 9 58 csg shoe revp1_PLAN,Volve F_Relief well location 3_F-1 C_F-1 C Relief Well 9 58 csg shoe revp1_PLAN,,13551,2026-09-12T04:23:50.699914,unknown
Well_technical_data\WellWellbore\Relief well location 3\F-12\Volve F_Relief well location 3_F-12_F-12 Relief Well 9 58 csg shoe revp1_PLAN,Volve F_Relief well location 3_F-12_F-12 Relief Well 9 58 csg shoe revp1_PLAN,,13665,2026-09-12T04:23:56.216264,unknown
Well_technical_data\WellWellbore\Relief well location 3\F-15 C Top Resevoir Intersection\Volve F_Relief well location 3_F-15 C Top Resevoir Intersection_F-15 C Top Reservoir Intersection revp1_PLAN,Volve F_Relief well location 3_F-15 C Top Resevoir Intersection_F-15 C Top Reservoir Intersection revp1_PLAN,,13925,2026-09-12T04:24:01.468212,unknown
Well_technical_data\WellWellbore\Relief well location 3\F-15 D\Volve F_Relief well location 3_F-15 D_F-15 D 9 58 csgshoe revp1_PROTOTYPE,Volve F_Relief well location 3_F-15 D_F-15 D 9 58 csgshoe revp1_PROTOTYPE,,14340,2026-09-12T04:24:07.144606,unknown
Well_technical_data\WellWellbore\Relief well location 3\F-15 D\Volve F_Relief well location 3_F-15 D_F-15 D 9 58 csgshoe revp2_PLAN,Volve F_Relief well location 3_F-15 D_F-15 D 9 58 csgshoe revp2_PLAN,,14224,2026-09-12T04:24:10.391123,unknown
Well_technical_data\WellWellbore\Relief well location 4\Well Summary Relief well location 4.pdf,Well Summary Relief well location 4.pdf,.pdf,57207,2026-09-12T04:24:39.603740,application/pdf
Well_technical_data\WellWellbore\Relief well location 4\F-1 C\Volve F_Relief well location 4_F-1 C_F-1 C Relief Well 9 58 csg shoe revp1_PLAN,Volve F_Relief well location 4_F-1 C_F-1 C Relief Well 9 58 csg shoe revp1_PLAN,,15756,2026-09-12T04:24:21.380223,unknown
Well_technical_data\WellWellbore\Relief well location 4\F-15 C Top Reservoir Intersection\Volve F_Relief well location 4_F-15 C Top Reservoir Intersection_F-15 C Top Reservoir Intersection revp1_PLAN,Volve F_Relief well location 4_F-15 C Top Reservoir Intersection_F-15 C Top Reservoir Intersection revp1_PLAN,,14042,2026-09-12T04:24:26.896151,unknown
Well_technical_data\WellWellbore\Relief well location 4\F-15 D\Volve F_Relief well location 4_F-15 D_F-15 D 9 58 csgshoe revp1_PROTOTYPE,Volve F_Relief well location 4_F-15 D_F-15 D 9 58 csgshoe revp1_PROTOTYPE,,16543,2026-09-12T04:24:32.916345,unknown
Well_technical_data\WellWellbore\Relief well location 4\F-15 D\Volve F_Relief well location 4_F-15 D_F-15 D 9 58 csgshoe revp2_PLAN,Volve F_Relief well location 4_F-15 D_F-15 D 9 58 csgshoe revp2_PLAN,,17007,2026-09-12T04:24:35.976261,unknown
Well_technical_data\WellWellbore\Relief well location 5\Well Summary Relief well location 5.pdf,Well Summary Relief well location 5.pdf,.pdf,58125,2026-09-12T04:25:08.486211,application/pdf
Well_technical_data\WellWellbore\Relief well location 5\F-1 A  Northwest Injector 9 58 csg.shoe\Volve F_Relief well location 5_F-1 A  Northwest Injector 9 58 csgshoe_F-1 A Northwest Injector 9 58 csgshoe revp1_PLAN,Volve F_Relief well location 5_F-1 A  Northwest Injector 9 58 csgshoe_F-1 A Northwest Injector 9 58 csgshoe revp1_PLAN,,14643,2026-09-12T04:24:47.893966,unknown
Well_technical_data\WellWellbore\Relief well location 5\F-1 B 9 58 csg.shoe\Volve F_Relief well location 5_F-1 B 9 58 csgshoe_F-1 B 9 58 csgshoe revp1_PLAN,Volve F_Relief well location 5_F-1 B 9 58 csgshoe_F-1 B 9 58 csgshoe revp1_PLAN,,14031,2026-09-12T04:24:53.751407,unknown
Well_technical_data\WellWellbore\Relief well location 5\F-1 North Upside Pilot 13 38 csg.shoe\Volve F_Relief well location 5_F-1 North Upside Pilot 13 38 csgshoe_F-1 North Upside Pilot 13 38 csg shoe revp1_PLAN,Volve F_Relief well location 5_F-1 North Upside Pilot 13 38 csgshoe_F-1 North Upside Pilot 13 38 csg shoe revp1_PLAN,,12321,2026-09-12T04:24:59.270567,unknown
Well_technical_data\WellWellbore\Relief well location 5\F-12\Volve F_Relief well location 5_F-12_F-12 Relief Well 9 58 csgshoe revp1_PLAN,Volve F_Relief well location 5_F-12_F-12 Relief Well 9 58 csgshoe revp1_PLAN,,13805,2026-09-12T04:25:04.552053,unknown
