report_id,well_name_file,report_date,seq,time_from,time_to,main_activity,activity_code,state,level1,level2,confidence,narrative,reviewer_verdict,reviewer_notes
15_9_F_4_2008-03-11,15_9_F_4,11-03-2008,10,22:30,00:00,drilling,bop activities,ok,Productive,BOP/Wellhead,high,"Tested 18 3/4"" surface BOP against test plug in subsea wellhead, 20/345 bar 5/10 min.",,
15_9_F_4_2008-03-12,15_9_F_4,12-03-2008,1,00:00,05:30,drilling,bop activities,ok,Productive,BOP/Wellhead,high,"Tested 18 3/4"" surface BOP against test plug in subsea wellhead, 20/345 bar 5/10 min.

Meanwhile performed derrick inspection, cleaned moonpool area and prepared for greasing manifolds.",,
15_9_19_ST2_1997-07-21,15_9_19_ST2,21-07-1997,11,20:00,21:00,drilling,bop/wellhead equipment,ok,Productive,BOP/Wellhead,high,M/U BACK-UP WB TO R/T. RIH AND SET WB.,,
15_9_F_11_T2_2013-04-09,15_9_F_11_T2,09-04-2013,2,00:30,05:30,drilling,bop/wellhead equipment,ok,Productive,BOP/Wellhead,high,RIH with HP Drilling Riser from 65 m to 103 m.,,
15_9_F_11_T2_2013-04-10,15_9_F_11_T2,10-04-2013,7,17:00,18:00,drilling,bop/wellhead equipment,ok,Productive,BOP/Wellhead,high,"Held pre-job meeting prior to pressure test riser and 20"" casing.
Rigged up cement hose and lo-torq valve on drill floor.
Attempted to pressure test lines and hose to 150 bar.
Not able to obtain line test.",,
15_9_F_12_2007-07-16,15_9_F_12,16-07-2007,13,12:00,12:30,drilling,bop/wellhead equipment,ok,Productive,BOP/Wellhead,high,Cleared and tidied rig floor prior to run HPDR.,,
15_9_F_12_2007-09-10,15_9_F_12,10-09-2007,4,04:30,05:15,drilling,bop/wellhead equipment,ok,Productive,BOP/Wellhead,high,Made up stand of drillpipe. Emptied BOP for water by blowing air down the DP.,,
15_9_F_12_2007-09-10,15_9_F_12,10-09-2007,11,12:15,17:00,drilling,bop/wellhead equipment,ok,Productive,BOP/Wellhead,high,"Attempted to release lock ring on overshot. Used, C-spanner, chain hoists slings",,
15_9_F_15_C_2009-02-02,15_9_F_15_C,02-02-2009,3,03:30,04:30,drilling,bop/wellhead equipment,ok,Productive,BOP/Wellhead,high,"Lifted TBC/stress joint from cantiliver until handling sub was latched into TDS. Unhooked uppermost sling and lifted TBC/stress joint with TDS until it was hanging vertically. Lifted hot-stab to drill floor.

Meanwhile installed VX-ring using ROV.",,
15_9_F_15_C_2009-02-05,15_9_F_15_C,05-02-2009,2,03:00,04:00,drilling,bop/wellhead equipment,ok,Productive,BOP/Wellhead,high,POOH 5-10 m with PR. Untangled 6 mT guide wire and hot-stab rope. Disconnected guide wire clamp from TBC. RIH and hung off PR in riser spider.,,
15_9_F_15_D_2013-12-12,15_9_F_15_D,12-12-2013,6,05:30,07:00,completion,bop/wellhead equipment,ok,Productive,Completion,high,"Picked up tieback connector and stress joint, landed same in riser spider.
Picked up lower riser pup joint from cantilever.",,
15_9_F_1_C_2014-03-25,15_9_F_1_C,25-03-2014,21,19:00,19:15,completion,bop/wellhead equipment,ok,Productive,Completion,high,Held TBT for ongoing crew.,,
15_9_F_1_C_2014-03-30,15_9_F_1_C,30-03-2014,8,08:30,09:15,completion,bop/wellhead equipment,ok,Productive,Completion,high,Installed Slick joint and Diverter.,,
15_9_F_4_2007-10-22,15_9_F_4,22-10-2007,9,12:15,12:45,drilling,bop/wellhead equipment,ok,Productive,BOP/Wellhead,high,Removed diverter from rotary.,,
15_9_F_4_2008-03-27,15_9_F_4,27-03-2008,17,21:45,00:00,drilling,bop/wellhead equipment,ok,Productive,BOP/Wellhead,high,Held tool box talk and applied 130 MT on to the string. Commenced to remove tension cylinders.,,
15_9_F_7_2007-10-03,15_9_F_7,03-10-2007,6,11:00,11:30,drilling,bop/wellhead equipment,ok,Productive,BOP/Wellhead,high,"Took out the PS-21 slips and installed the 10"" diverter inserts, re-installed the PS-21 slips.",,
15_9_F_10_2009-05-15,15_9_F_10,15-05-2009,13,15:15,21:45,drilling,casing,ok,Productive,Casing/Cementing,high,"RIH with 9 5/8"" liner from surface to 923 m. Floats tested in shoe joint. Filled every stand. Checked PRS and slip dies every 10 stands. Running speed: 142 m/ hr.",,
15_9_F_11_2013-03-14,15_9_F_11,14-03-2013,21,20:00,21:00,drilling,casing,ok,Productive,Casing/Cementing,high,"Stabbed 30"" conductor shoe into F-11 template funnel with ROV assistance. Held pre-job meeting evaluating risk of running in open hole riserless. Recorded Recorded Up/Down wt. 106/100 MT. RIH 30"" conductor from 143 m to 36"" TD at 202 m, recorded Up/Down weight 102/97 MT.",,
15_9_F_11_B_2013-06-03,15_9_F_11_B,03-06-2013,1,00:00,03:30,drilling,casing,ok,Productive,Casing/Cementing,high,"RIH with 53.5 ppf 9 5/8"" casing from 827 m to 1270 m . Filled casing every joint. 
Average running rate10 joints/hr.",,
15_9_F_12_2007-08-28,15_9_F_12,28-08-2007,18,20:45,21:00,drilling,casing,ok,Productive,Casing/Cementing,high,Held tool box talk prior to pick BOP and WH clean out assy.,,
15_9_F_12_2007-09-06,15_9_F_12,06-09-2007,11,17:30,18:00,drilling,casing,ok,Productive,Casing/Cementing,high,Held toolbox talk. Removed automatic slips from rotary.,,
15_9_F_12_2008-01-22,15_9_F_12,22-01-2008,3,14:30,17:00,drilling,casing,ok,Productive,Casing/Cementing,high,"MU and RIH with toolstring to 2450 m. Correlated depth to tally using CCL and fired 1 11/16"" HNS Puncher at 2395-2392 m MD.",,
15_9_F_14_2007-11-15,15_9_F_14,15-11-2007,10,15:15,16:00,drilling,casing,ok,Productive,Casing/Cementing,high,"Held tool box prior to laying out the landing string. Laid out pup jnts. and HWDP landing string and checked serial numbers. Measured length using a laser measure, racked back landing string in derrick.",,
15_9_F_14_2008-05-20,15_9_F_14,20-05-2008,10,09:00,09:30,drilling,casing,ok,Productive,Casing/Cementing,high,Reverted to emergency release procedure. Rotated string 13 times counterclockwise until torque bulid up of 10 000 Nm. Attempted to pull free with 40 MT overpull - nogo. Repeated emergency release procedure but got same negative result.,,
15_9_F_14_2008-06-17,15_9_F_14,17-06-2008,22,20:30,23:15,drilling,casing,ok,Productive,Casing/Cementing,high,"Continued RIH with 7"" line on 5Â½"" DP from 1294m to 2222m. Filled every 5'th stand, duration for filling 10-15min. Trip time 338 m/hour. Iron roughneck spinner failed.",,
15_9_F_15_2007-11-21,15_9_F_15,21-11-2007,7,08:45,09:30,drilling,casing,ok,Productive,Casing/Cementing,high,"Made up X/O to CART, and then chained tong onto aluminium inner string. Installed inclinometer and 2"" vent valve (valve open) on CART.",,
15_9_F_15_2008-10-04,15_9_F_15,04-10-2008,2,00:30,02:00,drilling,casing,ok,Productive,Casing/Cementing,high,"RIH with 9 5/8"" csg from 1790 m to 1835 m. Filled every 5 joints using laFleur tool. Tripping speed: 2-3 jnts/hr. Nocked off fitting on BX-elevator.",,
15_9_F_15_A_2008-12-18,15_9_F_15_A,18-12-2008,19,22:45,00:00,drilling,casing,ok,Productive,Casing/Cementing,high,Halted operations due to incident on pipedeck. A wooden beam came flying over the HTS and landed accross the gangway on the oposite side of the HTS (i.e. starboard side). Took time out for investigation and debrief / safety brief.,,
15_9_F_15_A_2008-12-20,15_9_F_15_A,20-12-2008,3,15:15,16:30,drilling,casing,ok,Productive,Casing/Cementing,high,RD and LO Tesco tool.,,
15_9_F_15_C_2009-02-10,15_9_F_15_C,10-02-2009,9,10:30,12:30,drilling,casing,ok,Productive,Casing/Cementing,high,LO adjustment sub assembly and spear assembly. Cleared rig floor off excess equipment.,,
15_9_F_15_D_2013-11-20,15_9_F_15_D,20-11-2013,12,14:45,15:00,drilling,casing,ok,Productive,Casing/Cementing,high,Pressure tested surface line to 20/345 bar for 5/10 min.,,
15_9_F_15_D_2013-12-04,15_9_F_15_D,04-12-2013,14,09:00,09:15,drilling,casing,ok,Productive,Casing/Cementing,high,"Performed pre-job meeting prior to run 7"" liner.",,
15_9_F_15_D_2013-12-15,15_9_F_15_D,15-12-2013,11,18:15,18:30,drilling,casing,ok,Productive,Casing/Cementing,high,"Held pre-job meeting prior to run 10 3/4"" tie-back casing.",,
15_9_F_15_D_2013-12-16,15_9_F_15_D,16-12-2013,3,01:15,01:30,drilling,casing,ok,Productive,Casing/Cementing,high,Performed pre-job meeting prior to rigging down casing handling equipment.,,
15_9_F_1_B_2013-09-23,15_9_F_1_B,23-09-2013,21,21:30,22:45,drilling,casing,ok,Productive,Casing/Cementing,high,"Rigged up swedge and hose for tie-back adapter test.
Flushed lines and tested lines to 345 bar - 5 minutes.
Pressure tested tie-back adapter to 20 / 345 bar - 5 / 10 minutes. Observed B annulus at multibowl.
Pumped 486 liter, bled back 486 liter.
Rigged down swedge and hose.",,
15_9_F_1_B_2013-09-24,15_9_F_1_B,24-09-2013,9,08:00,10:00,drilling,casing,ok,Productive,Casing/Cementing,high,"Picked up 10 3/4 MS-T seal assembly RT and made up same to 5 1/2"" DP.
Connected hydraulic lines to RT and flushed through same.
Function tested 10 3/4"" MS-T seal assembly.
Installed  MS-T seal on RT.
RIH with seal assembly on 5 1/2"" DP, landed off at 20,75 meter.
Locked seal assembly into riser, confirmed lock with 10 Ton overpull.
Set MS-T seal assembly.",,
15_9_F_4_2007-10-19,15_9_F_4,19-10-2007,1,00:00,01:00,drilling,casing,ok,Productive,Casing/Cementing,high,"Displaced cement with 89,5 m3 / 4080 strokes seawater at 3000 lpm. Slowed down to 1200 lpm / SPP 70 bar prior to bumping plug. Bumped plug with 140 bar and held pressure for 10 min - ok. Lined back to cement unit and bled back 940 liter before returns stopped.",,
15_9_F_4_2008-03-01,15_9_F_4,01-03-2008,1,00:00,01:30,drilling,casing,ok,Productive,Casing/Cementing,high,"RIH with 7"" liner from 734 m to 842 m MD, filling every 5th joint. Max running speed was 5 joints/hr. Filled liner completely before picking up hanger assembly.",,
15_9_F_4_2008-03-11,15_9_F_4,11-03-2008,6,14:45,17:45,drilling,casing,ok,Productive,Casing/Cementing,high,"RD csg tong and 7"" liner handling equipment. 

Meanwhile performed csg test. Observed pressure rise to 290 bar before dropping, 2426 ltrs pumped and 1600 ltrs returned.",,
15_9_F_4_2008-04-03,15_9_F_4,03-04-2008,9,08:30,09:00,drilling,casing,ok,Productive,Casing/Cementing,high,Held toolbox talk prior to retrieving annulus insert.,,
15_9_F_4_2008-04-03,15_9_F_4,03-04-2008,17,14:15,14:30,drilling,casing,ok,Productive,Casing/Cementing,high,Opened annular. Attempted to pull free - had 18 MT overpull. Continued rotating left and came free with annular insert.,,
15_9_F_4_2008-04-03,15_9_F_4,03-04-2008,21,16:45,17:00,drilling,casing,ok,Productive,Casing/Cementing,high,Broke out annular insert RT. Worked to free annular insert free from J-slot running tool due to debris jamming the sleeve.,,
15_9_F_4_2008-04-07,15_9_F_4,07-04-2008,12,10:00,10:45,drilling,casing,ok,Productive,Casing/Cementing,high,"Broke out RT and laid down same. Laid out 2 joints of 5 1/2"" DP.",,
15_9_F_5_2008-07-24,15_9_F_5,24-07-2008,8,06:00,07:00,drilling,casing,ok,Productive,Casing/Cementing,high,"RIH with 10 3/4"" x 9 5/8"" csg on 5Â½"" HWDP landing string. P/U M/U cement head to top drive.",,
15_9_F_5_2008-08-01,15_9_F_5,01-08-2008,5,05:00,05:30,drilling,casing,ok,Productive,Casing/Cementing,high,"Continued RIH 7"" liner in stands from 863m to 969m. Filled every 2'ed stds. Trip time 212 m/hour.  (17.5 jnt/hour)",,
15_9_F_5_2008-08-14,15_9_F_5,14-08-2008,2,00:45,01:15,drilling,casing,ok,Productive,Casing/Cementing,high,"Discussed situation. Decided to pull 10 3/4"" tie-back casing for cleaning well.",,
15_9_F_15_C_2013-10-25,15_9_F_15_C,25-10-2013,3,05:30,08:30,plug abandon,cement plug,ok,Productive,Plug & Abandon,high,"Took weight @2793 m. Pulled up to 2761 m, broke circulation 1000 lpm, 81 bar. Washed  in hole with 500 lpm, 40 bar from 2761 m and tagged top of plug @ 3052,6 m with 2 tons.",,
15_9_F_15_C_2013-11-09,15_9_F_15_C,09-11-2013,10,13:15,13:30,plug abandon,cement plug,ok,Productive,Plug & Abandon,high,Performed pre-job meeting.,,
15_9_F_15_D_2016-09-17,15_9_F_15_D,17-09-2016,26,10:45,11:15,plug abandon,cement plug,ok,Productive,Plug & Abandon,high,"POOH with 5,5in DP from 687m to 500m w/ 2 min/stand. Flowback observed from 566m to 500m. M/U TDS and monitored pressure - 1 bar on standpipe gauge",,
15_9_F_4_2016-10-06,15_9_F_4,06-10-2016,9,04:30,06:00,plug abandon,cement plug,ok,Productive,Plug & Abandon,high,"Started to circulate well to sea water. Staged up pumps to 3000 l/min - 78bar. Observed dirty fluid in returns. OIW reading is above 100ppm. No gas. After 50m3 pumped pulled 3m above combination wiper plug. Continued circulating. Shakers overflowed, reduced the rate to 2200l/min - 56bar. Circulated additional 112 m3. Observed clear returns after total of 162 m3 pumped. OIW content less than 30 ppm. Stopped pumps. Installed pump in sub w/ LT valve.",,
15_9_19_A_1997-08-15,15_9_19_A,15-08-1997,10,18:30,20:30,formation evaluation,circulating conditioning,ok,Productive,Circulating,medium,"CIRC BTM'S UP IN ORDER TO CLEAN WELL FOR GAS. MAX PEAK FROM PREVIOUS CORING; 15,2 %. CIRC GAS LEVEL DOWN TO 0,9 %.",agreed,
15_9_19_A_1997-08-20,15_9_19_A,20-08-1997,2,01:00,03:30,formation evaluation,circulating conditioning,ok,Productive,Circulating,medium,"CIRCULATED BTM UP TO CLEAN WELL FROM CORING GAS. MAX GAS 2,9 % DECLINED TO 0,15 %. FLOW CHECKED, OK.",agreed,
15_9_19_A_1997-10-05,15_9_19_A,05-10-1997,7,22:00,23:30,formation evaluation,circulating conditioning,ok,Productive,Circulating,medium,BROKE CIRCULATION AND CIRCULATED BOTTOMS UP.,agreed,
15_9_19_S_1992-12-09,15_9_19_S,09-12-1992,3,18:00,20:00,drilling,circulating conditioning,ok,Productive,Circulating,medium,"CIRCULATED AND ROTATED STRING 180 RPM.PUMPED 8 M3 1,6 SG HI VIS PILL.",agreed,
15_9_19_ST2_1993-01-11,15_9_19_ST2,11-01-1993,4,11:30,15:00,drilling,circulating conditioning,ok,Productive,Circulating,medium,"CIRCULATED BOTTOMS UP FOR FORMATION SAMPLE. PUMPED 2200 LPM, 20 AND 160 RPM.",agreed,
15_9_19_ST2_1993-03-05,15_9_19_ST2,05-03-1993,2,02:00,02:30,drilling,circulating conditioning,ok,Productive,Circulating,medium,FILLED PIPE.  BROKE CIRCULATION AND CIRCULATED A RISER VOLUME.,agreed,
15_9_F_10_2009-05-01,15_9_F_10,01-05-2009,10,05:15,06:00,drilling,circulating conditioning,ok,Productive,Circulating,medium,"Picked 1 stand of 5 1/2"" HWDP and connected jet sub. RIH and jetted BOP.",agreed,
15_9_F_11_T2_2013-05-14,15_9_F_11_T2,14-05-2013,10,19:00,19:30,drilling,circulating conditioning,ok,Productive,Circulating,medium,Engaged top drive and filled pipe. Established circulation with 2200 lpm and 123 bar.,agreed,
15_9_F_12_2007-07-01,15_9_F_12,01-07-2007,4,12:00,14:00,drilling,circulating conditioning,ok,Productive,Circulating,medium,"Circulated 2 x btms up, 2250 lpm/108 bar, 125 rpm/2-5 kNm.",agreed,
15_9_F_15_2007-12-27,15_9_F_15,27-12-2007,4,03:45,06:00,drilling,circulating conditioning,ok,Productive,Circulating,medium,"Displaced open hole to 1.40 sg mud. Flow 4000-5000 lpm/ 135-260 bars Torque 6-8 kNm / String RPM 40 / Bit RPM 160-190. Reciprocated the string
Drag at 1365 m / 200 lpm /  up/down weight 150/130 MT.",agreed,
15_9_F_15_2008-09-20,15_9_F_15,20-09-2008,19,22:30,23:30,drilling,circulating conditioning,ok,Productive,Circulating,medium,Pumped 9 m3 LCM pill at 2000 lpm. Chased LCM with 26 m3 seawater. Found that diplacement/spotting of pill was wrong and that the pill had been overdisplaced/dilluted with approx 8 m3 seawater. Discussed situation. Decided to circulate out LCM pill and mix new LCM.,NPT- Other/ Unclassified,"Displacement/spotting calculation error,  human or procedural error, not a mechanical failure."
15_9_F_15_2008-09-21,15_9_F_15,21-09-2008,5,04:00,04:30,drilling,circulating conditioning,ok,Productive,Circulating,medium,Flowchecked well - well static. Held toolbox talk prior to displacing well to OBM.,agreed,
15_9_F_15_2008-09-21,15_9_F_15,21-09-2008,29,22:30,00:00,drilling,circulating conditioning,ok,Productive,Circulating,medium,"Broke circulation and stepped up rate to 2500 lpm / SPP 82 bar. Observed sudden drop in pump pressure of 8 bar after pumping for 10 mins. Increased pump rate to 3500 lpm / SPP 131 bar. Observed steady flow of LCM, clays and rubber over shakers. Also found a few small chunks of cement. Meanwhile troubleshot ZMS / VICIS / control system.",NPT - Surface Equipment/Repair/Maintenance,Productive + NPT simultaneously = NPT wins
15_9_F_15_2008-09-29,15_9_F_15,29-09-2008,4,18:00,22:00,drilling,circulating conditioning,ok,Productive,Circulating,medium,Circulated well clean with 3 x BU while reaming from 2536 m to 2500 m with 4000 lpm / SPP 245 bar / 120 rpm / torque 10-14 k Nm.,agreed,
15_9_F_15_2008-11-25,15_9_F_15,25-11-2008,3,02:15,06:00,drilling,circulating conditioning,ok,Productive,Circulating,medium,"Conditioned the mud weight to 1.35 SG with 800-1000 l/m, 52-62 bars SPP, 10 rpm.",agreed,
15_9_F_15_A_2008-12-30,15_9_F_15_A,30-12-2008,1,00:00,01:15,drilling,circulating conditioning,ok,Productive,Circulating,medium,Continued circulating hole clean while reaming from 2616 m to 2610 m (all tools in open hole). Parameters : 2150 lpm / SPP 130 bar / 140 RPM / torque 8-10 kNm. Observed red fiber-glass material and swarf comming over the shakers. A total of 2 btms up pumped.,agreed,
15_9_F_15_A_2008-12-30,15_9_F_15_A,30-12-2008,7,06:00,07:45,drilling,circulating conditioning,ok,Productive,Circulating,medium,Circulated out 5 m3 1.525 sg visc slug pill whilst reaming from 2615 m to 2576 m. Parameters : 2150 lpm / SPP 130 bar / 80-140 RPM / torque 8-10 kNm. Up weigh 152 MT / Rotational weight 136 MT / Down weight 128 MT.,agreed,
15_9_F_15_B_2009-01-17,15_9_F_15_B,17-01-2009,9,06:00,06:30,plug abandon,circulating conditioning,ok,Productive,Circulating,medium,Made up TDS to string. Washed and wiped string by chasing sponge balls with 2250 lpm / SPP ~170 bar. Rotated string at 120 RPM / torque ~10 kNm.,agreed,
15_9_F_15_D_2013-11-13,15_9_F_15_D,13-11-2013,6,23:00,00:00,drilling,circulating conditioning,ok,Productive,Circulating,medium,"Circulated hole clean with 4500 liter/min, 280 bar.
3 x bottoms up.
Racked back one stand each bottoms up.",agreed,
15_9_F_15_D_2013-12-17,15_9_F_15_D,17-12-2013,9,11:15,11:45,completion,circulating conditioning,ok,Productive,Completion,high,"Rigged up 3 1/2"" DP handling equipment.",,
15_9_F_15_D_2013-12-17,15_9_F_15_D,17-12-2013,12,15:15,23:30,completion,circulating conditioning,ok,Productive,Completion,high,"Picked up 3 1/2"" DP singles while RIH with 6"" clean out BHA from 105 m to 940 m.
Average tripping speed 98 meter/hour.",,
15_9_F_1_C_2014-03-04,15_9_F_1_C,04-03-2014,21,15:30,16:15,drilling,circulating conditioning,ok,Productive,Circulating,medium,"Circulated well clean and contitione mud weight to 1,28 SG with 3500 lpm, 200 bar, 20 rpm, 6-8 kNm. Max ECD 1,34 SG. prior to perform FIT. 
Reciprocated drill string from 2506 m to 2493 m.
Meanwhile lined up and tested lines from cement unit to 120 bar / 5 min.",agreed,
15_9_F_1_C_2014-03-20,15_9_F_1_C,20-03-2014,11,08:00,08:15,completion,circulating conditioning,ok,Productive,Completion,high,"M/U TDS, pulled pipe in tension and filled pipe.",,
15_9_F_1_C_2014-03-21,15_9_F_1_C,21-03-2014,16,09:45,10:00,completion,circulating conditioning,ok,Productive,Completion,high,Closed MFCT.,,
15_9_F_1_C_2014-03-21,15_9_F_1_C,21-03-2014,23,15:00,15:45,completion,circulating conditioning,ok,Productive,Completion,high,Broke circulation with 500 LPM/10 bar and increased in steps up to 1770 LPM/130 bar. Confirmed MFCT closed.,,
15_9_F_4_2007-10-23,15_9_F_4,23-10-2007,12,19:00,21:45,drilling,circulating conditioning,ok,Productive,Circulating,medium,"Drilled shoetrack from 1348 m to 1350 m MD. Meanwhile held pre-job meeting before displacing well to 1,40 OBM. Emptied slurry holding tank into pit #1 and #5 to obtain more buffer for cuttings slurry. Pumped hi-vis .Displaced well from seawater to 110 m3 1,40 OBM. Stopped pumping when OBM interface at surface.",agreed,
15_9_F_4_2008-03-15,15_9_F_4,15-03-2008,12,17:45,19:00,completion,circulating conditioning,ok,Productive,Completion,high,Held tool box talk and picked up Weaterford PBR polish mill.,,
15_9_F_5_2008-08-03,15_9_F_5,03-08-2008,15,14:45,15:45,completion,circulating conditioning,ok,Productive,Completion,high,Picked up and made up celaning assembly #3. Picked up and made up cleaning assembly #4 - MFCT / well patroller / wellsweep magnets.,,
15_9_F_7_2007-10-08,15_9_F_7,08-10-2007,1,00:00,02:45,completion,circulating conditioning,ok,Productive,Completion,high,"Continued swabbing the well 3 times using 3 strokes at the time with stroke length of 35 m. Swabbing speed 40 and 50 m/min. Losses 1200, 700 and 600 lpm. Filled up trip tank and observed final loss rate of 300 lpm.",,
15_9_F_9_2007-11-30,15_9_F_9,30-11-2007,2,01:45,02:30,drilling,circulating conditioning,ok,Productive,Circulating,medium,"Circulated 1,5 times bottoms up while reaming hole with 10 rpm. Swept hole with 25 m3 hi-vis at 4400 lpm. Displaced hole from seawater to 80 m3 1,40 sg WBM pumping at 4400 lpm.",agreed,
15_9_F_9_2008-09-01,15_9_F_9,01-09-2008,4,03:30,05:15,completion,circulating conditioning,ok,Productive,Completion,high,"MU magnet and csg brush assembly. MU SABS circulation sub assembly. Pulled master bushings and installed 10"" diverter inserts and PS21 when assemblies was below rotary. Re-installed master bushings.",,
15_9_F_9_2008-09-01,15_9_F_9,01-09-2008,8,08:30,10:30,completion,circulating conditioning,ok,Productive,Completion,high,Circulated and increased pump rate in steps to 3000 LPM. String rotation 40 RPM. Reciprocated the string while circulating between 1073 m and 1082 m inside shale formation. Circulated 1.2 x btms up. Brushed hanger setting area from 848 m to 857 m.,,
15_9_F_14_2008-06-25,15_9_F_14,25-06-2008,8,11:15,14:15,completion,completion string,ok,Productive,Completion,high,"Ran 7"" 29# S13%Cr110 tubing from 1565 m to 1732 m MD. Installed control line clamp/protector on every collar. Average running speed 55 m/hrs.",,
15_9_F_15_C_2013-10-14,15_9_F_15_C,14-10-2013,18,09:30,14:30,workover,completion string,ok,Productive,Workover,high,"POOH 7"" tubing including control lines from 450 m to surface. Removed clamps and spooled 4 ea control lines to reel while POOH.

Performed radiation spot checks on every 10th joint. Zero readings.",,
15_9_F_15_D_2014-01-03,15_9_F_15_D,03-01-2014,2,06:00,13:45,completion,completion string,ok,Productive,Completion,high,"Continued RIH with 7"" 29 ppf 13%CrS-110 VamTop tubing from 1892 to 2669 m. M/U cable clamp on every connection.
Difficulties to install clamps due to squared cable and changing dies on power tong on regular intervals.
Average speed: 8,5 joints/hr",,
15_9_F_15_D_2014-01-03,15_9_F_15_D,03-01-2014,7,23:45,00:00,completion,completion string,ok,Productive,Completion,high,Held Toolbox Talk.,,
15_9_F_1_B_2013-09-25,15_9_F_1_B,25-09-2013,5,07:00,07:15,completion,completion string,ok,Productive,Completion,high,Performed pre-job meeting prior to RIH with completion string.,,
15_9_19_A_1997-08-19,15_9_19_A,19-08-1997,10,20:30,23:30,formation evaluation,core,ok,Productive,Formation Evaluation,high,CUTTED CORE NO 7 FROM 3990M TO 4017M. BROKE CORE WITH NO SIGNIFICANT OVERPULL.,,
15_9_19_BT2_1998-01-26,15_9_19_BT2,26-01-1998,9,13:30,14:30,plug abandon,cut,ok,Productive,Plug & Abandon,high,"PULLED 9 5/8"" X 10 3/4"" STRING FREE WITH NO ADDITIONAL OVERPULL. HAD TO MANUEVER STRING TO PULL CASING THROUGH THE ANNULARS. PU CASING HANGER 20 M ABOVE WELLHEAD. NOTE: CASING CUT NOW Ã˜ 1465 M; SPEAR Ã˜ 162 M.",,
15_9_F_14_2016-08-13,15_9_F_14,13-08-2016,19,16:45,17:45,plug abandon,cut,ok,Productive,Plug & Abandon,high,"Cut 14in csg at 80rpm, 2-5kNm, 220l/min, 7 bar. Increased to 300l/min, 12bar, 2-10kNm, 80rpm, then 400l/min, 32bar
Pressure slowly decreased to 11bar. Stopped pumping. Checked cut gap. Continued to cut to make sure csg is cut. 
Increased to 120rpm, 2-11kNm. Pressure dropped to 1bar. Casing cut @ 902m",,
15_9_F_15_2008-12-08,15_9_F_15,08-12-2008,9,04:45,05:00,plug abandon,cut,ok,Productive,Plug & Abandon,high,"Held toolbox talk for picking up 10 3/4"" bowen spear.",,
15_9_F_1_C_2016-06-30,15_9_F_1_C,30-06-2016,8,05:30,06:00,plug abandon,cut,ok,Productive,Plug & Abandon,high,P/U cutter BHA #22,,
15_9_F_10_2009-04-12,15_9_F_10,12-04-2009,3,01:45,03:45,drilling,drill,ok,Productive,Drilling,high,"Drilled 26"" hole from 217 m to 228 m MD. Drilling parameters : Flow 3500 lpm / SPP 48-95 bar / 40 RPM /  WOB < 1 MT / Torque 2-3 kNm. Observed erratic string and torque peaks of 6-7 kNm at 227 m MD. Secured string on Centralizer deck. Performed gmWD survey - out of specification. MWD survey inclination 0,21 deg.",,
15_9_F_10_2009-05-21,15_9_F_10,21-05-2009,1,00:00,02:15,drilling,drill,ok,Productive,Drilling,high,"Drilled 8 1/2"" hole from 3461 m to 3465 m. Parameters: 2366 lpm/ 192 bar, 80 RPM/ 13-16 kNm, WOB: 5-7 ton. ROP: 2-4 m/hr. ECD: 1,37 sg",,
15_9_F_11_B_2013-05-30,15_9_F_11_B,30-05-2013,3,18:30,19:00,drilling,drill,ok,Productive,Drilling,high,Reamed up off bottom to 2908 m MD. Sent down linked to Rips off and racked back stand.,,
15_9_F_11_T2_2013-04-19,15_9_F_11_T2,19-04-2013,2,05:00,06:00,drilling,drill,ok,Productive,Drilling,high,"Drilled and orientated 17 1/2"" hole from 1944 m to 1963 m at reduced ROP due to cuttings handling system with 4000 lpm, 240 bar, ECD 1.44 sg, WOB 4 MT, 140 rpm, 12-13 kNm, Inst. ROP 30 m/hr, Average ROP 19 m/hr.

Last survey: 1950.9m MD, 15.46 incl, 264.1 azimuth",,
15_9_F_11_T2_2013-05-04,15_9_F_11_T2,04-05-2013,7,21:30,00:00,drilling,drill,ok,Productive,Drilling,high,"Drilled and orientated 8 1/2"" hole from 4446m to 4464m with 2350 lpm, 230-232 bar, 140-180 rpm, 19-23 kNm, WOB 8-10 MT,  ECD 1.44 - 1.45 sg.

Average ROP: 7.2 m/hr.

Occationally drilled with reduced RPM due to hard stringers.",,
15_9_F_12_2007-06-22,15_9_F_12,22-06-2007,7,17:30,22:30,drilling,drill,ok,Productive,Drilling,high,"Continued to drill cmt/shoe track from 250 m until 26"" hole opener was out of 30"" conductor shoe; 3000 lpm, 50 rpm and 1-3 ton wob. Reamed shoe track every 1-2 m. Pumped 15 m3 1.12 sg hi-vis pill and circulated out same. Noticable increase in cuttings observed.",,
15_9_F_12_2007-07-07,15_9_F_12,07-07-2007,1,00:00,04:00,drilling,drill,ok,Productive,Drilling,high,"Cont. M/U 26"" BHA and RIH same. ROV monitored BHA entering funnel. RIH to one std above expected top cmt plug",,
15_9_F_12_2007-08-11,15_9_F_12,11-08-2007,3,06:00,14:00,drilling,drill,ok,Productive,Drilling,high,"MU and RIH with 12 1/4"" BHA from 69 m to 1327 m MD. Filled pipe every 10 stds. MU TDS and tested downhole tools at 3500 lpm, 168 bar at 1000 m.",,
15_9_F_14_2008-06-13,15_9_F_14,13-06-2008,2,01:00,04:45,drilling,drill,ok,Productive,Drilling,high,"Continued drilling 8Â½"" hole from 3012m to 3070m. Drilling parameters: Flow 1950-2050 lpm / SPP 155-190 bar / String RPM 140-170 /  WOB 2-7 MT / TQ 9-12 kNm / ROP 8-32 m/hour / ECD 1.454-1.471 SG / MUD weight 1.35 SG.",,
15_9_F_14_2008-06-14,15_9_F_14,14-06-2008,13,20:00,21:15,drilling,drill,ok,Productive,Drilling,high,"Continued drilling 8Â½"" hole from 3523m to 3537m. Drilling parameters: Flow 1963 lpm / SPP 185 bar / String RPM 180 /  WOB 8 MT / TQ 14-17 kNm / ROP 8,8-26 m/hour /   ECD 1.487-1.494 SG / MUD weight 1.35-1.36+ SG.  Add primex to reduces to control MW and solids.",,
15_9_F_15_C_2009-02-14,15_9_F_15_C,14-02-2009,9,19:45,20:00,drilling,drill,ok,Productive,Drilling,high,"Recorded torque and up/down/rotation weights at 3231m. 20 rpm 164 MT, 18-21 kNm. Up/down weight 194/145 MT.",,
15_9_F_1_C_2014-02-23,15_9_F_1_C,23-02-2014,4,02:30,03:45,drilling,drill,ok,Productive,Drilling,high,"Drilled 17 1/2"" hole from 1522 m to 1531 m with 4000 lpm, 240 bar, 130 rpm, 5-7 kNm, 10 WOB. Controled ROP 12 m/hr due to waiting on weather to discharge cuttings to cuttings vessel. ECD 1,43 SG. Max gas 0,03 %. Obtained surveys as required.",,
15_9_F_4_2007-10-30,15_9_F_4,30-10-2007,7,12:15,13:15,drilling,drill,ok,Productive,Drilling,high,"Function tested BOP while circulated through choke and kill lines at 13 3/8"" csg shoe. Serviced TDS. Flow checked before POOH with 12 1/4"" BHA in casing.",,
15_9_F_9_A_2009-07-09,15_9_F_9_A,09-07-2009,1,00:00,04:45,drilling,drill,ok,Productive,Drilling,high,"Drilled/oriented 8 1/2"" hole from 1051 m to 1206 m with 1900 lpm, 105-110 bar, 60 rpm, 8-10 kNm, WOB 5-9 ton. ROP 40-60 m/hr. ECD 1.41-1.43 sg.",,
15_9_F_9_A_2009-07-09,15_9_F_9_A,09-07-2009,5,06:45,08:00,drilling,drill,ok,Productive,Drilling,high,"Pulled out of hole from 1200 m to 1192 m. Attempted to take cluster shot survey; surveys out of specification. Took max 30 ton over pull when moving string. Pumped out of hole from 1192 m to 1158 m with 1700 lpm, 81 bar.",,
15_9_19_A_1997-10-28,15_9_19_A,28-10-1997,4,06:00,22:30,formation evaluation,drill stem test,ok,Productive,Formation Evaluation,high,OPENED WELL VIA LPR-N VALVE Ã˜ 0645 HRS. FLOWED 11 M3 BASE OIL CUSHION TO STOCK TANK - THEN SWITCHED TO FLARE BOOM. FLOWED & TESTED WELL.,,
15_9_19_ST2_1993-04-24,15_9_19_ST2,24-04-1993,7,04:30,06:00,formation evaluation,drill stem test,ok,Productive,Formation Evaluation,high,"DISPLACED ANNULUS TO 1,38 SG MUD BY CIRCULATING THROUGH OMNI VALVE AND HOLDING BACK PRESSURE ON CHOKE DUE TO U-TUBING. MAX RATE 1000 LPM.",,
15_9_F_15_C_2013-11-05,15_9_F_15_C,05-11-2013,19,15:15,17:00,plug abandon,equipment recovery,ok,Productive,Plug & Abandon,high,"Pulled slowly OOH with casing from 1493 m to 1486 m.
Established circulation with 1,25 sg mud in increments of 400 liter/min to 2200 liter/min, 94 bar.
Circulated until equal MW in / out.",,
15_9_F_1_B_2014-02-16,15_9_F_1_B,16-02-2014,42,19:30,20:00,plug abandon,equipment recovery,ok,Productive,Plug & Abandon,high,Installed BHA washer on top of Diverter.,,
15_9_F_10_2009-04-18,15_9_F_10,18-04-2009,6,08:30,08:45,interruption,fish,ok,NPT - Downhole Equipment,Fishing,high,Screwed in TDS to pup joint on CART while observing movement on CART. Managaed to get torque wrench in position without jeapordizing CART make up. Made up TDS.,,
15_9_F_15_2008-09-21,15_9_F_15,21-09-2008,11,07:30,08:00,interruption,fish,ok,NPT - Downhole Equipment,Fishing,high,"Attempted to screw into DP coupling at 41,6 m MD - negative. Meanwhile traced fishing equipment.",,
15_9_F_4_2008-02-23,15_9_F_4,23-02-2008,12,11:00,11:30,interruption,fish,ok,NPT - Downhole Equipment,Fishing,high,"Removed PS-30 automatic slips, dressed same for 5"" DP and re-installed in rotary. Ran in on 5"" DP to 2707 m MD.",,
15_9_F_4_2008-02-25,15_9_F_4,25-02-2008,12,15:30,15:45,interruption,fish,ok,NPT - Downhole Equipment,Fishing,high,Held toolbox talk prior to changing handling equipment.,,
15_9_F_15_2008-11-19,15_9_F_15,19-11-2008,8,10:15,11:00,formation evaluation,log,ok,Productive,Logging,high,"Performed stick test at 3010 m with pumps on, Flow 2000 lpm / SPP 176 bar. Pulled up to 3006 m and took first pressure point at 2608 m TVD (probe depth), Flow 2000 lpm / SPP 221 bar. Formation pressure was 0.86 SG.",,
15_9_19_B_1997-11-16,15_9_19_B,16-11-1997,4,06:00,07:30,interruption,lost circulation,fail,NPT - Wellbore,Losses,high,CONTINUED POOH. FLOW CHECKED OK BEFORE PULLED BHA ABOVE BOP.,,
15_9_19_B_1997-11-27,15_9_19_B,27-11-1997,7,13:00,17:30,interruption,lost circulation,fail,NPT - Wellbore,Losses,high,WASHED DOWN TO 2973M. DRILLED SOFT TO FIRM CEMENT 2973M TO 3054M. CIRCULATION RATE 1500 LPM. ECD 1.59-1.60 SG. NO LOSSES.,,
15_9_19_BT2_1998-01-06,15_9_19_BT2,06-01-1998,3,02:00,02:30,interruption,maintain,fail,NPT - Surface Equipment,Repair/Maintenance,medium,REPAIRED IRON ROUGHNECK - SHEARED BOLTS ON TORQUE WRENCH.,agreed,
15_9_19_BT2_1998-01-12,15_9_19_BT2,12-01-1998,5,14:00,00:00,interruption,maintain,fail,NPT - Surface Equipment,Repair/Maintenance,medium,"INVESTIGATED HYDRAULIC LEAK ON TOP DRIVE. DURING INSPECTION FOUND FOUR BROKEN BOLTS ON TOP DRIVE MOTOR TRUNNION, MAIN ELECTRIC MOTOR LOOSE, LUBE OIL PUMP LOOSE, AIR DISTRIBUTION MANIFOLD LOOSE, AND SEVERAL BROKEN FITTINGS. BEGAN REPAIRING SAME.",agreed,
15_9_19_BT2_1998-01-29,15_9_19_BT2,29-01-1998,5,07:00,08:00,interruption,maintain,fail,NPT - Surface Equipment,Repair/Maintenance,medium,DISPLACED RISER FROM MUD TO SEAWATER.,agreed,
15_9_19_ST2_1993-01-27,15_9_19_ST2,27-01-1993,1,00:00,00:30,interruption,maintain,ok,NPT - Surface Equipment,Repair/Maintenance,medium,"CONT. ATTEMPTS TO REPAIR JAW, NEGATIVE.  RIGGED UP TO PULL STANDS MANUALLY.",agreed,
15_9_F_10_2009-05-01,15_9_F_10,01-05-2009,19,10:45,11:00,interruption,maintain,ok,NPT - Surface Equipment,Repair/Maintenance,medium,Lowered work platform and piston TDS.,agreed,
15_9_F_10_2009-06-16,15_9_F_10,16-06-2009,4,09:00,13:30,interruption,maintain,ok,NPT - Surface Equipment,Repair/Maintenance,medium,"Changed blower hose, cleaned shakers, pits and broke riser doubles.
Meanwhile repaired camera on ROV.",agreed,
15_9_F_11_T2_2013-03-28,15_9_F_11_T2,28-03-2013,5,15:00,00:00,interruption,maintain,ok,NPT - Surface Equipment,Repair/Maintenance,medium,"Transferred fast-line sheave from drill floor to derrick. Installed sheave.

Meanwhile: Performed general rig maintenance, trouble shoot leakage on BOP annular function.",agreed,
15_9_F_14_2008-06-06,15_9_F_14,06-06-2008,2,01:15,04:30,interruption,maintain,ok,NPT - Surface Equipment,Repair/Maintenance,medium,Continued slip and cut of drill line.,agreed,
15_9_F_15_A_2008-12-28,15_9_F_15_A,28-12-2008,4,05:15,05:45,interruption,maintain,ok,NPT - Surface Equipment,Repair/Maintenance,medium,Isolated and serviced aft PRS.,agreed,
15_9_F_5_2007-11-18,15_9_F_5,18-11-2007,4,02:45,03:00,interruption,maintain,ok,NPT - Surface Equipment,Repair/Maintenance,medium,Isolated and de-isolated TDS.,agreed,
15_9_F_7_2007-10-06,15_9_F_7,06-10-2007,10,09:00,13:00,interruption,maintain,ok,NPT - Surface Equipment,Repair/Maintenance,medium,Changed out the casing tong to the back-up tong. Function tested and calibrated the tong.,agreed,
15_9_F_9_A_2009-07-06,15_9_F_9_A,06-07-2009,5,06:00,06:30,interruption,maintain,ok,NPT - Surface Equipment,Repair/Maintenance,medium,Changed hose on hydraulic power slips.,agreed,
15_9_F_1_B_2014-02-13,15_9_F_1_B,13-02-2014,11,05:30,06:00,plug abandon,mechanical plug,ok,Productive,Plug & Abandon,high,"Applied 3 RPM and latched onto plug.
Applied 30 bar pressure on DP before opening plug.
Confirmed latch with 10 T overpull. Waited 10 min for plug element to retract.",,
15_9_F_15_2008-12-12,15_9_F_15,12-12-2008,8,06:00,10:30,plug abandon,mill,ok,Productive,Plug & Abandon,high,"Drilled cement in 20"" casing from 1318 m to 20"" shoe depth at 1368 m MD. Drilling parameters : 4000 lpm / SPP 193-205 bar / ECD 1,43-1,46 / 5-8 MT WOB / 60 RPM / Torque 6-12 kNm.",,
15_9_19_A_1997-08-23,15_9_19_A,23-08-1997,1,00:00,06:00,interruption,other,fail,NPT - Other,Unclassified,low,FINISHED R/U ATLAS. RIH WITH FIRST LOG RUN: HDIL-MAC-DGR-CHT. LOGGING TOOL STOOD UP AT 2755M. ATTEMPTED TO WORK PAST W/O SUCCESS - TOOL STOOD UP AT SAME PLACE AND PICKED UP CLEANLY EACH TIME. LOGGED OUT FROM 2755M.,NPT - Downhole Equipment/Failure,Logging tool failure/wellbore obstruction preventing logging
15_9_19_A_1997-08-23,15_9_19_A,23-08-1997,2,06:00,08:00,interruption,other,fail,NPT - Other,Unclassified,low,FINISHED LOGGING RUN #1: HDIL-MAC-DGR-CHT. R/D LOGGING TOOLS.,NPT - Downhole Equipment/Failure,Direct consequence of tool standing up
15_9_19_A_1997-09-22,15_9_19_A,22-09-1997,1,00:00,06:00,interruption,other,ok,NPT - External,Labor Action,high,OPERATIONS SUSPENDED DUE TO OFS STRIKE.,,
15_9_19_A_1997-10-09,15_9_19_A,09-10-1997,8,06:30,10:00,interruption,other,fail,NPT - Other,Unclassified,low,WESTERN/ATLAS RIH WITH SBT-CCL-GR. TOOL STOOD UP AT 1270 M. WORKED TOOL DOWN. STOOD UP AGAIN AT 1440 M. TRIED TO WORK THROUGH; NO SUCCESS.,NPT - Downhole Equipment/Failure,"Second tool run, same problem — hole obstruction or tool issue"
15_9_19_A_1997-10-09,15_9_19_A,09-10-1997,9,10:00,12:30,interruption,other,fail,NPT - Other,Unclassified,low,POOH WITH WIRELINE. DISCONNECTED UPPER CASING JOINT AND LD LOGGING TOOL.,NPT - Downhole Equipment/Failure,Recovery operation after failed logging run
15_9_19_A_1997-10-09,15_9_19_A,09-10-1997,10,12:30,14:30,interruption,other,fail,NPT - Other,Unclassified,low,INSTALLED WTS TOOLS BELOW SBT TO ALLOW FOR MORE WEIGHT.,NPT - Downhole Equipment/Failure,Workaround attempt
15_9_19_A_1997-10-13,15_9_19_A,13-10-1997,3,02:00,04:30,interruption,other,fail,NPT - Other,Unclassified,low,WORKED ON ATLAS LOGGING EQUIPMENT.,NPT - Surface Equipment/Repair/Maintenance,This one is surface-side
15_9_19_A_1997-10-13,15_9_19_A,13-10-1997,4,04:30,06:00,interruption,other,fail,NPT - Other,Unclassified,low,M/U AND RIH W/ ATLAS PERFORATING GUN. IH: 0450 HRS.,Productive/Completion,Running perforating gun is a planned well operation
15_9_19_A_1997-10-13,15_9_19_A,13-10-1997,5,06:00,22:00,interruption,other,fail,NPT - Other,Unclassified,low,"RIH W/ ATLAS PERF. GUN ASSY. NOT ABLE TO PASS 3505 M. POOH. ADDED WEIGHTS. RIH. FIRED LEVEL 5 AND 6 INSIDE 7"" CSG. SKIPPED LEVEL 7, DUE TO NOT ABLE TO CORRELATE. POOH. OOH 2145 HRS. R/D LOGGING TOOLS.",agreed,
15_9_19_A_1997-10-15,15_9_19_A,15-10-1997,4,06:00,07:30,interruption,other,fail,NPT - Other,Unclassified,low,POOH W/ ATLAS CABLE. CHECKED SINGNALS AT SURFACE; CABLE OK.,NPT - Downhole Equipment/Failure,
15_9_19_A_1997-10-15,15_9_19_A,15-10-1997,5,07:30,14:00,interruption,other,fail,NPT - Other,Unclassified,low,POOH W/ SCHLUMB. MDT TOOL ASSY. FROM 3602 M.,NPT - Downhole Equipment/Failure,
15_9_19_A_1997-10-15,15_9_19_A,15-10-1997,7,18:00,20:30,interruption,other,fail,NPT - Other,Unclassified,low,"M/U AND RIH W/ SCHLUMB. MDT TOOL ASSY. ON 3-1/2"" DP; SPEED: 2 MIN/STD. FILLED PIPE EVERY 3. STD, BROKE CIRC. EVERY 10 STD. RIH TO 860 M.",Productive/Formation Evaluation,Second attempt — planned re-run
15_9_19_A_1997-10-15,15_9_19_A,15-10-1997,9,21:30,00:00,interruption,other,fail,NPT - Other,Unclassified,low,"CONT. RIH W/SCHLUMB. MDT TOOL ASSY. ON 3-1/2"" DP FROM 860 M TO 1800 M.",Productive/Formation Evaluation,Second attempt — planned re-run
15_9_19_A_1997-10-16,15_9_19_A,16-10-1997,1,00:00,05:00,interruption,other,fail,NPT - Other,Unclassified,low,"CONT. RIH W/SCHLUMB. MDT TOOL ASSY. ON 3-1/2"" DP FROM 1800 M TO 3600 M.",Productive/Formation Evaluation,Second attempt — planned re-run
15_9_19_A_1997-10-16,15_9_19_A,16-10-1997,4,11:00,18:00,interruption,other,fail,NPT - Other,Unclassified,low,POOH W/SCHLUMB. MDT TOOL ASSY. FROM 3600 M. L/D MDT ASSY.,NPT - Downhole Equipment/Failure,Had to pull out and modify tool — unplanned
15_9_19_A_1997-10-16,15_9_19_A,16-10-1997,5,18:00,19:00,interruption,other,fail,NPT - Other,Unclassified,low,P/U AND M/U MODIFIED MDT TOOL ASSY.; REDUCED ASSY. W/ 3 MODULES. TESTED SIGNALS; OK.,NPT - Downhole Equipment/Failure,Had to pull out and modify tool — unplanned
15_9_19_A_1997-10-16,15_9_19_A,16-10-1997,6,19:00,00:00,interruption,other,fail,NPT - Other,Unclassified,low,"RIH W/SCHLUMB. MDT TOOL ASSY. ON 3-1/2"" DP TO 1960 M. SPEED: 2 MIN/STD FIRST 500 M, THEN 1 MIN/STD. FILLED PIPE EVERY 3. STD, BROKE CIRC. EVERY 10. STD.",Productive/Formation Evaluation,Third attempt with modified tool - planned re-run
15_9_19_A_1997-10-17,15_9_19_A,17-10-1997,1,00:00,03:30,interruption,other,fail,NPT - Other,Unclassified,low,"CONT. RIH W/SCHLUMB. MDT TOOL ASSY. ON 3-/2"" DP FROM 1960 M TO 3604 M.",Productive/Formation Evaluation,Third attempt with modified tool - planned re-run
15_9_19_A_1997-10-17,15_9_19_A,17-10-1997,6,09:00,10:30,interruption,other,fail,NPT - Other,Unclassified,low,PULLED LOCOMOTIVE TO SURFACE. CHECKED OUT CABLE - OK.,agreed,
15_9_19_A_1997-10-17,15_9_19_A,17-10-1997,9,19:30,00:00,interruption,other,fail,NPT - Other,Unclassified,low,SLUGGED PIPE AND POOH WITH MDT TOOL.,NPT - Downhole Equipment/Failure,Slugging pipe before POOH suggests problematic hole conditions forcing pull-out
15_9_19_A_1997-10-18,15_9_19_A,18-10-1997,1,00:00,01:30,interruption,other,fail,NPT - Other,Unclassified,low,L/D MDT TOOL.,NPT - Downhole Equipment/Failure,Laying down tool = end of failed/incomplete MDT run
15_9_19_A_1997-10-21,15_9_19_A,21-10-1997,9,16:30,23:00,interruption,other,fail,NPT - Other,Unclassified,low,RIH WITH MWS BOTTOM HOLE SAMPLING TOOL. SAMPLE CHAMBER FAILED TO OPEN. POOH WITH WIRELINE.,NPT - Downhole Equipment/Failure,"Clear tool failure - sample chamber didn't actuate, had to pull out"
15_9_19_A_1997-10-22,15_9_19_A,22-10-1997,2,03:30,06:00,interruption,other,fail,NPT - Other,Unclassified,low,RIG HEAVE LESS THAN 2M. DISCONNECTED WIRELINE LUBRICATOR AND CHANGED OUT BOTTOM HOLE SAMPLING TOOLS.,NPT - Downhole Equipment/Failure,Changing out tools mid-job = direct consequence of sample chamber failure above
15_9_19_BT2_1997-12-19,15_9_19_BT2,19-12-1997,9,21:00,23:00,interruption,other,fail,NPT - Other,Unclassified,low,"TOOK MULTIPLE SURVEYS AT 3264 AND 3294M. OBTAINED INCOMPLETE SIGNALS. ALTERNATED RECEIVING FILTERS, SIGNALS STILL OUT OF SPEC. CALCULATED GOOD RESULTS FROM MULTIPLE SURVEYS AND OBTAINED GOOD SURVEYS.",NPT - Downhole Equipment/Failure,"Multiple attempts needed, signals out of spec = tool/signal performance issue. Partial recovery at end doesn't change NPT classification - time was lost troubleshooting"
15_9_19_BT2_1998-01-10,15_9_19_BT2,10-01-1998,3,03:30,06:00,formation evaluation,other,fail,NPT - Wellbore,Hole Instability,medium,POOH TO 4105M. STRING STUCK BRIEFLY AT 4123M WHILE RACKING BACK STAND OF DRILL PIPE. REAMED FROM 4105M TO 4130M TO ACQUIRE BETTER MWD LOG.,agreed,
15_9_19_BT2_1998-01-24,15_9_19_BT2,24-01-1998,2,02:30,03:30,plug abandon,other,fail,NPT - Wellbore,Hole Instability,medium,"WHILE CLEANING RIG FLOOR & PREPARING TO MU BHA, VISUALLY OBSERVED ANNULUS LEVEL DROP IN RISER. CLOSED BLIND/SHEAR RAMS; RATE OF MUD LOSS DID NOT DECREASE; 1,3 M3 LOST IN 30 MINUTES.OPENED BLIND/SHEAR RAMS - MUD NEEDED TO FILL HOLE BELOW RAMS WAS NEGLIGIBLE.",NPT-Wellbore/Losses,The fact that mud needed to fill below rams was negligible suggests it wasn't a true kick - more a loss/seepage event
15_9_19_S_1992-09-25,15_9_19_S,25-09-1992,4,02:30,04:00,plug abandon,other,ok,Productive,Plug Abandon - Other,low,"M/U CORROSION CAP,RIH TO 82 M. INSTALLED MODIFIED GUIDE FRAME.",agreed,
15_9_19_S_1992-09-25,15_9_19_S,25-09-1992,5,04:00,05:00,plug abandon,other,ok,Productive,Plug Abandon - Other,low,"WASHED WELLHEAD,USING SCORPION.PERFORMED SURVEY ON WELLHEAD,OK.",agreed,
15_9_19_ST2_1993-01-24,15_9_19_ST2,24-01-1993,3,06:00,11:00,interruption,other,fail,NPT - Other,Unclassified,low,"RIGGED UP WIRELINE. RIH WITH GYRO, UNABLE TO PASS 1230M. POOH.",NPT - Downhole Equipment/Failure,Gyro tool couldn't pass 1230m = obstruction or tool issue
15_9_19_ST2_1993-02-20,15_9_19_ST2,20-02-1993,3,13:30,15:00,drilling,other,ok,Productive,Drilling - Other,low,"PERFORMED TORQUE READING CHECK ON TDS, TESTED TORQUE AGAINST TONG LOAD CELL",agreed,
15_9_19_ST2_1993-03-14,15_9_19_ST2,14-03-1993,4,09:00,12:30,formation evaluation,other,fail,NPT - Wellbore,Hole Instability,medium,MADE SEVERAL ATTEMTS TO FREE STUCK LOGGING TOOLS BY WORKING CABLE WITH MAX 6000 LBS OVERPULL. KEPT CABLE IN TENSION WHILE WORKING CALIPER ARM.,agreed,
15_9_F_1_2013-07-25,15_9_F_1,25-07-2013,2,08:00,10:00,interruption,other,ok,NPT - Other,Unclassified,low,Made several attempts to take survey with MWD gyro - no go.,NPT - Downhole Equipment/Failure,MWD gyro not working = downhole tool failure
15_9_F_1_2013-07-25,15_9_F_1,25-07-2013,6,12:00,12:45,interruption,other,ok,NPT - Other,Unclassified,low,Attempted to perform MWD gyro survey 2 times - no go.,NPT - Downhole Equipment/Failure,Continuation of above
15_9_F_1_2013-08-06,15_9_F_1,06-08-2013,3,01:15,16:15,interruption,other,ok,NPT - Other,Unclassified,low,"Attempted to start-up transfer of cuttings on starboard side - no go. Starboard side hose plugged. Laid out port side hose to deck. Worked on cleaning out plug on port side hose.

Meanwhile: Reciprocated pipe with 3000-4400 lpm, 131-257 bar and 100-120 rpm. Racked back one stand every hour. Reamed area from 1515m due to 10MT overpull. Reset V-ICIS system. Laid down 3 1/2"" drill pipe to deck. Rigged up for racking back 13 3/8"" casing in derrick. Performed general maintanence and housekeeping.",NPT - Surface Equipment/Repair/Maintenance,Dominant activity- Plugged hose = surface equipment failure
15_9_F_1_2013-08-06,15_9_F_1,06-08-2013,6,21:00,00:00,interruption,other,ok,NPT - Other,Unclassified,low,"Cleaned out plugged hose from CleanCut blower (CCB) to ISO-tanks. 

Meanwhile: Reciprocated pipe with 3600 lpm, 192 bar and 100 rpm. Performed general maintanence. Racked 13 3/8"" casing in derrick.",NPT - Surface Equipment/Repair/Maintenance,Continuation of plugged CCB hose issue from above
15_9_F_1_2013-08-07,15_9_F_1,07-08-2013,1,00:00,01:30,interruption,other,ok,NPT - Other,Unclassified,low,"Continued cleaning out hose from CCB funnel to ISO-tanks. Cleaned out plugged pressure sensors on CCB.

Meanwhile: Racked 13 3/8"" casing in derrick.",NPT - Surface Equipment/Repair/Maintenance,Continuation of plugged CCB hose issue from above
15_9_F_1_2013-08-14,15_9_F_1,14-08-2013,19,22:15,22:30,interruption,other,ok,NPT - Other,Unclassified,low,Reconfigured gyro retrieval tool.,NPT - Downhole Equipment/Failure,Reconfiguring retrieval tool = preparing to fish out or retrieve a stuck/failed gyro
15_9_F_1_2013-08-17,15_9_F_1,17-08-2013,8,21:45,00:00,interruption,other,ok,NPT - Other,Unclassified,low,Attempted to take pressure points. No communication with tool.,NPT - Downhole Equipment/Failure,No communication with tool = downhole tool failure
15_9_F_1_2013-08-19,15_9_F_1,19-08-2013,4,03:00,03:15,interruption,other,ok,NPT - Other,Unclassified,low,Removed master bushings and installed PS-21 power slips.,Productive/Tripping,Routine rig floor equipment change
15_9_F_1_2013-08-19,15_9_F_1,19-08-2013,19,17:30,20:30,interruption,other,ok,NPT - Other,Unclassified,low,"Circulated hole clean with 2450 liter/min, 185 bar, 130-150 rpm, 14-19 kNm.
Reciprocated string.
Circulated total 3 x bottoms up.",Productive/ Circulating,planned hole cleaning
15_9_F_1_2013-08-19,15_9_F_1,19-08-2013,20,20:30,20:45,interruption,other,ok,NPT - Other,Unclassified,low,"Flow checked well for 10 min, OK.",Productive/Monitoring,Mandatory safety check before a major operation
15_9_F_1_2013-08-19,15_9_F_1,19-08-2013,22,21:15,00:00,interruption,other,ok,NPT - Other,Unclassified,low,Recorded pressure points.,Productive/Formation Evaluation,Successful pressure recording
15_9_F_1_2013-08-20,15_9_F_1,20-08-2013,1,00:00,01:00,interruption,other,ok,NPT - Other,Unclassified,low,Recorded pressure points.,Productive/Formation Evaluation,Successful pressure recording
15_9_F_1_2013-08-20,15_9_F_1,20-08-2013,2,01:00,01:30,interruption,other,ok,NPT - Other,Unclassified,low,"RIH with 8 1/2"" BHA on 5 1/2"" DP from 3347 m to 3620 m.
Reduced speed due to hole condition.",Productive/Tripping,"Planned RIH operation, Speed reduction minor"
15_9_F_10_2009-04-12,15_9_F_10,12-04-2009,15,13:30,14:15,interruption,other,ok,NPT - Other,Unclassified,low,Changed to slimmer type dies in TDS pipe handler in order to minimize scoring of DP couplings.,agreed,
15_9_F_10_2009-04-22,15_9_F_10,22-04-2009,12,13:00,13:15,interruption,other,ok,NPT - Other,Unclassified,low,Removed masterbushing and installed PS-21 slips.,Productive/Tripping,Routine planned equipment swap
15_9_F_10_2009-05-18,15_9_F_10,18-05-2009,7,12:30,13:00,interruption,other,ok,NPT - Other,Unclassified,low,"Prepared RTTS assy. Performed TBT prior to P/U and M/U 9 5/8"" RTTS assy.",Productive/Formation Evaluation,"All planned, all necessary"
15_9_F_10_2009-05-18,15_9_F_10,18-05-2009,8,13:00,14:00,interruption,other,ok,NPT - Other,Unclassified,low,"P/U and M/U 9 5/8"" RTTS assy with 5 1/2"" pup and drift sub. RIH with same from surface to 19 m. Confirmed and lock circ tool in open position.",Productive/Formation Evaluation,"All RTTS entries = Productive, This is a complete, clean, planned well integrity/squeeze operation"
15_9_F_10_2009-05-18,15_9_F_10,18-05-2009,9,14:00,14:15,interruption,other,ok,NPT - Other,Unclassified,low,Removed master bushing and installed PS-21 slips.,Productive/Tripping,"All RTTS entries = Productive, This is a complete, clean, planned well integrity/squeeze operation"
15_9_F_10_2009-05-18,15_9_F_10,18-05-2009,10,14:15,17:00,interruption,other,ok,NPT - Other,Unclassified,low,"RIH with 9 5/8"" RTTS assy on 5 1/2"" DP from 19 m to 2078 m.   ( 748 m/ hr)",Productive/Formation Evaluation,"All RTTS entries = Productive, This is a complete, clean, planned well integrity/squeeze operation"
15_9_F_10_2009-05-18,15_9_F_10,18-05-2009,11,17:00,17:15,interruption,other,ok,NPT - Other,Unclassified,low,Broke circulation with 500 lpm/ 11 bar.,Productive/ Circulating,"All RTTS entries = Productive, This is a complete, clean, planned well integrity/squeeze operation"
15_9_F_10_2009-05-18,15_9_F_10,18-05-2009,12,17:15,20:00,interruption,other,ok,NPT - Other,Unclassified,low,"RIH with 9 5/8"" RTTS assy on 5 1/2"" DP from 2078 m to 3306 m.  Reduced speed inside 9 5/8"" liner - 3 min/ std.",Productive/Tripping,"All RTTS entries = Productive, This is a complete, clean, planned well integrity/squeeze operation"
15_9_F_10_2009-05-18,15_9_F_10,18-05-2009,13,20:00,21:15,interruption,other,ok,NPT - Other,Unclassified,low,"Took up and down weight at RTTS setting depth, up 164 ton/ down 136 ton. Circulated and cleaned setting area with 800 lpm/ 20 bar. Run in 3 meters to 3309 m and pulled back to setting depth 3306 m/ RTTS packer depth 3298 m. Rotated clockwise and slacked off weight, released torque and had 15 ton down weight to set RTTS packer. Closed MPR at BOP and confirmed line up.",Productive/Formation Evaluation,"All RTTS entries = Productive, This is a complete, clean, planned well integrity/squeeze operation"
15_9_F_10_2009-05-18,15_9_F_10,18-05-2009,15,22:30,23:30,interruption,other,ok,NPT - Other,Unclassified,low,Opened BOP. Picked up with 25 ton OP and released packer. Retracted packerelements. Pulled out to 3287 m and racked back stand in derrick.,Productive/Formation Evaluation,"All RTTS entries = Productive, This is a complete, clean, planned well integrity/squeeze operation"
15_9_F_10_2009-05-18,15_9_F_10,18-05-2009,17,23:45,00:00,interruption,other,ok,NPT - Other,Unclassified,low,Flow checked well on trip tank.,Productive/Monitoring,"All RTTS entries = Productive, This is a complete, clean, planned well integrity/squeeze operation"
15_9_F_10_2009-05-19,15_9_F_10,19-05-2009,2,00:30,02:00,interruption,other,ok,NPT - Other,Unclassified,low,"POOH with 9 5/8"" RTTS on 5 1/2"" DP from 3287 m to 2506 m. Reduced speed while POOH with packer in 9 5/8"" liner.",Productive/Tripping,"All RTTS entries = Productive, This is a complete, clean, planned well integrity/squeeze operation"
15_9_F_10_2009-05-19,15_9_F_10,19-05-2009,3,02:00,05:00,interruption,other,ok,NPT - Other,Unclassified,low,"POOH with 9 5/8"" RTTS on 5 1/2"" DP from 2506 m to 19 m.  (829 m/ hr)",Productive/Tripping,"All RTTS entries = Productive, This is a complete, clean, planned well integrity/squeeze operation"
15_9_F_10_2009-05-19,15_9_F_10,19-05-2009,4,05:00,05:30,interruption,other,ok,NPT - Other,Unclassified,low,Removed PS-21 slips and installed master bushed. Racked back last stand in derrick.,Productive/Tripping,"All RTTS entries = Productive, This is a complete, clean, planned well integrity/squeeze operation"
15_9_F_10_2009-05-19,15_9_F_10,19-05-2009,5,05:30,06:00,interruption,other,ok,NPT - Other,Unclassified,low,POOH and LD RTTS assy from 19 m to surface.,Productive/Tripping,"All RTTS entries = Productive, This is a complete, clean, planned well integrity/squeeze operation"
15_9_F_10_2009-05-25,15_9_F_10,25-05-2009,10,06:15,06:45,drilling,other,ok,Productive,Drilling - Other,low,"Changed from 5"" to 5 1/2"" handling equipment. Made up TDS and filled DP.",agreed,
15_9_F_10_2009-05-25,15_9_F_10,25-05-2009,12,07:15,07:30,interruption,other,ok,NPT - Other,Unclassified,low,Investigated hard trip of drawworks.,NPT - Surface Equipment/Repair/Maintenance,Drawworks is critical surface hoisting equipment
15_9_F_10_2009-05-28,15_9_F_10,28-05-2009,5,10:30,16:00,interruption,other,ok,NPT - Other,Unclassified,low,"Replaced DCI flange adapter and tested system. Meanwhile reamed back in with 8 1/2"" drilling BHA on 5 1/2"" DP from 4102 to 4549 m MD. Parameters : Flow 2000-2800 lpm / SPP145-270 bar / 60 RPM / Torque ~15 kNm.",NPT - Surface Equipment/Repair/Maintenance,Unplanned replacement of surface equipment component
15_9_F_10_2009-05-29,15_9_F_10,29-05-2009,7,08:00,08:45,interruption,other,ok,NPT - Other,Unclassified,low,Changed oil in TDS gearbox due to traces of water in oil sample. Meanwhile circulated at 1000 lpm.,NPT - Surface Equipment/Repair/Maintenance,Water in oil sample = contamination detected -unplanned maintenance triggered
15_9_F_10_2009-05-30,15_9_F_10,30-05-2009,13,18:30,19:00,interruption,other,ok,NPT - Other,Unclassified,low,Changed filters on TDS gearbox.,NPT - Surface Equipment/Repair/Maintenance,
15_9_F_10_2009-06-01,15_9_F_10,01-06-2009,16,08:15,08:30,drilling,other,ok,Productive,Drilling - Other,low,Made up TDS and filled pipe.,agreed,
15_9_F_10_2009-06-01,15_9_F_10,01-06-2009,22,12:30,12:45,drilling,other,ok,Productive,Drilling - Other,low,Made up TDS and filled pipe.,agreed,
15_9_F_10_2009-06-04,15_9_F_10,04-06-2009,8,11:00,11:15,interruption,other,ok,NPT - Other,Unclassified,low,Troubleshot aft PRS claw.,NPT - Surface Equipment/Repair/Maintenance,PRS (Pipe Racking System) claw = surface pipe handling equipment
15_9_F_10_2009-06-05,15_9_F_10,05-06-2009,1,00:00,00:30,interruption,other,ok,NPT - Other,Unclassified,low,Removed PS-21 from RT. Installed master bushing and bowl.,Productive/Tripping,Routine planned equipment swap
15_9_F_10_2009-06-05,15_9_F_10,05-06-2009,3,01:30,02:15,interruption,other,ok,NPT - Other,Unclassified,low,Removed master bushing and outer ring. Installed PS-30 slips in RT and hooked up same.,Productive/Tripping,Routine planned equipment swap
15_9_F_10_2009-06-13,15_9_F_10,13-06-2009,10,07:00,07:30,plug abandon,other,ok,NPT - Surface Equipment,Repair/Maintenance,medium,"Pumped and displaced 30m3 1,51 sg Hi-Vis pill. 3000 l/min, 267 bar.",Productive/Plug & Abandon,
15_9_F_10_2009-06-14,15_9_F_10,14-06-2009,14,15:30,18:00,plug abandon,other,ok,NPT - Surface Equipment,Repair/Maintenance,medium,"Displaced well to treated sea water as per pumping plan. 2500 l/min,  83 bar.",Productive/Plug & Abandon,
15_9_F_11_2013-03-17,15_9_F_11,17-03-2013,5,01:30,02:00,interruption,other,ok,NPT - Other,Unclassified,low,Evaluated situation and formulated forward plan.,agreed,
15_9_F_11_2013-03-17,15_9_F_11,17-03-2013,7,03:00,03:30,interruption,other,ok,NPT - Other,Unclassified,low,"Pulled back 26"" BHA from 213 m to inside 30"" conductor shoe at 202 m to 184 m. Racked back one 5 1/2"" DP stand.",Productive/Tripping,Deliberate repositioning of BHA inside conductor shoe — planned move as part of oriented reaming campaign
15_9_F_11_2013-03-17,15_9_F_11,17-03-2013,8,03:30,05:00,interruption,other,ok,NPT - Other,Unclassified,low,"Lowered top drive to rig floor inspected same.
Recorded details of dropped object incident.
Re-installed Pipe Handler Stabbing Guide onto Top drive.",NPT-Other/HSE/Permits,"Dropped object = HSE incident requiring mandatory stop,"
15_9_F_11_2013-03-17,15_9_F_11,17-03-2013,11,07:00,10:00,interruption,other,ok,NPT - Other,Unclassified,low,"Performed full derick and equipment inspection prior to POOH. 

Meanwhile: Mixed 1.40 sg mud.",NPT-Other/HSE/Permits,
15_9_F_11_2013-03-17,15_9_F_11,17-03-2013,19,19:00,23:00,interruption,other,ok,NPT - Other,Unclassified,low,Performed SJA meeting and formulated plan with involvement of Baker onshore organization and technical management.,NPT-Other/HSE/Permits,Non-routine Safe Job Analysis with onshore technical management
15_9_F_11_2013-03-19,15_9_F_11,19-03-2013,1,00:00,01:00,interruption,other,ok,NPT - Other,Unclassified,low,"Evaluated survey data, well path and forward plan with town.",agreed,
15_9_F_11_2013-03-19,15_9_F_11,19-03-2013,2,01:00,02:00,interruption,other,ok,NPT - Other,Unclassified,low,"Picked up off bottom at 282 m and racked back stand. Reamed 26"" hole from 212 m to 250 m, 3500 lpm, 103 bar, 40 rpm, 4-6 KNm",Productive/Drilling,"Active reaming with rotation and circulation - cutting/conditioning formation, progressing wellbore"
15_9_F_11_2013-03-19,15_9_F_11,19-03-2013,3,02:00,03:30,interruption,other,ok,NPT - Other,Unclassified,low,Inspected Top drive.,NPT - Surface Equipment/Repair/Maintenance,Standalone unplanned TDS inspection
15_9_F_11_2013-03-19,15_9_F_11,19-03-2013,4,03:30,05:30,interruption,other,ok,NPT - Other,Unclassified,low,"Racked back one 5 1/2"" DP stand. R/U wireline lower sheave and ran gyro down to UBHO sub. Orientated string to 27 deg to give optimum well path direction. POOH Gyro and R/D wireline.",Productive/Surveying,Planned directional orientation survey using gyro
15_9_F_11_2013-03-19,15_9_F_11,19-03-2013,5,05:30,06:00,interruption,other,ok,NPT - Other,Unclassified,low,"Reamed orientated below 30"" conductor shoe at 202 m to 207 m, 4500 lpm, 148 bar.",Productive/Drilling,Planned active wellbore work
15_9_F_11_2013-03-19,15_9_F_11,19-03-2013,6,06:00,07:00,interruption,other,ok,NPT - Other,Unclassified,low,"Reamed orientated below 30"" conductor shoe at 202 m to 211 m, 4500 lpm, 148 bar.",Productive/Drilling,
15_9_F_11_2013-03-19,15_9_F_11,19-03-2013,7,07:00,09:00,interruption,other,ok,NPT - Other,HSE/Permits,medium,"Observed leak on top drive IBOP. Pulled back into 30"" conductor shoe at 202 m to 199 m.
Lowered Top drive to rig floor. Held Time Out For Safety (TOFS). Isolated Top drive, removed leaking actuator cylinder on IBOP and isolated hydraulic hoses.

Meanwhile: Perform derrick inspection and checks due to high wind speed.",NPT - Surface Equipment/Repair/Maintenance,IBOP actuator cylinder leak is the primary event mechanical failure of surface equipment.
15_9_F_11_2013-03-19,15_9_F_11,19-03-2013,8,09:00,14:00,interruption,other,ok,NPT - Other,Unclassified,low,"RIH from 199 m reamed inside 30"" conductor shoe and orientated reamed from 207 m to 251 m, 4500 lpm, 146 bar, WOB 0.5-1 MT.",Productive/Drilling,
15_9_F_11_2013-03-19,15_9_F_11,19-03-2013,10,14:30,17:00,interruption,other,ok,NPT - Other,Unclassified,low,"Evaluated new survey data after orienated reaming and discussed same with town. Agreed plan to proceed with orientated reaming lower part of 26"" openhole. 
Reamed orientated from 251 m to 266 m, 4500 lpm, 147 bar, WOB 0-1 MT and recorded MWD OnTrack survey data.

Inclination Survey:
Survey station (m)   Inclination (deg)
           231                     0.24
           221                     0.31",Productive/Drilling,
15_9_F_11_2013-03-19,15_9_F_11,19-03-2013,11,17:00,20:00,interruption,other,ok,NPT - Other,Unclassified,low,"Reamed orientated from  266 m to 281 m, 4500 lpm, 148 bar, WOB 0-1 MT",Productive/Drilling,
15_9_F_11_2013-03-19,15_9_F_11,19-03-2013,12,20:00,00:00,interruption,other,ok,NPT - Other,Unclassified,low,"Pulled back to 250 m and reamed orientated to 281 m, 4500 lpm, 148 bar, WOB 0-1 MT",Productive/Drilling,
15_9_F_11_2013-03-20,15_9_F_11,20-03-2013,2,00:30,02:00,interruption,other,ok,NPT - Other,Unclassified,low,"Racked back 5 1/2"" DP stand. Inspected Top drive and Travelling block.

Meanwhile: Held DOP meeting.",NPT - Surface Equipment/Repair/Maintenance,TDS and travelling block inspection is unplanned equipment check 
15_9_F_11_2013-03-20,15_9_F_11,20-03-2013,3,02:00,04:30,interruption,other,ok,NPT - Other,Unclassified,low,"B/O and L/D 5 1/2"" DP single. R/U and ran wireline gyro. Orientated tool face and POOH recording wireline gyro surveys. R/D wireline lower sheave. Re-calculated projected well path.

Wireline Gyro Inclination Survey:
Survey station (m)   Inclination (deg)  Azi (deg)
        239                      0.49                  217.49           
        228                      0.48                  202.49
        218                      0.25                  195.59
        208                      0.21                  181.56
        202                      0.26                  233.95",Productive/Surveying,
15_9_F_11_2013-03-20,15_9_F_11,20-03-2013,4,04:30,05:30,interruption,other,ok,NPT - Other,Unclassified,low,"Established drilling parameters. Orientated drilled 26"" hole from bottom at 281 m to 292 m and recorded OnTrack survey data.
Unable to record GyroTrack Survey data.

Inclination Survey (OnTrack):
Survey station (m)   Inclination (deg)
        270                      0.85",Productive/Drilling,Oriented drilling with survey monitoring is productive
15_9_F_11_2013-03-20,15_9_F_11,20-03-2013,5,05:30,06:00,interruption,other,ok,NPT - Other,Unclassified,low,R/U wireline lower sheave and ran wireline gyro.,Productive/Surveying,Setting up and running wireline gyro = planned survey operation
15_9_F_11_2013-03-20,15_9_F_11,20-03-2013,6,06:00,06:30,interruption,other,ok,NPT - Other,Unclassified,low,"Verified 26"" mud motor toolface and recorded wireline single shoot survey.
Re-calculated projected well path.

Wireline Gyro Inclination Survey:
Survey station (m)   Inclination (deg)  Azi (deg)
         251.3                      0.57              204.82",Productive/Surveying,
15_9_F_11_2013-03-20,15_9_F_11,20-03-2013,7,06:30,07:00,interruption,other,ok,NPT - Other,Unclassified,low,"Orientated drilled 26"" hole from bottom at 292 m to 301 m and recorded OnTrack survey data.
Re-calculated projected well path.

Inclination Survey (OnTrack):
Survey station (m)   Inclination (deg)
        289                      0.85",Productive/Drilling,
15_9_F_11_2013-03-20,15_9_F_11,20-03-2013,8,07:00,07:30,interruption,other,ok,NPT - Other,Unclassified,low,"Orientated drilled 26"" hole from bottom at 301 m to 306 m.",Productive/Drilling,
15_9_F_11_2013-03-20,15_9_F_11,20-03-2013,9,07:30,08:30,interruption,other,ok,NPT - Other,Unclassified,low,"R/U wireline lower sheave, ran wireline gyro and recorded wireline single shoot survey.
Re-calculated projected well path.

Wireline Gyro Inclination Survey:
Survey station (m)   Inclination (deg)  Azi (deg)
         261.3                      0.6                167.13",Productive/Surveying,
15_9_F_11_2013-03-20,15_9_F_11,20-03-2013,10,08:30,09:00,interruption,other,ok,NPT - Other,Unclassified,low,"Orientated drilled 26"" hole from bottom at 306 m to 320 m and recorded OnTrack survey data.
Re-calculated projected well path.

Inclination Survey (OnTrack):
Survey station (m)   Inclination (deg)  Azi (deg)
         300.00                      0.53               135",Productive/Drilling,
15_9_F_11_2013-03-20,15_9_F_11,20-03-2013,11,09:00,10:30,interruption,other,ok,NPT - Other,Unclassified,low,"Picked up off bottom at 320 m to 318 m. B/O 5 1/2"" DP single and R/U wireline lower sheave. Ran wireline gyro and recorded wireline single shoot survey.
Re-calculated projected well path.

Wireline Gyro Inclination Survey:
Survey station (m)   Inclination (deg)  Azi (deg)
         278.3                      0.56               198.61",Productive/Surveying,
15_9_F_11_2013-03-20,15_9_F_11,20-03-2013,12,10:30,11:30,interruption,other,ok,NPT - Other,Unclassified,low,"Orientated drilled 26"" hole from bottom at 320 m to 332 m and recorded OnTrack survey data.
Re-calculated projected well path.

Inclination Survey (OnTrack):
Survey station (m)   Inclination (deg)  Azi (deg)
         312.37                      0.77               186",Productive/Drilling,
15_9_F_11_2013-03-20,15_9_F_11,20-03-2013,13,11:30,12:00,interruption,other,ok,NPT - Other,Unclassified,low,"R/U wireline lower sheave, ran wireline gyro and recorded wireline single shoot survey.
Re-calculated projected well path.

Wireline Gyro Inclination Survey:
Survey station (m)   Inclination (deg)  Azi (deg)
         291.7                      0.57                185",Productive/Surveying,
15_9_F_11_2013-03-20,15_9_F_11,20-03-2013,14,12:00,15:30,interruption,other,ok,NPT - Other,Unclassified,low,"Evaluated survey data and projected well path and discussed same with town

Meanwhile: R/U and ran down tugger from moon pool to tension deck to enable 5 1/2"" DP drill string to be pulled securely against slot opening in tension deck to reduce string movement and attempt to take GyroTrack survey.",Productive/Surveying,
15_9_F_11_2013-03-20,15_9_F_11,20-03-2013,16,18:00,19:00,interruption,other,ok,NPT - Other,Unclassified,low,"Orientated drilled 26"" hole from bottom at 332 m to 347 m and recorded OnTrack/GyroTrack survey data.
Re-calculated projected well path.

Inclination Survey (OnTrack/GyroTrack):
Survey station (m)   Inclination (deg)  Azi (deg)
        OTR/GRT               OTR/GRT       OTR/GRT
  327.21 /319.22           0.58 /0.70     FAIL /194.06",Productive/Drilling,
15_9_F_11_2013-03-20,15_9_F_11,20-03-2013,18,20:00,21:30,interruption,other,ok,NPT - Other,Unclassified,low,"Circulated hole clean, 3500 lpm, 93 bar. Displaced well with 60 m3, 1.35 sg spud mud, 4000 lpm, 115 bar.
3 hrs advance notice given to Production to shut-in well F-14",Productive/ Circulating,
15_9_F_11_2013-03-20,15_9_F_11,20-03-2013,20,23:00,00:00,interruption,other,ok,NPT - Other,Unclassified,low,Isolated rig floor equipment. R/D Wireline equipment and inspected top drive and travelling block.,NPT - Surface Equipment/Repair/Maintenance,Unplanned inspection of TDS and travelling block
15_9_F_11_2013-03-21,15_9_F_11,21-03-2013,1,00:00,01:00,interruption,other,ok,NPT - Other,Unclassified,low,"Inspected top drive and traveling block.
Found significant wear on top drive torque back-up clamp torque arrestor.",NPT - Surface Equipment/Repair/Maintenance,
15_9_F_11_2013-03-22,15_9_F_11,22-03-2013,9,17:00,17:30,interruption,other,ok,NPT - Other,Unclassified,low,"Confirmed with Production that wells adjacent to F-11 shut in. Performed Pre-job Meeting prior to M/U 26"" steering BHA.",Productive/Drilling,Pre-job meeting + production coordination = planned preparation before making up BHA.
15_9_F_11_2013-03-22,15_9_F_11,22-03-2013,11,19:00,19:30,interruption,other,ok,NPT - Other,Unclassified,low,"Performed Pre-job Meeting with newly arrived night drill crew prior to M/U 26"" steering BHA.",Productive/Drilling,
15_9_F_11_2013-03-23,15_9_F_11,23-03-2013,11,18:30,20:00,interruption,other,ok,NPT - Other,Unclassified,low,"Performed tool box talk, R/U wireline, took survey and oriented string prior to drilling ahead in steering mode.",Productive/Surveying,
15_9_F_11_2013-03-23,15_9_F_11,23-03-2013,12,20:00,21:30,interruption,other,ok,NPT - Other,Unclassified,low,"Washed down in orienting mode from 244 m to 246 m, 2380 l/min, 45 bar, 0 tons WOB. At 246 m set down 5 tons WOB and had indications of firm cement. Started time drilling from 246 m.",Productive/Drilling,
15_9_F_11_2013-03-24,15_9_F_11,24-03-2013,2,02:00,02:30,interruption,other,ok,NPT - Other,Unclassified,low,"R/U wireline, RIH and took Gyro survey (251 m bit depth):

Survey station (m)   Inclination (deg)  Azi (deg)
         209                     0.25              232.83",Productive/Surveying,
15_9_F_11_2013-03-24,15_9_F_11,24-03-2013,3,02:30,05:30,interruption,other,ok,NPT - Surface Equipment,Repair/Maintenance,medium,"Oriented time drilled 26"" hole from 251 m to 257 m. 3080 l/min, 75 bar, 1 - 2 tons WOB, 2 m/hrs. Pumped Hi-vis sweeps.

Transferred over to well 15/9-F-11 T2",Productive/Drilling,
15_9_F_11_A_2013-05-15,15_9_F_11_A,15-05-2013,3,17:00,17:30,interruption,other,ok,NPT - Other,Unclassified,low,"Pulled out of hole with 8 1/2"" bottom hole assembly from 2616m MD to 2536m MD.",Productive/Tripping,
15_9_F_11_A_2013-05-27,15_9_F_11_A,27-05-2013,10,19:00,21:30,drilling,other,ok,Productive,Drilling - Other,low,"POOH and laid down 3 1/2"" cement stinger from 380 m MD to surface.",Productive/Tripping,
15_9_F_11_A_2013-05-28,15_9_F_11_A,28-05-2013,6,15:30,18:30,interruption,other,ok,NPT - Other,Unclassified,low,"Discovered leak on TDS oil cooler, isolated hydraulic system and dismantled cooler.",NPT - Surface Equipment/Repair/Maintenance,Unplanned discovery of TDS oil cooler leak
15_9_F_11_B_2013-05-31,15_9_F_11_B,31-05-2013,7,05:00,05:15,drilling,other,ok,Productive,Drilling - Other,low,Cleaned and Cleared rig floor.,Productive/Drilling,
15_9_F_11_B_2013-06-02,15_9_F_11_B,02-06-2013,1,00:00,01:30,drilling,other,ok,Productive,Drilling - Other,low,Serviced drilling equipment. Clean and clered rig floor.,agreed,
15_9_F_11_B_2013-06-12,15_9_F_11_B,12-06-2013,3,10:00,11:30,interruption,other,ok,NPT - Other,Unclassified,low,"Troubleshoot MWD tools. Worked string and circulated with 2500 lpm, 246 bar, 160 rpm, 25 kNm.",NPT - Downhole Equipment/Failure,MWD troubleshooting = unplanned downhole tool intervention.
15_9_F_11_B_2013-06-19,15_9_F_11_B,19-06-2013,1,00:00,03:30,interruption,other,ok,NPT - Other,Unclassified,low,"Assembled top drive brake without hydraulic connections.
Performed PDO inpection on top drive.
Tested top drive.",NPT - Surface Equipment/Repair/Maintenance,Assembling brake without hydraulic connections + formal PDO inspection + testing = unplanned maintenance and inspection sequence on TDS.
15_9_F_11_B_2013-07-11,15_9_F_11_B,11-07-2013,6,10:30,13:15,interruption,other,ok,NPT - Other,Unclassified,low,POOH with BHA # 1 from 3919 m to 250 m.,Productive/Tripping,
15_9_F_11_B_2013-07-11,15_9_F_11_B,11-07-2013,7,13:15,14:00,interruption,other,ok,NPT - Other,Unclassified,low,Held TBT. POOH with BHA # 1 from 250 m to surface.,Productive/Tripping,
15_9_F_11_B_2013-07-11,15_9_F_11_B,11-07-2013,8,14:00,17:15,interruption,other,ok,NPT - Other,Unclassified,low,Closed in well. Drained and broke lubricator. Broke down tool string and L/O same.,Productive/Completion,
15_9_F_11_B_2013-07-11,15_9_F_11_B,11-07-2013,10,19:00,21:15,interruption,other,ok,NPT - Other,Unclassified,low,Held TBT. P/U and M/U BHA # 1RR. Stabbed lubricator on In-Situ Sub.,Productive/Completion,
15_9_F_11_B_2013-07-11,15_9_F_11_B,11-07-2013,11,21:15,21:30,interruption,other,ok,NPT - Other,Unclassified,low,Pressure tested In-Situ Sub to 30/200 bar for 5/10 min.,Productive/BOP/Wellhead,Planned pressure integrity test of In-Situ Sub before opening well — mandatory safety verification
15_9_F_11_B_2013-07-11,15_9_F_11_B,11-07-2013,12,21:30,00:00,interruption,other,ok,NPT - Other,Unclassified,low,"Opened well and RIH with BHA #1RR on WL from surface to 3471 m   (Tool length: 29.86m, MAX OD:4.5 in, Tool Weight:1157.65  kg)
WHP: 80 bar",Productive/Completion,
15_9_F_11_B_2013-07-12,15_9_F_11_B,12-07-2013,1,00:00,00:30,interruption,other,ok,NPT - Other,Unclassified,low,RIH with BHA # 1RR from 3470 m to 3592 m.,Productive/Completion,
15_9_F_11_B_2013-07-12,15_9_F_11_B,12-07-2013,2,00:30,00:45,interruption,other,ok,NPT - Other,Unclassified,low,Engaged tractor and RIH with BHA # 1RR from 3592 m to 3700 m. .,Productive/Completion,
15_9_F_11_B_2013-07-12,15_9_F_11_B,12-07-2013,3,00:45,03:00,interruption,other,ok,NPT - Other,Unclassified,low,Unable to pass restriction at 3700 m . Attempted to work passed restriction from 3660 m to 3700 m.,NPT-Wellbore/Hole Instability,
15_9_F_11_B_2013-07-12,15_9_F_11_B,12-07-2013,4,03:00,04:15,interruption,other,ok,NPT - Other,Unclassified,low,Pulled back to 3300 m. RIH with BHA # 1RR on wireline from 3300 m to 3557 m. Engaged tractor and RIH with BHA # 1RR on WL tractor from 3557 m to 3750 m. Performed pick-up test and confirmed tool depth.,Productive/Completion,Pulled back and successfully passed restriction on second attempt — RIH resumed and tool depth confirmed. Operation back on track
15_9_F_11_B_2013-07-12,15_9_F_11_B,12-07-2013,5,04:15,05:15,interruption,other,ok,NPT - Other,Unclassified,low,RIH with BHA # 1RR on WL tractor from 3750 m to 3919 m,Productive/Completion,
15_9_F_11_B_2013-07-12,15_9_F_11_B,12-07-2013,8,12:00,12:45,interruption,other,ok,NPT - Other,Unclassified,low,Payed out wireline and Re-spooled to 4160 m.,Productive/Completion,
15_9_F_11_B_2013-07-12,15_9_F_11_B,12-07-2013,13,18:30,19:00,interruption,other,ok,NPT - Other,Unclassified,low,Evaluated situation and formulated plan forward.,agreed,
15_9_F_11_B_2013-07-12,15_9_F_11_B,12-07-2013,15,20:30,22:30,interruption,other,ok,NPT - Other,Unclassified,low,Broke lubricator connection and secured perforating BHA # 1RR with C-plate. Picked-up and verified guns fired. Broke connection above guns and secured tool string inside lubricator and L/O same.,Productive/Completion,
15_9_F_11_B_2013-07-12,15_9_F_11_B,12-07-2013,16,22:30,23:30,interruption,other,ok,NPT - Other,Unclassified,low,POOH with gun assembly and L/O same.,Productive/Tripping,
15_9_F_11_B_2013-07-12,15_9_F_11_B,12-07-2013,17,23:30,00:00,interruption,other,ok,NPT - Other,Unclassified,low,Checked equipment and cleared rig floor,Productive/Completion,
15_9_F_11_B_2013-07-14,15_9_F_11_B,14-07-2013,7,12:15,17:45,interruption,other,ok,NPT - Other,Unclassified,low,POOH to surface. Closed-in well and inflow tested same. bleed off wellhead pressure to 0 bar and broke out lubricator.,Productive/Formation Evaluation,
15_9_F_11_B_2013-07-14,15_9_F_11_B,14-07-2013,9,20:15,23:00,interruption,other,ok,NPT - Other,Unclassified,low,Build new cablehead and tested tools.,NPT - Downhole Equipment/Failure,Building a new cablehead = replacing failed/damaged cablehead
15_9_F_11_B_2013-07-14,15_9_F_11_B,14-07-2013,10,23:00,00:00,interruption,other,ok,NPT - Other,Unclassified,low,P/U and M/U perforation BHA # 3RR.,Productive/Completion,
15_9_F_11_B_2013-07-15,15_9_F_11_B,15-07-2013,1,00:00,00:30,interruption,other,ok,NPT - Other,Unclassified,low,M/U lubricator and tested In-Situ Sub to 30/200 bar for 5/10 min.,Productive/BOP/Wellhead,
15_9_F_11_B_2013-07-15,15_9_F_11_B,15-07-2013,2,00:30,03:00,interruption,other,ok,NPT - Other,Unclassified,low,"RIH with perforation BHA # 3RR on wireline from surface to 3470 m. WHP 37 bar.
(Tool length: 30.85m, MAX OD:4.5 in, Tool Weight: 1184.65 kg)",Productive/Completion,
15_9_F_11_B_2013-07-15,15_9_F_11_B,15-07-2013,3,03:00,05:30,interruption,other,ok,NPT - Other,Unclassified,low,RIH with perforation BHA # 3RR on wireline tractor from 3470 m to 4450 m.,Productive/Completion,
15_9_F_11_B_2013-07-16,15_9_F_11_B,16-07-2013,3,01:45,05:30,interruption,other,ok,NPT - Other,Unclassified,low,POOH with perforation BHA # 4 on wireline from 4450 m to surface. WHP 42 bar.,Productive/Completion,
15_9_F_11_B_2013-07-16,15_9_F_11_B,16-07-2013,4,05:30,06:30,interruption,other,ok,NPT - Other,Unclassified,low,Closed-in well and inflow tested same. Bleed down pressure to 0 bar.,Productive/Formation Evaluation,
15_9_F_11_B_2013-07-16,15_9_F_11_B,16-07-2013,5,06:30,08:45,interruption,other,ok,NPT - Other,Unclassified,low,"Broke out lubrictor and L/O tools.
Wireline logging computer blacked out at 07:30 hrs.",NPT - Surface Equipment/Repair/Maintenance,Breaking out lubricator and laying out tools = planned completion step. However wireline logging computer blackout = unplanned surface equipment failure. NPT wins per simultaneous activity rule
15_9_F_11_B_2013-07-16,15_9_F_11_B,16-07-2013,6,08:45,11:45,interruption,other,ok,NPT - Other,Unclassified,low,Cut wireline and L/D lubricator. R/D wireline wench and prepared to R/U back-up wench.,NPT - Surface Equipment/Repair/Maintenance,
15_9_F_11_B_2013-07-16,15_9_F_11_B,16-07-2013,7,11:45,12:00,interruption,other,ok,NPT - Other,Unclassified,low,Spudded back-up wench on cantilever.,NPT - Surface Equipment/Repair/Maintenance,
15_9_F_11_B_2013-07-16,15_9_F_11_B,16-07-2013,8,12:00,15:30,interruption,other,ok,NPT - Other,Unclassified,low,"Hooked-up and tested wireline unit.
Installed new logging computer.",NPT - Surface Equipment/Repair/Maintenance,
15_9_F_11_B_2013-07-16,15_9_F_11_B,16-07-2013,9,15:30,18:00,interruption,other,ok,NPT - Other,Unclassified,low,"Attempted to test wireline caple, No Go. Slipped and cut 200m sections untill good test. Slipped and cut 800 m wireline and achieved good test.",NPT - Surface Equipment/Repair/Maintenance,
15_9_F_11_B_2013-07-16,15_9_F_11_B,16-07-2013,10,18:00,20:30,interruption,other,ok,NPT - Other,Unclassified,low,Build cablehead and P/U lubricator.,Productive/Completion,
15_9_F_11_B_2013-07-16,15_9_F_11_B,16-07-2013,11,20:30,22:15,interruption,other,ok,NPT - Other,Unclassified,low,P/U and M/U wireline tractor to cablehead. Tested tractor communication and M/U lubricator.,Productive/Completion,
15_9_F_11_B_2013-07-16,15_9_F_11_B,16-07-2013,12,22:15,23:30,interruption,other,ok,NPT - Other,Unclassified,low,"Pressure tested In-situ sub to 30/200 bar, 5/10 min. Displaced lubricator and pressure tested same to 30/345 bar for 5/10 min.",Productive/BOP/Wellhead,
15_9_F_11_B_2013-07-16,15_9_F_11_B,16-07-2013,13,23:30,00:00,interruption,other,ok,NPT - Other,Unclassified,low,Bleed off pressure and broke out lubricator. P/U and M/U perforation BHA # 4RR.,Productive/Completion,
15_9_F_11_B_2013-07-17,15_9_F_11_B,17-07-2013,1,00:00,01:00,interruption,other,ok,NPT - Other,Unclassified,low,"P/U and M/U perforation BHA # 4RR. M/U lubricator and tested In-situ Sub to 30/300 bar for 5/10 min.
(Tool length: 30.85m, MAX OD:4.5 in, Tool Weight: 1184.65 kg)",Productive/Completion,
15_9_F_11_B_2013-07-17,15_9_F_11_B,17-07-2013,2,01:00,03:45,interruption,other,ok,NPT - Other,Unclassified,low,RIH with perforation BHA # 4RR on wireline from surface to 3400 m. WHP 47 bar,Productive/Completion,
15_9_F_11_B_2013-07-17,15_9_F_11_B,17-07-2013,3,03:45,04:30,interruption,other,ok,NPT - Other,Unclassified,low,RIH with perforation BHA # 4RR on wireline tractor from 3400 m to 3670 m.,Productive/Completion,
15_9_F_11_B_2013-07-17,15_9_F_11_B,17-07-2013,4,04:30,10:00,interruption,other,ok,NPT - Other,Unclassified,low,Worked assembly from 3670 m to 3921 m. Unable to pass 3921 m.,NPT-Wellbore/Hole Instability,
15_9_F_11_B_2013-07-17,15_9_F_11_B,17-07-2013,5,10:00,12:30,interruption,other,ok,NPT - Other,Unclassified,low,POOH from 3921 m to surface.,NPT - Downhole Equipment/Failure,Forced POOH after unable to pass restriction — abandoning run due to wellbore/tool issue.
15_9_F_11_B_2013-07-17,15_9_F_11_B,17-07-2013,6,12:30,15:45,interruption,other,ok,NPT - Other,Unclassified,low,Closed and inflow tested well. Broke lubricator and  L/O BHA # 4RR.,Productive/Formation Evaluation,
15_9_F_11_B_2013-07-17,15_9_F_11_B,17-07-2013,7,15:45,20:15,interruption,other,ok,NPT - Other,Unclassified,low,"L/D lubricator and changed greasehead. R/U wireline, build caplehead and tested tools.",NPT - Surface Equipment/Repair/Maintenance,Changing greasehead = unplanned component replacement on wireline surface equipment.
15_9_F_11_B_2013-07-17,15_9_F_11_B,17-07-2013,8,20:15,22:00,interruption,other,ok,NPT - Other,Unclassified,low,P/U and M/U wireline tractor and lubricator. Pressure tested In-Situ Sub to 30/300 bar for 5/10 min and Lubricator to 30/345 bar for 5/10 min.,Productive/BOP/Wellhead,
15_9_F_11_B_2013-07-17,15_9_F_11_B,17-07-2013,9,22:00,22:30,interruption,other,ok,NPT - Other,Unclassified,low,Broke out lubricator. P/U perforation guns and M/U perforation BHA # 4RR2,Productive/Completion,
15_9_F_11_B_2013-07-17,15_9_F_11_B,17-07-2013,10,22:30,23:00,interruption,other,ok,NPT - Other,Unclassified,low,M/U lubricator and tested In-Situ Sub to 30/300 bar for 5/10 min. Eqaulized pressure and opened well.,Productive/BOP/Wellhead,
15_9_F_11_B_2013-07-17,15_9_F_11_B,17-07-2013,11,23:00,00:00,interruption,other,ok,NPT - Other,Unclassified,low,RIH perforation BHA # 4RR2 from surface to 500 m.,Productive/Completion,
15_9_F_11_B_2013-07-18,15_9_F_11_B,18-07-2013,1,00:00,01:45,interruption,other,ok,NPT - Other,Unclassified,low,"RIH with perforation BHA # 4RR2 on wireline from 500 m to 3332 m. Attempted to function Voltage Protection Module to engage tractor, No Go.",NPT - Downhole Equipment/Failure,Tractor Voltage Protection Module failed to function = downhole tool failure mid-run
15_9_F_11_B_2013-07-18,15_9_F_11_B,18-07-2013,3,03:00,05:30,interruption,other,ok,NPT - Other,Unclassified,low,POOH with perforation BHA # 4RR2 on wireline from 3332 m to surface.,NPT - Downhole Equipment/Failure,Forced POOH due to tractor VPM failure
15_9_F_11_B_2013-07-18,15_9_F_11_B,18-07-2013,4,05:30,08:00,interruption,other,ok,NPT - Other,Unclassified,low,Closed and inflow tested Swab and Hydraulic master valves with 46 bar differential pressure. Broke out lubricator and L/O tools.,Productive/Formation Evaluation,
15_9_F_11_B_2013-07-18,15_9_F_11_B,18-07-2013,6,11:00,13:15,interruption,other,ok,NPT - Other,Unclassified,low,"P/U tractor assembly and lubricator. M/U lubricator and tested tools. Eqaulized pressure and opened well. 
(Tool length: 30.85m, MAX OD:4.5 in, Tool Weight: 1184.65 kg)
WHP: 51 bar",Productive/Completion,
15_9_F_11_B_2013-07-18,15_9_F_11_B,18-07-2013,7,13:15,16:00,interruption,other,ok,NPT - Other,Unclassified,low,"RIH with perforation BHA # 4RR3 on wireline from surface to 3350 m.
Tools tested at 250 m.",Productive/Completion,
15_9_F_11_B_2013-07-18,15_9_F_11_B,18-07-2013,8,16:00,19:00,interruption,other,ok,NPT - Other,Unclassified,low,RIH with perforation BHA # 4RR3 on wireline tractor from 3350 m to 4040 m.,Productive/Completion,
15_9_F_11_B_2013-07-18,15_9_F_11_B,18-07-2013,9,19:00,20:15,interruption,other,ok,NPT - Other,Unclassified,low,Correlated and positioned gun assembly at perforation interval # 4 from 4304 m to 4316 m. WHP 51 bar,Productive/Completion,
15_9_F_11_B_2015-10-28,15_9_F_11_B,28-10-2015,15,14:35,15:05,interruption,other,ok,NPT - Other,Unclassified,low,"Restarted tractor software, OK.",NPT - Downhole Equipment/Failure,Unplanned tractor software restart — reactive troubleshooting of downhole tool communication issue from previous batch
15_9_F_11_B_2015-11-01,15_9_F_11_B,01-11-2015,2,02:00,03:30,interruption,other,ok,NPT - Other,Unclassified,low,"Restarted all surface systems and changed to different VPM sub. Communication with VPM sub OK, but not able to switch same. Reviewed issue from last campaign, not similar issue.",NPT - Downhole Equipment/Failure,
15_9_F_11_B_2015-11-01,15_9_F_11_B,01-11-2015,3,03:30,04:30,interruption,other,ok,NPT - Other,Unclassified,low,Contacted onshore duty and continued to troubleshoot.,NPT - Downhole Equipment/Failure,
15_9_F_11_B_2015-11-01,15_9_F_11_B,01-11-2015,4,04:30,05:20,interruption,other,ok,NPT - Other,Unclassified,low,Removed the additional rig-grounding on the tool and switched VPM directly from the panel. VPM was switching OK. Issue most likely related to current grounding.,NPT - Downhole Equipment/Failure,
15_9_F_11_B_2015-11-02,15_9_F_11_B,02-11-2015,3,01:30,02:00,interruption,other,ok,NPT - Other,Unclassified,low,Leak on the drum for one of the hoses running from the grease skid up to GIH. Isolated same and continued POOH with only one hose injecting grease to GIH.,NPT - Surface Equipment/Repair/Maintenance,Grease hose drum leak = unplanned surface equipment failure
15_9_F_11_B_2016-04-18,15_9_F_11_B,18-04-2016,23,17:05,17:25,interruption,other,ok,NPT - Other,Unclassified,low,Waited while production department greased HMV.,NPT - External/Materials/Logistics,
15_9_F_11_B_2016-04-18,15_9_F_11_B,18-04-2016,28,19:50,20:10,interruption,other,ok,NPT - Other,Unclassified,low,Changed damaged O-Ring in lubricator and leak tested same to 20/345 bar for 5/10 min.,NPT - Surface Equipment/Repair/Maintenance,
15_9_F_11_B_2016-04-22,15_9_F_11_B,22-04-2016,10,14:00,14:30,interruption,other,ok,NPT - Other,Unclassified,low,Leak tested lubricator to 20/345 bar for 5/10 min. Opened HMV,Productive/BOP/Wellhead,
15_9_F_11_B_2016-04-22,15_9_F_11_B,22-04-2016,12,16:00,17:55,interruption,other,ok,NPT - Other,Unclassified,low,Closed DHSV and bled down pressure in tubing to 3 bar.,Productive/BOP/Wellhead,
15_9_F_11_B_2016-04-22,15_9_F_11_B,22-04-2016,13,17:55,18:50,interruption,other,ok,NPT - Other,Unclassified,low,Inflow tested DHSV to 59 bar dP for 30 min.,Productive/Formation Evaluation,
15_9_F_11_B_2016-04-22,15_9_F_11_B,22-04-2016,14,18:50,19:55,interruption,other,ok,NPT - Other,Unclassified,low,Bled off remaining pressure in tubing to 0 bar,Productive/BOP/Wellhead,Planned pressure bleed-off after DHSV test — standard well control step
15_9_F_11_B_2016-04-22,15_9_F_11_B,22-04-2016,15,19:55,20:50,interruption,other,ok,NPT - Other,Unclassified,low,Closed HMV and purged lubricator with N2.,Productive/BOP/Wellhead,
15_9_F_11_B_2016-04-22,15_9_F_11_B,22-04-2016,16,20:50,21:30,interruption,other,ok,NPT - Other,Unclassified,low,Broke lubricator and L/D BHA #2 (Straddle w/ Tractor) on drill floor.,Productive/Completion,
15_9_F_11_B_2016-04-22,15_9_F_11_B,22-04-2016,17,21:30,22:10,interruption,other,ok,NPT - Other,Unclassified,low,"Disconnected lower riser from X-over and liftet Riser section and BOP using top drive with double securing. 
Changed O-ring on X-over and stabbed riser back onto X-over.",NPT - Surface Equipment/Repair/Maintenance,
15_9_F_11_B_2016-04-22,15_9_F_11_B,22-04-2016,18,22:10,22:20,interruption,other,ok,NPT - Other,Unclassified,low,"Disconnected XMT from X-over and liftet Riser section and BOP using top drive with double securing. 
Changed O-ring on X-over and stabbed riser back onto XMT. 
One of the O-rings had some small marks.",NPT - Surface Equipment/Repair/Maintenance,
15_9_F_11_B_2016-04-22,15_9_F_11_B,22-04-2016,19,22:20,22:40,interruption,other,ok,NPT - Other,Unclassified,low,Closed shear ram on BOP and leak tested between SV and BOP to 200 bar for 10 min.,Productive/BOP/Wellhead,
15_9_F_11_B_2016-04-22,15_9_F_11_B,22-04-2016,21,23:10,00:00,interruption,other,ok,NPT - Other,Unclassified,low,M/U BHA for run #2 (Straddle w/ tractor).,Productive/Completion,
15_9_F_11_B_2016-04-23,15_9_F_11_B,23-04-2016,1,00:00,01:15,interruption,other,ok,NPT - Other,Unclassified,low,Stabbed on lubricator and leak tested rig-up to 20/345 bar for 5/10 min using 100% MEG.,Productive/BOP/Wellhead,
15_9_F_11_B_2016-04-23,15_9_F_11_B,23-04-2016,2,01:15,02:10,interruption,other,ok,NPT - Other,Unclassified,low,Opened HMV. Equalized and opened DHSV. WHP 59 bar.,Productive/BOP/Wellhead,
15_9_F_11_B_2016-09-19,15_9_F_11_B,19-09-2016,11,19:45,21:30,plug abandon,other,ok,Productive,Plug Abandon - Other,low,"Lifted and installed WL BOP, installed hoses",Productive/BOP/Wellhead,
15_9_F_11_B_2016-09-19,15_9_F_11_B,19-09-2016,13,23:00,00:00,interruption,other,ok,NPT - Other,Unclassified,low,Attempted to pressure test lower riser and WL BOP. Observed leak in the connection between lower riser and XT. Drained riser and lifted lower riser and WL BOP from XT. Secured work place.  Inspected connection. Observed scratches on the internal sealing face on the XT side,NPT - Surface Equipment/Repair/Maintenance,Failed pressure test revealing leak + scratched sealing face on XT = unplanned surface/wellhead equipment damage requiring repair
15_9_F_11_B_2016-09-20,15_9_F_11_B,20-09-2016,1,00:00,02:00,interruption,other,ok,NPT - Other,Unclassified,low,Evaluated situation. Located replacement X-over on F-04 well. Meanwhile opened BOP on stump and serviced drilling equipment,NPT - Surface Equipment/Repair/Maintenance,
15_9_F_11_B_2016-09-20,15_9_F_11_B,20-09-2016,2,02:00,04:00,interruption,other,ok,NPT - Other,Unclassified,low,"Waited for production to prepare paperwork, isolate F-4 and bleed off pressure below tree cap. Meanwhile removed damaged X-over from F-11B XT. Built lubricator on rig floor",NPT - External/Materials/Logistics,
15_9_F_11_B_2016-09-20,15_9_F_11_B,20-09-2016,3,04:00,07:00,interruption,other,ok,NPT - Other,Unclassified,low,Attempted to disconnect tree cap from X-over on F-4. No-go. Meanwhile opened and inspected BOP for cement,NPT - Surface Equipment/Repair/Maintenance,
15_9_F_11_B_2016-09-20,15_9_F_11_B,20-09-2016,4,07:00,07:30,interruption,other,ok,NPT - Other,Unclassified,low,Removed X-over from the XT and moved same to welders shop to attempt to release tree cap from X-over,NPT - Surface Equipment/Repair/Maintenance,
15_9_F_11_B_2016-09-20,15_9_F_11_B,20-09-2016,5,07:30,09:30,interruption,other,ok,NPT - Other,Unclassified,low,Release tree can from the X-over in the welders shop with help of heating,NPT - Surface Equipment/Repair/Maintenance,
15_9_F_11_B_2016-09-20,15_9_F_11_B,20-09-2016,6,09:30,10:00,interruption,other,ok,NPT - Other,Unclassified,low,Installed X-over on XT on F-11B well,Productive/BOP/Wellhead,
15_9_F_11_B_2016-09-20,15_9_F_11_B,20-09-2016,7,10:00,10:30,interruption,other,ok,NPT - Other,Unclassified,low,Installed lower riser and WL BOP on XT,Productive/BOP/Wellhead,
15_9_F_11_B_2016-09-20,15_9_F_11_B,20-09-2016,8,10:30,11:30,interruption,other,ok,NPT - Other,Unclassified,low,"Attempted to pressure test of bleed off manifold and connection on WL lower riser to XT, 20/345bar 5/10 min. Observed leak on bleed off manifold",NPT - Surface Equipment/Repair/Maintenance,
15_9_F_11_B_2016-09-20,15_9_F_11_B,20-09-2016,9,11:30,12:15,interruption,other,ok,NPT - Other,Unclassified,low,Troubleshoot leak on bleed off manifold,NPT - Surface Equipment/Repair/Maintenance,
15_9_F_11_B_2016-09-21,15_9_F_11_B,21-09-2016,7,08:15,09:00,interruption,other,ok,NPT - Other,Unclassified,low,Built new cablehead.,NPT - Surface Equipment/Repair/Maintenance,
15_9_F_11_B_2016-09-21,15_9_F_11_B,21-09-2016,13,15:30,16:30,plug abandon,other,ok,Productive,Plug Abandon - Other,low,Closed SV and leak tested tree/cross to 345 bar.,Productive/BOP/Wellhead,
15_9_F_11_B_2016-09-21,15_9_F_11_B,21-09-2016,14,16:30,17:30,plug abandon,other,ok,Productive,Plug Abandon - Other,low,Broke off lubricator and L/D tool string,Productive/Completion,
15_9_F_11_B_2016-09-22,15_9_F_11_B,22-09-2016,8,05:00,05:30,plug abandon,other,ok,Productive,Plug Abandon - Other,low,Lowered diverter chains on TDS bails to wellhead and attached to X-tree with double securing. Took weight as per lifting plan and removed Grayloc clamp. Meanwhile performed pressure tests of kill/choke manifolds,agreed,
15_9_F_11_B_2016-09-22,15_9_F_11_B,22-09-2016,28,21:45,22:00,plug abandon,other,ok,Productive,Plug Abandon - Other,low,Performed Pre-job Meeting to P/U THRT,agreed,
15_9_F_11_B_2016-09-23,15_9_F_11_B,23-09-2016,8,02:30,03:00,plug abandon,other,ok,Productive,Plug Abandon - Other,low,"RD swedge, LTV and cement hose. Meanwhile held TBT for pulling tubing hanger free",agreed,
15_9_F_11_B_2016-09-27,15_9_F_11_B,27-09-2016,12,07:30,07:45,plug abandon,other,ok,Productive,Plug Abandon - Other,low,"Removed master bushing, installed drill pipe slips",Productive/Tripping,
15_9_F_11_B_2016-09-27,15_9_F_11_B,27-09-2016,30,18:00,19:45,plug abandon,other,ok,Productive,Plug Abandon - Other,low,P/U 2x 3m pup joints and 1x 1.5m pup joint for spaceout and RIH w/ EZSV assembly to 845m. Average running speed 480m/hour,agreed,
15_9_F_11_B_2016-10-21,15_9_F_11_B,21-10-2016,15,15:15,16:00,plug abandon,other,ok,Productive,Plug Abandon - Other,low,POOH with inner string. R/B cutter BHA.,agreed,
15_9_F_11_B_2016-10-21,15_9_F_11_B,21-10-2016,21,19:15,20:45,plug abandon,other,ok,Productive,Plug Abandon - Other,low,"Re-aligned cutter and started new cut.
Cut riser, vibrations still present. Significant wave height 0,7m.
R/D cutting machine.",agreed,
15_9_F_11_T2_2013-03-24,15_9_F_11_T2,24-03-2013,4,12:30,14:00,interruption,other,ok,NPT - Other,Unclassified,low,"Made wiper trip from 244 m to inside 30"" shoe at 202 m with 3000 l/min, 72 bar, 15 RPM, 2 kNm.",Productive/Tripping,
15_9_F_11_T2_2013-03-24,15_9_F_11_T2,24-03-2013,5,14:00,15:00,interruption,other,ok,NPT - Other,Unclassified,low,"Washed and reamed down from 30"" Conductor shoe at 202 m to 244 m, 3000 l/min, 72 bar, 15 RPM, 2 kNm, no obstruction observed. Reamed back from 244 m to 238 m, 3000 l/min, 72 bar, 15 RPM, 2 kNm.",Productive/Drilling,
15_9_F_11_T2_2013-03-24,15_9_F_11_T2,24-03-2013,6,15:00,15:30,interruption,other,ok,NPT - Other,Unclassified,low,"R/U wireline, RIH and took Gyro survey (238 m bit depth):

Survey station (m)   Inclination (deg)  Azi (deg)
         196                     0.14              241.85",Productive/Surveying,
15_9_F_11_T2_2013-03-24,15_9_F_11_T2,24-03-2013,7,15:30,16:30,interruption,other,ok,NPT - Other,Unclassified,low,"Washed down from 238 m to bottom at 266 m, 3000 - 3500 l/min, 72 - 90 bar. No obstruction observed.",Productive/Drilling,
15_9_F_11_T2_2013-03-24,15_9_F_11_T2,24-03-2013,8,16:30,17:00,interruption,other,ok,NPT - Other,Unclassified,low,"R/U wireline, RIH and took Gyro survey (265 m bit depth):

Survey station (m)   Inclination (deg)  Azi (deg)
         223.6                     0.58              285.5",Productive/Surveying,
15_9_F_11_T2_2013-03-24,15_9_F_11_T2,24-03-2013,11,20:30,21:00,interruption,other,ok,NPT - Other,Unclassified,low,"R/U wireline, RIH and took Gyro survey (277 m bit depth):

Survey station (m)   Inclination (deg)  Azi (deg)
         236.9                     0.59             283.17",Productive/Surveying,
15_9_F_11_T2_2013-03-24,15_9_F_11_T2,24-03-2013,13,22:00,22:30,interruption,other,ok,NPT - Other,Unclassified,low,"R/U wireline, RIH and took Gyro survey (290 m bit depth):

Survey station (m)   Inclination (deg)  Azi (deg)
         249.0                    0.97             314.87",Productive/Surveying,
15_9_F_11_T2_2013-03-24,15_9_F_11_T2,24-03-2013,15,23:30,00:00,interruption,other,ok,NPT - Other,Unclassified,low,"R/U wireline, RIH and took Gyro survey (305 m bit depth):

Survey station (m)   Inclination (deg)  Azi (deg)
         264.0                    1.32             310.50",Productive/Surveying,
15_9_F_11_T2_2013-03-25,15_9_F_11_T2,25-03-2013,2,01:30,02:00,interruption,other,ok,NPT - Other,Unclassified,low,"R/U wireline, RIH and took Gyro survey (317 m bit depth):

Survey station (m)   Inclination (deg)  Azi (deg)
         276.4                    1.41             316.92",Productive/Surveying,
15_9_F_11_T2_2013-03-25,15_9_F_11_T2,25-03-2013,4,03:00,03:30,interruption,other,ok,NPT - Other,Unclassified,low,"R/U wireline, RIH and took Gyro survey (332 m bit depth):

Survey station (m)   Inclination (deg)  Azi (deg)
         290.2                   1.30             318.66",Productive/Surveying,
15_9_F_11_T2_2013-03-25,15_9_F_11_T2,25-03-2013,6,04:30,05:00,interruption,other,ok,NPT - Other,Unclassified,low,"R/U wireline, RIH and took Gyro survey (345 m bit depth):

Survey station (m)   Inclination (deg)  Azi (deg)
         305                   1.06             321.43",Productive/Surveying,
15_9_F_11_T2_2013-03-25,15_9_F_11_T2,25-03-2013,23,17:30,21:30,interruption,other,ok,NPT - Other,Unclassified,low,"Checked crown block fast-line sheave and found bearing ceased onto shaft. Evaluated situation and informed offshore and onshore managment. Prepared forward plan to POOH 26"" BHA prior to working on fast-line sheave. Barriered off rig floor and cantelever.

Meanwhile:
Circulated well 1100 l/min, 8 bar, 20 RPM, 2 kNm. Attempted to apply lubricant to fast-line sheave.",NPT - Surface Equipment/Repair/Maintenance,Seized crown block bearing = critical surface equipment failure. Barriering off rig floor + management notification + forced POOH of BHA = major unplanned repair event
15_9_F_11_T2_2013-03-26,15_9_F_11_T2,26-03-2013,5,07:00,07:30,interruption,other,ok,NPT - Other,Unclassified,low,"Performed Pre-job Meeting with new crew prior to handling 26"" BHA.",NPT - Surface Equipment/Repair/Maintenance,
15_9_F_11_T2_2013-03-26,15_9_F_11_T2,26-03-2013,7,10:00,10:30,interruption,other,ok,NPT - Other,Unclassified,low,"Performed Pre-job Meeting prior to L/D 26"" BHA to deck.",NPT - Surface Equipment/Repair/Maintenance,
15_9_F_11_T2_2013-03-26,15_9_F_11_T2,26-03-2013,9,13:30,14:00,interruption,other,ok,NPT - Other,Unclassified,low,Cleared and cleaned rig floor.,NPT - Surface Equipment/Repair/Maintenance,
15_9_F_11_T2_2013-03-26,15_9_F_11_T2,26-03-2013,12,21:30,22:00,interruption,other,ok,NPT - Other,Unclassified,low,Performed pre-job meeting prior to work aloft on fast-line sheave in crown block.,NPT - Surface Equipment/Repair/Maintenance,
15_9_F_11_T2_2013-03-27,15_9_F_11_T2,27-03-2013,2,07:00,07:30,interruption,other,ok,NPT - Other,Unclassified,low,Performed pre-job meeting prior to work aloft on fast-line sheave in crown block.,NPT - Surface Equipment/Repair/Maintenance,
15_9_F_11_T2_2013-03-27,15_9_F_11_T2,27-03-2013,4,19:00,19:30,interruption,other,ok,NPT - Other,Unclassified,low,Performed pre-job meeting prior to work aloft on fast-line sheave in crown block.,NPT - Surface Equipment/Repair/Maintenance,
15_9_F_11_T2_2013-03-29,15_9_F_11_T2,29-03-2013,4,12:00,12:30,interruption,other,ok,NPT - Other,Unclassified,low,Rigged up wireline sheave.,NPT - Surface Equipment/Repair/Maintenance,
15_9_F_11_T2_2013-03-29,15_9_F_11_T2,29-03-2013,9,22:30,23:00,interruption,other,ok,NPT - Other,Unclassified,low,"Performed Pre-job Meeting prior to run in hole with 26"" bottom hole assembly.

Meanwhile: Ran wireline gyro and set to 356 degrees.",Productive/Drilling,
15_9_F_11_T2_2013-03-30,15_9_F_11_T2,30-03-2013,3,02:30,02:45,interruption,other,ok,NPT - Other,Unclassified,low,"Performed survey with GyroTrak.

Survey station (m)   Inclination (deg)  Azi (deg)
         426.7                    2.55              313.14",Productive/Surveying,
15_9_F_11_T2_2013-04-06,15_9_F_11_T2,06-04-2013,7,11:00,13:00,drilling,other,ok,NPT - Surface Equipment,Repair/Maintenance,medium,"Displaced 3000 liter SW from cement unit using cement pump. 
Did not observe top plug shear after +/- 820 liters as prognosed.
Continued to displace with SW using rig pumps at 3900 liter/min, 45-50 bar.
After 2990 liter pumped observed pressure spike of 111 bar. Indicating top plug sheared.
Under displaced with 10 m3, did not bump plug.
Total displacement 201 m3 SW.
Bleed back pressure to trip tank and monitored for backflow, no flow observed.
Disconnected cement hose and removed same.",Productive/ Casing/Cementing,
15_9_F_11_T2_2013-04-12,15_9_F_11_T2,12-04-2013,4,08:00,09:30,interruption,other,ok,NPT - Other,Unclassified,low,Installed new type wash pipe.,NPT - Surface Equipment/Repair/Maintenance,Wash pipe replacement = unplanned surface equipment maintenance on TDS — same wash pipe issue seen later in this batch confirms recurring problem
15_9_F_11_T2_2013-04-15,15_9_F_11_T2,15-04-2013,2,02:00,05:30,interruption,other,ok,NPT - Other,Unclassified,low,"Washed down from 1360 m to 1400 m with 4400 liter/min, 274 bar, 60 rpm, 8 kNm.
Performed survey.
Rupture disk tripped on MP #1 and MP #2.
Replaced rupture discs.",NPT - Surface Equipment/Repair/Maintenance,Rupture discs tripping on two mud pumps = unplanned surface equipment failure. Washing and survey were productive but rupture disc failure and replacement is the dominant event
15_9_F_11_T2_2013-04-17,15_9_F_11_T2,17-04-2013,1,00:00,01:00,interruption,other,ok,NPT - Other,Unclassified,low,"Restarted all rig systems.

Meanwhile:
Lined up and observed well on trip tank.
Rotated string  periodically to ensure free movement.",NPT - Surface Equipment/Repair/Maintenance,
15_9_F_11_T2_2013-04-17,15_9_F_11_T2,17-04-2013,2,01:00,02:00,interruption,other,ok,NPT - Other,Unclassified,low,"Restarted all rig systems.

Meanwhile:
Established circulation with 440 liter/min, 7 bar.
Reciprocated pipe.",NPT - Surface Equipment/Repair/Maintenance,
15_9_F_11_T2_2013-04-18,15_9_F_11_T2,18-04-2013,5,17:30,20:30,drilling,other,ok,Productive,Drilling - Other,low,"Test run augers. 

Meanwhile circ with 1420lpm",agreed,
15_9_F_11_T2_2013-04-29,15_9_F_11_T2,29-04-2013,7,11:00,13:00,interruption,other,ok,NPT - Other,Unclassified,low,Troubleshoot de-coding problem with MWD tools.,NPT - Downhole Equipment/Failure,MWD decoding problem = unplanned downhole tool failure requiring troubleshooting
15_9_F_11_T2_2013-05-01,15_9_F_11_T2,01-05-2013,2,04:30,09:00,interruption,other,ok,NPT - Other,Unclassified,low,"Picked up off bottom and reciprocated string with 1800 lpm, 160 bar, 60/120 Up//Dw rpm.
Purged mud logging unit, re-booted computers, reset and calibrated settings.",NPT - Surface Equipment/Repair/Maintenance,
15_9_F_11_T2_2013-05-11,15_9_F_11_T2,11-05-2013,12,15:30,17:00,drilling,other,ok,NPT - Surface Equipment,Repair/Maintenance,medium,"Pumped 11.8 m3 of 1.50 sg spacer. Mixed and pumped 10 m3 of 1.90 sg cement slurry. Displaced the cement to the rig floor with 890 l of drill water. Reset stroke counters. Pumped 2.8 m3 of 1.50 sg spacer. Displaced the cement with 40.6 m3 (1833 strokes) of 1.32 sg OBM. Underdisplaced with 2.5m3.

Rotated with 20 rpm and 15 kNm during displacement.",Productive/ Casing/Cementing,
15_9_F_11_T2_2013-05-14,15_9_F_11_T2,14-05-2013,1,00:00,04:00,drilling,other,ok,Productive,Drilling - Other,low,"Circulated out spacer and excess cement at 2569m MD with 2500 lpm, 162 bar and 60 rpm.",Productive/ Casing/Cementing,
15_9_F_11_T2_2013-05-14,15_9_F_11_T2,14-05-2013,5,09:00,10:30,drilling,other,ok,Productive,Drilling - Other,low,"Pulled out of hole with 3 1/2"" cement stinger from 291m MD and racked back same. Broke out and laid down mule shoe.",Productive/ Casing/Cementing,
15_9_F_12_2007-06-15,15_9_F_12,15-06-2007,4,04:30,05:00,interruption,other,ok,NPT - Other,Unclassified,low,Had problems with PRS when picking assembly from derrick. Troubleshot PRS.,NPT - Surface Equipment/Repair/Maintenance,PRS malfunction during pipe handling = unplanned surface equipment failure — recurring PRS issue seen across multiple batches
15_9_F_12_2007-06-21,15_9_F_12,21-06-2007,2,01:30,02:30,interruption,other,ok,NPT - Other,Unclassified,low,"Changed dye block retaining plate on TDS.

Meanwhile worked to function flowline isolation valve.",NPT - Surface Equipment/Repair/Maintenance,
15_9_F_12_2007-06-21,15_9_F_12,21-06-2007,8,09:00,00:00,interruption,other,ok,NPT - Other,Unclassified,low,"Worked to function flowline isolation valve.

Meanwhile :
-Changed conveyer belt on HTS
-Treated pit #5,#6 and #7 with H2S scavanger
-Laid out HPDR on pipedeck",NPT - Surface Equipment/Repair/Maintenance,
15_9_F_12_2007-06-22,15_9_F_12,22-06-2007,1,00:00,06:00,interruption,other,ok,NPT - Other,Unclassified,low,"Worked to function flowline isolation valve.

Meanwhile .
-Preparing for making up HPDR in doubles on pipedeck
-Transferred slop from pit #6 to DCI holding tank",NPT - Surface Equipment/Repair/Maintenance,
15_9_F_12_2007-06-22,15_9_F_12,22-06-2007,2,06:00,14:00,interruption,other,ok,NPT - Other,Unclassified,low,"Function tested flowline isolation valve from Koomey unit. Could not operate valve from BOP panel due to lacking signal from PLC. Managed to operate flowline isolation valve manually. 

Meanwhile .
-Worked on TDS and flowline actuator.
-Performed daily maintenace, PMs and housekeeping.
-Emptied flowline to trip tank.
-Greased flowline isolation valve periodically during testing.",NPT - Surface Equipment/Repair/Maintenance,
15_9_F_12_2007-06-28,15_9_F_12,28-06-2007,3,15:30,20:00,interruption,other,ok,NPT - Other,Unclassified,low,"Washed down from 251 m to 618 m, 2250 lpm/109 bar. No fill.",Productive/Drilling,
15_9_F_12_2007-07-02,15_9_F_12,02-07-2007,1,00:00,03:00,drilling,other,ok,Productive,Drilling - Other,low,"POOH and LO 8 1/2"" BHA from 32 m to OOH. Removed RA source from MWD tool and dumped memory data.",Productive/Drilling,
15_9_F_12_2007-07-02,15_9_F_12,02-07-2007,3,06:00,09:30,interruption,other,ok,NPT - Other,Unclassified,low,Removed broken stud from diverter locking dog. Installed new lifting bolt. Bled off pressure in tension system from 90 bar to 60 bar and observed easier movement of locking dog.,NPT - Surface Equipment/Repair/Maintenance,Broken stud on diverter locking dog = unplanned surface equipment repair. Pressure adjustment to ease movement = reactive intervention
15_9_F_12_2007-07-20,15_9_F_12,20-07-2007,11,07:45,09:45,interruption,other,ok,NPT - Other,Unclassified,low,"Malfunction on AFT PRS. investigated situation, found bursted hose in dragchain.",NPT - Surface Equipment/Repair/Maintenance,
15_9_F_12_2007-07-20,15_9_F_12,20-07-2007,17,15:00,15:15,interruption,other,ok,NPT - Other,Unclassified,low,Held toolbox talk prior to removing diverter.,NPT - Surface Equipment/Repair/Maintenance,
15_9_F_12_2007-07-20,15_9_F_12,20-07-2007,18,15:15,16:45,interruption,other,ok,NPT - Other,Unclassified,low,Picked up diverter and set aside. Thightened slick-joint/overshot connection on the BOP. Filled riser with water and verifed connection holding hydrostatic pressure. Installed diverter in housing.,NPT - Surface Equipment/Repair/Maintenance,
15_9_F_12_2007-07-22,15_9_F_12,22-07-2007,14,13:30,15:45,interruption,other,ok,NPT - Other,Unclassified,low,"Dismanteled manual choke valve on standpipe manifold. Greased valve S2, 10 and 11.",NPT - Surface Equipment/Repair/Maintenance,
15_9_F_12_2007-07-22,15_9_F_12,22-07-2007,15,15:45,17:15,interruption,other,ok,NPT - Other,Unclassified,low,"Pressure tested standpipe manifold. Valves S3, 6, 7, 8 and 11 tested ok.",Productive/BOP/Wellhead,
15_9_F_12_2007-07-22,15_9_F_12,22-07-2007,19,23:00,23:30,interruption,other,ok,NPT - Other,Unclassified,low,Worked to clean and re-start cuttings conveyer belt.,NPT - Surface Equipment/Repair/Maintenance,Cuttings conveyor belt not restarting = unplanned surface equipment failure on cuttings handling system
15_9_F_12_2007-07-23,15_9_F_12,23-07-2007,2,00:15,05:00,interruption,other,ok,NPT - Other,Unclassified,low,"Conveyer belt could not be restarted as the shute in which the belt is running was full of cuttings. Opened forward shute on conveyer system to bring cuttings forward into skip. Emptied conveyer screws in shaker room into skips. Removed cuttings from conveyer belt shute with HP guns, fire hoses and suction hoses. Cleaned up cuttings from deck.

Meanwhile circulated well with low rate and rotated string at 20 rpm.",NPT - Surface Equipment/Repair/Maintenance,
15_9_F_12_2007-07-23,15_9_F_12,23-07-2007,7,08:30,09:45,interruption,other,ok,NPT - Other,Unclassified,low,Worked to open blockage/remove cuttings from conveyer screws in shaker room.,NPT - Surface Equipment/Repair/Maintenance,
15_9_F_12_2007-07-23,15_9_F_12,23-07-2007,11,12:30,13:00,interruption,other,ok,NPT - Other,Unclassified,low,Worked to open blockage/remove cuttings from conveyer screws in shaker room.,NPT - Surface Equipment/Repair/Maintenance,
15_9_F_12_2007-07-23,15_9_F_12,23-07-2007,15,15:30,16:30,interruption,other,ok,NPT - Other,Unclassified,low,"POOH with 17 1/2"" drilling BHA from 1546 m to 1467 m MD. Tight hole took approx 30 MT overpull.",NPT-Wellbore/Hole Instability,
15_9_F_12_2007-07-24,15_9_F_12,24-07-2007,1,00:00,02:45,interruption,other,ok,NPT - Other,Unclassified,low,Continued making modifications to cuttings conveyer belt.,NPT - Surface Equipment/Repair/Maintenance,
15_9_F_12_2007-07-24,15_9_F_12,24-07-2007,3,04:30,05:30,interruption,other,ok,NPT - Other,Unclassified,low,Tagged fill at 1541 m MD. Stepped up rate to 4500 lpm. Worked to get stable conditions on shakers and cuttings conveyer belt. Took cuttings partly to conveyer belt and partly to DCI unit with overboard discharge. Cut back rate to 3500 lpm to get stable condtions on shakers.,NPT - Surface Equipment/Repair/Maintenance,
15_9_F_12_2007-07-24,15_9_F_12,24-07-2007,4,05:30,06:00,interruption,other,ok,NPT - Other,Unclassified,low,Washed from 1541 m to 1546 m MD. Parameters : Flow 3500 lpm / SPP 162 bar / 120 rpm / <1 MT WOB / Torque 13 kNm.,Productive/Drilling,
15_9_F_12_2007-07-25,15_9_F_12,25-07-2007,3,04:45,05:00,interruption,other,ok,NPT - Other,Unclassified,low,"RIH with 17 1/2"" drillng BHA for recommencement of drilling.",Productive/Tripping,
15_9_F_12_2007-07-25,15_9_F_12,25-07-2007,6,09:45,12:00,interruption,other,ok,NPT - Other,Unclassified,low,Had to change die retainer plate on TDS. Circulated hole clean. Installed manual slips. Racked back 1 stand and installed side entry circulation sub. Hooked up coflex for circulation while working on TDS.,NPT - Surface Equipment/Repair/Maintenance,Die retainer plate replacement on TDS = unplanned surface equipment repair. Installing manual slips and side entry sub = workaround to maintain circulation during TDS repair
15_9_F_12_2007-07-25,15_9_F_12,25-07-2007,7,12:00,15:45,interruption,other,ok,NPT - Other,Unclassified,low,Dismanteled and replaced die retainer plate on TDS. Meanwhile circulated at 1500 lpm.,NPT - Surface Equipment/Repair/Maintenance,
15_9_F_12_2007-07-25,15_9_F_12,25-07-2007,8,15:45,16:45,interruption,other,ok,NPT - Other,Unclassified,low,Tested torque wrench on TDS - ok. Installed automatic slips.,NPT - Surface Equipment/Repair/Maintenance,Post-repair TDS torque wrench test = verification step after die retainer plate replacement. Returning to automatic slips = end of repair workaround
15_9_F_12_2007-07-27,15_9_F_12,27-07-2007,6,21:45,00:00,interruption,other,ok,NPT - Other,Unclassified,low,Had leakage on TDS washpipe. Installed manual slips. Installed side entry circulation sub. Connected cement hose and circulated 1300 lpm while working on washpipe. Parked topdrive and changed washpipe.,NPT - Surface Equipment/Repair/Maintenance,
15_9_F_12_2007-07-28,15_9_F_12,28-07-2007,1,00:00,01:30,interruption,other,ok,NPT - Other,Unclassified,low,Continued changing washpipe on TDS. Greased TDS.,NPT - Surface Equipment/Repair/Maintenance,
15_9_F_12_2007-07-30,15_9_F_12,30-07-2007,8,10:15,10:30,interruption,other,ok,NPT - Other,Unclassified,low,Troubleshot fingerboard communication with AD control panel.,NPT - Surface Equipment/Repair/Maintenance,Fingerboard/AD control panel communication failure = unplanned surface equipment troubleshooting on pipe racking/derrick system
15_9_F_12_2007-07-30,15_9_F_12,30-07-2007,9,10:30,11:15,interruption,other,ok,NPT - Other,Unclassified,low,"RIH with 17 1/2"" drilling BHA from 40 m to 205 m MD on 5 1/2"" HWDP to locate RA source below sealevel.",Productive/Tripping,
15_9_F_12_2007-07-30,15_9_F_12,30-07-2007,10,11:15,14:15,interruption,other,ok,NPT - Other,Unclassified,low,Continued to work on collar fingerboard.,NPT - Surface Equipment/Repair/Maintenance,
15_9_F_12_2007-07-30,15_9_F_12,30-07-2007,11,14:15,14:45,interruption,other,ok,NPT - Other,Unclassified,low,"POOH with 17 1/2"" drilling BHA from 205 m to 40 m MD on 5 1/2"" HWDP.",Productive/Tripping,
15_9_F_12_2007-07-30,15_9_F_12,30-07-2007,12,14:45,15:00,interruption,other,ok,NPT - Other,Unclassified,low,Held toolbox talk prior to operating collar fingers manually.,NPT - Surface Equipment/Repair/Maintenance,
15_9_F_12_2007-07-30,15_9_F_12,30-07-2007,16,18:30,19:00,interruption,other,ok,NPT - Other,Unclassified,low,Troubleshot fingerboard.,NPT - Surface Equipment/Repair/Maintenance,
15_9_F_12_2007-08-04,15_9_F_12,04-08-2007,5,12:00,14:00,interruption,other,ok,NPT - Other,Unclassified,low,Trouble-shooted casing coupling jamming. Removed inner bushing and master bushing. Ran casing hanger through rotary. Installed bushings and sat slips.,NPT - Surface Equipment/Repair/Maintenance,
15_9_F_12_2007-08-07,15_9_F_12,07-08-2007,2,00:30,06:00,interruption,other,ok,NPT - Other,Unclassified,low,"Held tool box meeting prior to rigging up to pull diverter. Removed elevators and RU to pull diverter. Pulled diverter to rig floor. RU ""C"" spanner to bell nipple and undid nut. Removed seals and cleaned area. Found upper seal to be damaged.

Meanwhile installed check valve and DCI hose on wellhead using ROV. Broke ROV handle on DCI hose.",NPT - Surface Equipment/Repair/Maintenance,
15_9_F_12_2007-08-14,15_9_F_12,14-08-2007,7,19:00,19:30,interruption,other,ok,NPT - Other,Unclassified,low,Had problem with PRS ZMS system. Circulated while rectifying problem.,NPT - Surface Equipment/Repair/Maintenance,
15_9_F_12_2007-08-16,15_9_F_12,16-08-2007,5,23:15,00:00,interruption,other,ok,NPT - Other,Unclassified,low,Wash pipe started leaking at 3017 m MD. Lined well up on trip tank. POOH to 3013 m and RB one std. Held tool box talk.,NPT - Surface Equipment/Repair/Maintenance,
15_9_F_12_2007-08-31,15_9_F_12,31-08-2007,10,11:00,12:00,interruption,other,ok,NPT - Other,Unclassified,low,Performed FG inspection in derrick. Lock nut traced to clamp on ladder to crown block.,NPT-Other/HSE/Permits,
15_9_F_12_2007-09-07,15_9_F_12,07-09-2007,7,15:00,15:45,interruption,other,ok,NPT - Other,Unclassified,low,Changed hydraulic fitting on BX elevator.,NPT - Surface Equipment/Repair/Maintenance,
15_9_F_12_2007-09-08,15_9_F_12,08-09-2007,7,20:00,20:30,interruption,other,ok,NPT - Other,Unclassified,low,MÃ¦rsk ET techican fixed problem on software.,NPT - Surface Equipment/Repair/Maintenance,
15_9_F_12_2007-09-10,15_9_F_12,10-09-2007,13,18:00,00:00,interruption,other,ok,NPT - Other,Unclassified,low,"Worked to release overshot lock ring. Used C-spanner, chain hoists and slings. Meanwhile worked on FWD PRS.",NPT - Surface Equipment/Repair/Maintenance,
15_9_F_12_2007-09-11,15_9_F_12,11-09-2007,1,00:00,03:30,interruption,other,ok,NPT - Other,Unclassified,low,"Worked to release overshot lock ring. Used C-spanner, chain hoist. Rigged up eagle clamp and sheave. Pulled on lock ring C-spanner with tugger. Lock ring came free and was unscrewed by hand. Total thight turns approx 2,5. Meanwhile worked on FWD PRS.",NPT - Surface Equipment/Repair/Maintenance,
15_9_F_12_2007-09-11,15_9_F_12,11-09-2007,5,06:30,07:15,interruption,other,ok,NPT - Other,Unclassified,low,Troubleshot problems with BOP trolley.,NPT - Surface Equipment/Repair/Maintenance,
15_9_F_12_2007-09-12,15_9_F_12,12-09-2007,11,13:00,16:00,interruption,other,ok,NPT - Other,Unclassified,low,Inspected and rejected both soft sling. Searched for alternative slings - none onboard with sufficient SWL/lenght.,NPT - External/Materials/Logistics,
15_9_F_12_2007-09-13,15_9_F_12,13-09-2007,4,04:00,04:30,interruption,other,ok,NPT - Other,Unclassified,low,Transferred 4 tension cylinders from drillfloor to Tensioning deck. Meanwhile mounted cherry picker on drillfloor.,NPT - Surface Equipment/Repair/Maintenance,
15_9_F_12_2007-09-13,15_9_F_12,13-09-2007,5,04:30,06:00,interruption,other,ok,NPT - Other,Unclassified,low,Dismounted/mounted cylinders on Centralizer deck with tugger support from moonpool. Meanwhile mounted cherry picker on drillfloor.,NPT - Surface Equipment/Repair/Maintenance,
15_9_F_12_2007-09-13,15_9_F_12,13-09-2007,6,06:00,13:00,interruption,other,ok,NPT - Other,Unclassified,low,Continued to dismount/mount tension cylinders in Tensioning deck roof. Used tugger support from moonpool for lifting cylinders.,NPT - Surface Equipment/Repair/Maintenance,
15_9_F_12_2007-09-15,15_9_F_12,15-09-2007,4,04:30,05:00,interruption,other,ok,NPT - Other,Unclassified,low,Software problem on TDS (drawworks).,NPT - Surface Equipment/Repair/Maintenance,
15_9_F_12_2007-09-15,15_9_F_12,15-09-2007,8,07:00,09:30,interruption,other,ok,NPT - Other,Unclassified,low,Commisioned all 4 new tension cylinders.,NPT - Surface Equipment/Repair/Maintenance,
15_9_F_12_2008-01-06,15_9_F_12,06-01-2008,5,17:00,17:15,interruption,other,ok,NPT - Other,Unclassified,low,Held toolbox talk prior to using work basket.,NPT - Surface Equipment/Repair/Maintenance,
15_9_F_12_2008-01-06,15_9_F_12,06-01-2008,6,17:15,18:15,interruption,other,ok,NPT - Other,Unclassified,low,"Inspected FWD PRS dragchain for loose items, removed and secured accordingly.",NPT - Surface Equipment/Repair/Maintenance,
15_9_F_12_2008-01-06,15_9_F_12,06-01-2008,7,18:15,20:00,interruption,other,ok,NPT - Other,Unclassified,low,Brought scaffolding material to drillfloor and prepared for buliding scaffolding in derrick. Found that scaffolding job could not commence due to high winds and working hours regulations.,NPT - External/Weather,
15_9_F_12_2008-01-07,15_9_F_12,07-01-2008,2,06:00,07:45,interruption,other,ok,NPT - Other,Unclassified,low,Seafastened AFT PRS.,NPT - Surface Equipment/Repair/Maintenance,
15_9_F_12_2008-01-07,15_9_F_12,07-01-2008,3,07:45,17:00,interruption,other,ok,NPT - Other,Unclassified,low,Held toolbox talk prior to building scaffolding around AFT PRS. Built scaffolding. Prepared security net for installation underneath AFT PRS working area.,NPT - Surface Equipment/Repair/Maintenance,
15_9_F_12_2008-01-07,15_9_F_12,07-01-2008,5,17:30,19:30,interruption,other,ok,NPT - Other,Unclassified,low,Performed upgrade of Siemens system. Meanwhile continued to install canvas around scaffolding. Prepared lights for installation on scaffolding work platform.,NPT - Surface Equipment/Repair/Maintenance,
15_9_F_12_2008-01-07,15_9_F_12,07-01-2008,6,19:30,22:15,interruption,other,ok,NPT - Other,Unclassified,low,Installed security net around AFT PRS scaffolding platform. Transferred tools and equipment to derrrick.,NPT - Surface Equipment/Repair/Maintenance,
15_9_F_12_2008-01-07,15_9_F_12,07-01-2008,7,22:15,23:30,interruption,other,ok,NPT - Other,Unclassified,low,Mechanics worked on AFT PRS.,NPT - Surface Equipment/Repair/Maintenance,
15_9_F_12_2008-01-07,15_9_F_12,07-01-2008,8,23:30,00:00,interruption,other,ok,NPT - Other,Unclassified,low,Held toolbox talk. Rigged down security net due to wrong allignment/position of PRS relative to scaffolding platform.,NPT - Surface Equipment/Repair/Maintenance,
15_9_F_12_2008-01-08,15_9_F_12,08-01-2008,1,00:00,06:00,interruption,other,ok,NPT - Other,Unclassified,low,"Waited on qualified rest for scaffolding crews.

Meanwhile :
-Continued rigging down security net
-Performed service on TDS
-Tested MS-seal setting tool
-General houskeeipng in drilling areas",NPT - External/Materials/Logistics,
15_9_F_12_2008-01-08,15_9_F_12,08-01-2008,2,06:00,07:30,interruption,other,ok,NPT - Other,Unclassified,low,Prepared for removing scaffolding around AFT PRS.,NPT - Surface Equipment/Repair/Maintenance,
15_9_F_12_2008-01-08,15_9_F_12,08-01-2008,3,07:30,09:30,interruption,other,ok,NPT - Other,Unclassified,low,Removed part of scaffolding around AFT PRS.,NPT - Surface Equipment/Repair/Maintenance,
15_9_F_12_2008-01-08,15_9_F_12,08-01-2008,4,09:30,09:45,interruption,other,ok,NPT - Other,Unclassified,low,Turned AFT PRS 180 deg for better access to upper drive / shaft.,NPT - Surface Equipment/Repair/Maintenance,
15_9_F_12_2008-01-08,15_9_F_12,08-01-2008,5,09:45,10:45,interruption,other,ok,NPT - Other,Unclassified,low,Installed security net underneath AFT PRS.,NPT - Surface Equipment/Repair/Maintenance,
15_9_F_12_2008-01-08,15_9_F_12,08-01-2008,6,10:45,12:30,interruption,other,ok,NPT - Other,Unclassified,low,Rebuilt scaffolding around AFT PRS. Meanwhile laid out TCP guns on top of tubing in STB AFT bay.,NPT - Surface Equipment/Repair/Maintenance,
15_9_F_12_2008-01-08,15_9_F_12,08-01-2008,9,21:30,00:00,interruption,other,ok,NPT - Other,Unclassified,low,Finished testing of Siemens/ESD system. Worked on AFT PRS upper drive.,NPT - Surface Equipment/Repair/Maintenance,
15_9_F_12_2008-01-09,15_9_F_12,09-01-2008,6,22:00,00:00,interruption,other,ok,NPT - External,Materials/Logistics,medium,"Waited for weather condtions to improve for resuming AFT PRS repair work.

Meanwhile :
-Lifted subseas caps from main deck to Centralizer deck
-ROV closed valve on DCI hose for pressure testing",NPT - External/Weather,
15_9_F_12_2008-01-11,15_9_F_12,11-01-2008,2,03:00,04:00,interruption,other,ok,NPT - Other,Unclassified,low,Performed derrick inspect after period of high winds. Inspected scaffolding work platform.,NPT-Other/HSE/Permits,
15_9_F_12_2008-01-11,15_9_F_12,11-01-2008,5,06:00,15:45,interruption,other,ok,NPT - Surface Equipment,Repair/Maintenance,medium,"Continued working on AFT PRS upper drive. 

Meanwhile :
-Assisted in repairing AFT PRS
-Cleaned pits
-Functioned flowline isolation valve wih 1450 psi
-Function tested AFT PRS",NPT - Surface Equipment/Repair/Maintenance,
15_9_F_12_2008-01-11,15_9_F_12,11-01-2008,6,15:45,16:00,interruption,other,ok,NPT - Other,Unclassified,low,Held toolbox talk prior to remvoing scaffolding.,NPT - Surface Equipment/Repair/Maintenance,
15_9_F_12_2008-01-11,15_9_F_12,11-01-2008,7,16:00,16:30,interruption,other,ok,NPT - Other,Unclassified,low,Removed tools and equipment from AFT PRS scaffolding platform.,NPT - Surface Equipment/Repair/Maintenance,
15_9_F_12_2008-01-11,15_9_F_12,11-01-2008,8,16:30,19:00,interruption,other,ok,NPT - Other,Unclassified,low,Assissted scaffolding crews in removing scaffolding from derrick.,NPT - Surface Equipment/Repair/Maintenance,
15_9_F_12_2008-01-11,15_9_F_12,11-01-2008,9,19:00,19:15,interruption,other,ok,NPT - Other,Unclassified,low,Held toolbox talk / handover meeting for continuation of removing scaffolding.,NPT - Surface Equipment/Repair/Maintenance,
15_9_F_12_2008-01-12,15_9_F_12,12-01-2008,1,00:00,02:30,interruption,other,ok,NPT - Other,Unclassified,low,Continued to secure FWD PRS.,NPT - Surface Equipment/Repair/Maintenance,
15_9_F_12_2008-01-12,15_9_F_12,12-01-2008,2,02:30,02:45,interruption,other,ok,NPT - Other,Unclassified,low,Held toolbox talk prior to removing scaffolding from derrick.,NPT - Surface Equipment/Repair/Maintenance,
15_9_F_12_2008-01-12,15_9_F_12,12-01-2008,3,02:45,05:45,interruption,other,ok,NPT - Other,Unclassified,low,Removed scaffolding from derrick.,NPT - Surface Equipment/Repair/Maintenance,
15_9_F_12_2008-01-12,15_9_F_12,12-01-2008,4,05:45,06:00,interruption,other,ok,NPT - Other,Unclassified,low,Calibrated block height after ESD power shut down.,NPT - Surface Equipment/Repair/Maintenance,
15_9_F_12_2008-01-12,15_9_F_12,12-01-2008,6,09:15,09:30,interruption,other,ok,NPT - Other,Unclassified,low,Held toolbox talk prior to installing PS-21 automatic slips and RIH. Installed PS-21.,Productive/Tripping,
15_9_F_12_2008-01-13,15_9_F_12,13-01-2008,15,10:30,15:30,interruption,other,ok,NPT - Other,Unclassified,low,Waited on ongoing Siemens/ESD testing. Meanwhile tested standpipe manifold valves to 30/345 bar 5/10 min.,NPT - Surface Equipment/Repair/Maintenance,
15_9_F_12_2008-01-13,15_9_F_12,13-01-2008,16,15:30,19:00,interruption,other,ok,NPT - Other,Unclassified,low,"Got power shut down on rig. Waited on ongoing Siemens/ESD testing. Meanwhile removed scaffolding, cleaned and tidied in wellhead module.",NPT - Surface Equipment/Repair/Maintenance,
15_9_F_12_2008-01-13,15_9_F_12,13-01-2008,17,19:00,00:00,interruption,other,ok,NPT - Other,Unclassified,low,Re-set V-ICIS-system. Calibrated block. Meanwhile tested valves in standpipe manifold to 30/345 bar 5/10 min. Cleaned and tidied in wellhead module.,NPT - Surface Equipment/Repair/Maintenance,
15_9_F_12_2008-01-14,15_9_F_12,14-01-2008,1,00:00,00:30,interruption,other,ok,NPT - Other,Unclassified,low,Broke off swedge on TDS. Held toolbox talk prior to continue pulling cleaning string.,NPT - Surface Equipment/Repair/Maintenance,
15_9_F_12_2008-01-14,15_9_F_12,14-01-2008,4,02:30,03:00,interruption,other,ok,NPT - Other,Unclassified,low,Calibrated HTS after ESD shut down.,NPT - Surface Equipment/Repair/Maintenance,
15_9_F_12_2008-01-14,15_9_F_12,14-01-2008,8,07:15,08:00,interruption,other,ok,NPT - Other,Unclassified,low,Inspectred crown and TDS. Found source of shackle and tag to be from swivel between chain and wire on tugger.,NPT-Other/HSE/Permits,
15_9_F_12_2008-01-18,15_9_F_12,18-01-2008,11,13:30,14:45,interruption,other,ok,NPT - Other,Unclassified,low,"POOH with 4 1/2"" Orient exact perforation gun assy on 5"" DP from 862 m to 300 m MD according to tally.",Productive/Tripping,
15_9_F_12_2008-01-18,15_9_F_12,18-01-2008,12,14:45,16:15,interruption,other,ok,NPT - Other,Unclassified,low,"Held tool box meeting and changed to 3 1/2"" handling equipment.",Productive/Tripping,
15_9_F_12_2008-01-18,15_9_F_12,18-01-2008,13,16:15,17:30,interruption,other,ok,NPT - Other,Unclassified,low,"POOH with 4 1/2"" Orient exact perforation gun assy on 3 1/2"" DP from 300 m to 217 m MD according to tally.",Productive/Tripping,
15_9_F_12_2008-01-18,15_9_F_12,18-01-2008,14,17:30,22:15,interruption,other,ok,NPT - Other,Unclassified,low,"Held tool box talk prior to handling guns on rig floor. POOH with 4 1/2"" Orient exact perforation gun assy from 217 m to OOH.",Productive/Tripping,
15_9_F_12_2008-01-24,15_9_F_12,24-01-2008,2,05:15,06:00,interruption,other,ok,NPT - Surface Equipment,Repair/Maintenance,medium,Had VFD-fault (electrical problem) on AFT PRS racking arm.,agreed,
15_9_F_12_2008-01-24,15_9_F_12,24-01-2008,3,06:00,11:00,interruption,other,ok,NPT - Other,Unclassified,low,"The upper racking arm on the AFT PRS could not move because brakes were locked.

Meanwhile installed TIW on string and function tested BOP at low pressure.",NPT - Surface Equipment/Repair/Maintenance,
15_9_F_12_2014-11-24,15_9_F_12,24-11-2014,6,16:30,19:00,interruption,other,ok,NPT - Other,Unclassified,low,Maersk performed a thorough check of the Altus equipment due to the findings onshore. Meanwhile unpacked equipment from conatiners and prepared for BOP test.,NPT - Surface Equipment/Repair/Maintenance,
15_9_F_12_2014-11-26,15_9_F_12,26-11-2014,11,12:15,12:45,interruption,other,ok,NPT - Other,Unclassified,low,Changed hose and continued with leak test.,NPT - Surface Equipment/Repair/Maintenance,
15_9_F_12_2014-11-26,15_9_F_12,26-11-2014,15,17:00,18:15,interruption,other,ok,NPT - Other,Unclassified,low,POOH w/BHA #1 from 1400 m to surface. WHP 50 bar.,Productive/Tripping,
15_9_F_12_2014-11-26,15_9_F_12,26-11-2014,16,18:15,20:30,interruption,other,ok,NPT - Other,Unclassified,low,Closed SV & HMV and inflow tested same. Purged riser with N2 prior to break lubricator.,Productive/BOP/Wellhead,
15_9_F_12_2014-11-26,15_9_F_12,26-11-2014,17,20:30,20:40,interruption,other,ok,NPT - Other,Unclassified,low,Held Toolbox talk prior to lift L/D BHA#1,Productive/Tripping,
15_9_F_12_2014-11-26,15_9_F_12,26-11-2014,18,20:40,21:00,interruption,other,ok,NPT - Other,Unclassified,low,Broke lubricator and L/D BHA#1.,Productive/Completion,
15_9_F_12_2014-11-26,15_9_F_12,26-11-2014,19,21:00,22:00,interruption,other,ok,NPT - Other,Unclassified,low,Halliburton checked toolstring components and cablehead. Not able to detect any defects. Decision made to change cablehead and run complete back up string.,NPT - Downhole Equipment/Failure,
15_9_F_12_2014-11-27,15_9_F_12,27-11-2014,1,00:00,01:45,interruption,other,ok,NPT - Other,Unclassified,low,"Continued to re-build cable head. Time consuming to build due to stiff cords on 7/16"" cable together with narrow holes in cablehead cone.",NPT - Downhole Equipment/Failure,
15_9_F_12_2014-11-27,15_9_F_12,27-11-2014,2,01:45,02:20,interruption,other,ok,NPT - Other,Unclassified,low,"Lifted tools to rig floor for testing of toolstring through cablehead. 
Meanwhile held toolbox talk for installing the BHA into lubricator.",NPT - Downhole Equipment/Failure,
15_9_F_12_2014-11-27,15_9_F_12,27-11-2014,3,02:20,03:30,interruption,other,ok,NPT - Other,Unclassified,low,"Installed toollstring into lubricator and Leak tested QTS to 20/345 bar for 5/10 min. 
Meanwhile held toolbox talk for the plug run.",Productive/BOP/Wellhead,
15_9_F_12_2014-11-27,15_9_F_12,27-11-2014,4,03:30,04:00,interruption,other,ok,NPT - Other,Unclassified,low,Opened HMV and equalized acoss swab using well pressure.,Productive/BOP/Wellhead,
15_9_F_12_2016-08-16,15_9_F_12,16-08-2016,16,12:30,12:45,plug abandon,other,ok,NPT - Surface Equipment,Repair/Maintenance,medium,Pumped 10m3 Wash pill at  1300l/min - 91bar,Productive/plug & Abandon,
15_9_F_12_2016-08-16,15_9_F_12,16-08-2016,21,19:30,20:30,interruption,other,ok,NPT - Surface Equipment,Repair/Maintenance,medium,Trouble shoot winch after not able to achieve stable running speed with winch. Suspected overheating of hydraulic system,agreed,
15_9_F_12_2016-08-17,15_9_F_12,17-08-2016,17,11:45,13:00,interruption,other,ok,NPT - Other,Unclassified,low,Removed hatches on F-12 and F-7 and beam between slots,Productive/plug & Abandon,
15_9_F_12_2016-08-17,15_9_F_12,17-08-2016,25,17:30,18:30,plug abandon,other,ok,Productive,Plug Abandon - Other,low,"Lifted spool spacer to the rig floor. 
Meanwhile performed  BOP test No. 5, installed master bushing",agreed,
15_9_F_12_2016-08-18,15_9_F_12,18-08-2016,8,05:00,06:15,plug abandon,other,ok,Productive,Plug Abandon - Other,low,"Built scaffolding around HP Riser. 
Meanwhile removed lifting chains from TDS. Prepared and M/U test assembly for pressure testing TDS",agreed,
15_9_F_12_2016-08-19,15_9_F_12,19-08-2016,9,08:00,08:45,plug abandon,other,ok,Productive,Plug Abandon - Other,low,"Connected control lines to reel. Removed master bushing and installed compact spider slips. 
Pull 1x joint while doing adjustment on slips and tong",agreed,
15_9_F_12_2016-08-21,15_9_F_12,21-08-2016,8,04:15,04:45,plug abandon,other,ok,Productive,Plug Abandon - Other,low,"Pulled MS-T seal retrieval tool  to surface and connected control lines,  function tested tool",agreed,
15_9_F_12_2016-08-22,15_9_F_12,22-08-2016,5,04:45,05:00,plug abandon,other,ok,Productive,Plug Abandon - Other,low,R/U manual tong and held TBT for use of manual tongs,agreed,
15_9_F_12_2016-08-23,15_9_F_12,23-08-2016,15,09:30,10:30,plug abandon,other,ok,Productive,Plug Abandon - Other,low,"P/U 1x joint of 5,5in LH DP, M/U to x-over and 1x pup joint, L/D same onto HTS. P/U and M/U tieback adapter torque tool to LH DP, RIH to 140m",agreed,
15_9_F_12_2016-08-27,15_9_F_12,27-08-2016,20,11:00,11:30,plug abandon,other,ok,Productive,Plug Abandon - Other,low,"P/U and M/U 3m pup for space out.
Pulled master bushing and installed PS-21 slips.",agreed,
15_9_F_12_2016-08-29,15_9_F_12,29-08-2016,6,02:30,03:30,plug abandon,other,ok,Productive,Plug Abandon - Other,low,Removed tension cylinders on BOP,agreed,
15_9_F_12_2016-10-20,15_9_F_12,20-10-2016,17,19:45,20:15,plug abandon,other,ok,Productive,Plug Abandon - Other,low,Installed false rotary. Pulled and R/B inner string. R/B cutter BHA.,agreed,
15_9_F_14_2007-11-07,15_9_F_14,07-11-2007,9,21:15,21:45,interruption,other,ok,NPT - Other,Unclassified,low,Stopped RIH due to power syncronisation interference with production/prosessmodul.,NPT - Surface Equipment/Repair/Maintenance,
15_9_F_14_2007-12-09,15_9_F_14,09-12-2007,6,10:30,11:00,interruption,other,ok,NPT - Other,Unclassified,low,Discovered leakage on PS 21 slips. Changed hose.,NPT - Surface Equipment/Repair/Maintenance,
15_9_F_14_2007-12-10,15_9_F_14,10-12-2007,7,12:30,13:15,interruption,other,ok,NPT - Other,Unclassified,low,Troubleshot ZMS signals on csg tong.,NPT - Surface Equipment/Repair/Maintenance,
15_9_F_14_2007-12-10,15_9_F_14,10-12-2007,9,14:00,14:45,interruption,other,ok,NPT - Other,Unclassified,low,Troubleshoot signals and alignement on FWD PRS and HTS.,NPT - Surface Equipment/Repair/Maintenance,
15_9_F_14_2007-12-10,15_9_F_14,10-12-2007,12,20:45,21:45,interruption,other,ok,NPT - Other,Unclassified,low,Back-up chains on upper part of casing tong broke off. Made up temporary solution with wire slings acting as back-up security to the counterbalance.,NPT - Surface Equipment/Repair/Maintenance,
15_9_F_14_2008-05-13,15_9_F_14,13-05-2008,12,19:00,20:30,drilling,other,ok,Productive,Drilling - Other,low,Picked of bottom due to problems on shakers. Reciprocated string at 2500 lpm / 60 rpm. Cleaned shaker box. Cleaned shakers and changed to coarser top screens.,NPT - Surface Equipment/Repair/Maintenance,
15_9_F_14_2008-05-15,15_9_F_14,15-05-2008,3,02:30,03:15,drilling,other,ok,Productive,Drilling - Other,low,Got problems with plugged shakers and overflow when Grid sand surfaced. Cleaned shakers and shaker box. Reciprocated string with 500 lpm / 30 rpm. Stepped up rate to 4000 lpm and recommenced drilling.,NPT - Surface Equipment/Repair/Maintenance,
15_9_F_14_2008-05-17,15_9_F_14,17-05-2008,15,13:00,16:00,interruption,other,ok,NPT - Other,Unclassified,low,Drilled out / re-threaded eye bolts on elevator and replaced by normal bolts.,NPT - Surface Equipment/Repair/Maintenance,
15_9_F_14_2008-05-17,15_9_F_14,17-05-2008,19,19:15,20:15,interruption,other,ok,NPT - Other,Unclassified,low,Rigged up elevator tilt adapter for BX-2 frame.,NPT - Surface Equipment/Repair/Maintenance,
15_9_F_14_2008-05-17,15_9_F_14,17-05-2008,20,20:15,22:00,interruption,other,ok,NPT - Other,Unclassified,low,Recommenced casing running. Not able to latch BX-2 eleavtor onto casing coupling - elevator tillting back when given the closing signal. Troubleshot situation - found no fualts in programming or hook up. Found that elevator needed to have more load for closing. Ran 2 casing joints while troubleshooting.,NPT - Surface Equipment/Repair/Maintenance,
15_9_F_14_2008-05-21,15_9_F_14,21-05-2008,7,07:45,13:15,interruption,other,ok,NPT - Other,Unclassified,low,Parked TDS for service. Worked on TDS allignment cylinder. Meanwhile pressure tested valves in kill and choke manifolds to 35/345 bar 5/10 min.,NPT - Surface Equipment/Repair/Maintenance,
15_9_F_14_2008-05-21,15_9_F_14,21-05-2008,11,15:30,16:15,interruption,other,ok,NPT - Other,Unclassified,low,Continued working on TDS allignment cylinder.,NPT - Surface Equipment/Repair/Maintenance,
15_9_F_14_2008-05-21,15_9_F_14,21-05-2008,13,17:00,21:30,interruption,other,ok,NPT - Other,Unclassified,low,Continued working on TDS allignment cylinder. Picked up single and installed in rotary for making final allignment on TDS.,NPT - Surface Equipment/Repair/Maintenance,
15_9_F_14_2008-05-22,15_9_F_14,22-05-2008,8,09:45,10:30,interruption,other,ok,NPT - Other,Unclassified,low,Checked allignement of TDS.,NPT - Surface Equipment/Repair/Maintenance,
15_9_F_14_2008-05-23,15_9_F_14,23-05-2008,9,08:30,09:30,interruption,other,ok,NPT - Other,Unclassified,low,Re-booted software on FWD PRS. Meanwhile circulated with 3000 lpm / 10 rpm and reamed up/down 20 m.,NPT - Surface Equipment/Repair/Maintenance,
15_9_F_14_2008-05-25,15_9_F_14,25-05-2008,6,10:45,12:30,drilling,other,ok,Productive,Drilling - Other,low,Held tool box talk with involved personnel. MU and RIH with jet sub and wear bushing retrieving tool from surface to 138 m.,Productive/BOP/Wellhead,
15_9_F_14_2008-05-26,15_9_F_14,26-05-2008,7,09:00,09:30,interruption,other,ok,NPT - Other,Unclassified,low,Changed leaking coupling on Odfjell csg tong.,NPT - Surface Equipment/Repair/Maintenance,
15_9_F_14_2008-05-26,15_9_F_14,26-05-2008,11,21:00,21:30,interruption,other,ok,NPT - Other,Unclassified,low,Sorted out problem with Odfjell spider elevator.,NPT - Surface Equipment/Repair/Maintenance,
15_9_F_14_2008-05-26,15_9_F_14,26-05-2008,13,22:15,22:45,interruption,other,ok,NPT - Surface Equipment,Repair/Maintenance,medium,Repaired camera on PDM and re-sat HMI software to be able to see picture on the screen.,NPT - Surface Equipment/Repair/Maintenance,
15_9_F_14_2008-05-30,15_9_F_14,30-05-2008,11,12:00,13:00,interruption,other,ok,NPT - Other,Unclassified,low,Investigated problem with pipe spinner on aft roughneck.,NPT - Surface Equipment/Repair/Maintenance,
15_9_F_14_2008-05-30,15_9_F_14,30-05-2008,15,15:00,19:00,interruption,other,ok,NPT - Other,Unclassified,low,"Changed out solenoid valve on lower arm on FWD PRS.

Meanwhile removed every second bolt on slick joint and moved BOP carrier beneath BOP.",NPT - Surface Equipment/Repair/Maintenance,
15_9_F_14_2008-06-10,15_9_F_14,10-06-2008,15,18:00,18:30,drilling,other,ok,Productive,Drilling - Other,low,Laid out jar from derrick and picked up new jar.,agreed,
15_9_F_14_2008-06-11,15_9_F_14,11-06-2008,10,06:15,07:15,drilling,other,ok,Productive,Drilling - Other,low,Held choke drill with night and day shift.,agreed,
15_9_F_14_2008-06-16,15_9_F_14,16-06-2008,12,10:15,11:00,drilling,other,ok,Productive,Drilling - Other,low,Removed PS-21 slips and installed master bushing.,Productive/Tripping,
15_9_F_14_2008-06-17,15_9_F_14,17-06-2008,23,23:15,00:00,interruption,other,ok,NPT - Other,Unclassified,low,Found error in software. Cycled the Iron roughneck and re-booted the software.,NPT - Surface Equipment/Repair/Maintenance,Software error on iron roughneck requiring reboot = unplanned surface equipment systems failure on rig floor equipment
15_9_F_14_2008-06-20,15_9_F_14,20-06-2008,4,06:00,07:00,interruption,other,ok,NPT - Other,Unclassified,low,Troubleshot HTS trailing arm.,NPT - Surface Equipment/Repair/Maintenance,
15_9_F_14_2008-06-20,15_9_F_14,20-06-2008,7,07:45,09:00,interruption,other,ok,NPT - Other,Unclassified,low,Troubleshot HTS trailing arm and DP elevator. Removed and replaced DP elevator.,NPT - Surface Equipment/Repair/Maintenance,
15_9_F_14_2008-06-21,15_9_F_14,21-06-2008,11,10:15,11:00,interruption,other,ok,NPT - Other,Unclassified,low,Prepared for inspection of torque wrench on TDS. Had to abort due to wind speeds above 34 knots. Evaluated situation and decided to continue operations.,NPT - External/Weather,
15_9_F_14_2008-06-21,15_9_F_14,21-06-2008,17,14:00,15:00,interruption,other,ok,NPT - Other,Unclassified,low,Stopped displacement. SIDPP 136 bar. Discussed situation and way forward.,agreed,
15_9_F_14_2008-06-21,15_9_F_14,21-06-2008,18,15:00,15:15,interruption,other,ok,NPT - Other,Unclassified,low,Held toolbox talk with relevant personnel.,agreed,
15_9_F_14_2008-06-21,15_9_F_14,21-06-2008,19,15:15,15:45,interruption,other,ok,NPT - Other,Unclassified,low,"Bled back dope cleaning pill, Hi-vis and base oil as determined by u-tube pressure. Routed returns back to relevant pits.",agreed,
15_9_F_14_2008-06-21,15_9_F_14,21-06-2008,21,19:15,19:30,interruption,other,ok,NPT - Other,Unclassified,low,Tested TDS/washpipe against IBOP - ok. Picked up stand and RIH to displacement depth. Meanwhile held toolbox talk prior to displacment.,Productive/ Circulating,
15_9_F_14_2008-06-22,15_9_F_14,22-06-2008,13,16:30,17:00,interruption,other,ok,NPT - Other,Unclassified,low,Troubleshot problem with HTS rollers.,NPT - Surface Equipment/Repair/Maintenance,
15_9_F_14_2008-06-22,15_9_F_14,22-06-2008,15,22:00,22:30,interruption,other,ok,NPT - Other,Unclassified,low,Troubleshot HTS tailing arm.,NPT - Surface Equipment/Repair/Maintenance,
15_9_F_14_2008-06-23,15_9_F_14,23-06-2008,10,08:00,09:15,interruption,other,ok,NPT - Other,Unclassified,low,Checked rig floor tugger for damaged and respooled same.,NPT - Surface Equipment/Repair/Maintenance,
15_9_F_14_2008-06-24,15_9_F_14,24-06-2008,4,03:00,04:00,interruption,other,ok,NPT - Other,Unclassified,low,Troublehshot HTS tailing arm.,NPT - Surface Equipment/Repair/Maintenance,
15_9_F_14_2008-06-24,15_9_F_14,24-06-2008,11,22:00,22:45,interruption,other,ok,NPT - Other,Unclassified,low,Troubleshot HTS tailing arm.,NPT - Surface Equipment/Repair/Maintenance,
15_9_F_14_2008-06-25,15_9_F_14,25-06-2008,4,05:45,06:00,interruption,other,ok,NPT - Other,Unclassified,low,Troubleshot problem with conveyer belt. Meanwhile greased slips and elevator.,NPT - Surface Equipment/Repair/Maintenance,
15_9_F_14_2008-06-25,15_9_F_14,25-06-2008,5,06:00,08:30,interruption,other,ok,NPT - Surface Equipment,Repair/Maintenance,medium,Troubleshot HTS. Found burned power distribution circuit. Made repair as required.,NPT - Surface Equipment/Repair/Maintenance,
15_9_F_14_2008-06-25,15_9_F_14,25-06-2008,7,10:45,11:15,interruption,other,ok,NPT - Other,Unclassified,low,Changed damaged hose on BX-elevator.,NPT - Surface Equipment/Repair/Maintenance,
15_9_F_14_2008-06-28,15_9_F_14,28-06-2008,26,23:00,00:00,interruption,other,ok,NPT - Other,Unclassified,low,Attempted several times to engage and release diverter - negative. Laid down diverter release tool.,NPT - Surface Equipment/Repair/Maintenance,
15_9_F_14_2008-07-06,15_9_F_14,06-07-2008,5,06:00,07:00,interruption,other,ok,NPT - Other,Unclassified,low,Open HMV and SV (43 turns). Equalized and opened DHSV. RIH with BHA #2 to perforate interval #1 from surface to 233 m. Powered up logging unit with guns 70 m below seabed.,Productive/Completion,
15_9_F_14_2008-07-06,15_9_F_14,06-07-2008,6,07:00,10:00,interruption,other,ok,NPT - Other,Unclassified,low,RIH with BHA #2 from 233 to 3122 m. PU 50 m every 500 m due to new cable. Ran carefully through DHSV and pulled back up to confirm that it was fully open. Up weigh 480kg / hanging weight 466 kg at 493 m MDRT. Weights while RIH was according to tension simulations. Correlated and adjusted depth by 1 m before starting tractor.,Productive/Completion,
15_9_F_14_2008-07-06,15_9_F_14,06-07-2008,7,10:00,10:45,interruption,other,ok,NPT - Other,Unclassified,low,Powered up WL tractor and continued RIH with BHA #2 to perforate interval #1 from 3122 to 3400 m. Running speed 12 m/min.,Productive/Completion,
15_9_F_14_2008-07-06,15_9_F_14,06-07-2008,8,10:45,11:30,interruption,other,ok,NPT - Other,Unclassified,low,Performed correlation log from 3400 m to 3200 m using GR. Powered up WL tractor and ran back down to 3400 m.,Productive/Logging,
15_9_F_14_2008-07-07,15_9_F_14,07-07-2008,17,23:30,00:00,interruption,other,ok,NPT - Other,Unclassified,low,POOH with BHA #4 from 1500 m to 250 m. Powered down logging unit with guns 70 m below seabed.,Productive/Tripping,
15_9_F_14_2008-07-08,15_9_F_14,08-07-2008,2,00:30,01:15,interruption,other,ok,NPT - Other,Unclassified,low,Electrican opened ex-panel and re-sat main switch.,NPT - Surface Equipment/Repair/Maintenance,
15_9_F_14_2008-07-08,15_9_F_14,08-07-2008,4,01:30,02:15,interruption,other,ok,NPT - Other,Unclassified,low,Electrican opened ex-panel and re-sat level sensor.,NPT - Surface Equipment/Repair/Maintenance,
15_9_F_14_2008-07-08,15_9_F_14,08-07-2008,5,02:15,04:00,interruption,other,ok,NPT - Other,Unclassified,low,Continued to POOH with BHA #4 from 17 m to OOH. Closed SV and HMV. Inflow tested HMV to 20-5 bar/10 min. Ok. Bled off pressure. Held tool box meeting prior to LO guns and tractor. Cleaned rig floor due to slipping hazard. Broke lubricator at in-situ sub and hung off gun in riser.,Productive/Completion,
15_9_F_14_2008-07-08,15_9_F_14,08-07-2008,7,04:45,06:00,interruption,other,ok,NPT - Other,Unclassified,low,LO guns and WL tractor. Checked WL tractor oil level.,Productive/Completion,
15_9_F_14_2008-07-08,15_9_F_14,08-07-2008,8,06:00,07:30,interruption,other,ok,NPT - Other,Unclassified,low,"Continued to perform checkes on WL tractor. Lifted WL tractor on to drill floor. 
Meanwhile cleaned drillfloor.",Productive/Completion,
15_9_F_14_2008-07-08,15_9_F_14,08-07-2008,10,09:30,10:00,interruption,other,ok,NPT - Other,Unclassified,low,Bled down grease pressure and filled riser/lubricator with 250 ltrs of 100% MEG using cmt unit. Pressured up to 20 bar and equalized above HMV.,Productive/BOP/Wellhead,
15_9_F_14_2008-07-08,15_9_F_14,08-07-2008,11,10:00,10:30,interruption,other,ok,NPT - Other,Unclassified,low,Open HMV and SV (44 turns). 19.6 bar WHP and 255 bar on DHPG. RIH with BHA #5 to perforate interval #3 from surface to 235 m. Powered up logging unit with guns 70 m below seabed.,Productive/Completion,
15_9_F_14_2008-07-08,15_9_F_14,08-07-2008,12,10:30,12:45,interruption,other,ok,NPT - Other,Unclassified,low,RIH with BHA #5 from 235 to 2500 m. PU 50 m every 500 m due to new cable. Ran carefully through DHSV and pulled back up to confirm that it was fully open.,Productive/Completion,
15_9_F_14_2008-07-10,15_9_F_14,10-07-2008,15,19:15,19:45,interruption,other,ok,NPT - Other,Unclassified,low,Seawell failed to stop on shooting depth twice and another correlation run had to be made because the guns had become off depth in the attempts.,NPT - Downhole Equipment/Failure,
15_9_F_14_2008-07-10,15_9_F_14,10-07-2008,18,21:30,22:15,interruption,other,ok,NPT - Other,Unclassified,low,Electrican opened ex-panel and re-sat main switch.,NPT - Surface Equipment/Repair/Maintenance,
15_9_F_14_2009-03-13,15_9_F_14,13-03-2009,3,17:00,19:30,interruption,other,ok,NPT - Other,Unclassified,low,Waiting on MDN. Unable to proceed with WL operation due to ongoing 5-yearly work on tension cylinders in moonpool.,NPT - External/Materials/Logistics,
15_9_F_14_2010-09-20,15_9_F_14,20-09-2010,4,03:45,04:30,interruption,other,ok,NPT - Other,Unclassified,low,Troubleshot and found short in downhole circuit.,NPT - Downhole Equipment/Failure,
15_9_F_14_2010-09-20,15_9_F_14,20-09-2010,5,04:30,06:00,interruption,other,ok,NPT - Other,Unclassified,low,POOH with BHA #2 to 472 m.,Productive/Tripping,
15_9_F_14_2010-09-20,15_9_F_14,20-09-2010,6,06:00,06:30,interruption,other,ok,NPT - Other,Unclassified,low,POOH from 472 m to surface.,Productive/Tripping,
15_9_F_14_2010-09-20,15_9_F_14,20-09-2010,7,06:30,09:00,interruption,other,ok,NPT - Other,Unclassified,low,OOH. SIWHP 102 bar. Closed well and bled off pressure. Inflow tested HMV. Flushed riser/lubricator with N2. LD BHA #2.,Productive/Completion,
15_9_F_14_2010-09-20,15_9_F_14,20-09-2010,8,09:00,12:30,interruption,other,ok,NPT - Other,Unclassified,low,RU backup tractor and plug. Plug from BHA #2 was slightly gassed up and too large to be run. Stabbed on and leak tested QTS to 170 bar. Equalized across SV and HMV with MEG and opened well. SIWHP 102 bar.,NPT - Downhole Equipment/Failure,
15_9_F_14_2010-09-20,15_9_F_14,20-09-2010,9,12:30,14:45,interruption,other,ok,NPT - Other,Unclassified,low,"RIH with BHA #3, 7"" EVO plug on tractor to 2980 m MDRKB. Had to work BHA through Baker AVLDM tubing hanger at 510 m.",Productive/Completion,
15_9_F_14_2016-07-31,15_9_F_14,31-07-2016,16,17:00,17:30,plug abandon,other,ok,NPT - Surface Equipment,Repair/Maintenance,medium,"Lined-up rig pumps and confirmed line-up.
Opened HMV and SV. Pressurized DHSV control line to 520 bar.",Productive/plug & Abandon,
15_9_F_14_2016-07-31,15_9_F_14,31-07-2016,23,23:15,00:00,plug abandon,other,ok,NPT - Wellbore,Hole Instability,medium,"Displaced cement with 41,5 m3 SW from cement unit at 1300 lpm / 85 bar, cycled DHSV 3x after bullheading 30 m3 of SW (while still pumping at 1300lpm).

Continued displacement by pumping 3 m3 contamination pill at 600lpm / 56 bar with cement unit. After bullheading 2,7 m3 contamination pill the formation started to pack off, pressure increased from 56 bar to a final squeeze pressure of 95 bar. Stopped pumping, final static pressure 57 bar.
Estimated TOC 2700 mMD.",Productive/plug & Abandon,
15_9_F_14_2016-08-02,15_9_F_14,02-08-2016,14,08:15,08:30,plug abandon,other,ok,Productive,Plug Abandon - Other,low,Installed master bushing and hole cover.,agreed,
15_9_F_14_2016-08-03,15_9_F_14,03-08-2016,21,15:15,15:45,plug abandon,other,ok,Productive,Plug Abandon - Other,low,"Prepared hoses and equipment for THRT.
Meanwhile: Installed lifting tool in FWD PRS. Tightened fittings on FWD PRS.",agreed,
15_9_F_14_2016-08-04,15_9_F_14,04-08-2016,26,16:30,19:00,plug abandon,other,ok,Productive,Plug Abandon - Other,low,"POOH with 7"" tubing from 465 mMD to 237 mMD. Average pulling speed 6,8 jnt/hr.",agreed,
15_9_F_14_2016-08-05,15_9_F_14,05-08-2016,34,18:30,19:00,plug abandon,other,ok,Productive,Plug Abandon - Other,low,Changed inserts in elevator. Retrieved spear assy from fingerboard.,agreed,
15_9_F_14_2016-08-06,15_9_F_14,06-08-2016,1,00:00,00:30,plug abandon,other,ok,Productive,Plug Abandon - Other,low,"Inspected and greased grapple.
R/B spear BHA.",agreed,
15_9_F_14_2016-08-06,15_9_F_14,06-08-2016,18,12:45,13:45,plug abandon,other,ok,Productive,Plug Abandon - Other,low,"Broke off cut. Observed high torque. Changed elevator inserts and pulled out 1x single, removed clamp and L/D same",agreed,
15_9_F_14_2016-08-07,15_9_F_14,07-08-2016,9,08:00,08:30,plug abandon,other,ok,Productive,Plug Abandon - Other,low,"Broke swage, R/B stand of drill pipe and changed BX elevator inserts",agreed,
15_9_F_14_2016-08-08,15_9_F_14,08-08-2016,8,05:15,06:45,plug abandon,other,ok,Productive,Plug Abandon - Other,low,P/U MS-T seal retrieving tool. M/U to stand and function tested tool,agreed,
15_9_F_14_2016-08-08,15_9_F_14,08-08-2016,12,08:00,09:00,plug abandon,other,ok,Productive,Plug Abandon - Other,low,"Discussed forward plan, removed double from stand above retrieval tool, picked up 1.5m pup and 3m pup",agreed,
15_9_F_14_2016-08-08,15_9_F_14,08-08-2016,23,15:00,15:30,plug abandon,other,ok,Productive,Plug Abandon - Other,low,"Released tool and POOH, inspected same. Marks observed on the outside of the tool",agreed,
15_9_F_14_2016-08-10,15_9_F_14,10-08-2016,4,02:45,03:45,plug abandon,other,ok,Productive,Plug Abandon - Other,low,"P/U ITCO spear (BHA#24). RIH same on 5,5 DP to top of the fish at 136m. Engaged spear to fish.",agreed,
15_9_F_14_2016-08-10,15_9_F_14,10-08-2016,7,05:15,05:45,plug abandon,other,ok,Productive,Plug Abandon - Other,low,Cleaned and cleared rig floor,agreed,
15_9_F_14_2016-08-12,15_9_F_14,12-08-2016,20,17:00,17:15,plug abandon,other,ok,Productive,Plug Abandon - Other,low,"M/U TDS. Up /down weights 75t/71t. RIH to 144m to engage fish. Took 5 ton over pull to confirm fish engaged
Pulled to 130t on hook load. Casing free",agreed,
15_9_F_14_2016-08-13,15_9_F_14,13-08-2016,10,08:00,10:00,interruption,other,ok,NPT - Other,Unclassified,low,Broke spear assembly. Attempted to make tongs to fit spear assembly,NPT - Surface Equipment/Repair/Maintenance,Tongs not fitting the spear is a surface handling equipment problem that delayed breakout
15_9_F_14_2016-08-14,15_9_F_14,14-08-2016,2,00:15,00:30,interruption,other,ok,NPT - Other,Unclassified,low,Changed BX inserts to 5in and prepared RTTS BHA components to P/U,Productive/plug & Abandon,
15_9_F_14_2016-08-14,15_9_F_14,14-08-2016,3,00:30,01:45,interruption,other,ok,NPT - Other,Unclassified,low,"M/U RTTS BHA and RIH with 2x stands of 8,25 DC to 74m",Productive/plug & Abandon,
15_9_F_14_2016-08-14,15_9_F_14,14-08-2016,4,01:45,02:00,interruption,other,ok,NPT - Other,Unclassified,low,RIH w/ 2x stands of DP from 74m to 147m,Productive/plug & Abandon,
15_9_F_14_2016-08-14,15_9_F_14,14-08-2016,5,02:00,02:15,interruption,other,ok,NPT - Other,Unclassified,low,M/U TDS and set RTTS packer at 147m,Productive/plug & Abandon,
15_9_F_14_2016-08-14,15_9_F_14,14-08-2016,8,03:00,03:30,interruption,other,ok,NPT - Other,Unclassified,low,"Opened BOP and monitored well on TT. 
TT level drop +/-1m3 over 20 min before stabilizing",Productive/Monitoring,
15_9_F_14_2016-08-14,15_9_F_14,14-08-2016,14,06:15,06:30,interruption,other,ok,NPT - Other,Unclassified,low,Released RTTS,Productive/plug & Abandon,
15_9_F_14_2016-08-14,15_9_F_14,14-08-2016,15,06:30,07:30,interruption,other,ok,NPT - Other,Unclassified,low,POOH on DP from 155m to 8m,Productive/plug & Abandon,
15_9_F_14_2016-08-14,15_9_F_14,14-08-2016,16,07:30,07:45,interruption,other,ok,NPT - Other,Unclassified,low,Changed inserts in elevator,Productive/plug & Abandon,
15_9_F_14_2016-08-14,15_9_F_14,14-08-2016,17,07:45,08:00,interruption,other,ok,NPT - Other,Unclassified,low,L/D RTTS BHA,Productive/plug & Abandon,
15_9_F_14_2016-08-14,15_9_F_14,14-08-2016,18,08:00,08:15,interruption,other,ok,NPT - Other,Unclassified,low,Cleaned and cleared rig floor,Productive/plug & Abandon,
15_9_F_14_2016-08-14,15_9_F_14,14-08-2016,27,22:15,23:00,interruption,other,ok,NPT - Other,Unclassified,low,"POOH w/ 5,5in  DP from 900m to surface. Average pulling speed 1200 m/hour",Productive/plug & Abandon,
15_9_F_14_2016-08-14,15_9_F_14,14-08-2016,28,23:00,23:15,interruption,other,ok,NPT - Other,Unclassified,low,"Removed PS21, installed master bushing",Productive/plug & Abandon,
15_9_F_14_2016-08-14,15_9_F_14,14-08-2016,29,23:15,23:30,interruption,other,ok,NPT - Other,Unclassified,low,Performed Pre-job Meeting to RIH w/ RTTS,Productive/plug & Abandon,
15_9_F_14_2016-08-14,15_9_F_14,14-08-2016,30,23:30,00:00,interruption,other,ok,NPT - Other,Unclassified,low,M/U RTTS BHA from surface to 88m,Productive/plug & Abandon,
15_9_F_14_2016-08-15,15_9_F_14,15-08-2016,1,00:00,01:30,interruption,other,ok,NPT - Other,Unclassified,low,M/U RTTS BHA from 88 to 126m,Productive/plug & Abandon,
15_9_F_14_2016-08-15,15_9_F_14,15-08-2016,2,01:30,02:00,interruption,other,ok,NPT - Other,Unclassified,low,RIH w/ RTTS slowly to 142m,Productive/plug & Abandon,
15_9_F_14_2016-08-15,15_9_F_14,15-08-2016,3,02:00,02:30,interruption,other,ok,NPT - Other,Unclassified,low,"Set RTTS packer at 142m. Release setting tool from RTTS. 
3x stands of 8 1/4in DC and 1x stand of 6 3/4in DC left hanging under RTTS (18ton)",Productive/plug & Abandon,
15_9_F_14_2016-08-15,15_9_F_14,15-08-2016,4,02:30,03:30,interruption,other,ok,NPT - Other,Unclassified,low,Lined up and pressure tested RTTS packer from above 20bar/5min and 50bar/5min,Productive/plug & Abandon,
15_9_F_14_2016-08-15,15_9_F_14,15-08-2016,5,03:30,03:45,interruption,other,ok,NPT - Other,Unclassified,low,"POOH w/ 5,5in DP. L/D RTTS setting tool",Productive/plug & Abandon,
15_9_F_14_2016-08-15,15_9_F_14,15-08-2016,6,03:45,04:00,interruption,other,ok,NPT - Other,Unclassified,low,Cleaned and cleared drill floor,Productive/plug & Abandon,
15_9_F_14_2016-09-12,15_9_F_14,12-09-2016,7,16:45,17:30,plug abandon,other,ok,Productive,Plug Abandon - Other,low,"Installed HP riser. M/U connector between HP riser and WH.
Detached HP riser lifting equipment and pulled same to drill floor.",Productive/BOP/Wellhead,
15_9_F_14_2016-09-13,15_9_F_14,13-09-2016,4,01:45,02:15,plug abandon,other,ok,Productive,Plug Abandon - Other,low,"Removed master bushing
Installed diverter",Productive/BOP/Wellhead,
15_9_F_14_2016-09-13,15_9_F_14,13-09-2016,26,13:30,15:00,plug abandon,other,ok,Productive,Plug Abandon - Other,low,"Continued RIH w/ 14"" EZSV plug on 5 1/2""  DP from 84 m to 866 m. Restricted running speed 2 min/std.",agreed,
15_9_F_14_2016-09-13,15_9_F_14,13-09-2016,27,15:00,15:15,plug abandon,other,ok,Productive,Plug Abandon - Other,low,Pulled PS-21 slips. Installed master bushing.,agreed,
15_9_F_14_2016-09-13,15_9_F_14,13-09-2016,31,16:30,17:00,plug abandon,other,ok,NPT - Surface Equipment,Repair/Maintenance,medium,"L/D single 5 1/2"" DP. P/U and M/U 1,5m pup joint and pump-in sub.
M/U cement hose and lo-torque valve.",Productive/plug & Abandon,
15_9_F_14_2016-09-13,15_9_F_14,13-09-2016,36,19:15,19:30,plug abandon,other,ok,NPT - Surface Equipment,Repair/Maintenance,medium,"Monitored for pressure build up. SPP 4,6 bar after shutting down pumps.
Bled off to trip tank. No increase in TT observed.",Productive/Monitoring,
15_9_F_14_2016-09-14,15_9_F_14,14-09-2016,29,21:00,21:45,interruption,other,ok,NPT - Other,Unclassified,low,"POOH w/ 14"" guns on 5 1/2"" DP from 147,5 m to 28m.",Productive/plug & Abandon,
15_9_F_14_2016-09-14,15_9_F_14,14-09-2016,30,21:45,22:00,interruption,other,ok,NPT - Other,Unclassified,low,Changed handling equipment to handle guns,Productive/plug & Abandon,
15_9_F_14_2016-09-14,15_9_F_14,14-09-2016,31,22:00,22:45,interruption,other,ok,NPT - Other,Unclassified,low,L/D perforation guns and XO.,Productive/plug & Abandon,
15_9_F_14_2016-09-14,15_9_F_14,14-09-2016,32,22:45,23:00,interruption,other,ok,NPT - Other,Unclassified,low,"Cleaned and cleared drill floor
Changed handling equipment.",Productive/plug & Abandon,
15_9_F_14_2016-09-15,15_9_F_14,15-09-2016,12,04:30,05:30,interruption,other,ok,NPT - Other,Unclassified,low,"P/U and M/U 14"" EZSV plug. Inspected packer element.",Productive/plug & Abandon,
15_9_F_14_2016-09-15,15_9_F_14,15-09-2016,13,05:30,05:45,interruption,other,ok,NPT - Other,Unclassified,low,Installed PS-21 slips.,Productive/plug & Abandon,
15_9_F_14_2016-09-15,15_9_F_14,15-09-2016,14,05:45,07:00,interruption,other,ok,NPT - Other,Unclassified,low,"RIH w/ 14"" EZSV plug on 5 1/2"" DP from surface to 666 m. Restricted running speed 2 min/std.",Productive/plug & Abandon,
15_9_F_14_2016-09-15,15_9_F_14,15-09-2016,15,07:00,07:15,interruption,other,ok,NPT - Other,Unclassified,low,"Continued RIH w/ 14"" EZSV plug on 5 1/2"" DP from 666 m to 827 m. Restricted running speed 2 min/std.",Productive/plug & Abandon,
15_9_F_14_2016-09-15,15_9_F_14,15-09-2016,16,07:15,07:45,interruption,other,ok,NPT - Other,Unclassified,low,"Established circulation and washed the setting area, 800 lpm.
Installed 14"" EZSV plug at 868 m.  Load tested the plug with 5 T down weight.",Productive/plug & Abandon,
15_9_F_14_2016-10-20,15_9_F_14,20-10-2016,3,01:45,02:15,plug abandon,other,ok,Productive,Plug Abandon - Other,low,R/D Multibowl RT and NT2 connector,Productive/BOP/Wellhead,
15_9_F_14_2016-10-20,15_9_F_14,20-10-2016,10,05:15,05:30,plug abandon,other,ok,Productive,Plug Abandon - Other,low,"Pulled riser (Lift #4). Cleaned off marine growth on centralizer deck.
Installed master bushing and elevator. Landed riser onto elevator.
Riser out of splash zone at 05:30",agreed,
15_9_F_14_2016-10-20,15_9_F_14,20-10-2016,13,07:15,07:45,plug abandon,other,ok,Productive,Plug Abandon - Other,low,"L/O riser joint (Lift #4)
Latched onto elevator (Lift #5)
Pulled riser. Landed same onto elevator.",agreed,
15_9_F_14_2016-10-20,15_9_F_14,20-10-2016,19,10:15,11:00,plug abandon,other,ok,Productive,Plug Abandon - Other,low,"Installed hatches.
Removed scaffolding.
Meanwhile: Completed skidding checklists.

**** END OF REPORT ****",agreed,
15_9_F_15_2008-09-19,15_9_F_15,19-09-2008,3,22:30,23:15,interruption,other,ok,NPT - Other,Unclassified,low,troubleshot fwd PRS and racking system.,NPT - Surface Equipment/Repair/Maintenance,
15_9_F_15_2008-09-20,15_9_F_15,20-09-2008,13,11:15,17:30,interruption,other,ok,NPT - Other,Unclassified,low,Circulated on well while working on problem with VICIS.,NPT - Surface Equipment/Repair/Maintenance,
15_9_F_15_2008-09-21,15_9_F_15,21-09-2008,27,21:15,22:00,interruption,other,ok,NPT - Other,Unclassified,low,Troubleshot ZMS / VICIS / control system.,NPT - Surface Equipment/Repair/Maintenance,
15_9_F_15_2008-09-22,15_9_F_15,22-09-2008,2,00:30,01:15,interruption,other,ok,NPT - Other,Unclassified,low,Troubleshot ZMS / VICIS / control system. Meanwhile circulated on well 3500 lpm / SPP 130 bar.,NPT - Surface Equipment/Repair/Maintenance,
15_9_F_15_2008-09-22,15_9_F_15,22-09-2008,4,01:30,04:15,interruption,other,ok,NPT - Other,Unclassified,low,Troubleshot ZMS / VICIS / control system.,NPT - Surface Equipment/Repair/Maintenance,
15_9_F_15_2008-09-22,15_9_F_15,22-09-2008,5,04:15,05:15,interruption,other,ok,NPT - Other,Unclassified,low,Calibrated travelling block while POOH with stand - still problems with control system / ZMS limits. Racked back stand. Decieded to start POOH with reduced speed.,NPT - Surface Equipment/Repair/Maintenance,
15_9_F_15_2008-09-22,15_9_F_15,22-09-2008,11,13:45,00:00,interruption,other,ok,NPT - Other,Unclassified,low,Troubleshot problems with ZMS / control system.,NPT - Surface Equipment/Repair/Maintenance,
15_9_F_15_2008-09-23,15_9_F_15,23-09-2008,1,00:00,00:30,interruption,other,ok,NPT - Other,Unclassified,low,Troubleshot problems with ZMS / control system. Got system up and running sufficiently to continue operations. Block/TDS out of ZMS. Discussed compensating measures.,NPT - Surface Equipment/Repair/Maintenance,
15_9_F_15_2008-09-23,15_9_F_15,23-09-2008,4,03:15,03:45,interruption,other,ok,NPT - Other,Unclassified,low,Problems with ZMS. Rebooted ZMS system.,NPT - Surface Equipment/Repair/Maintenance,
15_9_F_15_2008-09-23,15_9_F_15,23-09-2008,12,09:45,10:45,interruption,other,ok,NPT - Other,Unclassified,low,Troubleshot ZMS / control system.,NPT - Surface Equipment/Repair/Maintenance,
15_9_F_15_2008-09-23,15_9_F_15,23-09-2008,16,11:45,16:15,interruption,other,ok,NPT - Other,Unclassified,low,Troubleshot ZMS / control system. Meanwhile troubleshot ZMS / control system.,NPT - Surface Equipment/Repair/Maintenance,
15_9_F_15_2008-09-23,15_9_F_15,23-09-2008,17,16:15,16:30,interruption,other,ok,NPT - Other,Unclassified,low,"Troubleshot ZMS / control system. Meanwhile held toolbox talk for rigging 3"" chicksan on F-5.",NPT - Surface Equipment/Repair/Maintenance,
15_9_F_15_2008-09-23,15_9_F_15,23-09-2008,18,16:30,19:00,interruption,other,ok,NPT - Other,Unclassified,low,Troubleshot ZMS / control system.,NPT - Surface Equipment/Repair/Maintenance,
15_9_F_15_2008-09-23,15_9_F_15,23-09-2008,19,19:00,22:00,interruption,other,ok,NPT - Other,Unclassified,low,"Troubleshot ZMS / control system. Meanwhile rigged 3"" chicksan in moonpool.",NPT - Surface Equipment/Repair/Maintenance,
15_9_F_15_2008-09-23,15_9_F_15,23-09-2008,20,22:00,22:15,interruption,other,ok,NPT - Other,Unclassified,low,Reset all drilling system - got ZMS / control system up and running.,NPT - Surface Equipment/Repair/Maintenance,
15_9_F_15_2008-09-24,15_9_F_15,24-09-2008,10,16:00,16:30,interruption,other,ok,NPT - Other,Unclassified,low,Troubleshot ZMS / control system.,NPT - Surface Equipment/Repair/Maintenance,
15_9_F_15_2008-09-25,15_9_F_15,25-09-2008,6,06:00,11:30,interruption,other,ok,NPT - Other,Unclassified,low,Had problems with bolts on deadline anchor spooler drum.,NPT - Surface Equipment/Repair/Maintenance,
15_9_F_15_2008-09-25,15_9_F_15,25-09-2008,8,14:30,18:15,interruption,other,ok,NPT - Other,Unclassified,low,Slip and cut drill line. Had problems with bolts on deadline anchor clamp.,NPT - Surface Equipment/Repair/Maintenance,
15_9_F_15_2008-10-04,15_9_F_15,04-10-2008,3,02:00,02:30,interruption,other,ok,NPT - Other,Unclassified,low,Replaced and MU new fitting on BX elevator hydraulic hose.,NPT - Surface Equipment/Repair/Maintenance,
15_9_F_15_2008-11-14,15_9_F_15,14-11-2008,2,00:30,01:30,interruption,other,ok,NPT - Other,Unclassified,low,Changed out BX-elevator due to slack spring in closing mechanisme. Could not operate back-up elevator. Changed back to primary BX-elevator and decided to operated it while looking for a new latch locking pin spring.,NPT - Surface Equipment/Repair/Maintenance,
15_9_F_15_2008-11-14,15_9_F_15,14-11-2008,4,04:30,05:00,interruption,other,ok,NPT - Other,Unclassified,low,Replaced latch locking pin spring on BX-elevators. Fixed joy-stick for drawworks.,NPT - Surface Equipment/Repair/Maintenance,
15_9_F_15_2008-12-06,15_9_F_15,06-12-2008,4,02:45,03:00,plug abandon,other,ok,Productive,Plug Abandon - Other,low,"Held toolbox talk prior to making up 9 5/8"" EZSV.",Productive/plug & Abandon,
15_9_F_15_2008-12-07,15_9_F_15,07-12-2008,15,07:15,08:45,interruption,other,ok,NPT - Other,Unclassified,low,Changed dies in aft PRS gripper head.,NPT - Surface Equipment/Repair/Maintenance,
15_9_F_15_2008-12-08,15_9_F_15,08-12-2008,19,11:30,11:45,interruption,other,ok,NPT - Other,Unclassified,low,Troubleshot problem with PRS elevator.,NPT - Surface Equipment/Repair/Maintenance,
15_9_F_15_2008-12-08,15_9_F_15,08-12-2008,28,20:30,21:00,interruption,other,ok,NPT - Other,Unclassified,low,Troubleshot hydraulics for casing tong. Troubleshot HTS tailing arm.,NPT - Surface Equipment/Repair/Maintenance,
15_9_F_15_2008-12-10,15_9_F_15,10-12-2008,8,10:30,11:45,interruption,other,ok,NPT - Other,Unclassified,low,Troubleshot PRS weight indicator and PRS elevator problems.,NPT - Surface Equipment/Repair/Maintenance,
15_9_F_15_2008-12-10,15_9_F_15,10-12-2008,10,12:30,00:00,interruption,other,ok,NPT - External,Materials/Logistics,medium,Troubleshot situation with PRS. PRS not supplying sufficient hydraulic pressure to gripper claw. Performed faultfinding in hydraulic and electrical system.,NPT - Surface Equipment/Repair/Maintenance,
15_9_F_15_2008-12-11,15_9_F_15,11-12-2008,3,19:00,22:00,interruption,other,ok,NPT - Other,Unclassified,low,Cleared drillfloor. Installed flush joint elevator on PRS. Tested PRS - ok.,NPT - Surface Equipment/Repair/Maintenance,
15_9_F_15_2008-12-11,15_9_F_15,11-12-2008,4,22:00,22:30,interruption,other,ok,NPT - Other,Unclassified,low,Calibrated blocks -ok.,NPT - Surface Equipment/Repair/Maintenance,
15_9_F_15_2008-12-12,15_9_F_15,12-12-2008,6,05:00,05:30,plug abandon,other,ok,Productive,Plug Abandon - Other,low,Washed/drilled soft cement from 1301 m to 1315 m MD. Parameters : 2000 lpm / 30 rpm / SPP 60 bar / torque 5-15 kNm /  WOB 0-5 MT.,Productive/plug & Abandon,
15_9_F_15_A_2008-12-14,15_9_F_15_A,14-12-2008,2,03:30,04:00,interruption,other,ok,NPT - Other,Unclassified,low,Removed flush joint elevator on PRS in order to fix spooling problem. Ran gripper head to floor and re-spooled drums. Meanwhile reamed on stand and downlinked powerdrive.,NPT - Surface Equipment/Repair/Maintenance,
15_9_F_15_A_2008-12-15,15_9_F_15_A,15-12-2008,2,02:00,02:30,interruption,other,ok,NPT - Other,Unclassified,low,"When attempting to pick up a stand of 5 1/2"" DP, the stand was bent. Probable cause is that the stand was caught by the wind and/or hit by the flush joint elevator when making the grip with the gripper head. Hence the stand was bent when retracting the arm. Closed additional fingers to secure the stand in the finger slot. Set down stand and made new grip. Inspected stand visually, stand seemed to by straight and undamaged. Meanwhile reciprocated stand with 3000 lpm / 80 RPM.",NPT - Surface Equipment/Repair/Maintenance,
15_9_F_15_A_2008-12-16,15_9_F_15_A,16-12-2008,2,03:45,04:15,interruption,other,ok,NPT - Other,Unclassified,low,Performed manriding to hose bundle in top of PRS. Thightened fittings on several hoses. Inspected and found leak to be fixed. Meanwhile circulated at 3000 lpm / SPP 136 bar.,NPT - Surface Equipment/Repair/Maintenance,
15_9_F_15_A_2008-12-18,15_9_F_15_A,18-12-2008,2,02:00,03:45,interruption,other,ok,NPT - Other,Unclassified,low,"Not able to function FMS. Troubleshot situation. Changed fittings on hoses - still not functioning correctly. Traced external panel for FMS and hooked up same. Traced 13 3/8"" inserts for PS-30. Hooked up FMS to external panel, functioned FMS - ok. Installed by-pass baffle in shoe joint laying on HTS.",NPT - Surface Equipment/Repair/Maintenance,
15_9_F_15_A_2008-12-18,15_9_F_15_A,18-12-2008,9,09:00,09:45,interruption,other,ok,NPT - Other,Unclassified,low,Troubleshot hydraulics on PS-30.,NPT - Surface Equipment/Repair/Maintenance,
15_9_F_15_A_2008-12-18,15_9_F_15_A,18-12-2008,17,20:45,21:15,interruption,other,ok,NPT - Other,Unclassified,low,Troubleshot problems with HTS rollers.,NPT - Surface Equipment/Repair/Maintenance,
15_9_F_15_A_2008-12-19,15_9_F_15_A,19-12-2008,10,11:00,12:15,interruption,other,ok,NPT - Other,Unclassified,low,"Not able to stab to stab casing correctly. Crossed threads, negative make up. Backed out joint. Cleaned, inspected and refurbished threads.",agreed,
15_9_F_15_A_2008-12-23,15_9_F_15_A,23-12-2008,13,22:00,23:45,interruption,other,ok,NPT - Other,Unclassified,low,Trouble shot mal function of PS21 slips.,NPT - Surface Equipment/Repair/Maintenance,
15_9_F_15_A_2008-12-25,15_9_F_15_A,25-12-2008,14,14:00,15:00,interruption,other,ok,NPT - Other,Unclassified,low,Trouble shot HTS rollers.,NPT - Surface Equipment/Repair/Maintenance,
15_9_F_15_A_2008-12-25,15_9_F_15_A,25-12-2008,16,16:15,16:45,interruption,other,ok,NPT - Other,Unclassified,low,Trouble shot draw works movement malfunction.,NPT - Surface Equipment/Repair/Maintenance,
15_9_F_15_A_2008-12-25,15_9_F_15_A,25-12-2008,17,16:45,17:15,interruption,other,ok,NPT - Other,Unclassified,low,Trouble shot PDM malfunction.,NPT - Surface Equipment/Repair/Maintenance,
15_9_F_15_A_2008-12-26,15_9_F_15_A,26-12-2008,1,00:00,00:45,interruption,other,ok,NPT - Other,Unclassified,low,Investigated problem with HTS belt. Re-sat encoder,NPT - Surface Equipment/Repair/Maintenance,
15_9_F_15_A_2008-12-26,15_9_F_15_A,26-12-2008,7,10:15,11:45,interruption,other,ok,NPT - Other,Unclassified,low,"RIH with 5 1/2"" DP from surface to 1009 m.",Productive/Tripping,
15_9_F_15_A_2008-12-29,15_9_F_15_A,29-12-2008,12,11:45,13:00,interruption,other,ok,NPT - Other,Unclassified,low,Investigated why BX-elevators opened without command. Changed out BX-elevator.,NPT - Surface Equipment/Repair/Maintenance,
15_9_F_15_A_2008-12-31,15_9_F_15_A,31-12-2008,5,17:30,18:00,interruption,other,ok,NPT - Other,Unclassified,low,Circulated hole clean whilst investigating problem with PRS bladder on lower arm.,NPT - Surface Equipment/Repair/Maintenance,
15_9_F_15_A_2009-01-01,15_9_F_15_A,01-01-2009,2,05:00,06:00,interruption,other,ok,NPT - Other,Unclassified,low,"Evaluated situation. Made SJA and held tool box talk for recovering 10 3/4"" csg double. Secured lower end of csg and attached pick up elevator on top end.

Meanwhile circulated 8 1/2"" hole at minimum rate. Parameters : 1100 lpm / SPP 42 bar / 60 RPM / torque 10-12 kNm. Stopped rotation when man-riding to attach pick up elevator.",NPT - Surface Equipment/Repair/Maintenance,
15_9_F_15_A_2009-01-01,15_9_F_15_A,01-01-2009,3,06:00,07:00,interruption,other,ok,NPT - Other,Unclassified,low,"Made SJA and held tool box talk for recovering 10 3/4"" csg double. Secured lower end of csg and attached pick up elevator on top end. Hoisted csg vertical and secured in aft PRS. Inspected TDS blower hose for damage. Ok.

Meanwhile circulated 8 1/2"" hole at minimum rate. Parameters : 1100 lpm / SPP 42 bar / 60 RPM / torque 10-12 kNm. Stopped rotation when man-riding to attach pick up elevator.",NPT - Surface Equipment/Repair/Maintenance,
15_9_F_15_A_2009-01-02,15_9_F_15_A,02-01-2009,7,06:00,08:45,interruption,other,ok,NPT - Other,Unclassified,low,"Changed leaking hydraulic hose in cable tray on aft PRS drag chain in derrick.

Meanwhile function tested BOP and flushed choke & kill lines. De-isolated and function tested aft PRS.",NPT - Surface Equipment/Repair/Maintenance,
15_9_F_15_A_2009-01-07,15_9_F_15_A,07-01-2009,10,14:00,15:15,interruption,other,ok,NPT - Other,Unclassified,low,"ESD shut down on production, Waited on electrician to reset equipment on drill floor.",NPT-Other/HSE/Permits,
15_9_F_15_C_2009-01-20,15_9_F_15_C,20-01-2009,3,03:30,04:30,interruption,other,ok,NPT - Other,Unclassified,low,Excess time used on service on TDS and PRS. RIH to TD at 2585 m MD.,NPT - Surface Equipment/Repair/Maintenance,
15_9_F_15_C_2009-01-20,15_9_F_15_C,20-01-2009,14,18:15,20:15,interruption,other,ok,NPT - Other,Unclassified,low,Troubleshot slack wire on PRS. Found mismatch on tension cyclinders - rectified problem.,NPT - Surface Equipment/Repair/Maintenance,
15_9_F_15_C_2009-01-25,15_9_F_15_C,25-01-2009,8,19:15,19:30,interruption,other,ok,NPT - Other,Unclassified,low,Held toolbox talk for continued casing running.,Productive/ Casing/Cementing,
15_9_F_15_C_2009-01-26,15_9_F_15_C,26-01-2009,7,11:45,12:15,interruption,other,ok,NPT - Other,Unclassified,low,Attempted to latch BX elevator onto casing stand in PRS - negative. Troubleshot. Decided to change to spider elevator.,NPT - Surface Equipment/Repair/Maintenance,
15_9_F_15_C_2009-01-26,15_9_F_15_C,26-01-2009,10,19:45,20:00,interruption,other,ok,NPT - Other,Unclassified,low,"Held toolbox talk for running 10 3/4"" casing stands.",Productive/ Casing/Cementing,
15_9_F_15_C_2009-01-28,15_9_F_15_C,28-01-2009,17,18:45,19:30,interruption,other,ok,NPT - Other,Unclassified,low,Troubleshot problem with hydraulic oil overheating. Ran other hydraulic equipment to cool hydraulic oil in main system.,NPT - Surface Equipment/Repair/Maintenance,
15_9_F_15_C_2009-01-28,15_9_F_15_C,28-01-2009,19,21:00,23:30,interruption,other,ok,NPT - Other,Unclassified,low,"Searched rig for spare x-over / socket. Welded 1,5"" hex socket onto 1"" drive interface on j-gun. Meanwhile positioned Claxton tool and brought riser spider to drillfloor.",NPT - External/Materials/Logistics,
15_9_F_15_C_2009-02-08,15_9_F_15_C,08-02-2009,14,16:00,16:30,interruption,other,ok,NPT - Surface Equipment,Repair/Maintenance,medium,Repaired loose fitting on PRS hose. Stopped operation due to exhaust fumes on drill floor.,agreed,
15_9_F_15_C_2009-02-08,15_9_F_15_C,08-02-2009,16,18:30,00:00,interruption,other,ok,NPT - Other,Unclassified,low,"Identified bursted hose on upper arm on aft PRS. Installed new hose as a temporary solution on upper arm (hose will be replaced during scheduled PRS overhault).

Meanwhile continued to change hydraulic tension cylinders on F-15 on centralizer deck.",NPT - Surface Equipment/Repair/Maintenance,
15_9_F_15_C_2009-02-09,15_9_F_15_C,09-02-2009,3,03:00,06:00,interruption,other,ok,NPT - Other,Unclassified,low,Found damaged port for hydraulic hose in TDS rotating head. Isolated port and switched to redundant hydraulic line.,NPT - Surface Equipment/Repair/Maintenance,
15_9_F_15_C_2009-02-09,15_9_F_15_C,09-02-2009,5,17:30,19:00,interruption,other,ok,NPT - Other,Unclassified,low,Replaced seal in rotating head and rebuilt same. Tested and observed no leaks. Continued rebuilding rotating head components.,NPT - Surface Equipment/Repair/Maintenance,
15_9_F_15_C_2009-02-09,15_9_F_15_C,09-02-2009,6,19:00,20:00,interruption,other,ok,NPT - Other,Unclassified,low,De-isolated drawworks and TDS. Function tested TDS and pressured up system. Tidied and cleaned oil from TDS and rig floor.,NPT - Surface Equipment/Repair/Maintenance,
15_9_F_15_C_2009-02-18,15_9_F_15_C,18-02-2009,4,01:00,01:30,interruption,other,ok,NPT - Other,Unclassified,low,Changed to backup elevators due to problems with primary elevators.,NPT - Surface Equipment/Repair/Maintenance,
15_9_F_15_C_2009-02-18,15_9_F_15_C,18-02-2009,12,07:15,08:00,interruption,other,ok,NPT - Other,Unclassified,low,Problem with BX elevator function investigated. Installed gauges on elevators & tested same.,NPT - Surface Equipment/Repair/Maintenance,
15_9_F_15_C_2013-10-11,15_9_F_15_C,11-10-2013,13,10:15,12:00,interruption,other,ok,NPT - Other,Unclassified,low,Jarred up and sheared pin between D probe and lock mandrel.,NPT - Downhole Equipment/Failure,
15_9_F_15_C_2013-10-11,15_9_F_15_C,11-10-2013,17,14:15,18:30,interruption,other,ok,NPT - Other,Unclassified,low,Jarred down to release GS/M pulling tool.,NPT - Downhole Equipment/Failure,
15_9_F_15_C_2013-10-11,15_9_F_15_C,11-10-2013,18,18:30,19:00,interruption,other,ok,NPT - Other,Unclassified,low,POOH from 477 m to surface. FLO left in hole.,NPT - Downhole Equipment/Failure,
15_9_F_15_C_2013-10-11,15_9_F_15_C,11-10-2013,19,19:00,20:15,interruption,other,ok,NPT - Other,Unclassified,low,"Held TBT with nightshift. Re-configured toolstring, including hydraulic jar and TDR.",NPT - Downhole Equipment/Fishing,
15_9_F_15_C_2013-10-11,15_9_F_15_C,11-10-2013,20,20:15,20:45,interruption,other,ok,NPT - Other,Unclassified,low,RIH w/ jarring toolstring and engaged FLO at 477 m.,NPT - Downhole Equipment/Fishing,
15_9_F_15_C_2013-10-11,15_9_F_15_C,11-10-2013,23,22:30,22:45,interruption,other,ok,NPT - Other,Unclassified,low,Performed TBT for way ahead and handling loose wire safely.,NPT - Downhole Equipment/Fishing,
15_9_F_15_C_2013-10-11,15_9_F_15_C,11-10-2013,24,22:45,23:00,interruption,other,ok,NPT - Other,Unclassified,low,POOH from 284 m to surface. Toolstring parted at time delayed release below cable head.,NPT - Downhole Equipment/Fishing,
15_9_F_15_C_2013-10-12,15_9_F_15_C,12-10-2013,6,02:45,03:00,workover,other,ok,Productive,Workover,high,"Engaged FLO, confirmed additional weight. POOH from 477 m to surface.",,
15_9_F_15_C_2013-10-13,15_9_F_15_C,13-10-2013,20,18:15,18:30,interruption,other,ok,NPT - Other,Unclassified,low,Rig blacked out.,NPT - Surface Equipment/Repair/Maintenance,
15_9_F_15_C_2013-10-29,15_9_F_15_C,29-10-2013,2,02:15,02:30,plug abandon,other,ok,Productive,Plug Abandon - Other,low,Performed Pre-job Meeting prior to nippling down BOP.,Productive/BOP/Wellhead,
15_9_F_15_C_2013-10-30,15_9_F_15_C,30-10-2013,7,03:30,05:00,plug abandon,other,ok,Productive,Plug Abandon - Other,low,Installed riser spider in rotary. Installed hydraulic hoses and function tested spider.,Productive/BOP/Wellhead,
15_9_F_15_C_2013-10-31,15_9_F_15_C,31-10-2013,1,00:00,02:00,plug abandon,other,ok,Productive,Plug Abandon - Other,low,"Picked up lower riser pup joint.
Prepared seal faces on joint connection and made up same.
Tested connection and ran down with riser joint.",Productive/BOP/Wellhead,
15_9_F_15_C_2013-11-03,15_9_F_15_C,03-11-2013,7,10:15,10:30,plug abandon,other,ok,Productive,Plug Abandon - Other,low,Performed pre-job meeting prior changing of elevators.,Productive/Tripping,
15_9_F_15_C_2013-11-04,15_9_F_15_C,04-11-2013,8,11:15,12:15,plug abandon,other,ok,Productive,Plug Abandon - Other,low,"Modified scaffolding in moonpool.

Maenwhile:
Prepared equipment to run diverter.
Performed pre-job meeting prior to nipple up BOP.
At 11:00 hrs informed production to shut down according to SIMOPS red procedure.",Productive/BOP/Wellhead,
15_9_F_15_D_2013-11-16,15_9_F_15_D,16-11-2013,7,21:00,21:15,drilling,other,ok,Productive,Drilling - Other,low,Took SCR.,Productive/Monitoring,
15_9_F_15_D_2013-11-17,15_9_F_15_D,17-11-2013,7,15:30,15:45,interruption,other,ok,NPT - Other,Unclassified,low,Observed leak on kelly hose at connection. R/B stand.,NPT - Surface Equipment/Repair/Maintenance,
15_9_F_15_D_2013-11-17,15_9_F_15_D,17-11-2013,8,15:45,16:00,interruption,other,ok,NPT - Other,Unclassified,low,"Removed PS21 slips, installed master bushing. M/U swedge and hose and lined up for circulation.",NPT - Surface Equipment/Repair/Maintenance,
15_9_F_15_D_2013-11-17,15_9_F_15_D,17-11-2013,10,19:00,19:15,interruption,other,ok,NPT - Other,Unclassified,low,"Removed hose and circ. sub from string. M/U TDS, broke circulation. Tested kelly hose to 250 bar.",NPT - Surface Equipment/Repair/Maintenance,
15_9_F_15_D_2013-11-28,15_9_F_15_D,28-11-2013,32,21:45,00:00,drilling,other,ok,Productive,Drilling - Other,low,R/U test line to TDS. Performed line test to 20 /345 bar for 5/10 min. Pressure tested TDS and kelly hose to 20/345 bar for 5/10 min.,NPT - Surface Equipment/Repair/Maintenance,
15_9_F_15_D_2013-12-02,15_9_F_15_D,02-12-2013,4,14:00,16:15,interruption,other,ok,NPT - Other,Unclassified,low,"Attempted to rack back stand no success. Unable to back out due to TDS brake. Troubleshot on TDS brake system. Spanned out stand with iron roughneck. R/B stand in derrick. M/U circulation swedge and hose to dril string. Circulated on well with 660 lpm, 48 bar. Restarted TDS all functions returned to normal. Broke out circulation swedge.",NPT - Surface Equipment/Repair/Maintenance,
15_9_F_15_D_2013-12-02,15_9_F_15_D,02-12-2013,10,19:30,19:45,interruption,other,ok,NPT - Other,Unclassified,low,Troubleshot on interlock system for mudbucket. Meanwhile circulated with 1800 lpm and 60 rpm. Reciprocated drill string.,NPT - Surface Equipment/Repair/Maintenance,
15_9_F_15_D_2013-12-08,15_9_F_15_D,08-12-2013,7,04:00,06:00,completion,other,ok,Productive,Completion,high,"Established circulation in steps of 200 lpm to 900 lpm, 10 m3 loss was observed Reduced flow to 700 lpm, 90 bar, no loss observed. Established rotation with 20 rpm, 20-26 kNm.
Pressure tested rig up to 345 bar.",,
15_9_F_15_D_2013-12-18,15_9_F_15_D,18-12-2013,31,22:45,00:00,interruption,other,ok,NPT - Other,Unclassified,low,Recovered stand back into PRS.,NPT - Surface Equipment/Repair/Maintenance,
15_9_F_15_D_2013-12-19,15_9_F_15_D,19-12-2013,1,00:00,01:45,interruption,other,ok,NPT - Other,Unclassified,low,"Recovered stand back into PRS.
Inspected PRS, replaced broken split pin in claw.",NPT - Surface Equipment/Repair/Maintenance,
15_9_F_15_D_2014-01-09,15_9_F_15_D,09-01-2014,2,03:00,06:00,interruption,other,ok,NPT - Other,Unclassified,low,Trouble shot communication to tractor (Production Electronics Cartridg ),NPT - Downhole Equipment/Failure,
15_9_F_15_D_2014-01-09,15_9_F_15_D,09-01-2014,3,06:00,07:15,interruption,other,ok,NPT - Other,Unclassified,low,Trouble shot communication to tractor (Production Electronics Cartridge),NPT - Downhole Equipment/Failure,
15_9_F_15_D_2014-01-09,15_9_F_15_D,09-01-2014,4,07:15,09:15,interruption,other,ok,NPT - Other,Unclassified,low,"POOH with perforation string on WL from 4200 m. Bled down lubricator, closed XMT.",NPT - Downhole Equipment/Failure,
15_9_F_15_D_2014-01-09,15_9_F_15_D,09-01-2014,5,09:15,09:30,interruption,other,ok,NPT - Other,Unclassified,low,Performed pre-job meeting prior to break out lubricator and L/D tractor unit.,NPT - Downhole Equipment/Failure,
15_9_F_15_D_2014-01-09,15_9_F_15_D,09-01-2014,6,09:30,11:45,interruption,other,ok,NPT - Other,Unclassified,low,Broke out lubricator at QST. L/D tractor unit. Checked and tested new tractor system.,NPT - Downhole Equipment/Failure,
15_9_F_15_D_2014-01-09,15_9_F_15_D,09-01-2014,7,11:45,12:00,interruption,other,ok,NPT - Other,Unclassified,low,P/U and M/U tool string.,Productive/Completion,
15_9_F_15_D_2014-01-09,15_9_F_15_D,09-01-2014,8,12:00,12:30,interruption,other,ok,NPT - Other,Unclassified,low,M/U lubricator to QST and pressure tested connection to 30/250 bar for 5/10 min.,Productive/BOP/Wellhead,
15_9_F_15_D_2014-01-09,15_9_F_15_D,09-01-2014,9,12:30,12:45,interruption,other,ok,NPT - Other,Unclassified,low,"Filled lubricator and riser with meg via MIV 240 ltr. 
Opened DHSV. Opened HMV.",Productive/BOP/Wellhead,
15_9_F_15_D_2014-01-09,15_9_F_15_D,09-01-2014,10,12:45,15:00,interruption,other,ok,NPT - Other,Unclassified,low,"RIH with perforation string on WL with 30 m/min according to program.
Toolstring stopped moving at 3500 m / 73,2 deg inclination.",Productive/Completion,
15_9_F_15_D_2014-01-09,15_9_F_15_D,09-01-2014,11,15:00,18:00,interruption,other,ok,NPT - Other,Unclassified,low,RIH with perforation string on WL using tractor from 3500 m to 4400 m.,Productive/Completion,
15_9_F_15_D_2014-01-11,15_9_F_15_D,11-01-2014,18,21:30,22:00,interruption,other,ok,NPT - Other,Unclassified,low,"POOH from 500 m with perforation string on WL. Tools in catcher. Closed SV, 21,2 bar SIWHP. Closed HMW.",NPT - Downhole Equipment/Failure,
15_9_F_15_D_2014-01-11,15_9_F_15_D,11-01-2014,19,22:00,23:00,interruption,other,ok,NPT - Other,Unclassified,low,Inflow tested HMV with SIWHP 5 bar for 10 min. Meanwhile performed pre-job meeting prior to break lubricator and check tool string.,Productive/BOP/Wellhead,
15_9_F_15_D_2014-01-11,15_9_F_15_D,11-01-2014,20,23:00,23:30,interruption,other,ok,NPT - Other,Unclassified,low,Broke out lubricator at QST. Inspected and tested tool string firing head.,NPT - Downhole Equipment/Failure,
15_9_F_15_D_2014-01-11,15_9_F_15_D,11-01-2014,21,23:30,00:00,interruption,other,ok,NPT - Other,Unclassified,low,Removed firing head.,NPT - Downhole Equipment/Failure,
15_9_F_15_D_2014-01-12,15_9_F_15_D,12-01-2014,1,00:00,00:45,interruption,other,ok,NPT - Other,Unclassified,low,"Checked firing head, crimped wire observed.",NPT - Downhole Equipment/Failure,
15_9_F_15_D_2014-01-12,15_9_F_15_D,12-01-2014,2,00:45,02:00,interruption,other,ok,NPT - Other,Unclassified,low,M/U firing head to tool string. Function tested tool string.,NPT - Downhole Equipment/Failure,
15_9_F_15_D_2014-01-12,15_9_F_15_D,12-01-2014,3,02:00,02:30,interruption,other,ok,NPT - Other,Unclassified,low,M/U lubricator at QST. Pressure tested lubricator to 275 bar. Filled riser with meg.,Productive/BOP/Wellhead,
15_9_F_15_D_2014-01-12,15_9_F_15_D,12-01-2014,4,02:30,03:00,interruption,other,ok,NPT - Other,Unclassified,low,Opened well and RIH with perforation string no. 3 on WL to 250 m.,Productive/Completion,
15_9_F_15_D_2015-08-06,15_9_F_15_D,06-08-2015,6,21:00,22:00,workover,other,ok,Productive,Workover,high,Held start up meeting regarding well operation with all involved personnel.,,
15_9_F_15_D_2015-08-09,15_9_F_15_D,09-08-2015,2,01:45,02:15,interruption,other,ok,NPT - Other,Unclassified,low,Evaluated situation. Discussed different options.,NPT - Downhole Equipment/Failure,"The next entries show a toolstring compatibility problem, so this evaluation belongs to that event rather than staying Unclassified"
15_9_F_15_D_2015-08-09,15_9_F_15_D,09-08-2015,3,02:15,07:45,interruption,other,ok,NPT - Other,Unclassified,low,Altus and Schlumberger rearranged toolstring and tested different options. Decided to run single logging run without perf.guns.,NPT - Downhole Equipment/Failure,
15_9_F_15_D_2015-08-09,15_9_F_15_D,09-08-2015,4,07:45,08:00,interruption,other,ok,NPT - Other,Unclassified,low,Performed TBT for R/U logging BHA.,Productive/Logging,
15_9_F_15_D_2015-08-09,15_9_F_15_D,09-08-2015,5,08:00,10:05,interruption,other,ok,NPT - Other,Unclassified,low,"M/U BHA for run # 1 (3 1/8'' tractor and GR/CCL). Added 40 litr Ramex 50/50 MEG in riser.
Leak tested lubricator/QTS to 20/345 bar 5/10 min.",Productive/Logging,
15_9_F_15_D_2015-08-09,15_9_F_15_D,09-08-2015,6,10:05,11:00,interruption,other,ok,NPT - Surface Equipment,Repair/Maintenance,medium,Equalized and opened HMV and pumped MEG for equalizing DHSV. Opened DHSV. WHP 68 bar. Equalized and opened SV with 43 turns.,Productive/BOP/Wellhead,
15_9_F_15_D_2015-08-09,15_9_F_15_D,09-08-2015,8,14:30,15:25,interruption,other,ok,NPT - Other,Unclassified,low,RIH with tractor activated from 3500 m to 3900 m. Stopped at logging depth.,Productive/BOP/Wellhead,
15_9_F_15_D_2015-08-09,15_9_F_15_D,09-08-2015,10,15:30,18:10,interruption,other,ok,NPT - Other,Unclassified,low,Adjusted W/L drum position.,NPT - Surface Equipment/Repair/Maintenance,
15_9_F_15_D_2015-08-09,15_9_F_15_D,09-08-2015,12,18:30,19:50,interruption,other,ok,NPT - Other,Unclassified,low,Called out mechanic. Was able to adjust W/L drum to correct position. Continued to POOH while logging.,NPT - Surface Equipment/Repair/Maintenance,
15_9_F_15_D_2015-08-09,15_9_F_15_D,09-08-2015,14,20:30,23:10,interruption,other,ok,NPT - Other,Unclassified,low,"POOH with BHA#1 from 3348 m to surface. WHP 69 bar.
Meanwhile PETEC verified GR/CCL correlation log OK.",Productive/Logging,
15_9_F_15_D_2015-08-09,15_9_F_15_D,09-08-2015,15,23:10,00:00,interruption,other,ok,NPT - Other,Unclassified,low,Closed SV & HMV and inflow tested same. Bled off lubricator and purged R/U with N2 to closed drain.,Productive/BOP/Wellhead,
15_9_F_15_D_2015-08-10,15_9_F_15_D,10-08-2015,1,00:00,01:25,interruption,other,ok,NPT - Other,Unclassified,low,Continued to drain lubricator to closed drain.,Productive/BOP/Wellhead,
15_9_F_15_D_2015-08-10,15_9_F_15_D,10-08-2015,2,01:25,01:35,interruption,other,ok,NPT - Other,Unclassified,low,Performed TBT prior to L/D toolstring.,Productive/BOP/Wellhead,
15_9_F_15_D_2015-08-10,15_9_F_15_D,10-08-2015,3,01:35,02:20,interruption,other,ok,NPT - Other,Unclassified,low,Broke lubricator and L/D tractor and GR/CCL.,Productive/Logging,
15_9_F_15_D_2015-08-10,15_9_F_15_D,10-08-2015,4,02:20,04:00,interruption,other,ok,NPT - Other,Unclassified,low,Schlumberger and Altus checked compatibility issue.,NPT - Downhole Equipment/Failure,
15_9_F_15_D_2015-08-10,15_9_F_15_D,10-08-2015,14,13:10,14:00,interruption,other,ok,NPT - Other,Unclassified,low,Troubleshooted tractor. Not possible to activate tractor. Decided to POOH.,NPT - Downhole Equipment/Failure,
15_9_F_15_D_2015-08-10,15_9_F_15_D,10-08-2015,15,14:00,14:10,interruption,other,ok,NPT - Other,Unclassified,low,POOH from 3592 to 3355 m.  Add-on drum turned and came out of position and damaged cable.,NPT - Surface Equipment/Repair/Maintenance,
15_9_F_15_D_2015-08-10,15_9_F_15_D,10-08-2015,16,14:10,14:50,interruption,other,ok,NPT - Other,Unclassified,low,Inspected cable and found wire strand damaged.,NPT - Surface Equipment/Repair/Maintenance,
15_9_F_15_D_2015-08-10,15_9_F_15_D,10-08-2015,17,14:50,15:35,interruption,other,ok,NPT - Other,Unclassified,low,Time out and evaluated situation. Aligned and secured Add-on drum.,NPT - Surface Equipment/Repair/Maintenance,
15_9_F_15_D_2015-08-10,15_9_F_15_D,10-08-2015,18,15:35,21:00,interruption,other,ok,NPT - Other,Unclassified,low,"POOH from 3355 m to surface. WHP 72 bar. Closed SV & HMV and inflow tested same. Bled off lubricator and purged R/U with N2 to closed drain.
Meanwhile mobilised new cable from onshore.",NPT - Surface Equipment/Repair/Maintenance,
15_9_F_15_D_2015-08-10,15_9_F_15_D,10-08-2015,19,21:00,21:15,interruption,other,ok,NPT - Other,Unclassified,low,Performed TBT for L/D toolstring and lubricator.,NPT - Surface Equipment/Repair/Maintenance,
15_9_F_15_D_2015-08-11,15_9_F_15_D,11-08-2015,2,04:30,06:00,interruption,other,ok,NPT - Other,Unclassified,low,Waited on new cable from onshore.,NPT - External/Materials/Logistics,
15_9_F_15_D_2015-08-11,15_9_F_15_D,11-08-2015,3,06:00,18:00,interruption,other,ok,NPT - Other,Unclassified,low,Waited on new cable from onshore.,NPT - External/Materials/Logistics,
15_9_F_15_D_2015-08-11,15_9_F_15_D,11-08-2015,4,18:00,00:00,interruption,other,ok,NPT - Other,Unclassified,low,Waited on new cable from onshore.,NPT - External/Materials/Logistics,
15_9_F_15_D_2015-08-12,15_9_F_15_D,12-08-2015,2,06:00,09:15,interruption,other,ok,NPT - Other,Unclassified,low,Waited on new cable from onshore.,NPT - External/Materials/Logistics,
15_9_F_15_D_2015-08-12,15_9_F_15_D,12-08-2015,4,09:35,11:55,interruption,other,ok,NPT - Other,Unclassified,low,"Waited on ""green light"" form onshore to cut cable.",NPT-Other/HSE/Permits,
15_9_F_15_D_2015-08-12,15_9_F_15_D,12-08-2015,5,11:55,13:10,interruption,other,ok,NPT - Other,Unclassified,low,Positioned Add-on container for spooling of cable. Connected Add-on drum and spooled of 1586 m cable into skip.,NPT - Surface Equipment/Repair/Maintenance,
15_9_F_15_D_2015-08-12,15_9_F_15_D,12-08-2015,6,13:10,13:55,interruption,other,ok,NPT - Other,Unclassified,low,Repositioned  Add-on drum and hooked it up.,NPT - Surface Equipment/Repair/Maintenance,
15_9_F_15_D_2015-08-12,15_9_F_15_D,12-08-2015,7,13:55,14:40,interruption,other,ok,NPT - Other,Unclassified,low,Threaded cable through GIH.,NPT - Surface Equipment/Repair/Maintenance,
15_9_F_15_D_2015-08-12,15_9_F_15_D,12-08-2015,8,14:40,16:25,interruption,other,ok,NPT - Other,Unclassified,low,"Built cable head.
Meanwhile: Secured Add-on drum with tie-down chains. Held TBT on rig floor prior to P/U lubricator.",NPT - Surface Equipment/Repair/Maintenance,
15_9_F_15_D_2015-08-12,15_9_F_15_D,12-08-2015,9,16:25,17:30,interruption,other,ok,NPT - Other,Unclassified,low,Function tested tractor and Schlumberger tested CCL and firing system.,Productive/Completion,
15_9_F_15_D_2015-08-12,15_9_F_15_D,12-08-2015,10,17:30,21:45,interruption,other,ok,NPT - Other,Unclassified,low,P/U lubrictor and installed toolstring for leak test. Filled lubricator with MEG and leak tested same to 20/345bar 5/10 min.,Productive/BOP/Wellhead,
15_9_F_15_D_2015-08-12,15_9_F_15_D,12-08-2015,11,21:45,22:00,interruption,other,ok,NPT - Other,Unclassified,low,Performed TBT for disconnect lubricator and M/U BHA#3 for perf.run #1.,Productive/Completion,
15_9_F_15_D_2015-08-12,15_9_F_15_D,12-08-2015,12,22:00,00:00,interruption,other,ok,NPT - Other,Unclassified,low,Disconnected lubricator and M/U BHA#3 for perf.run #1. Added 30 litr Ramex 50/50 MEG in riser.,Productive/Completion,
15_9_F_15_D_2015-08-13,15_9_F_15_D,13-08-2015,1,00:00,01:00,interruption,other,ok,NPT - Other,Unclassified,low,Leak tested QTS to 20/345 bar 5/10 min. Equlized SV and HMV using MEG. WHP 75 bar.,Productive/BOP/Wellhead,
15_9_F_15_D_2015-08-13,15_9_F_15_D,13-08-2015,2,01:00,05:00,interruption,other,ok,NPT - Other,Unclassified,low,"RIH w/BHA #3 by gravity from 0 m to 3390 m, WHP 75 bar. Toolstring stopped at 3390 m.
Depth:                  P/U Weight:
400 m                   3200 lbs
1200 m                 4100 lbs
2000 m                 5500 lbs
2800 m                 6600 lbs
3200 m                 6200 lbs
Friction factor 0,25.",Productive/Completion,
15_9_F_15_D_2015-08-14,15_9_F_15_D,14-08-2015,14,16:00,18:00,interruption,other,ok,NPT - Other,Unclassified,low,Altus tractor troubleshoted communication problems with tractor.  Altus tractor re-started surface equipment and function tested OK.,NPT - Downhole Equipment/Failure,
15_9_F_15_D_2016-07-11,15_9_F_15_D,11-07-2016,3,03:45,08:45,plug abandon,other,ok,NPT - Surface Equipment,Repair/Maintenance,medium,"Continued bullheading into the well w/ 1300l/min, pressure stabilized at 170bar, slowly decreasing to 165 bar. After 360m3 pumped (4x well volumes) shut down pumps. Monitored SIWHP for 15 min. Pressure down to 48 bar.",Productive/plug & Abandon,
15_9_F_15_D_2016-07-13,15_9_F_15_D,13-07-2016,15,21:00,21:30,plug abandon,other,ok,Productive,Plug Abandon - Other,low,Installed slick joint,Productive/BOP/Wellhead,
15_9_F_15_D_2016-07-14,15_9_F_15_D,14-07-2016,1,00:00,01:00,plug abandon,other,ok,Productive,Plug Abandon - Other,low,Installed diverter,Productive/BOP/Wellhead,
15_9_F_15_D_2016-07-14,15_9_F_15_D,14-07-2016,32,22:45,00:00,plug abandon,other,ok,Productive,Plug Abandon - Other,low,"Started to change handling equipment. Removed master bushing, installed spider, installed pwer rollers, installed reel for spooling control line",Productive/plug & Abandon,
15_9_F_15_D_2016-07-15,15_9_F_15_D,15-07-2016,6,06:15,08:45,plug abandon,other,ok,Productive,Plug Abandon - Other,low,"Pulled tubing from 2874m to 2685m. Removed control line clamps, spooled control line, L/D tubing joints. Average pulling rate 6,4 joints/hour",Productive/plug & Abandon,
15_9_F_15_D_2016-07-16,15_9_F_15_D,16-07-2016,4,06:00,07:00,plug abandon,other,ok,Productive,Plug Abandon - Other,low,R/U csg handling equipment,agreed,
15_9_F_15_D_2016-07-16,15_9_F_15_D,16-07-2016,13,15:45,17:45,plug abandon,other,ok,Productive,Plug Abandon - Other,low,R/D csg handling equipment,agreed,
15_9_F_15_D_2016-07-16,15_9_F_15_D,16-07-2016,22,22:15,22:30,plug abandon,other,ok,Productive,Plug Abandon - Other,low,"RIH with tubing on 5 1/2"" DP from 2764 mMD to 2853 mMD.",agreed,
15_9_F_15_D_2016-07-18,15_9_F_15_D,18-07-2016,5,01:30,02:00,plug abandon,other,ok,Productive,Plug Abandon - Other,low,M/U jet sub/torque tool BHA,agreed,
15_9_F_15_D_2016-07-18,15_9_F_15_D,18-07-2016,8,03:45,04:45,plug abandon,other,ok,Productive,Plug Abandon - Other,low,"Prepared 12 1/4"" taper mill BHA",agreed,
15_9_F_15_D_2016-07-23,15_9_F_15_D,23-07-2016,16,10:30,10:45,interruption,other,ok,NPT - Other,Unclassified,low,Performed TBT prior to RIH and pressure test EZSV plug from below.,Productive/plug & Abandon,
15_9_F_15_D_2016-07-23,15_9_F_15_D,23-07-2016,17,10:45,11:15,interruption,other,ok,NPT - Other,Unclassified,low,"P/U and M/U 13 3/8"" EZSV RT to 5 1/2"" HWDP
Removed masterbushing and installed PS-21 slips.",Productive/plug & Abandon,
15_9_F_15_D_2016-07-23,15_9_F_15_D,23-07-2016,18,11:15,12:00,interruption,other,ok,NPT - Other,Unclassified,low,"RIH from surface to 78 mMD on 5 1/2"" HWDP.
Re-arranged pipe in derrick to reach last HWDP.",Productive/plug & Abandon,
15_9_F_15_D_2016-07-23,15_9_F_15_D,23-07-2016,19,12:00,13:15,interruption,other,ok,NPT - Other,Unclassified,low,"RIH w/ EZSV RT on 5 1/2""  DP from 78 m to 827 m. Avg tripping speed 600m/hr.",Productive/plug & Abandon,
15_9_F_15_D_2016-07-23,15_9_F_15_D,23-07-2016,20,13:15,13:45,interruption,other,ok,NPT - Other,Unclassified,low,"Stung into the EZSV plug, set down 10 ton.
Performed TBT for pressure testing 13 3/8"" EZSV from below.",Productive/plug & Abandon,
15_9_F_15_D_2016-07-23,15_9_F_15_D,23-07-2016,25,21:00,21:45,interruption,other,ok,NPT - Other,Unclassified,low,"Continued POOH w/ EZSv RT on 5 1/2""  DP from 681 m to 116 m . Avg. tripping speed 750 m/hr.",Productive/Tripping,
15_9_F_15_D_2016-07-23,15_9_F_15_D,23-07-2016,26,21:45,22:00,interruption,other,ok,NPT - Other,Unclassified,low,"Flowchecked well, static.
Meanwhile: Removed PS-21 slips and installed masterbushing.",Productive/Monitoring,
15_9_F_15_D_2016-07-23,15_9_F_15_D,23-07-2016,27,22:00,22:15,interruption,other,ok,NPT - Other,Unclassified,low,"POOH with EZSV RT on 5 1/2"" HWDP from 116 mMD to surface.",Productive/Tripping,
15_9_F_15_D_2016-07-23,15_9_F_15_D,23-07-2016,28,22:15,22:45,interruption,other,ok,NPT - Other,Unclassified,low,M/U lift sub and pulled EZSV RT to surface. B/O and L/D XO for next run. L/D RT,Productive/plug & Abandon,
15_9_F_15_D_2016-07-24,15_9_F_15_D,24-07-2016,19,13:00,13:45,interruption,other,ok,NPT - Other,Unclassified,low,"Prepared for clean-out run.
Cleaned and cleared drill floor.",NPT - Downhole Equipment/Failure,
15_9_F_15_D_2016-07-24,15_9_F_15_D,24-07-2016,20,13:45,14:00,interruption,other,ok,NPT - Other,Unclassified,low,Performed TBT for M/U and RIH with clean-out BHA,NPT - Downhole Equipment/Failure,
15_9_F_15_D_2016-07-24,15_9_F_15_D,24-07-2016,21,14:00,15:00,interruption,other,ok,NPT - Other,Unclassified,low,M/U clean-out BHA,NPT - Downhole Equipment/Failure,
15_9_F_15_D_2016-07-24,15_9_F_15_D,24-07-2016,22,15:00,15:15,interruption,other,ok,NPT - Other,Unclassified,low,Removed master bushing and installed PS-21 slips,NPT - Downhole Equipment/Failure,
15_9_F_15_D_2016-07-24,15_9_F_15_D,24-07-2016,23,15:15,16:15,interruption,other,ok,NPT - Other,Unclassified,low,RIH w/ clean-out BHA from 67 mMD  to 806 mMD. Avg. running speed 740 m/hr.,NPT - Downhole Equipment/Failure,
15_9_F_15_D_2016-07-24,15_9_F_15_D,24-07-2016,26,18:00,18:15,interruption,other,ok,NPT - Other,Unclassified,low,"Flowchecked well for 10min, static.",NPT - Downhole Equipment/Failure,
15_9_F_15_D_2016-07-24,15_9_F_15_D,24-07-2016,27,18:15,19:00,interruption,other,ok,NPT - Other,Unclassified,low,POOH w/ clean-out  BHA from 815 mMD to 81 mMD,NPT - Downhole Equipment/Failure,
15_9_F_15_D_2016-07-24,15_9_F_15_D,24-07-2016,28,19:00,19:15,interruption,other,ok,NPT - Other,Unclassified,low,"Flowchecked well, static.
Meanwhile: Removed PS-21 slips and installed masterbushing",NPT - Downhole Equipment/Failure,
15_9_F_15_D_2016-07-24,15_9_F_15_D,24-07-2016,29,19:15,21:00,interruption,other,ok,NPT - Other,Unclassified,low,"L/D clean-out BHA.
Cleaned and cleared drill floor.",NPT - Downhole Equipment/Failure,
15_9_F_15_D_2016-07-24,15_9_F_15_D,24-07-2016,30,21:00,21:15,interruption,other,ok,NPT - Other,Unclassified,low,"Performed TBT for M/U new 13 3/8"" EZSV plug and RT",NPT - Downhole Equipment/Failure,
15_9_F_15_D_2016-07-24,15_9_F_15_D,24-07-2016,31,21:15,22:00,interruption,other,ok,NPT - Other,Unclassified,low,"P/U and M/U running tool and 13 3/8"" EZSV plug",NPT - Downhole Equipment/Failure,
15_9_F_15_D_2016-07-24,15_9_F_15_D,24-07-2016,32,22:00,22:15,interruption,other,ok,NPT - Other,Unclassified,low,"RIH w/ 13 3/8"" EZSV BHA slowly until below CH. No obstructions seen.",NPT - Downhole Equipment/Failure,
15_9_F_15_D_2016-07-24,15_9_F_15_D,24-07-2016,33,22:15,22:30,interruption,other,ok,NPT - Other,Unclassified,low,Removed master bushing and installed PS-21 slips,NPT - Downhole Equipment/Failure,
15_9_F_15_D_2016-07-24,15_9_F_15_D,24-07-2016,34,22:30,00:00,interruption,other,ok,NPT - Other,Unclassified,low,"RIH restricted w/ 13 3/8"" EZSV BHA to 728 mMD, 2 min/std.",NPT - Downhole Equipment/Failure,
15_9_F_15_D_2016-07-25,15_9_F_15_D,25-07-2016,1,00:00,00:15,interruption,other,ok,NPT - Other,Unclassified,low,"Continued RIH restricted with 13 3/8"" EZSV plug BHA to 808 mMD. 2 min/std.",NPT - Downhole Equipment/Failure,
15_9_F_15_D_2016-07-25,15_9_F_15_D,25-07-2016,2,00:15,01:15,interruption,other,ok,NPT - Other,Unclassified,low,"Established circulation and washed the setting area between 808 mMD and 815 mMD, 800 l/min.
Set EZSV plug at 811 mMD.",NPT - Downhole Equipment/Failure,
15_9_F_15_D_2016-07-25,15_9_F_15_D,25-07-2016,3,01:15,01:45,interruption,other,ok,NPT - Other,Unclassified,low,"Racked back one stand. M/U TDS and spaced out to close UPR.
Meanwhile: Prepared cement unit for pressure testing.",NPT - Downhole Equipment/Failure,
15_9_F_15_D_2016-07-25,15_9_F_15_D,25-07-2016,4,01:45,02:15,interruption,other,ok,NPT - Other,Unclassified,low,"Flushed lines, confirmed line-up and performed line-up test to 40 bar.
Meanwhile: Performed drops check and serviced TDS.",NPT - Downhole Equipment/Failure,
15_9_F_15_D_2016-07-25,15_9_F_15_D,25-07-2016,6,03:15,03:30,interruption,other,ok,NPT - Other,Unclassified,low,"Disconnected TDS and stung into EZSV plug. Tagged plug at 811 mMD, sat down 9 ton.",NPT - Downhole Equipment/Failure,
15_9_F_15_D_2016-07-25,15_9_F_15_D,25-07-2016,8,04:15,04:45,interruption,other,ok,NPT - Other,Unclassified,low,"Evaluated situation. Decided to POOH.
Meanwhile: Bled down pressure on cement unit and released EZSV RT",NPT - Downhole Equipment/Failure,
15_9_F_15_D_2016-07-25,15_9_F_15_D,25-07-2016,9,04:45,05:00,interruption,other,ok,NPT - Other,Unclassified,low,Performed TBT for POOH,NPT - Downhole Equipment/Failure,
15_9_F_15_D_2016-07-25,15_9_F_15_D,25-07-2016,10,05:00,05:15,interruption,other,ok,NPT - Other,Unclassified,low,"Stung out of EZSV plug and disconnected TDS.
R/B 1 std.",NPT - Downhole Equipment/Failure,
15_9_F_15_D_2016-07-25,15_9_F_15_D,25-07-2016,11,05:15,06:15,interruption,other,ok,NPT - Other,Unclassified,low,POOH from 770 mMD to 40 mMD. Avg tripping speed 730 m/hr,NPT - Downhole Equipment/Failure,
15_9_F_15_D_2016-07-25,15_9_F_15_D,25-07-2016,12,06:15,06:45,interruption,other,ok,NPT - Other,Unclassified,low,"Removed PS-21 slips and installed master bushing
R/B last stand",NPT - Downhole Equipment/Failure,
15_9_F_15_D_2016-07-25,15_9_F_15_D,25-07-2016,13,06:45,07:00,interruption,other,ok,NPT - Other,Unclassified,low,L/D EZSV RT BHA.,NPT - Downhole Equipment/Failure,
15_9_F_15_D_2016-07-25,15_9_F_15_D,25-07-2016,21,17:15,17:30,interruption,other,ok,NPT - Other,Unclassified,low,Performed TBT for RIH with RTTS plug,NPT - Downhole Equipment/Failure,
15_9_F_15_D_2016-07-25,15_9_F_15_D,25-07-2016,22,17:30,19:00,interruption,other,ok,NPT - Other,Unclassified,low,"P/U and M/U 3 std 8 1/4"" DC to RTTS assy.",NPT - Downhole Equipment/Failure,
15_9_F_15_D_2016-07-25,15_9_F_15_D,25-07-2016,23,19:00,19:15,interruption,other,ok,NPT - Other,Unclassified,low,Performed handover meeting with new drilling crew,NPT - Downhole Equipment/Failure,
15_9_F_15_D_2016-07-25,15_9_F_15_D,25-07-2016,24,19:15,19:30,interruption,other,ok,NPT - Other,Unclassified,low,P/U and M/U storm valve,NPT - Downhole Equipment/Failure,
15_9_F_15_D_2016-07-25,15_9_F_15_D,25-07-2016,25,19:30,19:45,interruption,other,ok,NPT - Other,Unclassified,low,"RIH with RTTS BHA restricted to 130mMD, 2 min/std.",NPT - Downhole Equipment/Failure,
15_9_F_15_D_2016-07-25,15_9_F_15_D,25-07-2016,26,19:45,20:15,interruption,other,ok,NPT - Other,Unclassified,low,"RIH to plug setting depth and washed setting area, 600 lpm / 2bar
Set RTTS plug at 161 mMD.",NPT - Downhole Equipment/Failure,
15_9_F_15_D_2016-07-25,15_9_F_15_D,25-07-2016,27,20:15,20:45,interruption,other,ok,NPT - Other,Unclassified,low,"Lined up cement unit to standpipe and confirmed line-up.
Attempted to test lines against IBOP to 40 bar. Closed stand pipe valve and got acceptable line test.",NPT - Downhole Equipment/Failure,
15_9_F_15_D_2016-07-25,15_9_F_15_D,25-07-2016,29,21:30,22:00,interruption,other,ok,NPT - Other,Unclassified,low,"Released RTTS plug and POOH restritcted from 161 mDM to 98 mMD, 2 min/std.",NPT - Downhole Equipment/Failure,
15_9_F_15_D_2016-07-25,15_9_F_15_D,25-07-2016,30,22:00,23:15,interruption,other,ok,NPT - Other,Unclassified,low,"L/D RTTS and RT. R/B 8 1/4"" DC.",NPT - Downhole Equipment/Failure,
15_9_F_15_D_2016-07-26,15_9_F_15_D,26-07-2016,1,00:00,07:00,interruption,other,ok,NPT - Surface Equipment,Repair/Maintenance,medium,"Continued repairing leakage on AFT PRS.
Meanwhile: Started to repair FWD PRS",agreed,
15_9_F_15_D_2016-07-28,15_9_F_15_D,28-07-2016,13,07:00,09:00,interruption,other,ok,NPT - Other,Unclassified,low,"Evaluated situation with onshore organisation.
Meanwhile: Monitored well on TT. Performed PMs.",agreed,
15_9_F_15_D_2016-07-28,15_9_F_15_D,28-07-2016,18,12:00,12:15,interruption,other,ok,NPT - Other,Unclassified,low,Released RTTS plug. Waited 3 minutes for rubber elements to retract.,Productive/plug & Abandon,
15_9_F_15_D_2016-07-28,15_9_F_15_D,28-07-2016,19,12:15,12:30,interruption,other,ok,NPT - Other,Unclassified,low,"POOH w/ RTTS plug and storm valve on 5 1/2""  DP from 236 mMD to 98 mMD.",Productive/plug & Abandon,
15_9_F_15_D_2016-07-28,15_9_F_15_D,28-07-2016,21,13:30,13:45,interruption,other,ok,NPT - Other,Unclassified,low,"RIH w/ RTTS plug on 5 1/2""  DP from 98 mMD to 226 mMD.",Productive/plug & Abandon,
15_9_F_15_D_2016-07-28,15_9_F_15_D,28-07-2016,23,14:15,14:45,interruption,other,ok,NPT - Other,Unclassified,low,POOH with RTTS RT to surface.,Productive/Tripping,
15_9_F_15_D_2016-07-28,15_9_F_15_D,28-07-2016,24,14:45,15:15,interruption,other,ok,NPT - Surface Equipment,Repair/Maintenance,medium,"Closed BSR and pressure tested RTTS plug, production riser, tie-back connector, WH and CH.
Pressured up above RTTS to 50bar/10min.
Volume pumped 30 ltr, bled back same.",Productive/BOP/Wellhead,
15_9_F_15_D_2016-07-28,15_9_F_15_D,28-07-2016,25,15:15,15:30,interruption,other,ok,NPT - Other,Unclassified,low,R/B RTTS RT.,Productive/plug & Abandon,
15_9_F_15_D_2016-07-28,15_9_F_15_D,28-07-2016,26,15:30,15:45,interruption,other,ok,NPT - Other,Unclassified,low,Cleaned and cleared drill floor.,Productive/plug & Abandon,
15_9_F_15_D_2016-07-28,15_9_F_15_D,28-07-2016,33,19:00,19:15,plug abandon,other,ok,Productive,Plug Abandon - Other,low,Performed TBT for pulling diverter,Productive/BOP/Wellhead,
15_9_F_15_D_2016-09-16,15_9_F_15_D,16-09-2016,8,07:00,07:15,plug abandon,other,ok,Productive,Plug Abandon - Other,low,Performed TBT for N/U BOP with ongoing crew,Productive/BOP/Wellhead,
15_9_F_15_D_2016-09-16,15_9_F_15_D,16-09-2016,25,17:00,17:45,plug abandon,other,ok,NPT - Wellbore,Hole Instability,medium,"Attempted to pressure test OH to surface cement plug to 115 bar, pressure bled off after reaching 10 bar.
Static losses 1,2 m3/hr.",NPT - Wellbore/Losses,
15_9_F_15_D_2016-09-17,15_9_F_15_D,17-09-2016,8,02:15,02:30,interruption,other,ok,NPT - Other,Unclassified,low,"RIH w/ EZSV plug BHA on 5 1/2"" DP from 0 m to 30 m. Hung up on restriction at 30m.
Re-attempted to run past restriction, same HUD.",NPT - Downhole Equipment/Failure,
15_9_F_15_D_2016-09-17,15_9_F_15_D,17-09-2016,9,02:30,04:15,interruption,other,ok,NPT - Other,Unclassified,low,"Pulled BHA to surface and inspected tool. Found cement in holes for springs on centralizer, which possibly interrupted spring movement.
B/O and L/D EZSV RT, P/U backup, found cement on backup RT. Cleaned off cement.
M/U BHA.",NPT - Downhole Equipment/Failure,
15_9_F_15_D_2016-09-17,15_9_F_15_D,17-09-2016,10,04:15,04:30,interruption,other,ok,NPT - Other,Unclassified,low,RIH slowly w/ EZSV plug BHA from surface to 42 m. Passed restriction at 30m.,Productive/plug & Abandon,
15_9_F_15_D_2016-09-17,15_9_F_15_D,17-09-2016,11,04:30,04:45,interruption,other,ok,NPT - Other,Unclassified,low,Installed PS-21 slips.,Productive/plug & Abandon,
15_9_F_15_D_2016-09-17,15_9_F_15_D,17-09-2016,42,17:30,17:45,plug abandon,other,ok,Productive,Plug Abandon - Other,low,Took down scaffolding in moon pool,Productive/plug & Abandon,
15_9_F_15_D_2016-09-17,15_9_F_15_D,17-09-2016,46,18:45,19:00,plug abandon,other,ok,Productive,Plug Abandon - Other,low,Lowered rig floor tuggers down to moon pool hatches and prepared for removing the hatches,Productive/plug & Abandon,
15_9_F_15_D_2016-10-18,15_9_F_15_D,18-10-2016,22,21:15,22:45,plug abandon,other,ok,Productive,Plug Abandon - Other,low,"R/U false rotary and pulled inner string.
R/B cutter BHA.",Productive/plug & Abandon,
15_9_F_1_A_2013-08-26,15_9_F_1_A,26-08-2013,4,07:45,08:30,interruption,other,ok,NPT - Other,Unclassified,low,Circulated and reciprocated string while Baker logging unit re-booted computer system,NPT - Surface Equipment/Repair/Maintenance,
15_9_F_1_A_2013-08-28,15_9_F_1_A,28-08-2013,14,10:15,11:00,drilling,other,ok,Productive,Drilling - Other,low,"Pulled out of cement to 3387 m MD. Pulled dry, 2 - 3 min/ stand.",Productive/ Casing/Cementing,
15_9_F_1_A_2013-08-28,15_9_F_1_A,28-08-2013,16,12:45,13:15,drilling,other,ok,Productive,Drilling - Other,low,M/U cement assy and installed surface line. Tested surface line to 20/200 bar for 5 min.,Productive/ Casing/Cementing,
15_9_F_1_A_2013-08-28,15_9_F_1_A,28-08-2013,23,19:15,19:30,drilling,other,ok,Productive,Drilling - Other,low,Broke off surface line and L/D cement assy.,Productive/ Casing/Cementing,
15_9_F_1_A_2013-08-30,15_9_F_1_A,30-08-2013,9,06:30,07:30,drilling,other,ok,Productive,Drilling - Other,low,"Closed BOP and performed choke drill with both shifts, driller, AD and lead driller.",Productive/Drilling,
15_9_F_1_B_2013-08-31,15_9_F_1_B,31-08-2013,2,02:30,02:45,interruption,other,ok,NPT - Other,Unclassified,low,Cleared tripped cuttings conveyor.,NPT - Surface Equipment/Repair/Maintenance,
15_9_F_1_B_2013-09-11,15_9_F_1_B,11-09-2013,4,02:15,03:15,interruption,other,ok,NPT - Other,Unclassified,low,Stopped rotation. Attempted to pass restriction with up to 50MT several times - no go.,NPT-Wellbore/Hole Instability,
15_9_F_1_B_2013-09-11,15_9_F_1_B,11-09-2013,5,03:15,04:15,interruption,other,ok,NPT - Other,Unclassified,low,"Pulled out of hole with cleanout assembly on 5 1/2"" drill pipe from 2961m MD to 2822m MD.",NPT-Wellbore/Hole Instability,
15_9_F_1_B_2013-09-11,15_9_F_1_B,11-09-2013,6,04:15,06:45,interruption,other,ok,NPT - Other,Unclassified,low,"Prepared to break out and lay down 9.5"" drift from cleanout assembly. Broke out 9.5"" drift and laid out same.",NPT-Wellbore/Hole Instability,
15_9_F_1_B_2013-09-11,15_9_F_1_B,11-09-2013,7,06:45,07:45,interruption,other,ok,NPT - Other,Unclassified,low,Ran in hole with cleanout assemblyfrom 2822m MD to 2978m MD - ok.,Productive/Tripping,
15_9_F_1_B_2013-09-12,15_9_F_1_B,12-09-2013,18,18:00,18:30,interruption,other,ok,NPT - Other,Unclassified,low,"Picked up and made up 9.5"" drift and crossover. Installed PS21 slips.",NPT-Wellbore/Hole Instability,
15_9_F_1_B_2013-09-12,15_9_F_1_B,12-09-2013,19,18:30,19:00,interruption,other,ok,NPT - Other,Unclassified,low,"Ran in hole with 9.5"" drift to 139m MD. Attempted to enter 10 3/4"" casing with 9.5"" drift - no go. Observed 4MT weight. Rotated pipe 1/2 turn and attempted to enter 10 3/4"" casing - no go.",NPT-Wellbore/Hole Instability,
15_9_F_1_B_2013-09-12,15_9_F_1_B,12-09-2013,20,19:00,19:30,interruption,other,ok,NPT - Other,Unclassified,low,"Pulled out of hole with 9.5"" drift on 5 1/2"" drill pipe from 139m MD.",NPT-Wellbore/Hole Instability,
15_9_F_1_B_2013-09-13,15_9_F_1_B,13-09-2013,32,18:00,19:00,completion,other,ok,Productive,Completion,high,"Bled down koomey-unit and prepared to pull diverter.

Meanwhile: Performed general maintanence.",,
15_9_F_1_B_2013-09-24,15_9_F_1_B,24-09-2013,16,16:00,19:15,interruption,other,ok,NPT - Other,Unclassified,low,"Cleaned contaminated pit.
Prepared new brine.",agreed,
15_9_F_1_B_2013-10-02,15_9_F_1_B,02-10-2013,16,19:45,21:15,interruption,other,ok,NPT - Other,Unclassified,low,Unblocked the bleed down line.,NPT - Surface Equipment/Repair/Maintenance,
15_9_F_1_B_2013-10-03,15_9_F_1_B,03-10-2013,8,09:45,11:45,interruption,other,ok,NPT - Other,Unclassified,low,"POOH from 3262 m to 200 m, established barriers prior to pulling guns to surface.",NPT - Downhole Equipment/Failure,
15_9_F_1_B_2013-10-03,15_9_F_1_B,03-10-2013,9,11:45,12:00,interruption,other,ok,NPT - Other,Unclassified,low,Performed TBT prior to handling of unfired guns.,NPT - Downhole Equipment/Failure,
15_9_F_1_B_2013-10-03,15_9_F_1_B,03-10-2013,10,12:00,13:00,interruption,other,ok,NPT - Other,Unclassified,low,"POOH from 200 m to surface. Closed HMW on XMT, inflow tested same and bleed pressure in WL riser as per procedure.",NPT - Downhole Equipment/Failure,
15_9_F_1_B_2013-10-03,15_9_F_1_B,03-10-2013,11,13:00,13:30,interruption,other,ok,NPT - Other,Unclassified,low,Broke lubricator and disconnected fire head from gun section.,NPT - Downhole Equipment/Failure,
15_9_F_1_B_2013-10-03,15_9_F_1_B,03-10-2013,12,13:30,15:00,interruption,other,ok,NPT - Other,Unclassified,low,L/D gun section on HTS. SLB investigated gun section/fire head.,NPT - Downhole Equipment/Failure,
15_9_F_1_B_2013-10-03,15_9_F_1_B,03-10-2013,13,15:00,15:15,interruption,other,ok,NPT - Other,Unclassified,low,Performed Pre-job Meeting for making up new perforation toolstring.,NPT - Downhole Equipment/Failure,
15_9_F_1_B_2013-10-03,15_9_F_1_B,03-10-2013,14,15:15,16:15,interruption,other,ok,NPT - Other,Unclassified,low,"Picked up and made up new gun assembly #3 re-run. Stabbed lubricator and M/U same, tested quick test sub to 30/200 bar fo 5/10 min.",NPT - Downhole Equipment/Failure,
15_9_F_1_B_2013-10-03,15_9_F_1_B,03-10-2013,15,16:15,20:15,interruption,other,ok,NPT - Other,Unclassified,low,Opened well as per procedure. RIH w/ perforation run #3 re-run (interval 3254 - 3262 m) to 3375 m.,NPT - Downhole Equipment/Failure,
15_9_F_1_B_2013-10-03,15_9_F_1_B,03-10-2013,16,20:15,21:15,interruption,other,ok,NPT - Other,Unclassified,low,Correlated across planned perforation interval. Positioned gun with top shot at 3254 m. Reduced WHP from 102 bar to 35 bar.,NPT - Downhole Equipment/Failure,
15_9_F_1_B_2014-01-30,15_9_F_1_B,30-01-2014,15,17:00,19:00,interruption,other,ok,NPT - Other,Unclassified,low,"Prepared Xmas tree and installed BPV as per Vetco procedure.

Meanwhile R/D and packed W/L equipment.",Productive/Completion,
15_9_F_1_B_2014-02-06,15_9_F_1_B,06-02-2014,9,11:00,11:30,plug abandon,other,ok,Productive,Plug Abandon - Other,low,P/U bowl protector RT. RIH and retrieved bowl protector. L/D same.,Productive/BOP/Wellhead,
15_9_F_1_B_2014-02-08,15_9_F_1_B,08-02-2014,17,19:15,00:00,plug abandon,other,ok,Productive,Plug Abandon - Other,low,"Pulled and L/D remaining Risers from 73 m to RKB. Power washed eached fairing.
Covered Spider. Notified Production of end of operation at 23:24 hrs.
Cleaned and cleared rigfloor.",Productive/plug & Abandon,
15_9_F_1_B_2014-02-12,15_9_F_1_B,12-02-2014,7,03:15,05:15,plug abandon,other,ok,Productive,Plug Abandon - Other,low,Installed hatches on lower deck prior to filling Riser,Productive/plug & Abandon,
15_9_F_1_B_2014-02-12,15_9_F_1_B,12-02-2014,9,06:00,06:30,plug abandon,other,ok,Productive,Plug Abandon - Other,low,Continued building scaffolding to access Claxton tool in Moonpool.,Productive/plug & Abandon,
15_9_F_1_B_2014-02-12,15_9_F_1_B,12-02-2014,13,08:00,08:30,plug abandon,other,ok,Productive,Plug Abandon - Other,low,Held TBT. Discussed method and hazards for installing Centralizers and Tensioning system.,Productive/BOP/Wellhead,
15_9_F_1_B_2014-02-13,15_9_F_1_B,13-02-2014,3,00:45,01:15,plug abandon,other,ok,Productive,Plug Abandon - Other,low,"RIH with Safe Lock retrieving tool on 5 1/2"" DP to 170 m.",Productive/plug & Abandon,
15_9_F_1_B_2014-02-13,15_9_F_1_B,13-02-2014,6,02:15,03:00,plug abandon,other,ok,Productive,Plug Abandon - Other,low,"RIH with Safe Lock retrieving tool on 5 1/2"" DP to from 170 to 605 m.",Productive/plug & Abandon,
15_9_F_1_B_2014-02-15,15_9_F_1_B,15-02-2014,3,01:45,02:00,interruption,other,ok,NPT - Other,Unclassified,low,"When filling pipe it was concluded that float didn't work.
Established circulation and attempted to close float with 980 LPM.",NPT - Downhole Equipment/Failure,
15_9_F_1_B_2014-02-15,15_9_F_1_B,15-02-2014,5,02:15,02:45,interruption,other,ok,NPT - Other,Unclassified,low,"Checked string. Float not working.
Established circulation and attempted to close float with 2500 LPM. 
RIH one stand and checked float. Still not working.",NPT - Downhole Equipment/Failure,
15_9_F_1_B_2014-02-15,15_9_F_1_B,15-02-2014,11,05:30,06:00,interruption,other,ok,NPT - Other,Unclassified,low,"Stopped and performed TBT and SJA before recovering pipe from derrick.
Prepared equipment.",NPT-Other/HSE/Permits,
15_9_F_1_B_2014-02-15,15_9_F_1_B,15-02-2014,12,06:00,07:00,interruption,other,ok,NPT - Other,Unclassified,low,Held TBT and SJA. Prepared equipment.,NPT-Other/HSE/Permits,
15_9_F_1_B_2014-02-15,15_9_F_1_B,15-02-2014,13,07:00,09:00,interruption,other,ok,NPT - Other,Unclassified,low,"Recovered dropped pipe stand from derrick.
Inspected all contact areas.",NPT-Other/HSE/Permits,
15_9_F_1_B_2014-02-16,15_9_F_1_B,16-02-2014,18,11:15,11:30,plug abandon,other,ok,Productive,Plug Abandon - Other,low,"Pulled and checked Lock Down Retrieval tool. No Lock Down assy attached.
Re-sat tool.
Misrun.",NPT - Downhole Equipment/Failure,
15_9_F_1_B_2014-02-16,15_9_F_1_B,16-02-2014,26,13:30,13:45,plug abandon,other,ok,Productive,Plug Abandon - Other,low,Pulled and checked Lock Down Retrieval tool. Lock Down assy attached.,Productive/plug & Abandon,
15_9_F_1_B_2014-02-18,15_9_F_1_B,18-02-2014,17,11:15,11:30,plug abandon,other,ok,Productive,Plug Abandon - Other,low,"L/D 10 3/4"" Spear assy to deck.",Productive/plug & Abandon,
15_9_F_1_B_2014-02-19,15_9_F_1_B,19-02-2014,26,23:00,23:30,plug abandon,other,ok,Productive,Plug Abandon - Other,low,"P/U Jet sub, stand of 5 1/2"" HWDP and NBP RT.
Installed 20"" Nominal Bore Protector on RT.",Productive/BOP/Wellhead,
15_9_F_1_C_2014-02-28,15_9_F_1_C,28-02-2014,8,08:45,12:00,interruption,other,ok,NPT - Other,Unclassified,low,"Problem with aft PRS, reset and parked same. Use fwd PRS, unplanned release of stand into derrick.
 
Hold SJA meeting and Tool box talk prior to retrieving stand.

Retrieved stand from Derrick as per plan/Procedure.

Rotated drill string every 15/30 mins ,4 kNm free torque observed.",NPT - Surface Equipment/Repair/Maintenance,
15_9_F_1_C_2014-03-02,15_9_F_1_C,02-03-2014,13,11:30,11:45,drilling,other,ok,NPT - Surface Equipment,Repair/Maintenance,medium,"Pumped 25 m3 of 1,6 SG spacer with 2100 lpm, 23 bar through TDS with rig pumps.
Trapped 20 bar behind lower IBOP.
Released dart for bottom wiper blug.",Productive/ Casing/Cementing,
15_9_F_1_C_2014-03-06,15_9_F_1_C,06-03-2014,3,01:30,02:00,interruption,other,ok,NPT - Other,Unclassified,low,"Pulled back to 3042 m. Set slips, B/O DP single and retracted TDS prior to drop gyro. Problem with Gyro communication prior to P/U. M/U DP single.",NPT - Downhole Equipment/Failure,
15_9_F_1_C_2014-03-06,15_9_F_1_C,06-03-2014,4,02:00,03:00,interruption,other,ok,NPT - Other,Unclassified,low,"Circulated hole clean with 3880 lpm, 245 bar, 40 rpm, ECD 1,31 SG. Max gas 0,1%.
Meanwhile troubleshoot on gyro. No success.",NPT - Downhole Equipment/Failure,
15_9_F_1_C_2014-03-12,15_9_F_1_C,12-03-2014,7,04:30,06:45,interruption,other,ok,NPT - Other,Unclassified,low,"Established circulation and sent downlink. RIH to bottom and circulated with 2200 l/min. Baker performed diagnostics on downhole tools. Pulled into 9 5/8"" shoe and continued troubleshooting on AutoTrak RSS.
Decided to POOH and change AutoTrak RSS.",NPT - Downhole Equipment/Failure,
15_9_F_1_C_2014-03-12,15_9_F_1_C,12-03-2014,28,19:30,19:45,interruption,other,ok,NPT - Other,Unclassified,low,Performed TBT for using rig tongs to B/O bit and AutoTrak RSS.,NPT - Downhole Equipment/Failure,
15_9_F_1_C_2014-03-12,15_9_F_1_C,12-03-2014,32,22:30,22:45,interruption,other,ok,NPT - Other,Unclassified,low,Performed TBT for installing RA sources. Raised barriers and made PA announcement.,NPT - Downhole Equipment/Failure,
15_9_F_1_C_2014-03-13,15_9_F_1_C,13-03-2014,7,05:45,06:30,interruption,other,ok,NPT - Other,Unclassified,low,"Established circulation at 9 5/8"" shoe. Washed down to bottom from 3035 m to 3059 m w/ 2200 l/min/ 205 bar, 60 RPM / 11 kNm, 1,50 sg ECD.",NPT - Downhole Equipment/Failure,
15_9_F_1_C_2014-03-21,15_9_F_1_C,21-03-2014,29,19:00,21:30,interruption,other,ok,NPT - Other,Unclassified,low,"Replaced hydraulic hose on aft AR.
Meanwhile bundled 3 1/2"" DP on deck and installed protectors on 5 1/2"" DP. 
Removed Well Patroler and Posi drift assemblies from rig floor.",NPT - Surface Equipment/Repair/Maintenance,
15_9_F_1_C_2014-03-22,15_9_F_1_C,22-03-2014,7,07:30,09:45,interruption,other,ok,NPT - Other,Unclassified,low,Prepared for and changed out belt on HTS.,NPT - Surface Equipment/Repair/Maintenance,
15_9_F_1_C_2014-04-01,15_9_F_1_C,01-04-2014,8,11:15,11:30,interruption,other,ok,NPT - Other,Unclassified,low,M/U Jetting assy,Productive/ Circulating,
15_9_F_1_C_2014-04-01,15_9_F_1_C,01-04-2014,9,11:30,12:00,interruption,other,ok,NPT - Other,Unclassified,low,"RIH with Jetting assy on 5 1/2"" DP to 145 m.",Productive/ Circulating,
15_9_F_1_C_2014-04-01,15_9_F_1_C,01-04-2014,10,12:00,12:45,interruption,other,ok,NPT - Other,Unclassified,low,Waited while HiVis pill was prepared.,NPT - External/Materials/Logistics,
15_9_F_1_C_2014-04-01,15_9_F_1_C,01-04-2014,18,15:45,16:00,interruption,other,ok,NPT - Other,Unclassified,low,POOH with Jetting assy on DP from 164 m to surface.,agreed,
15_9_F_1_C_2014-04-01,15_9_F_1_C,01-04-2014,19,16:00,16:15,interruption,other,ok,NPT - Other,Unclassified,low,B/O Jetting sub.,agreed,
15_9_F_1_C_2014-04-01,15_9_F_1_C,01-04-2014,25,18:30,19:00,interruption,other,ok,NPT - Other,Unclassified,low,"M/U Jetting assy and RIH on 5 1/2"" DP to 121 m.",agreed,
15_9_F_1_C_2014-04-02,15_9_F_1_C,02-04-2014,2,09:00,09:15,interruption,other,ok,NPT - Other,Unclassified,low,Held TBT for displacement job,Productive/ Circulating,
15_9_F_1_C_2014-04-02,15_9_F_1_C,02-04-2014,3,09:15,10:00,interruption,other,ok,NPT - Other,Unclassified,low,Filled pits with drill water.,Productive/ Circulating,
15_9_F_1_C_2014-04-02,15_9_F_1_C,02-04-2014,5,10:45,11:00,interruption,other,ok,NPT - Other,Unclassified,low,POOH from 160 to 40 m.,Productive/Tripping,
15_9_F_1_C_2014-04-02,15_9_F_1_C,02-04-2014,6,11:00,11:15,interruption,other,ok,NPT - Other,Unclassified,low,Strapped out last stand.,Productive/Tripping,
15_9_F_1_C_2014-04-02,15_9_F_1_C,02-04-2014,16,16:45,17:00,interruption,other,ok,NPT - Other,Unclassified,low,"RIH with Jetting assy on 5 1/2"" DP  to 180 m",Productive/Tripping,
15_9_F_1_C_2014-04-02,15_9_F_1_C,02-04-2014,17,17:00,21:00,interruption,other,ok,NPT - Other,Unclassified,low,"Cleaned out pits due to limited available clean pits. Mixed new 1,03 SG NaCl brine.
Meanwhile prepared for running Tieback string. Cleaned on drill floor and in shaker room.",Productive/ Circulating,
15_9_F_1_C_2014-04-02,15_9_F_1_C,02-04-2014,18,21:00,21:15,interruption,other,ok,NPT - Other,Unclassified,low,Held TBT,Productive/ Circulating,
15_9_F_1_C_2014-04-02,15_9_F_1_C,02-04-2014,19,21:15,21:30,interruption,other,ok,NPT - Other,Unclassified,low,"Displaced well from 180 m and up to 1,03 SC NaCl Packer Fluid.",Productive/ Circulating,
15_9_F_1_C_2014-04-02,15_9_F_1_C,02-04-2014,20,21:30,22:00,interruption,other,ok,NPT - Other,Unclassified,low,"POOH with Jetting assy from 180 m to surface.
L/D Jetting sub.",Productive/Tripping,
15_9_F_1_C_2014-04-11,15_9_F_1_C,11-04-2014,6,04:15,04:45,interruption,other,ok,NPT - Other,Unclassified,low,Schlumberger tested tractor prior to continued to POOH.,NPT - Downhole Equipment/Failure,
15_9_F_1_C_2014-04-14,15_9_F_1_C,14-04-2014,4,06:00,07:30,interruption,other,ok,NPT - Other,Unclassified,low,"POOH perforating gun assembly no. 6 mis-run from 730 m.
Shut down the unit @ 800 m.",NPT - Downhole Equipment/Failure,
15_9_F_1_C_2014-04-14,15_9_F_1_C,14-04-2014,5,07:30,07:45,interruption,other,ok,NPT - Other,Unclassified,low,"Tools in catcher. Closed SV, 40 bar. Closed HMW.",NPT - Downhole Equipment/Failure,
15_9_F_1_C_2014-04-14,15_9_F_1_C,14-04-2014,6,07:45,08:30,interruption,other,ok,NPT - Other,Unclassified,low,"Inflow tested HMV against SIWHP, 35 bar for 10 min. Meanwhile performed pre-job meeting prior to changing out tractor and handling live guns.",NPT - Downhole Equipment/Failure,
15_9_F_1_C_2014-04-14,15_9_F_1_C,14-04-2014,7,08:30,08:45,interruption,other,ok,NPT - Other,Unclassified,low,"Bled off pressure in lubricator and purged clean with nitrogen. Pressure tested SV to 50 bar, 10 min.",NPT - Downhole Equipment/Failure,
15_9_F_1_C_2014-04-14,15_9_F_1_C,14-04-2014,9,09:15,10:00,interruption,other,ok,NPT - Other,Unclassified,low,P/U new tractor assembly. Installed toolhead and cable. Checked tractor and performed hot check.,NPT - Downhole Equipment/Failure,
15_9_F_1_C_2014-04-14,15_9_F_1_C,14-04-2014,10,10:00,10:30,interruption,other,ok,NPT - Other,Unclassified,low,"M/U guns, tool string and tractor for perforating run no. 6. Re-run. M/U lubricator.",NPT - Downhole Equipment/Failure,
15_9_F_1_C_2014-04-14,15_9_F_1_C,14-04-2014,12,11:00,13:00,interruption,other,ok,NPT - Other,Unclassified,low,"RIH with perforation string no 6. on WL with 30 m/min to 3250 m. Re-run.
Correlated across DHPG @ 2640 m. 
Toolstring stopped moving at 3250 m / 78 deg inclination.",NPT - Downhole Equipment/Failure,
15_9_F_1_C_2014-04-15,15_9_F_1_C,15-04-2014,8,08:45,11:00,interruption,other,ok,NPT - Other,Unclassified,low,"POOH from 3260 m with live perforating gun assembly no. 7 due to unable to reach firing depth.
Shut down the unit @ 300 m.",NPT - Downhole Equipment/Failure,
15_9_F_1_C_2014-04-15,15_9_F_1_C,15-04-2014,9,11:00,11:15,interruption,other,ok,NPT - Other,Unclassified,low,"Tools in catcher. Closed SV, 36,5 bar. Closed HMW.",NPT - Downhole Equipment/Failure,
15_9_F_1_C_2014-04-15,15_9_F_1_C,15-04-2014,10,11:15,12:00,interruption,other,ok,NPT - Other,Unclassified,low,"Inflow tested HMV against SIWHP, 35 bar for 10 min. Meanwhile performed pre-job meeting prior to changing out tractor and L/O guns.",NPT - Downhole Equipment/Failure,
15_9_F_1_C_2014-04-15,15_9_F_1_C,15-04-2014,11,12:00,12:15,interruption,other,ok,NPT - Other,Unclassified,low,"Bled off pressure in lubricator and purged clean with nitrogen. Pressure tested SV to 50 bar, 10 min.",NPT - Downhole Equipment/Failure,
15_9_F_1_C_2014-04-15,15_9_F_1_C,15-04-2014,12,12:15,15:00,interruption,other,ok,NPT - Other,Unclassified,low,Broke out lubricator at QST. L/D gun and tractor assembly no. 7. Observed 2 wheels missing on tractor.,NPT - Downhole Equipment/Failure,
15_9_F_1_C_2014-04-16,15_9_F_1_C,16-04-2014,9,06:30,07:45,interruption,other,ok,NPT - Other,Unclassified,low,"Prepared tools for rig up. P/U perforation string no 7.  
M/U guns, tool string and tractor for perforating run no. 7. Observed flow over top of riser.",NPT - Wellbore/Well Control,
15_9_F_1_C_2014-04-16,15_9_F_1_C,16-04-2014,10,07:45,08:15,interruption,other,ok,NPT - Other,Unclassified,low,"Laid out gun assembly, connect lubricator and purged riser clean with nitrogen.",NPT - Wellbore/Well Control,
15_9_F_1_C_2014-04-16,15_9_F_1_C,16-04-2014,11,08:15,08:45,interruption,other,ok,NPT - Other,Unclassified,low,"Break lubricator, and M/U guns for perforating run no. 7. M/U lubricator.",NPT - Downhole Equipment/Failure,
15_9_F_1_C_2014-04-16,15_9_F_1_C,16-04-2014,13,09:15,11:30,interruption,other,ok,NPT - Other,Unclassified,low,"RIH with perforation string no 7. on WL with 30 m/min to 3261 m. Re-run.
Toolstring stopped moving at 3261 m / 79 deg inclination.",NPT - Downhole Equipment/Failure,
15_9_F_1_C_2016-06-16,15_9_F_1_C,16-06-2016,2,01:15,02:15,plug abandon,other,ok,Productive,Plug Abandon - Other,low,"Removed hatch on well F-1 C.
Meanwhile: Altus prepared and lowered hoses down to moonpool for local control of HMV and DHSV.",Productive/plug & Abandon,
15_9_F_1_C_2016-06-17,15_9_F_1_C,17-06-2016,3,02:00,03:15,interruption,other,ok,NPT - Other,Unclassified,low,Attempted to pressure test cement spool to 20bar/5min.,NPT - Surface Equipment/Repair/Maintenance,
15_9_F_1_C_2016-06-17,15_9_F_1_C,17-06-2016,4,03:15,03:30,interruption,other,ok,NPT - Other,Unclassified,low,Attempted to leak test cement line to moonpool to 20bar against LTV2.,NPT - Surface Equipment/Repair/Maintenance,
15_9_F_1_C_2016-06-17,15_9_F_1_C,17-06-2016,5,03:30,04:00,interruption,other,ok,NPT - Other,Unclassified,low,Attempted to pressure test cement unit to 20/320bar.,NPT - Surface Equipment/Repair/Maintenance,
15_9_F_1_C_2016-06-17,15_9_F_1_C,17-06-2016,6,04:00,04:30,interruption,other,ok,NPT - Other,Unclassified,low,Halliburton investigated problem. Air in system.,NPT - Surface Equipment/Repair/Maintenance,
15_9_F_1_C_2016-06-17,15_9_F_1_C,17-06-2016,7,04:30,04:45,interruption,other,ok,NPT - Other,Unclassified,low,Pressure tested cement unit to 20/320bar.,NPT - Surface Equipment/Repair/Maintenance,
15_9_F_1_C_2016-06-17,15_9_F_1_C,17-06-2016,18,22:00,22:15,plug abandon,other,ok,NPT - Surface Equipment,Repair/Maintenance,medium,"Closed LTV7 and opened LTV8. Released top dart.
Pumped 7,1m3 hi-vis pill.",Productive/plug & Abandon,
15_9_F_1_C_2016-06-18,15_9_F_1_C,18-06-2016,9,16:30,16:45,plug abandon,other,ok,Productive,Plug Abandon - Other,low,"Equalized pressure and opened SV.
Pressured up well to 255 bar using cement unit. Closed SV
Closed DHSV, bled off 340ml control fluid from control line.
Bled off well to 185 bar through closed drain.",Productive/plug & Abandon,
15_9_F_1_C_2016-06-18,15_9_F_1_C,18-06-2016,13,21:30,22:00,plug abandon,other,ok,Productive,Plug Abandon - Other,low,Performed TBT for inflow test of  DHSV with all involved personnel,Productive/plug & Abandon,
15_9_F_1_C_2016-06-18,15_9_F_1_C,18-06-2016,15,22:15,22:30,plug abandon,other,ok,NPT - Surface Equipment,Repair/Maintenance,medium,"Pressured up well to 255bar with cement unit, 375 lts pumped from 100 to 255 bar. Totally pumped 615lts from 10 to 255 bar.
No indication on test pump that DHSV opened. Bled off control line to DHSV, volume bled back 340ml.",NPT - Downhole Equipment/Failure,
15_9_F_1_C_2016-06-19,15_9_F_1_C,19-06-2016,16,15:00,15:30,plug abandon,other,ok,Productive,Plug Abandon - Other,low,M/U lubricator and QTS.,Productive/plug & Abandon,
15_9_F_1_C_2016-06-19,15_9_F_1_C,19-06-2016,24,21:30,22:00,plug abandon,other,ok,Productive,Plug Abandon - Other,low,"Continued M/U toolstring.
Meanwhile: Continued rigging up hoses for circulation in WH area.",Productive/plug & Abandon,
15_9_F_1_C_2016-06-20,15_9_F_1_C,20-06-2016,3,02:15,02:30,interruption,other,ok,NPT - Other,Unclassified,low,"Checked surface equipment, OK.",NPT - Downhole Equipment/Failure,
15_9_F_1_C_2016-06-20,15_9_F_1_C,20-06-2016,4,02:30,03:30,interruption,other,ok,NPT - Other,Unclassified,low,POOH with cutter toolstring into lubricator.,NPT - Downhole Equipment/Failure,
15_9_F_1_C_2016-06-20,15_9_F_1_C,20-06-2016,5,03:30,07:00,interruption,other,ok,NPT - Other,Unclassified,low,"Closed and inflow tested SV to 345 bar/10min.
B/O QTS.
L/O cutter toolstring on rig floor. Insptected same. Cutter had not fired.",NPT - Downhole Equipment/Failure,
15_9_F_1_C_2016-06-20,15_9_F_1_C,20-06-2016,6,07:00,07:30,interruption,other,ok,NPT - Other,Unclassified,low,Performed TBT and handover for running new cutter,NPT - Downhole Equipment/Failure,
15_9_F_1_C_2016-06-20,15_9_F_1_C,20-06-2016,8,08:00,08:15,interruption,other,ok,NPT - Other,Unclassified,low,Performed TBT for handling explosives. Isolated TDS.,NPT - Downhole Equipment/Failure,
15_9_F_1_C_2016-06-20,15_9_F_1_C,20-06-2016,9,08:15,09:15,interruption,other,ok,NPT - Other,Unclassified,low,M/U BHA for run #2. Leak tested lubricator/QTS to 20/345 bar 5/10 min.,NPT - Downhole Equipment/Failure,
15_9_F_1_C_2016-06-20,15_9_F_1_C,20-06-2016,13,12:30,13:00,plug abandon,other,ok,Productive,Plug Abandon - Other,low,Closed and inflow tested SV to 345bar/10min.,Productive/plug & Abandon,
15_9_F_1_C_2016-06-21,15_9_F_1_C,21-06-2016,8,04:15,05:00,plug abandon,other,ok,Productive,Plug Abandon - Other,low,R/U and pulled split hatch on well F-1 C.,Productive/plug & Abandon,
15_9_F_1_C_2016-06-24,15_9_F_1_C,24-06-2016,1,00:00,00:30,plug abandon,other,ok,Productive,Plug Abandon - Other,low,POOH with DHSV assy and L/D same,Productive/plug & Abandon,
15_9_F_1_C_2016-06-27,15_9_F_1_C,27-06-2016,22,11:15,11:45,plug abandon,other,ok,NPT - Surface Equipment,Repair/Maintenance,medium,Washed down from 134m 1500lts / min 23 bar increasing to 33 bar stopped pumps and tag tie back Assy @140m,Productive/plug & Abandon,
15_9_F_1_C_2016-07-02,15_9_F_1_C,02-07-2016,2,07:00,07:30,interruption,other,ok,NPT - Other,Unclassified,low,TBT before installing sheeves and picking up wireline string,Productive/plug & Abandon,
15_9_F_1_C_2016-07-02,15_9_F_1_C,02-07-2016,3,07:30,08:45,interruption,other,ok,NPT - Other,Unclassified,low,M/U tool string,Productive/plug & Abandon,
15_9_F_1_C_2016-07-02,15_9_F_1_C,02-07-2016,4,08:45,09:15,interruption,other,ok,NPT - Other,Unclassified,low,Checked WL cutter tool string and positioned top sheave over drill string,Productive/plug & Abandon,
15_9_F_1_C_2016-07-02,15_9_F_1_C,02-07-2016,5,09:15,11:00,interruption,other,ok,NPT - Other,Unclassified,low,RIH w/ WL cutter from surface to cutting depth of 2346m. Correlated by CCL log,Productive/plug & Abandon,
15_9_F_1_C_2016-07-02,15_9_F_1_C,02-07-2016,6,11:00,11:30,interruption,other,ok,NPT - Other,Unclassified,low,"Applied 10 Ton overpull to drill string, 153T on Martin Decker. Set WL anchor. Cut csg. Took 7 min to make cut",Productive/plug & Abandon,
15_9_F_1_C_2016-07-02,15_9_F_1_C,02-07-2016,7,11:30,12:00,interruption,other,ok,NPT - Other,Unclassified,low,Observed back flow from drill string,Productive/plug & Abandon,
15_9_F_1_C_2016-07-02,15_9_F_1_C,02-07-2016,8,12:00,12:15,interruption,other,ok,NPT - Other,Unclassified,low,Released WL anchor. Set tool for POOH,Productive/plug & Abandon,
15_9_F_1_C_2016-07-02,15_9_F_1_C,02-07-2016,9,12:15,13:45,interruption,other,ok,NPT - Other,Unclassified,low,POOH w/ WL cutter from 2346 m to surface,Productive/plug & Abandon,
15_9_F_1_C_2016-07-02,15_9_F_1_C,02-07-2016,10,13:45,14:00,interruption,other,ok,NPT - Other,Unclassified,low,L/D WL tool string,Productive/plug & Abandon,
15_9_F_1_C_2016-07-02,15_9_F_1_C,02-07-2016,11,14:00,15:45,interruption,other,ok,NPT - Other,Unclassified,low,"Circulated BU @ 900 lpm, 7.5 bar, 1.1sg fluid in returns. Meanwhile R/D WL equipment. Changed master bushing to PS 21",Productive/ Circulating,
15_9_F_1_C_2016-07-02,15_9_F_1_C,02-07-2016,12,15:45,16:00,interruption,other,ok,NPT - Other,Unclassified,low,Flow checked well. Static,Productive/Monitoring,
15_9_F_1_C_2016-09-18,15_9_F_1_C,18-09-2016,7,05:00,06:00,plug abandon,other,ok,Productive,Plug Abandon - Other,low,Alligned diverter and slick joint. M/U slick joint and removed lifting equipment from diverter. Installed elevator. Pressured up diverter system,Productive/BOP/Wellhead,
15_9_F_1_C_2016-09-19,15_9_F_1_C,19-09-2016,8,04:15,05:45,plug abandon,other,ok,Productive,Plug Abandon - Other,low,"Removed half moon hatch and installed hatch on F-1. Meanwhile prepared for skidding
CONTINUE REPORTING ON F-11B",Productive/plug & Abandon,
15_9_F_4_2007-06-11,15_9_F_4,11-06-2007,6,10:30,11:00,interruption,other,ok,NPT - Other,Unclassified,low,Due to problems with PRS at connection - reciprocated pipe and made extra sweep with hi-vis.,NPT - Surface Equipment/Repair/Maintenance,
15_9_F_4_2007-06-11,15_9_F_4,11-06-2007,10,20:30,21:00,interruption,other,ok,NPT - Other,Unclassified,low,Had problems to release torque wrench when attempting to unscrew from topdrive. Troubleshot problem.,NPT - Surface Equipment/Repair/Maintenance,
15_9_F_4_2007-10-13,15_9_F_4,13-10-2007,3,07:30,09:30,interruption,other,ok,NPT - Other,Unclassified,low,Straightened standpipe hose in dragchain with chainhoists.,NPT - Surface Equipment/Repair/Maintenance,
15_9_F_4_2007-10-13,15_9_F_4,13-10-2007,6,12:30,14:15,interruption,other,ok,NPT - Other,Unclassified,low,Removed support beams on upper arm on aft PRS. Performed NDT inspection of PRS hoisting carriage.,NPT - Surface Equipment/Repair/Maintenance,
15_9_F_4_2007-10-14,15_9_F_4,14-10-2007,3,02:00,02:30,interruption,other,ok,NPT - Other,Unclassified,low,Not able to operate suction valve from pit#7. Locked valve open.,NPT - Surface Equipment/Repair/Maintenance,
15_9_F_4_2007-10-14,15_9_F_4,14-10-2007,8,06:30,07:45,interruption,other,ok,NPT - Surface Equipment,Repair/Maintenance,medium,"Had to wait for WL gyro unit to become purged and operational. This was caused by downtime on STB crane during the night, not able to do the lift in due time. Circulated at 3500 lpm and reciprocated pipe. Racked back stand and pulled bit inside conductor shoe to 223 m MD.",NPT - Surface Equipment/Repair/Maintenance,
15_9_F_4_2007-10-16,15_9_F_4,16-10-2007,9,20:30,20:45,interruption,other,ok,NPT - Other,Unclassified,low,Investigated hydraulic leakage on TDS. Found leakage in easy accessible hose fitting. Tightened hose. Further work on TDS needed as a less accessible leakage was observed.,NPT - Surface Equipment/Repair/Maintenance,
15_9_F_4_2007-10-17,15_9_F_4,17-10-2007,16,21:00,21:30,interruption,other,ok,NPT - Other,Unclassified,low,Not able to open PS-30 slips. Thightened fitting on hydraulic hose.,NPT - Surface Equipment/Repair/Maintenance,
15_9_F_4_2007-10-21,15_9_F_4,21-10-2007,2,05:30,06:00,interruption,other,ok,NPT - Other,Unclassified,low,Continued working on tension cylinders. Meanwhile started moving BOP from test stump to trolley.,NPT - Surface Equipment/Repair/Maintenance,
15_9_F_4_2007-10-21,15_9_F_4,21-10-2007,3,06:00,11:00,interruption,other,ok,NPT - Other,Unclassified,low,Worked on tension cylinders.,NPT - Surface Equipment/Repair/Maintenance,
15_9_F_4_2007-10-23,15_9_F_4,23-10-2007,2,01:30,02:45,interruption,other,ok,NPT - Other,Unclassified,low,Broke and thigthened bolts as required whilst levelling BOP,Productive/BOP/Wellhead,
15_9_F_4_2007-10-24,15_9_F_4,24-10-2007,13,21:15,21:30,interruption,other,ok,NPT - Other,Unclassified,low,Flowchecked well for 15 min - well static.,NPT - Surface Equipment/Repair/Maintenance,
15_9_F_4_2007-10-24,15_9_F_4,24-10-2007,14,21:30,00:00,interruption,other,ok,NPT - Other,Unclassified,low,"Installed mud bucket. Pulled 12 1/4"" drilling BHA from 1585 m MD to 1343 m MD.",NPT - Surface Equipment/Repair/Maintenance,
15_9_F_4_2007-10-25,15_9_F_4,25-10-2007,1,00:00,01:00,interruption,other,ok,NPT - Other,Unclassified,low,Circulated bottoms up with 2300 lpm inside shoe. Installed circulating swedge. Lined up for moinitoring well on triptank.,NPT - Surface Equipment/Repair/Maintenance,
15_9_F_4_2007-10-25,15_9_F_4,25-10-2007,3,06:00,10:15,interruption,other,ok,NPT - Other,Unclassified,low,Assembled new IBOP.,NPT - Surface Equipment/Repair/Maintenance,
15_9_F_4_2007-10-25,15_9_F_4,25-10-2007,4,10:15,11:30,interruption,other,ok,NPT - Other,Unclassified,low,Made up swage for pressure testing IBOP assy. Tested IBOP and connections to 20/345 bar 5 /10 min - ok. Broke out and laid out test assy.,NPT - Surface Equipment/Repair/Maintenance,
15_9_F_4_2007-10-25,15_9_F_4,25-10-2007,5,11:30,14:30,interruption,other,ok,NPT - Other,Unclassified,low,Continued working on TDS/IBOP. Greased and serviced TDS. Installed drilling bails and tilt arm.,NPT - Surface Equipment/Repair/Maintenance,
15_9_F_4_2007-10-25,15_9_F_4,25-10-2007,6,14:30,15:15,interruption,other,ok,NPT - Other,Unclassified,low,Held toolox talk and installed automatic slips in rotary.,NPT - Surface Equipment/Repair/Maintenance,
15_9_F_4_2007-10-25,15_9_F_4,25-10-2007,7,15:15,17:15,interruption,other,ok,NPT - Other,Unclassified,low,"RIH with 12 1/4"" drilling BHA from 1343 m to 1503 m MD. Made up TDS and washed down from 1503 m to 1584 m MD with 1700 lpm. Took up/down weight 125/117 MT.",NPT - Surface Equipment/Repair/Maintenance,
15_9_F_4_2007-10-25,15_9_F_4,25-10-2007,11,23:00,00:00,interruption,other,ok,NPT - Other,Unclassified,low,Not able to handle cuttings return from well. Conveyer screw from shakers to skip shute blocked. Still circulating on mill tank to get cuttings slurry within viscosity specification.,NPT - Surface Equipment/Repair/Maintenance,
15_9_F_4_2007-10-26,15_9_F_4,26-10-2007,4,09:00,09:30,interruption,other,ok,NPT - Other,Unclassified,low,Picked off bottom due to problems with cutting shute blocking up. Circulated 2000 lpm / 65 bar.,NPT - Surface Equipment/Repair/Maintenance,
15_9_F_4_2007-10-26,15_9_F_4,26-10-2007,5,09:30,12:00,interruption,other,ok,NPT - Other,Unclassified,low,"Circulated hole clean at 1730 m with 3500 lpm / 174 bar / 30-80 rpm. While circulating, evaluated risk involved with Siemens software update on power management system during drilling operation.",Productive/ Circulating,
15_9_F_4_2007-10-28,15_9_F_4,28-10-2007,2,03:00,03:30,interruption,other,ok,NPT - Other,Unclassified,low,Changed liner spray on MP#2.,NPT - Surface Equipment/Repair/Maintenance,
15_9_F_4_2007-10-28,15_9_F_4,28-10-2007,5,08:00,09:00,interruption,other,ok,NPT - Other,Unclassified,low,Cleaned out water in cooling tank on MP#2. Meanwhile Picked off bottom and circulated at 1750 lpm / 55 bar / 20 RPM.,NPT - Surface Equipment/Repair/Maintenance,
15_9_F_4_2007-10-28,15_9_F_4,28-10-2007,8,15:00,16:00,interruption,other,ok,NPT - Other,Unclassified,low,"Valve in cutting injection system (CRI) would not open. Hydraulic oil was drained from closing side of automatic valve to make it open. Meanwhile cleaned out cooling water on MP#3.

Meanwhile Picked off bottom and circulated at 1750 lpm / 55 bar / 20 RPM.",NPT - Surface Equipment/Repair/Maintenance,
15_9_F_4_2007-10-31,15_9_F_4,31-10-2007,8,17:00,22:00,interruption,other,ok,NPT - Other,Unclassified,low,Casing torque computer would not work according to set up. Had to continue with modified set-up.,NPT - Surface Equipment/Repair/Maintenance,
15_9_F_4_2007-11-01,15_9_F_4,01-11-2007,2,02:15,03:00,interruption,other,ok,NPT - Other,Unclassified,low,Changed proximity switch on PDM.,NPT - Surface Equipment/Repair/Maintenance,
15_9_F_4_2007-11-04,15_9_F_4,04-11-2007,4,06:00,07:30,drilling,other,ok,Productive,Drilling - Other,low,Tested RTTS packer to 180 bar / 10  min from below.,Productive/BOP/Wellhead,
15_9_F_4_2007-11-05,15_9_F_4,05-11-2007,7,19:30,20:30,interruption,other,ok,NPT - Other,Unclassified,low,Software problems due to black-out. Could not operate break on draw work.,NPT - Surface Equipment/Repair/Maintenance,
15_9_F_4_2008-02-08,15_9_F_4,08-02-2008,19,20:30,20:45,drilling,other,ok,Productive,Drilling - Other,low,Waited for element to retract.,Productive/BOP/Wellhead,
15_9_F_4_2008-02-17,15_9_F_4,17-02-2008,16,12:45,13:15,interruption,other,ok,NPT - Other,Unclassified,low,Evaluated finding. Suspected drag chain in PRS beam.,NPT-Other/HSE/Permits,
15_9_F_4_2008-02-17,15_9_F_4,17-02-2008,17,13:15,13:45,interruption,other,ok,NPT - Other,Unclassified,low,Inspected drag chain in PRS beam. Could not identify bar (FG) comming from PRS beam.,NPT-Other/HSE/Permits,
15_9_F_4_2008-02-17,15_9_F_4,17-02-2008,18,13:45,14:15,interruption,other,ok,NPT - Other,Unclassified,low,Performed derrick inspection from PRS to crown block.,NPT-Other/HSE/Permits,
15_9_F_4_2008-02-24,15_9_F_4,24-02-2008,12,11:45,15:00,interruption,other,ok,NPT - Other,Unclassified,low,"Halted operation for ongoing ESD test.

Meanwhile :
-Cleaned and tidied drillfloor and shaker areas
-Changed die holders and dies on TDS torque wrench
-Continued installation of dragchain guide on AFT PRS",NPT-Other/HSE/Permits,
15_9_F_4_2008-02-28,15_9_F_4,28-02-2008,15,15:30,16:00,interruption,other,ok,NPT - Other,Unclassified,low,Troubleshot problems with drawwork.,NPT - Surface Equipment/Repair/Maintenance,
15_9_F_4_2008-03-01,15_9_F_4,01-03-2008,6,07:15,09:15,interruption,other,ok,NPT - Other,Unclassified,low,"Changed out 2 stds of 5 1/2"" HWDP with 5 1/2"" DP.",Productive/Tripping,
15_9_F_4_2008-03-12,15_9_F_4,12-03-2008,7,13:00,16:00,interruption,other,ok,NPT - Other,Unclassified,low,Continued to change out drill line spooler.,NPT - Surface Equipment/Repair/Maintenance,
15_9_F_4_2008-03-15,15_9_F_4,15-03-2008,8,11:45,13:15,drilling,other,ok,Productive,Drilling - Other,low,POOH with clean out assy and laid out same.,Productive/Tripping,
15_9_F_4_2008-04-04,15_9_F_4,04-04-2008,3,05:00,05:30,interruption,other,ok,NPT - Other,Unclassified,low,Troubleshot casing tong / programming.,NPT - Surface Equipment/Repair/Maintenance,
15_9_F_4_2008-04-04,15_9_F_4,04-04-2008,7,08:00,09:00,interruption,other,ok,NPT - Other,Unclassified,low,Investigated problem with casing tong.,NPT - Surface Equipment/Repair/Maintenance,
15_9_F_4_2008-04-04,15_9_F_4,04-04-2008,8,09:00,09:30,interruption,other,ok,NPT - Other,Unclassified,low,Laid out tie-back adapter. Picked up joint #18 and #17 to test make up with MÃ¦rsk casing tong.,NPT - Surface Equipment/Repair/Maintenance,
15_9_F_4_2008-04-04,15_9_F_4,04-04-2008,10,11:45,12:15,interruption,other,ok,NPT - Other,Unclassified,low,Laid out jont #18 and #17 due to overtorque.,NPT - Surface Equipment/Repair/Maintenance,
15_9_F_4_2008-04-04,15_9_F_4,04-04-2008,11,12:15,14:00,interruption,other,ok,NPT - Other,Unclassified,low,Rigged down MÃ¦rsk casing tong and frame.,NPT - Surface Equipment/Repair/Maintenance,
15_9_F_4_2008-04-04,15_9_F_4,04-04-2008,12,14:00,15:45,interruption,other,ok,NPT - Other,HSE/Permits,medium,Rigged up Odfjell casing tong and installed in rails in front of IR. Meanwhile held tollbox talk for re-installing safety net on FWD PRS.,NPT - Surface Equipment/Repair/Maintenance,
15_9_F_4_2008-04-04,15_9_F_4,04-04-2008,14,18:15,19:15,interruption,other,ok,NPT - Other,Unclassified,low,Powered up OWS casing tong. Installed travle cylinder.,NPT - Surface Equipment/Repair/Maintenance,
15_9_F_4_2008-04-04,15_9_F_4,04-04-2008,15,19:15,21:00,interruption,other,ok,NPT - Other,Unclassified,low,Picked up tie-back connector and installed same in slips. Picked up 1 st joint and attempted to make up to tie-back adapter - not able to get torque/turn curve on Odfjell computer. Trouble shot situation. Changed gauges and valve on Odfjell tong.,NPT - Surface Equipment/Repair/Maintenance,
15_9_F_4_2008-04-05,15_9_F_4,05-04-2008,2,00:15,01:15,interruption,other,ok,NPT - Other,Unclassified,low,"Broke off TDS from stand. Set down stand in PRS. Lowered TDS and inspected torque wrench dies, removed swarf from dies. Re-attempted make up to stand in TDS - ok.",NPT - Surface Equipment/Repair/Maintenance,
15_9_F_4_2008-04-05,15_9_F_4,05-04-2008,9,06:00,09:00,interruption,other,ok,NPT - Other,Unclassified,low,Jammed torque wrench on TDS. Inspected equipment and found that wrong die-holders had been installed. Changed die-holders.,NPT - Surface Equipment/Repair/Maintenance,
15_9_F_4_2008-04-05,15_9_F_4,05-04-2008,24,18:00,20:00,interruption,other,ok,NPT - Other,Unclassified,low,Isolated aft PRS and TDS and inspected same with manrider. Found origin of bolthead to be from backside of aft PRS upper grip head.,NPT-Other/HSE/Permits,
15_9_F_4_2008-04-07,15_9_F_4,07-04-2008,2,00:30,03:00,interruption,other,ok,NPT - Other,Unclassified,low,Inspected aft PRS. Discussed way forward. Parked and isolated aft PRS. Secured backside of aft PRS gripper head with cover and trailer straps for dropped object prevention.,NPT-Other/HSE/Permits,
15_9_F_4_2008-04-07,15_9_F_4,07-04-2008,14,11:30,13:15,interruption,other,ok,NPT - Other,Unclassified,low,Troubleshot PDM. Unable to travel to port aft pipe bay.,NPT - Surface Equipment/Repair/Maintenance,
15_9_F_4_2008-04-08,15_9_F_4,08-04-2008,4,04:00,05:30,interruption,other,ok,NPT - Other,Unclassified,low,Fixed BX elevator. Changed 3 ea hydraulic hoses/fittings running from TDS to BX elevator.,NPT - Surface Equipment/Repair/Maintenance,
15_9_F_4_2008-04-09,15_9_F_4,09-04-2008,6,06:00,07:30,interruption,other,ok,NPT - Other,Unclassified,low,"Investigated deviation between tong gauge and jam coumputer. Found that wrong transducer was set up in the jam computer, with the consequence that the casing tong output too low torque.",NPT - Surface Equipment/Repair/Maintenance,
15_9_F_4_2008-04-09,15_9_F_4,09-04-2008,7,07:30,09:30,interruption,other,ok,NPT - Other,Unclassified,low,Held toolbox talk prior to laying out undertorqued tubing. Laid out tubing joints #258 to #262.,NPT - Surface Equipment/Repair/Maintenance,
15_9_F_4_2008-04-09,15_9_F_4,09-04-2008,8,09:30,09:45,interruption,other,ok,NPT - Other,Unclassified,low,Installed pipe guide in PS-30 slips.,Productive/Completion,
15_9_F_4_2008-04-09,15_9_F_4,09-04-2008,9,09:45,10:30,interruption,other,ok,NPT - Other,Unclassified,low,Inspected box on joint #263 and found it to be damaged / gaulled. Broke off box and inspected pin thread - ok. Made up new coupling collar on joint#263 - ok.,NPT - Surface Equipment/Repair/Maintenance,
15_9_F_4_2008-04-09,15_9_F_4,09-04-2008,10,10:30,10:45,interruption,other,ok,NPT - Other,Unclassified,low,Held toolbox talk prior to making up back-up assy#2 SB-3 injection packer.,NPT - Downhole Equipment/Failure,
15_9_F_4_2008-04-09,15_9_F_4,09-04-2008,11,10:45,11:45,interruption,other,ok,NPT - Other,Unclassified,low,"Picked up and made up back-up assy#2 SB-3 injection packer, RIH and hung off in slips.",NPT - Downhole Equipment/Failure,
15_9_F_4_2008-04-09,15_9_F_4,09-04-2008,12,11:45,12:15,interruption,other,ok,NPT - Other,Unclassified,low,"Picked up and made up 7"" tubing joint. Raised doubt about torque setting on tong. Stopped operations for investigation.",NPT - Surface Equipment/Repair/Maintenance,
15_9_F_4_2016-10-03,15_9_F_4,03-10-2016,10,08:00,09:45,plug abandon,other,ok,NPT - Surface Equipment,Repair/Maintenance,medium,"Lined up valves on the cement head, released bottom dart, mixed and pumped 13.6m3 1,90SG cement, 600l/min. Pressure 130 bar, decreasing to 90bar, indicating cement moving down in the tubing. Displaced lines w/ 0,9m3 of Hi-vis pill. Released top dart. Pumped 12,2m3 of Hi-vis (totally pumped 13,1m3 of Hi-vis). Displaced w/ 37,7m3 of sea water at initial rate of 1000lpm. Increased pumping rate to 1300l/min - 101bar. Reduced pumping rate in the end of displacement to 700l/min - 83bar. Switched to contamination pill. Observed rapid increase in pressure while pumping contamination pill indicating cement plugging into perforations. Shut down after having pumped 3,5m3 contamination pill, 111 bar and monitored WH pressure decline. Recorded final stabilized squeeze pressure of 60bar. Closed swab valve. 
Verified volumes pumped by checking volumes left in the pits and silos. Theoretical top of cement 2755mMD. DHSV was cycled 3 times after 30m3 of sea water displacement was pumped",Productive/plug & Abandon,
15_9_F_4_2016-10-04,15_9_F_4,04-10-2016,4,03:15,04:00,plug abandon,other,ok,Productive,Plug Abandon - Other,low,Removed master bushing and outer ring. Lowered diverter chains on TDS bails to wellhead and attached to X-tree. Meanwhile pressure tested BOP test No7,Productive/plug & Abandon,
15_9_F_4_2016-10-04,15_9_F_4,04-10-2016,22,17:45,18:00,plug abandon,other,ok,Productive,Plug Abandon - Other,low,"Lined up cement unit through kill HCR, closed BSRs. Applied 20 bar to kill HCR valve to confirm line up",Productive/plug & Abandon,
15_9_F_4_2016-10-04,15_9_F_4,04-10-2016,30,21:45,22:15,plug abandon,other,ok,Productive,Plug Abandon - Other,low,"R/B 3.5in DP, L/D retrieval tool",Productive/plug & Abandon,
15_9_F_4_2016-10-10,15_9_F_4,10-10-2016,2,01:15,03:00,plug abandon,other,ok,Productive,Plug Abandon - Other,low,"L/O 4 joints over-torqued 5 1/2"" HWDP. Used manual tongs to break one of the connections.",NPT - Surface Equipment/Repair/Maintenance,
15_9_F_4_2016-10-10,15_9_F_4,10-10-2016,10,06:15,07:00,plug abandon,other,ok,Productive,Plug Abandon - Other,low,"Pulled HP-riser to drill floor.
Installed master bushing.",agreed,
15_9_F_4_2016-10-11,15_9_F_4,11-10-2016,4,19:00,19:15,plug abandon,other,ok,Productive,Plug Abandon - Other,low,Performed TBT for L/D diverter,Productive/BOP/Wellhead,
15_9_F_4_2016-10-12,15_9_F_4,12-10-2016,14,19:00,19:15,plug abandon,other,ok,Productive,Plug Abandon - Other,low,Performed TBT for R/U riser handling equipment,agreed,
15_9_F_4_2016-10-13,15_9_F_4,13-10-2016,16,07:15,07:45,plug abandon,other,ok,Productive,Plug Abandon - Other,low,Pulled tensioner joint above drill floor. Cleaned flange for marine growth on WH deck.,agreed,
15_9_F_4_2016-10-13,15_9_F_4,13-10-2016,20,09:45,10:00,plug abandon,other,ok,Productive,Plug Abandon - Other,low,"Collected swarf.
R/D cutting machine.",agreed,
15_9_F_4_2016-10-13,15_9_F_4,13-10-2016,46,23:45,00:00,plug abandon,other,ok,Productive,Plug Abandon - Other,low,R/D cutting machine. Collected swarf.,agreed,
15_9_F_5_2007-12-19,15_9_F_5,19-12-2007,14,20:00,21:00,interruption,other,ok,NPT - Other,Unclassified,low,Performed ESD pre- testing and had power shut down on rig.,NPT - Surface Equipment/Repair/Maintenance,
15_9_F_5_2007-12-20,15_9_F_5,20-12-2007,3,10:30,11:00,interruption,other,ok,NPT - Other,Unclassified,low,Could not open PS-21 slips due to connection time-out on auxillary SBC computer.,NPT - Surface Equipment/Repair/Maintenance,
15_9_F_5_2008-07-11,15_9_F_5,11-07-2008,4,21:45,23:30,interruption,other,ok,NPT - Other,Unclassified,low,Changed burst disk in turbine cooling system and rectified problem. Re-sat all rig systems.,NPT - Surface Equipment/Repair/Maintenance,
15_9_F_5_2008-07-14,15_9_F_5,14-07-2008,5,03:00,03:30,interruption,other,ok,NPT - Other,Unclassified,low,Re-sat AFT PRS after shut-down.,NPT - Surface Equipment/Repair/Maintenance,
15_9_F_5_2008-07-14,15_9_F_5,14-07-2008,11,16:00,17:00,interruption,other,ok,NPT - Other,Unclassified,low,BX-elevator would not close. Changed out rental elevators for rig elevators.,NPT - Surface Equipment/Repair/Maintenance,
15_9_F_5_2008-07-17,15_9_F_5,17-07-2008,3,06:45,07:15,interruption,other,ok,NPT - Other,Unclassified,low,"Investigated leak in TDS. Found small leak on lower side of washpipe. Decided to continue operation and keep observing TDS.

Meanwhile MU and RB 9 5/8"" csg. stds.",NPT - Surface Equipment/Repair/Maintenance,
15_9_F_5_2008-07-20,15_9_F_5,20-07-2008,3,08:15,09:00,interruption,other,ok,NPT - Other,Unclassified,low,"Picked up and circulated and reciprocated the string. Geo-services unit did shut down
due to air tight door was not shut probably. Geo-services purged and re-booted the unit.",NPT - Surface Equipment/Repair/Maintenance,
15_9_F_5_2008-07-27,15_9_F_5,27-07-2008,2,03:30,04:15,interruption,other,ok,NPT - Other,Unclassified,low,"Electrician investigated the error. Found that the pipe size setting of the AFT PRS was incorrect. As investigating the error of the AFT PRS. Reciprocated the string one jnt circulating 2100 lpm 206 bars.
Meanwhile switch to the FWD PRS and picked up 5Â½"" DP.",NPT - Surface Equipment/Repair/Maintenance,
15_9_F_5_2008-07-28,15_9_F_5,28-07-2008,2,02:45,03:30,interruption,other,ok,NPT - Other,Unclassified,low,Poor response from Xceed. Unable to keep well path. Discussed situation with Geologist in town and concluded to POOH and change BHA.,NPT - Downhole Equipment/Failure,
15_9_F_5_2008-08-03,15_9_F_5,03-08-2008,23,23:00,23:30,interruption,other,ok,NPT - Other,Unclassified,low,Not able to access leakage point. Changed DP elevator.,NPT - Surface Equipment/Repair/Maintenance,
15_9_F_5_2008-08-04,15_9_F_5,04-08-2008,5,03:00,03:45,interruption,other,ok,NPT - Other,Unclassified,low,Elevator not functioning correctly on given commands. Changed back to original elevator which had been fixed.,NPT - Surface Equipment/Repair/Maintenance,
15_9_F_5_2008-08-05,15_9_F_5,05-08-2008,11,08:00,09:15,interruption,other,ok,NPT - Other,Unclassified,low,Troubleshot HPU. Found leakage on hose to PS-21 slips. Removed slips. Installed masterbushing to continue pulling pipe using manual slips.,NPT - Surface Equipment/Repair/Maintenance,
15_9_F_5_2008-08-05,15_9_F_5,05-08-2008,13,09:30,10:00,interruption,other,ok,NPT - Other,Unclassified,low,Removed masterbushing. Installed PS-21 automatic slips and function tested same.,NPT - Surface Equipment/Repair/Maintenance,
15_9_F_5_2008-08-05,15_9_F_5,05-08-2008,17,13:30,20:30,interruption,other,ok,NPT - Other,Unclassified,low,"Troubleshot racking problem. Calibrated fwd PRS. Attempted to rack pipe with FWD PRS - negative. Calibrated AFT PRS, not able to rack pipe. Had problems with anti-collission system and pipe clashed with racking fingers. Fixed hydraulic leakge on HPU which may have caused malfunction on anti-collision system. Had problems with ""pipe set down"" function, system not registering when pipe set down. Parked AFT PRS. Continued to troubleshot FWD PRS. Attempted to rack stand of pipe - ok.",NPT - Surface Equipment/Repair/Maintenance,
15_9_F_5_2008-08-06,15_9_F_5,06-08-2008,26,21:00,21:30,interruption,other,ok,NPT - Other,Unclassified,low,Inspected drill line and crown block for damage - none found.,NPT - Surface Equipment/Repair/Maintenance,
15_9_F_5_2008-08-11,15_9_F_5,11-08-2008,16,16:15,19:00,interruption,other,ok,NPT - Other,Unclassified,low,"Opened LPR ram doors. Drained riser. Picked up to 11,5 m MD in order to get pictures of fish. Got pictures showing lid resting on top of 13 3/8"" test plug.",NPT - Downhole Equipment/Fishing,
15_9_F_5_2008-08-11,15_9_F_5,11-08-2008,17,19:00,20:45,interruption,other,ok,NPT - Other,Unclassified,low,"Picked up in steps to +/- 10 m and took pictures through bonnet door for each incremental movment to observe position of fish. Observed lid leaning over into the larger 18 3/4"" ID close to the BOP, i.e. in position to attmept fishing with magnet. Put magnet on rope into riser through ram door. Latched fish with magnet and caught through ram door.",NPT - Downhole Equipment/Fishing,
15_9_F_5_2008-08-11,15_9_F_5,11-08-2008,18,20:45,21:15,interruption,other,ok,NPT - Other,Unclassified,low,"Inspected fish and found that the pin in the broken hinge was still missing. Estimated missing pin to be 26 mm x 9 mm OD. Discussed situation. Decided to continue picking up in small increments in case pin was caught in the lip seal of the 13 3/8"" test plug.",NPT - Downhole Equipment/Fishing,
15_9_F_5_2008-08-11,15_9_F_5,11-08-2008,19,21:15,23:15,interruption,other,ok,NPT - Other,Unclassified,low,"Picked up in steps of 1-2"" and took pictures through bonnet door accordingly. Picked up to lips seal was visible in larger riser ID, but found no evidence of pin being trapped in lip seal.",NPT - Downhole Equipment/Fishing,
15_9_F_5_2008-08-12,15_9_F_5,12-08-2008,1,00:00,01:00,interruption,other,ok,NPT - Other,Unclassified,low,"Inspected 13 3/8"" plug and found worn lip seal. Broke out and laid down plug. Traced and made up back up 13 3/8"" test plug. Closed doors on LPR.",NPT - Surface Equipment/Repair/Maintenance,
15_9_F_5_2008-08-12,15_9_F_5,12-08-2008,2,01:00,02:00,interruption,other,ok,NPT - Other,Unclassified,low,"RIH with 13 3/8"" test plug and landed in surface wellhead at 20 m MD. Lined up cmented unit and filled BOP with seawater through kill line. Closed UPR. Pressure tested BOP against test plug to 20/345 bar 5/10 min. Observed leakage possibly from BSR ram door/bonnet. Bled off pressure.",NPT - Surface Equipment/Repair/Maintenance,
15_9_F_5_2008-08-12,15_9_F_5,12-08-2008,3,02:00,02:30,interruption,other,ok,NPT - Other,Unclassified,low,Pressured up to 345 bar in order to locate leakage. Located leakage possibly across BSR ram door.,NPT - Surface Equipment/Repair/Maintenance,
15_9_F_5_2008-08-12,15_9_F_5,12-08-2008,4,02:30,05:00,interruption,other,ok,NPT - Other,Unclassified,low,"Drained BOP. Opened BSR doors. Inspected and cleaned seals, found no evident damage. Closed BSR doors.",NPT - Surface Equipment/Repair/Maintenance,
15_9_F_5_2008-08-12,15_9_F_5,12-08-2008,5,05:00,05:30,interruption,other,ok,NPT - Other,Unclassified,low,Lined up cement unit and filled BOP with seawater. Pressure tested BOP to 345 bar / 10 min -ok. Observed and found leak to be from the BOP hydraulic system.,NPT - Surface Equipment/Repair/Maintenance,
15_9_F_5_2008-08-12,15_9_F_5,12-08-2008,6,05:30,06:00,interruption,other,ok,NPT - Other,Unclassified,low,"POOH with 13 3/8"" test plug and strapped pipe according to Vetco instructions.",Productive/BOP/Wellhead,
15_9_F_5_2008-08-12,15_9_F_5,12-08-2008,7,06:00,06:30,interruption,other,ok,NPT - Other,Unclassified,low,"Strapped pipe according to Vetco instructions. Calculated 10 3/4"" landing point to be 20,866 m RT.",Productive/ Casing/Cementing,
15_9_F_5_2008-08-15,15_9_F_5,15-08-2008,15,12:15,13:45,interruption,other,ok,NPT - Other,Unclassified,low,Greased surface valves on STP manifold and performed line test. Test failed.,NPT - Surface Equipment/Repair/Maintenance,
15_9_F_5_2008-10-11,15_9_F_5,11-10-2008,8,16:00,17:30,workover,other,ok,Productive,Workover,high,"Aborted frac job due to air in the suction system. Installed air bleed off line on both Halliburton Grizzly pump.

Lined up for production to continue to inject F-5.",,
15_9_F_5_2016-04-21,15_9_F_5,21-04-2016,9,03:40,04:30,interruption,other,ok,NPT - Other,Unclassified,low,"Waited for mechanic to fix hydraulic leakage in drilling elevator.

Meanwhile, leak tested KWV to 20/345 bar for 5/10 min.",NPT - Surface Equipment/Repair/Maintenance,
15_9_F_5_2016-08-30,15_9_F_5,30-08-2016,13,12:00,13:00,interruption,other,ok,NPT - Other,Unclassified,low,Replaced leaking hose.,NPT - Surface Equipment/Repair/Maintenance,
15_9_F_5_2016-08-30,15_9_F_5,30-08-2016,19,20:45,22:30,plug abandon,other,ok,NPT - Surface Equipment,Repair/Maintenance,medium,"Closed LTV 7 and opened LTV 9.
Released bottom dart.
Mixed and pumped 12,3m3 1,90sg cement slurry at 600 lpm / 175 bar.
Displaced surface lines with 0,9m3 hi-vis pill from cement unit.

Released top dart. Closed LTV 9 and opened LTV 11.
Continued pumping 13,7m3 hi-vis pill from cement unit at 600 lpm / 150 bar.

Opened LTV 7 and LTV 9.
Pumped 38,3 m3 SW at 1300 lpm / 194 bar from cement unit. Cycled DHSV 3x times after 30 m3 SW pumped.

Pumped 4,3m3 contamination pill from cement unit at 700 lpm / 160 bar.
Final squeeze pressure 208 bar. Final static pressure 96 bar.

Stopped pumping. Estimated TOC at 2949 mMD.",Productive/plug & Abandon,
15_9_F_5_2016-08-31,15_9_F_5,31-08-2016,9,10:00,10:45,plug abandon,other,ok,Productive,Plug Abandon - Other,low,"Attempted to pressure test cement plug to 315 bar for 10 min. Monitored pressure in XT cross from control room. Increasing pressure trend.
Meanwhile: Continued pressure testing BOP.",Productive/plug & Abandon,
15_9_F_5_2016-08-31,15_9_F_5,31-08-2016,15,16:30,17:00,plug abandon,other,ok,Productive,Plug Abandon - Other,low,Disconnected hoses and removed gauges from cement spool,Productive/plug & Abandon,
15_9_F_5_2016-09-03,15_9_F_5,03-09-2016,1,00:00,01:15,plug abandon,other,ok,NPT - Surface Equipment,Repair/Maintenance,medium,"Evaluating situation.
Meanwhile: Performed maintenance and housekeeping",NPT- Other/ Unclassified,
15_9_F_5_2016-09-03,15_9_F_5,03-09-2016,3,01:30,01:45,plug abandon,other,ok,Productive,Plug Abandon - Other,low,P/U and M/U spear assy with pack-off.,Productive/plug & Abandon,
15_9_F_5_2016-09-04,15_9_F_5,04-09-2016,12,22:15,22:30,plug abandon,other,ok,Productive,Plug Abandon - Other,low,"Flow checked well through open choke. Some backflow observed, then static.
Continued monitoring well on trip tank.",Productive/Monitoring,
15_9_F_5_2016-09-05,15_9_F_5,05-09-2016,4,02:45,03:00,plug abandon,other,ok,Productive,Plug Abandon - Other,low,Performed TBT for removing flange on WH.,Productive/BOP/Wellhead,
15_9_F_5_2016-09-05,15_9_F_5,05-09-2016,7,04:45,05:45,plug abandon,other,ok,Productive,Plug Abandon - Other,low,"Continued flow checking well for 1 hr over modified trip tank on WH deck, static.",Productive/Monitoring,
15_9_F_5_2016-09-05,15_9_F_5,05-09-2016,26,16:30,17:00,plug abandon,other,ok,Productive,Plug Abandon - Other,low,M/U NT-2 connector.,Productive/BOP/Wellhead,
15_9_F_5_2016-09-06,15_9_F_5,06-09-2016,14,07:00,07:15,plug abandon,other,ok,Productive,Plug Abandon - Other,low,"Monitored well on rig TT only.
Took sample from A-annulus, 15 ppm oil content.
Meanwhile: Changed handling equipment. Prepared to N/D BOP and diverter.",Productive/Monitoring,
15_9_F_5_2016-09-06,15_9_F_5,06-09-2016,30,19:00,22:30,plug abandon,other,ok,Productive,Plug Abandon - Other,low,"R/U equipment to drill holes in activation ring and stop ring in TH.
Mounted anchor ring and drilling machine onto WH.",Productive/plug & Abandon,
15_9_F_5_2016-09-06,15_9_F_5,06-09-2016,31,22:30,00:00,plug abandon,other,ok,Productive,Plug Abandon - Other,low,"Drilled hole in TH activation ring and stop ring. Slow progression to begin with, increased after first 4-5mm drilled.",Productive/plug & Abandon,
15_9_F_5_2016-09-07,15_9_F_5,07-09-2016,3,07:45,08:00,plug abandon,other,ok,Productive,Plug Abandon - Other,low,R/D TH drilling equipment from WH.,Productive/plug & Abandon,
15_9_F_5_2016-09-07,15_9_F_5,07-09-2016,28,21:30,21:45,plug abandon,other,ok,Productive,Plug Abandon - Other,low,B/O and L/D down spear.,Productive/plug & Abandon,
15_9_F_5_2016-09-08,15_9_F_5,08-09-2016,5,05:00,05:15,plug abandon,other,ok,Productive,Plug Abandon - Other,low,"POOH w/ 7"" tubing from 2265 mMD to 2257 mMD.
L/D DHSV assy",Productive/plug & Abandon,
15_9_F_5_2016-09-08,15_9_F_5,08-09-2016,31,20:30,20:45,plug abandon,other,ok,Productive,Plug Abandon - Other,low,"B/O pup and swedge, L/D same.",Productive/plug & Abandon,
15_9_F_5_2016-09-09,15_9_F_5,09-09-2016,22,17:15,17:45,plug abandon,other,ok,Productive,Plug Abandon - Other,low,R/D control lines from MS-T retrieval tool. L/D retrieval tool.,Productive/plug & Abandon,
15_9_F_5_2016-09-10,15_9_F_5,10-09-2016,15,07:15,07:45,plug abandon,other,ok,Productive,Plug Abandon - Other,low,"Continued changing to LH thread saver sub, M/U to 95 kNm.",Productive/plug & Abandon,
15_9_F_5_2016-09-10,15_9_F_5,10-09-2016,18,09:00,09:45,plug abandon,other,ok,Productive,Plug Abandon - Other,low,"POOH w/ torque tool BHA on 5 1/2"" LH thread DP from 139,8 m surface. Set BHA in slips.",Productive/plug & Abandon,
15_9_F_5_2016-09-11,15_9_F_5,11-09-2016,18,10:30,10:45,plug abandon,other,ok,Productive,Plug Abandon - Other,low,"Performed TOFS. Cleaned and cleared walkways and escape routes on drill floor.
Meanwhile: Function tested BSR.",Productive/plug & Abandon,
15_9_F_5_2016-09-12,15_9_F_5,12-09-2016,22,12:00,12:45,plug abandon,other,ok,Productive,Plug Abandon - Other,low,"Removed scaffolding in moonpool.
Meanwhile: Performed TBT for moving hatches in moonpool.


******** END OF REPORT ********",Productive/plug & Abandon,
15_9_F_5_2016-10-15,15_9_F_5,15-10-2016,10,03:45,04:00,plug abandon,other,ok,Productive,Plug Abandon - Other,low,"L/O riser joint.
Unable to move riser joint from HTS to cantilever due to wind above 40knts.",NPT - External/Weather,
15_9_F_5_2016-10-15,15_9_F_5,15-10-2016,11,04:00,04:30,plug abandon,other,ok,Productive,Plug Abandon - Other,low,"Pulled master bushing.
Pulled riser through rotary (lift #7).
Installer master bushing and hole cover.",Productive/plug & Abandon,
15_9_F_7_2007-09-19,15_9_F_7,19-09-2007,10,23:30,00:00,interruption,other,ok,NPT - Other,Unclassified,low,Changed dies on pipe handler.,NPT - Surface Equipment/Repair/Maintenance,
15_9_F_7_2007-09-20,15_9_F_7,20-09-2007,1,00:00,00:30,interruption,other,ok,NPT - Other,Unclassified,low,Changed dies on pipe handler.,NPT - Surface Equipment/Repair/Maintenance,
15_9_F_7_2007-09-22,15_9_F_7,22-09-2007,3,07:45,09:45,interruption,other,ok,NPT - Other,Unclassified,low,RB 1 std and topped up oil in TDS.,NPT - Surface Equipment/Repair/Maintenance,
15_9_F_7_2007-09-22,15_9_F_7,22-09-2007,9,20:30,22:00,interruption,other,ok,NPT - Other,Unclassified,low,"Changed 5 1/2"" elevator due to missing pin.",NPT - Surface Equipment/Repair/Maintenance,
15_9_F_7_2015-02-07,15_9_F_7,07-02-2015,15,12:15,16:45,interruption,other,ok,NPT - Other,Unclassified,low,Prepared ME plug and setting tool. Meanwhile changed collar on Bolt on Head ESP-assembly.,Productive/Completion,
15_9_F_7_2015-02-07,15_9_F_7,07-02-2015,16,16:45,17:00,interruption,other,ok,NPT - Other,Unclassified,low,Performed TBT for M/U ME-plug toolstring.,Productive/Completion,
15_9_F_7_2015-02-07,15_9_F_7,07-02-2015,17,17:00,19:00,interruption,other,ok,NPT - Other,Unclassified,low,M/U ME-plug toolstring. Charged up nitrigen chamber on setting tool.,Productive/Completion,
15_9_F_7_2015-02-07,15_9_F_7,07-02-2015,18,19:00,19:15,interruption,other,ok,NPT - Other,Unclassified,low,Performed TBT with night crew,Productive/Completion,
15_9_F_7_2015-02-07,15_9_F_7,07-02-2015,19,19:15,19:30,interruption,other,ok,NPT - Other,Unclassified,low,Continued M/U ME-plug toolstring.,Productive/Completion,
15_9_F_7_2015-02-07,15_9_F_7,07-02-2015,20,19:30,19:45,interruption,other,ok,NPT - Other,Unclassified,low,Performed operational checks and tested tools,Productive/Completion,
15_9_F_7_2015-02-07,15_9_F_7,07-02-2015,21,19:45,20:45,interruption,other,ok,NPT - Other,Unclassified,low,"RIH with ME-plug on WL. Correlated depth in 9 5/8"" screen hanger.",Productive/Completion,
15_9_F_7_2015-02-07,15_9_F_7,07-02-2015,23,21:15,21:30,interruption,other,ok,NPT - Other,Unclassified,low,"P/U until tension in string. Activated setting tool and set plug according to Interwell procedure. Observed tension drop from 2230 lbs to 1520 lbs. RIH and tagged plug. Top plug at 1043 m. Mid element at 1044,2 m.",Productive/Completion,
15_9_F_7_2015-02-07,15_9_F_7,07-02-2015,25,22:00,22:45,interruption,other,ok,NPT - Other,Unclassified,low,POOH with plug RT on WL to 50 m.,Productive/Completion,
15_9_F_7_2015-02-07,15_9_F_7,07-02-2015,26,22:45,23:00,interruption,other,ok,NPT - Other,Unclassified,low,Performed TBT for L/D WL toolstring and R/D WL equipment.,Productive/Completion,
15_9_F_7_2015-02-07,15_9_F_7,07-02-2015,27,23:00,23:15,interruption,other,ok,NPT - Other,Unclassified,low,L/D ME-plug RT,Productive/Completion,
15_9_F_7_2015-02-08,15_9_F_7,08-02-2015,6,02:30,03:15,interruption,other,ok,NPT - Other,Unclassified,low,Troubleshot foreward PRS.,NPT - Surface Equipment/Repair/Maintenance,
15_9_F_7_2016-07-29,15_9_F_7,29-07-2016,8,11:45,13:00,plug abandon,other,ok,Productive,Plug Abandon - Other,low,"Attached lifting arrangement for spool piece to TDS and tuggers using double securing.
Adjusted lock ring on well head.

Pulled spool piece to drill floor and L/O same.",Productive/BOP/Wellhead,
15_9_F_7_2016-07-29,15_9_F_7,29-07-2016,20,18:30,18:45,plug abandon,other,ok,Productive,Plug Abandon - Other,low,P/U and M/U Retrieval tool,Productive/plug & Abandon,
15_9_F_7_2016-07-30,15_9_F_7,30-07-2016,7,04:00,07:00,plug abandon,other,ok,Productive,Plug Abandon - Other,low,"POOH with tubing from 771 mMD to 579 mMD. Average pulling speed 5,7 jnt/hr.",Productive/plug & Abandon,
15_9_F_7_2016-10-23,15_9_F_7,23-10-2016,6,02:00,02:30,plug abandon,other,ok,NPT - Wellbore,Hole Instability,medium,"RIH with cutter BHA into wellhead.
Issue with stuck roller on FWD PRS re-appeared.
Decided to L/O Multibowl RT to free AFT PRS",NPT - Surface Equipment/Repair/Maintenance,
15_9_F_7_2016-10-23,15_9_F_7,23-10-2016,9,05:00,07:00,plug abandon,other,ok,Productive,Plug Abandon - Other,low,"Load shifted weight from tension system to TDS.
R/D tension cylinders.",Productive/BOP/Wellhead,Planned riser tension rig-down
15_9_F_7_2016-10-23,15_9_F_7,23-10-2016,31,22:45,23:00,plug abandon,other,ok,Productive,Plug Abandon - Other,low,Performed TBT for lifting tension cylinders from WH deck to drill floor.,Productive/BOP/Wellhead,
15_9_F_9_2007-11-29,15_9_F_9,29-11-2007,3,09:00,09:15,interruption,other,ok,NPT - Other,Unclassified,low,Changed leaking fitting on DP elevator.,NPT - Surface Equipment/Repair/Maintenance,
15_9_F_9_2007-12-14,15_9_F_9,14-12-2007,3,01:15,06:00,interruption,other,ok,NPT - Other,Unclassified,low,"Had oil leak in TDS. Reamed back on std and RB in derrick to have 17 1/2"" bit inside shoe at 195 m. Investigated oil leak and found leaking o-ring in alignement cylinder. Changed o-ring and reinstalled cylinder. Meanwhile cleaned up oil spill on drill floor.",NPT - Surface Equipment/Repair/Maintenance,
15_9_F_9_2007-12-14,15_9_F_9,14-12-2007,4,06:00,07:30,interruption,other,ok,NPT - Other,Unclassified,low,Changed o-ring and reinstalled alignement cylinder in top drive. Meanwhile cleaned up oil spill on drill floor.,NPT - Surface Equipment/Repair/Maintenance,
15_9_F_9_2007-12-16,15_9_F_9,16-12-2007,6,15:45,16:15,interruption,other,ok,NPT - Other,Unclassified,low,Sorted out PRS alignement problem.,NPT - Surface Equipment/Repair/Maintenance,
15_9_F_9_2008-08-30,15_9_F_9,30-08-2008,6,07:15,09:15,interruption,other,ok,NPT - Other,Unclassified,low,"Investigated diverter operation. Pulled master bushings, installed fitting on hydraulic hose. Tested system and found another leaking fitting. Changed out fitting. Re-installed master bushings.",NPT - Surface Equipment/Repair/Maintenance,
15_9_F_9_2008-09-02,15_9_F_9,02-09-2008,10,14:45,15:30,interruption,other,ok,NPT - Other,Unclassified,low,"Held tool box talk and laid out Ball drop assy, DPSV and the two DP pups.",Productive/Completion,
15_9_F_9_2008-09-02,15_9_F_9,02-09-2008,11,15:30,16:15,interruption,other,ok,NPT - Other,Unclassified,low,"Made up to TDS and pulled up 18 m. Displaced 13 3/8"" casing to 1.03 SG. 67mÂ³ and 2500 lpm, 48 bars.",Productive/Completion,
15_9_F_9_2008-09-02,15_9_F_9,02-09-2008,12,16:15,19:00,interruption,other,ok,NPT - Other,Unclassified,low,POOH with landing string. Having Screens and Screen Hanger still attached.,NPT - Downhole Equipment/Failure,
15_9_F_9_2008-09-02,15_9_F_9,02-09-2008,13,19:00,20:15,interruption,other,ok,NPT - Other,Unclassified,low,"Pulled up Hanger RT/ Screen Hanger and inspected same, RT sheared, no visible marks or damage.",NPT - Downhole Equipment/Failure,
15_9_F_9_2008-09-02,15_9_F_9,02-09-2008,14,20:15,22:15,interruption,other,ok,NPT - Other,Unclassified,low,Held tool box talk and rigged up casing tong and picked up and laid out Screen Hanger with Hanger RT.,NPT - Downhole Equipment/Failure,
15_9_F_9_2008-09-02,15_9_F_9,02-09-2008,15,22:15,23:00,interruption,other,ok,NPT - Other,Unclassified,low,Picked up back-up Screen Hanger and waited for go ahead. Simultaneously cleared and cleaned rig floor.,NPT - Downhole Equipment/Failure,
15_9_F_9_2008-09-02,15_9_F_9,02-09-2008,16,23:00,00:00,interruption,other,ok,NPT - Other,Unclassified,low,Held tool box talk and picked up and made up Screen Hanger. Rigged down casing tong.,NPT - Downhole Equipment/Failure,
15_9_F_9_2008-09-03,15_9_F_9,03-09-2008,1,00:00,04:45,interruption,other,ok,NPT - Other,Unclassified,low,"RIH with 5 std 5Â½"" HWDP and 5Â½"" DP from 218m to 1050m",NPT - Downhole Equipment/Failure,
15_9_F_9_2008-09-03,15_9_F_9,03-09-2008,2,04:45,05:00,interruption,other,ok,NPT - Other,Unclassified,low,Picked up and made up 6 and 3 m pups.,NPT - Downhole Equipment/Failure,
15_9_F_9_2008-09-03,15_9_F_9,03-09-2008,3,05:00,05:30,interruption,other,ok,NPT - Other,Unclassified,low,Held tool box talk and picked up and made up drop ball sub assy.,NPT - Downhole Equipment/Failure,
15_9_F_9_2008-09-03,15_9_F_9,03-09-2008,4,05:30,05:45,interruption,other,ok,NPT - Other,Unclassified,low,Took up/down weight 125/107 MT. at 1064m.,NPT - Downhole Equipment/Failure,
15_9_F_9_2008-09-03,15_9_F_9,03-09-2008,5,05:45,06:00,interruption,other,ok,NPT - Other,Unclassified,low,Dropped ball and chased same at 200 lpm.,NPT - Downhole Equipment/Failure,
15_9_F_9_2008-09-03,15_9_F_9,03-09-2008,6,06:00,07:00,interruption,other,ok,NPT - Other,Unclassified,low,"Continued chasing ball, landed after 100 stks, pressured up to 107 bars and held pressure for 2 mins. Bled down to 70 bars and applied 40 MT WOB on top of liner to verify that the hanger was set (73 MT on weight indicator) and marked pipe. Left 40 MT on running tool and pressured to 178 bars to release R/T, held for 3 mins and then bled off. P/U to 125 MT. No indication of R/T was released.",NPT - Downhole Equipment/Failure,
15_9_F_9_2008-09-03,15_9_F_9,03-09-2008,7,07:00,08:00,interruption,other,ok,NPT - Other,Unclassified,low,"Went back to setting depth and put hanger in tension 125 MT. Pressured up to 107 bars, set liner hanger and held for 3mins. Bled off pressure to 10 bars. Slacked off to 40 MT, WOB 70 MT on weight indicator to verify hanger was set, and held for 5mins. Increased pressure to 190 bars at a quicker rate and held for 3 mins. P/U to new up weight 107 MT, good indication of releasing the R/T. Slacked off to 15 MT WOB and pressured up to blow ball seat. Pressure dropped off @ 221 bars, theoretical pressure 217 bars. P/U to new up weight 107 MT and measured up 2.5 m. Slacked of 30 MT WOB. Set packer and observed 1st shear at 18 MT WOB and 2nd shear at 25 MT WOB, held for 5 mins.",Productive/Completion,
15_9_F_9_2009-06-27,15_9_F_9,27-06-2009,16,18:00,21:30,workover,other,ok,Productive,Workover,high,"Correlated the tool and commenced to log from 845 m to surface. Got poor data in the production riser (low hydrostatic pressure). Forwarded data to onshore contact person for data interpretation. Rig personnel simultaneously carried out cleaning of header box, shakers pads, flow line  and sand traps.",,
15_9_F_9_A_2009-07-04,15_9_F_9_A,04-07-2009,11,17:30,18:30,interruption,other,ok,NPT - Other,Unclassified,low,Made several attempts to take GMWD survey without success.,NPT - Downhole Equipment/Failure,
15_9_F_9_A_2015-01-31,15_9_F_9_A,31-01-2015,5,03:00,03:30,interruption,other,ok,NPT - Other,Unclassified,low,Opened diverter. Engaged and released Timelock plug.,Productive/plug & Abandon,
15_9_F_9_A_2015-01-31,15_9_F_9_A,31-01-2015,6,03:30,03:45,interruption,other,ok,NPT - Other,Unclassified,low,Performed TBT for RIH with Timelock plug as drift using manual slips.,Productive/plug & Abandon,
15_9_F_9_A_2015-01-31,15_9_F_9_A,31-01-2015,7,03:45,07:00,interruption,other,ok,NPT - Other,Unclassified,low,"RIH with Timelock plug from 442 m to 935 m to drift 9 5/8"" liner.",Productive/plug & Abandon,
15_9_F_9_A_2015-01-31,15_9_F_9_A,31-01-2015,8,07:00,07:30,interruption,other,ok,NPT - Other,Unclassified,low,"Performed TBT with new crew for drifting 9 5/8"" liner",Productive/plug & Abandon,
15_9_F_9_A_2015-01-31,15_9_F_9_A,31-01-2015,9,07:30,09:15,interruption,other,ok,NPT - Other,Unclassified,low,Lined up manifold and shakers for washing down.,Productive/plug & Abandon,
15_9_F_9_A_2015-01-31,15_9_F_9_A,31-01-2015,11,10:00,10:15,interruption,other,ok,NPT - Other,Unclassified,low,Performed TBT prior to POOH.,Productive/plug & Abandon,
15_9_F_9_A_2015-01-31,15_9_F_9_A,31-01-2015,13,12:30,14:45,interruption,other,ok,NPT - Other,Unclassified,low,"Lined up to perform line test from cement unit against IBOP. Tested same to 500psi, no good test. Troubleshot and re-tested line-up from cement unit. Not able to get good test through standpipe. Performed line test against valve K-1 on kill manifold, good test.",NPT - Surface Equipment/Repair/Maintenance,
15_9_F_9_A_2015-01-31,15_9_F_9_A,31-01-2015,14,14:45,15:15,interruption,other,ok,NPT - Other,Unclassified,low,Performed TBT for setting Timelock plug. Recorded up/down weights prior to setting plug.,Productive/plug & Abandon,
15_9_F_9_A_2015-01-31,15_9_F_9_A,31-01-2015,15,15:15,15:45,interruption,other,ok,NPT - Other,Unclassified,low,Sat Timelock plug at 600 m according to Archer procedures.,Productive/plug & Abandon,
15_9_F_9_A_2015-01-31,15_9_F_9_A,31-01-2015,16,15:45,16:00,interruption,other,ok,NPT - Other,Unclassified,low,Closed ball valve and pressured up string to 35 bar to verify same closed. P/U and released RT from plug.,Productive/plug & Abandon,
15_9_F_9_A_2015-01-31,15_9_F_9_A,31-01-2015,17,16:00,16:45,interruption,other,ok,NPT - Other,Unclassified,low,R/U side-entry assy and TIW valve. Performed line test with cement unit. Test ok.,Productive/plug & Abandon,
15_9_F_9_A_2015-01-31,15_9_F_9_A,31-01-2015,18,16:45,17:30,interruption,other,ok,NPT - Other,Unclassified,low,"Filled well with drill water above diverter packer, closed same.",Productive/plug & Abandon,
15_9_F_9_A_2015-01-31,15_9_F_9_A,31-01-2015,20,18:00,18:30,interruption,other,ok,NPT - Other,Unclassified,low,Evaluated situation.,agreed,
15_9_F_9_A_2015-01-31,15_9_F_9_A,31-01-2015,21,18:30,19:15,interruption,other,ok,NPT - Other,Unclassified,low,Bled off 22 bar pressure on casing. R/D side entry assembly. Performed TBT with new crew.,agreed,
15_9_F_9_A_2015-01-31,15_9_F_9_A,31-01-2015,22,19:15,19:45,interruption,other,ok,NPT - Other,Unclassified,low,Opened diverter packer. Engaged and released Timelock plug according to Archer procedures.,agreed,
15_9_F_9_A_2015-01-31,15_9_F_9_A,31-01-2015,24,20:45,22:45,interruption,other,ok,NPT - Other,Unclassified,low,POOH with Timelock plug from 425 m to 8 m. Pulled at restricted speed to avoid swabbing.,agreed,
15_9_F_9_A_2015-01-31,15_9_F_9_A,31-01-2015,25,22:45,23:00,interruption,other,ok,NPT - Other,Unclassified,low,L/D primary Timelock plug and inspected same. No damages observed on packer elements.,agreed,
15_9_F_9_A_2015-01-31,15_9_F_9_A,31-01-2015,26,23:00,23:15,interruption,other,ok,NPT - Other,Unclassified,low,P/U backup Timelock plug.,agreed,
15_9_F_9_A_2015-01-31,15_9_F_9_A,31-01-2015,27,23:15,00:00,interruption,other,ok,NPT - Other,Unclassified,low,"RIH Timelock plug on 5 1/2"" DP from 8 m to 168 m. Avg. tripping speed 213 m/hr.",agreed,
15_9_F_9_A_2015-02-01,15_9_F_9_A,01-02-2015,1,00:00,01:45,interruption,other,ok,NPT - Other,Unclassified,low,"Continued RIH with Timelock plug on 5 1/2"" DP from 168 m to 409 m. Avg. tripping speed 138 m/hr. Electrical Technician had to override/force singnal into control system to be able to operate PRS.",agreed,
15_9_F_9_A_2015-02-01,15_9_F_9_A,01-02-2015,2,01:45,02:15,interruption,other,ok,NPT - Other,Unclassified,low,"M/U TDS and washed down to setting depth, 300 lpm. Recorded up/down weights: 78 t / 86 ton and free rotational torque / weight at 10 rpm: 1000 Nm / 80 ton. Sat Timelock plug and closed ball valve according to Archer procedure. Pressured up string to 45 bar to verify ball valve closed. Packer mid element at 434,67 m.",Productive/plug & Abandon,
15_9_F_9_A_2015-02-01,15_9_F_9_A,01-02-2015,8,04:15,05:30,interruption,other,ok,NPT - Other,Unclassified,low,"POOH with Timelock RT on 5 1/2"" DP from 424 m to 0 m. Avg. tripping speed 340 m/hr. L/D RT to deck.",Productive/plug & Abandon,
15_9_F_9_A_2015-02-01,15_9_F_9_A,01-02-2015,9,05:30,06:00,interruption,other,ok,NPT - Other,Unclassified,low,Cleaned and cleared rig floor.,Productive/plug & Abandon,
15_9_F_9_A_2015-02-01,15_9_F_9_A,01-02-2015,26,20:00,20:15,interruption,other,ok,NPT - Other,Unclassified,low,"Retrived bore protector, utilising tuggers in TDS.",Productive/BOP/Wellhead,
15_9_F_9_A_2015-02-01,15_9_F_9_A,01-02-2015,27,20:15,20:45,interruption,other,ok,NPT - Other,Unclassified,low,Lowered tubing bonnet to XMT deck utilising TDS. Landed tubing bonnet according to Vetco instructions. Production Dept. re-stared production according to SimOps procedure after tubing bonnet landed.,Productive/BOP/Wellhead,
15_9_F_9_A_2015-02-01,15_9_F_9_A,01-02-2015,28,20:45,21:15,interruption,other,ok,NPT - Other,Unclassified,low,"Blinded off cable penetrator. Installed flange on tubing bonnet. Lined-up cement unit to well by connecting 1/2"" hose from moonpool manifold to WH.",Productive/BOP/Wellhead,
15_9_F_9_A_2015-02-01,15_9_F_9_A,01-02-2015,29,21:15,21:45,interruption,other,ok,NPT - Other,Unclassified,low,Maersk and Halliburton cementer performed line walk to verify line-up. Performed TBT prior to pressure test casing.,Productive/BOP/Wellhead,
15_9_F_9_A_2015-02-01,15_9_F_9_A,01-02-2015,33,23:00,00:00,interruption,other,ok,NPT - Other,Unclassified,low,Disconnect bonnet and prepared to pull same. Performed TBT for pulling tubing bonnet and running surface riser. Removed master bushings. Meanwhile Production Dept shut-in adjacent wells according to SimOps procedure.,Productive/BOP/Wellhead,
15_9_F_9_A_2015-02-02,15_9_F_9_A,02-02-2015,1,00:00,00:45,interruption,other,ok,NPT - Other,Unclassified,low,Released tubing bonnet from wellhead ustilising slings in TDS bails. Pulled tubing bonnet to drill floor.,Productive/BOP/Wellhead,
15_9_F_9_A_2015-02-02,15_9_F_9_A,02-02-2015,7,04:15,04:30,interruption,other,ok,NPT - Other,Unclassified,low,"Performed TBT for retrieving Timelock plug on 5 1/2"" DP. P/U and M/U Timelock RRT.",Productive/plug & Abandon,
15_9_F_9_A_2015-02-02,15_9_F_9_A,02-02-2015,8,04:30,05:30,interruption,other,ok,NPT - Other,Unclassified,low,"RIH with Timelock RRT on 5 1/2"" DP from 5 m to 430 m. Avg. tripping speed 425 m/hr.",Productive/plug & Abandon,
15_9_F_9_A_2015-02-02,15_9_F_9_A,02-02-2015,10,06:00,07:00,workover,other,ok,Productive,Workover,high,"POOH Timelock plug on 5 1/2"" DP from 430 m to 241 m. Avg. tripping speed 189 m/hr.",,
15_9_F_9_A_2015-02-02,15_9_F_9_A,02-02-2015,14,08:45,09:00,interruption,other,ok,NPT - Other,Unclassified,low,Lifted WL tools to drill floor and prepared same.,Productive/plug & Abandon,
15_9_F_9_A_2015-02-02,15_9_F_9_A,02-02-2015,15,09:00,09:15,interruption,other,ok,NPT - Other,Unclassified,low,Performed TBT for R/U and run WL,Productive/plug & Abandon,
15_9_F_9_A_2015-02-02,15_9_F_9_A,02-02-2015,16,09:15,10:15,interruption,other,ok,NPT - Other,Unclassified,low,R/U WL equipment and P/U ME-plug toolstring,Productive/plug & Abandon,
15_9_F_9_A_2015-02-02,15_9_F_9_A,02-02-2015,17,10:15,10:30,interruption,other,ok,NPT - Other,Unclassified,low,Tested toolstring and zeroed depth in RKB.,Productive/plug & Abandon,
15_9_F_9_A_2015-02-02,15_9_F_9_A,02-02-2015,19,12:00,12:30,interruption,other,ok,NPT - Other,Unclassified,low,"P/U until tension in string. Activated setting tool and set plug according to Interwell procedure. Observed tension drop from 1320 lbs to 790 lbs, indication of plug set. RIH and tagged plug. Top plug at 1187,81 m. Mid element at 1188,87 m.",Productive/plug & Abandon,
15_9_F_9_A_2015-02-02,15_9_F_9_A,02-02-2015,20,12:30,13:00,interruption,other,ok,NPT - Other,Unclassified,low,POOH with WL toolstring. Simultaneously performed TBT for R/D WL equipment.,Productive/plug & Abandon,
15_9_F_9_A_2015-02-02,15_9_F_9_A,02-02-2015,21,13:00,13:30,interruption,other,ok,NPT - Other,Unclassified,low,L/D WL toolstring and R/D wireline equipment.,Productive/plug & Abandon,
15_9_F_9_A_2016-09-30,15_9_F_9_A,30-09-2016,3,01:30,04:15,interruption,other,ok,NPT - Other,Unclassified,low,"Prepared for lifting of spacer spool and tubing bonnet w/ ball valve, using double lift slings from top drive. Opened ball valve. Released lock ring on tubing bonnet. Lifted assembly trough rotary and L/D. Removed C-ring. Meanwhile built scaffolding around F09",Productive/BOP/Wellhead,
15_9_F_9_A_2016-09-30,15_9_F_9_A,30-09-2016,7,05:45,07:00,plug abandon,other,ok,Productive,Plug Abandon - Other,low,"P/U and run diverter, pressured up system. Installed outer rings, master bushing and BX elevators to bails",Productive/BOP/Wellhead,
15_9_F_9_A_2016-09-30,15_9_F_9_A,30-09-2016,24,21:00,21:45,interruption,other,ok,NPT - Other,Unclassified,low,Evaluated situation. Discussed situation w/ onshore organisation. Meanwhile performed TBT to pick up junk mill BHA,NPT - Downhole Equipment/Fishing,
15_9_F_9_A_2016-10-24,15_9_F_9_A,24-10-2016,8,05:45,06:45,plug abandon,other,ok,NPT - External,Materials/Logistics,medium,"R/D boat collision stool and tension ring. Upper centralizer stuck, unable to remove.
Installed diverter and hose on WH.",NPT - Surface Equipment/Repair/Maintenance,Nothing about materials or waiting. The stuck riser centralizer is the NPT
15_9_F_9_A_2016-10-24,15_9_F_9_A,24-10-2016,22,15:30,16:00,plug abandon,other,ok,Productive,Plug Abandon - Other,low,"R/U cutting machine.
Cut riser joint. Significant wave height 2,1 m.
R/D cutting machine.",Productive/plug & Abandon,
15_9_F_9_A_2016-10-24,15_9_F_9_A,24-10-2016,25,17:00,17:30,plug abandon,other,ok,Productive,Plug Abandon - Other,low,"L/O riser joint (Lift #4).
POOH with riser (Lift #5). Cleaned off marine growth on centralizer deck.",Productive/plug & Abandon,
15_9_F_9_A_2016-10-24,15_9_F_9_A,24-10-2016,35,23:45,00:00,plug abandon,other,ok,Productive,Plug Abandon - Other,low,"Installed hatches.

**** END OF REPORT ****",Productive/plug & Abandon,
15_9_F_11_B_2016-09-25,15_9_F_11_B,25-09-2016,42,21:15,21:45,plug abandon,perforate,ok,Productive,Perforating,high,"Increased pump rate to 1000l/min -12 bar. Observed only water in returns. Circulated 1x BU, gas reading close to 0ppm in fluid and no readings in air. Stoped pumps",,
15_9_F_15_D_2014-01-10,15_9_F_15_D,10-01-2014,12,15:45,16:00,completion,perforate,ok,Productive,Completion,high,"Performed pre-job meeting prior to P/U guns, tool string and tractor.",,
15_9_F_15_D_2014-01-13,15_9_F_15_D,13-01-2014,20,18:15,18:30,completion,perforate,ok,Productive,Completion,high,Opened well and RIH with perforation string no. 5 on WL to 250 m.,,
15_9_F_15_D_2014-01-14,15_9_F_15_D,14-01-2014,7,06:00,09:15,completion,perforate,ok,Productive,Completion,high,Prepared guns for run no. 6 on deck. Tested tool string.,,
15_9_F_15_D_2014-01-15,15_9_F_15_D,15-01-2014,9,07:15,09:00,completion,perforate,ok,Productive,Completion,high,P/U guns and tool string for perforating run no. 7.,,
15_9_F_15_D_2016-07-19,15_9_F_15_D,19-07-2016,15,07:15,08:00,plug abandon,perforate,ok,Productive,Perforating,high,POOH to surface,,
15_9_F_1_B_2013-09-30,15_9_F_1_B,30-09-2013,6,12:00,00:00,completion,perforate,ok,Productive,Completion,high,"Rigged up and prepared equipment for perforation.
Made up perforation tool string.

Meanwhile:
Prepared to pressure test BOP on stump.
Pressure tested stand pipe manifolds.",,
15_9_F_1_B_2013-12-25,15_9_F_1_B,25-12-2013,5,03:30,05:15,workover,perforate,ok,Productive,Workover,high,"OOH. WHP 93,5 bar. Closed swab valve and HMV and inflow tested same. Flushed lubricator with nitrogen.",,
15_9_F_1_C_2014-04-10,15_9_F_1_C,10-04-2014,15,19:15,19:45,completion,perforate,ok,Productive,Completion,high,"RIH with perforation string on WL with 30 m/min to 4010 m.
Correlated across good GR - DO =-2 m.
Up weight @ 3860m = 5300 lbs.",,
15_9_F_1_C_2014-04-11,15_9_F_1_C,11-04-2014,1,00:00,00:30,completion,perforate,ok,Productive,Completion,high,Correlated to position guns at interval 1 from 3973 m to 3991 m. Firing depht 3969 m.,,
15_9_F_5_2016-04-20,15_9_F_5,20-04-2016,32,19:45,21:25,workover,perforate,ok,Productive,Workover,high,POOH from 3430 m to surface. WHP: 9 bar,,
15_9_F_5_2016-04-20,15_9_F_5,20-04-2016,34,21:35,22:50,workover,perforate,ok,Productive,Workover,high,"Purged lubricator with N2. Had to open SV and take return through XMT due to ""grey grease"" liquid in lubricator.",,
15_9_F_5_2016-09-10,15_9_F_5,10-09-2016,36,18:30,18:45,plug abandon,perforate,ok,Productive,Perforating,high,Cleaned and cleared drill floor,,
15_9_19_BT2_1998-01-03,15_9_19_BT2,03-01-1998,9,20:00,00:00,drilling,ream,ok,Productive,Drilling,medium,REAMED HOLE FROM 3790M TO 3860M.,agreed,
15_9_19_S_1992-12-06,15_9_19_S,06-12-1992,3,09:00,14:00,drilling,ream,ok,Productive,Drilling,medium,"BACKREAMED FROM 3017 M TO 2460 M. PACKED OFF,AND CHARGED FORMATION.",agreed,
15_9_F_15_A_2008-12-30,15_9_F_15_A,30-12-2008,8,07:45,10:45,drilling,ream,ok,Productive,Drilling,medium,Continued circulating whilst reaming from 2575 m to 2606 m. Worked to pass obstruction at 2606 m and continued to ream down to 2615 m. Parameters : 2150 lpm / SPP 130 bar / 80-140 RPM / torque 8-10 kNm. Reamed down to TD and observed no pressure peaks or WOB. Simulated connection and took survey.,agreed,
15_9_19_A_1997-09-03,15_9_19_A,03-09-1997,10,14:30,17:00,interruption,repair,fail,NPT - Surface Equipment,Repair/Maintenance,medium,M/U SEAL ASSEMBLY RUNNING TOOL WITH ELASTOMER TYPE SEAL ASSEMBLY AND RIH. SET SEAL ASSEMBLY AND TESTED TO 345 BAR OK. POOH.,Productive/BOP/Wellhead,
15_9_19_B_1997-12-06,15_9_19_B,06-12-1997,1,00:00,06:00,interruption,repair,fail,NPT - Downhole Equipment,Failure,medium,"CONTINUED TO MU & RIH WITH 8 1/2"" SIDETRACK BHA - DRIFTING DP TO 2 3/4"" BECAUSE OF CEMENT LOCATED IN DRILLSTRING EARLIER. BROKE CIRC. Ã˜ 430M & Ã˜ 1000M.",NPT - Wellbore / Sidetrack,
15_9_19_BT2_1998-01-30,15_9_19_BT2,30-01-1998,9,18:00,19:00,interruption,repair,fail,NPT - Surface Equipment,Repair/Maintenance,medium,PULLED AND LAID DOWN DIVERTER ASSY.,NPT - Surface Equipment/Repair/Maintenance,
15_9_19_BT2_1998-02-01,15_9_19_BT2,01-02-1998,1,00:00,06:00,interruption,repair,fail,NPT - Surface Equipment,Repair/Maintenance,medium,MADE UP NEW FLEX JOINT AND INSTALL ON LMRP. TRANSPORTED LMRP ONTO LANDING BEAMS AND MADE UP TO RISER JT.,agreed,
15_9_19_S_1992-09-19,15_9_19_S,19-09-1992,4,02:30,03:00,interruption,repair,ok,NPT - Downhole Equipment,Failure,medium,"SWEEPED HOLE WITH 5 M3 HI-VIS MUD. POOH TO CTS PUMP, DUE TO FAILURE ON DEPTH SENSOR TO MWD.",agreed,
15_9_19_ST2_1993-01-06,15_9_19_ST2,06-01-1993,6,05:00,05:30,interruption,repair,fail,NPT - Surface Equipment,Repair/Maintenance,medium,PUMP NO.3 LOST SUCTION DUE TO LEAK IN SUPERCHARGE FILTERBOX.,agreed,
15_9_19_ST2_1993-01-26,15_9_19_ST2,26-01-1993,8,14:30,16:00,interruption,repair,ok,NPT - Surface Equipment,Repair/Maintenance,medium,ATTEMPTED TO RUN IN WITH SEAL ASSEMBLY. HUNG UP AT 35M. POOH. FOUND SEALS DAMAGED.  L/D SEAL ASSEMBLY AND RUNNING TOOL.,NPT - Downhole Equipment/Failure,
15_9_19_ST2_1993-03-23,15_9_19_ST2,23-03-1993,3,08:00,11:30,interruption,repair,fail,NPT - Surface Equipment,Repair/Maintenance,medium,CIRCULATED KILL/CHOKE LINES AND CYCLE RAMS ON BOP WHILE PREPARING TO RUN CCL/JUNKBASKET/GAUGERING.,Productive/BOP/Wellhead,
15_9_19_ST2_1993-04-14,15_9_19_ST2,14-04-1993,5,16:00,17:00,interruption,repair,ok,NPT - Surface Equipment,Repair/Maintenance,medium,MOVED RIG BACK OVER WELL AND RE-BALLASTED RIG.,Rig Move / Mobilization,
15_9_19_ST2_1997-07-25,15_9_19_ST2,25-07-1997,7,12:00,20:30,interruption,repair,fail,NPT - Surface Equipment,Repair/Maintenance,medium,"ATLAS WORKED ON TROUBLESHOOTING PROBLEM WITH SETTING TOOL.RETERMINATED CABLE HEAD. FLEW SETTING TOOL FIRING HEAD OUT TO RIG; REPLACED SAME. ATLAS CHECKED TOOL & MU 9 5/8"" BRIDGE-PLUG.",NPT - Downhole Equipment/Failure,
15_9_F_1_2013-08-10,15_9_F_1,10-08-2013,10,10:15,10:45,interruption,repair,ok,NPT - Surface Equipment,Repair/Maintenance,medium,"Troubleshoot Aft PRS and reset same, not able to eliminate encoder failure.
Continued tripping using fwd PRS.",agreed,
15_9_F_1_2013-08-19,15_9_F_1,19-08-2013,10,07:30,07:45,interruption,repair,ok,NPT - Surface Equipment,Repair/Maintenance,medium,Filled pipe.,Productive/Tripping,
15_9_F_11_2013-03-14,15_9_F_11,14-03-2013,1,00:00,00:30,interruption,repair,ok,NPT - Surface Equipment,Repair/Maintenance,medium,"P/U first 30"" intermediate joint and M/U same to 30"" conductor shoe. Attempted to run in with 30"" conductor. RIH connector 33.17"" OD conductor stood up on Weatherford bushing in auto slips (32,5"" ID). Evaluated situation and planned forward operation. Held toolbox talk with relevant personel due to changes in sequence of 30"" conductor running operation.",agreed,
15_9_F_11_2013-03-19,15_9_F_11,19-03-2013,9,14:00,14:30,interruption,repair,ok,NPT - Downhole Equipment,Failure,medium,"Pulled back from 251 m to 229 m recording MWD OnTrack inclination survey data.

Inclination Survey (OnTrack):
Survey station (m)   Inclination (deg)
           231                     0.22
           221                     0.44
           211                     0.03",Productive/Surveying,
15_9_F_11_2013-03-20,15_9_F_11,20-03-2013,19,21:30,23:00,interruption,repair,ok,NPT - Downhole Equipment,Failure,medium,"POOH 26"" BHA from bottom at 347 m inside 30"" conductor at 202 m to 142 m.",NPT - Surface Equipment/Repair/Maintenance,
15_9_F_11_2013-03-21,15_9_F_11,21-03-2013,9,11:00,17:00,interruption,repair,ok,NPT - Surface Equipment,Repair/Maintenance,medium,Performed tool box talk and repaired worn components on top drive.,agreed,
15_9_F_11_2013-03-22,15_9_F_11,22-03-2013,4,04:30,05:30,interruption,repair,ok,NPT - Surface Equipment,Repair/Maintenance,medium,"Pulled out with cement stand and attempted to rack back same, forward PRS failed. Attempted to use PRS over-ride function, no-go. Unable to use aft PRS. Trouble shoot and made continancy plan of POOH cement stinger in single 5 1/2"" DP joints. Re-established operation of forward PRS.",agreed,
15_9_F_11_T2_2013-04-24,15_9_F_11_T2,24-04-2013,7,09:00,10:00,interruption,repair,ok,NPT - Surface Equipment,Repair/Maintenance,medium,Changed out leaking hydraulic hose and connections on power tong.,agreed,
15_9_F_12_2007-08-12,15_9_F_12,12-08-2007,8,19:15,00:00,interruption,repair,ok,NPT - Downhole Equipment,Failure,medium,"Trouble shot MWD transmission failure. Worked mud pumps at different rates and different configurations while rotated and resiprocated pipe.  Bleed down and increased pressure on pulsation dampners, 300 psi/1100 psi. Closed one stand pipe. Managed to get good signal.",agreed,
15_9_F_12_2008-01-30,15_9_F_12,30-01-2008,7,16:00,18:00,interruption,repair,ok,NPT - Surface Equipment,Repair/Maintenance,medium,"Landed TH in C-plate. BO and LD TH hanger handling tool. Leak tested fitting through 1/8"" test port to 448 bar /10 min.",Productive/plug & Abandon,
15_9_F_12_2016-08-18,15_9_F_12,18-08-2016,19,13:45,14:00,interruption,repair,ok,NPT - Surface Equipment,Repair/Maintenance,medium,P/U backup THRT and first landing string joint,NPT - Downhole Equipment/Failure,
15_9_F_12_2016-08-18,15_9_F_12,18-08-2016,29,18:00,19:00,interruption,repair,ok,NPT - Surface Equipment,Repair/Maintenance,medium,Lined up to line test. Go to low pressure 20bar. Cement pump tripped. Troubleshoot. Meanwhile lift remaining tubing handling equipment to rig floor. Reel and compact spider slips,agreed,
15_9_F_12_2016-08-18,15_9_F_12,18-08-2016,35,21:15,21:45,interruption,repair,ok,NPT - Surface Equipment,Repair/Maintenance,medium,"Pressured up well to equalize and open DHSV, applied 130 bar to string, observed DHSV equalizing and opening at 122bar. Pressured up control lines to 520 bar. Bled off tubing pressure to zero via choke to trip tank. Returns 60 liters indicating that DHSV closed after pressure above is pled off. 
Repeated equalizing and bleeding off sequence and observed same volume bled off",NPT - Downhole Equipment/Failure,
15_9_F_12_2016-08-19,15_9_F_12,19-08-2016,2,01:45,03:30,interruption,repair,ok,NPT - Surface Equipment,Repair/Maintenance,medium,"Continued discussing way forward. Discussed risks, barrier status, well control contingencies. Agreed to attempt to pull tubing hanger with 152bar trapped pressure below DHSV. Updated change log. 
Meanwhile applied 20 bar to tubing and inflow tested DHSV, Good. Continued with rig maintenance and pressure tested valves S1 and C26, good",NPT - Downhole Equipment/Failure,
15_9_F_12_2016-08-19,15_9_F_12,19-08-2016,4,03:45,04:30,interruption,repair,ok,NPT - Surface Equipment,Repair/Maintenance,medium,"R/D cementing hose, chiksans. Attempted to back off weco1502 swedge. Collar backing off together with swedge. Torqued up collar to 15000 ft*lbs and manage to break off swedge, L/D same",agreed,
15_9_F_12_2016-08-22,15_9_F_12,22-08-2016,15,14:00,14:30,interruption,repair,ok,NPT - Surface Equipment,Repair/Maintenance,medium,Evaluated situation. Meanwhile performed tests on Aft iron roughneck,NPT- Other/ Unclassified,
15_9_F_12_2016-08-25,15_9_F_12,25-08-2016,3,04:30,05:00,interruption,repair,ok,NPT - Surface Equipment,Repair/Maintenance,medium,Observed leak on TDS. Stopped milling. Repaired leak on the wash pipe,agreed,
15_9_F_14_2016-08-03,15_9_F_14,03-08-2016,4,05:30,07:00,interruption,repair,ok,NPT - Surface Equipment,Repair/Maintenance,medium,"Evaluated situation. 
Meanwhile: Performed housekeeping on drill floor.",agreed,
15_9_F_14_2016-08-03,15_9_F_14,03-08-2016,31,22:30,23:15,interruption,repair,ok,NPT - Surface Equipment,Repair/Maintenance,medium,"Inspected swedge and found mark on seal face. Filed sealface. M/U swedge on 7"" landing string.",agreed,
15_9_F_14_2016-08-11,15_9_F_14,11-08-2016,22,21:45,23:00,interruption,repair,ok,NPT - Surface Equipment,Repair/Maintenance,medium,"Engaged spear to fish. POOH fish slowly. 
Top of fish hang up in hanger area. Rotated string 180 deg left, pulled up. Went through
When POOH observed overpull spikes on weight indicator several times. Max spike value of 40t",Productive/plug & Abandon,
15_9_F_14_2016-08-15,15_9_F_14,15-08-2016,11,05:30,07:00,interruption,repair,ok,NPT - Surface Equipment,Repair/Maintenance,medium,"Attempted to pull diverter. No success. Pulled 10t overpull, diverter not moving. Troubleshoot same, removed eye bolts and cleaned, continued to attempt to pull diverter",agreed,
15_9_F_14_2016-08-15,15_9_F_14,15-08-2016,15,09:30,11:00,interruption,repair,ok,NPT - Surface Equipment,Repair/Maintenance,medium,Attempted to pull diverter w/ max 15t overpull. Lifted BOP and observed slick joint loosened in overshot. Cleaned around hold down dogs and observed one dog slightly engaged. Wedged in hold down dog and pulled diverter up passed dogs. Max overpull 12 Ton,agreed,
15_9_F_15_C_2009-02-26,15_9_F_15_C,26-02-2009,13,16:45,18:00,interruption,repair,ok,NPT - Surface Equipment,Repair/Maintenance,medium,Disconnected control lines from running tool. Laid out primary running tool. Changed out seals on communication collar. Prepared back up running tool.,NPT - Downhole Equipment/Failure,
15_9_F_15_C_2013-11-09,15_9_F_15_C,09-11-2013,4,06:00,06:30,interruption,repair,ok,NPT - Surface Equipment,Repair/Maintenance,medium,"Inspected seal assembly, found vertical marks on the seal OD.
Broke out and laid down seal assembly RT.",NPT - Downhole Equipment/Failure,
15_9_F_15_D_2013-11-21,15_9_F_15_D,21-11-2013,20,17:00,18:00,interruption,repair,ok,NPT - Surface Equipment,Repair/Maintenance,medium,"POOH with ITT from 139 m to surface. Cleaned and inspected same.
Hole in main seal.",NPT - Downhole Equipment/Failure,
15_9_F_15_D_2013-11-28,15_9_F_15_D,28-11-2013,7,07:15,07:45,interruption,repair,ok,NPT - Surface Equipment,Repair/Maintenance,medium,"POOH with PADPRT from 140 m. Cleaned and inspected PADPRT, L/D same.",Productive/plug & Abandon,
15_9_F_15_D_2013-12-03,15_9_F_15_D,03-12-2013,29,23:45,00:00,interruption,repair,ok,NPT - Surface Equipment,Repair/Maintenance,medium,Back out joint no. 6 and confirmed threads damaged on joint and in collar on float joint pup.,agreed,
15_9_F_15_D_2013-12-05,15_9_F_15_D,05-12-2013,2,00:30,01:00,interruption,repair,ok,NPT - Surface Equipment,Repair/Maintenance,medium,Changed casing tong dies.,agreed,
15_9_F_15_D_2016-07-22,15_9_F_15_D,22-07-2016,6,04:30,04:45,interruption,repair,ok,NPT - Surface Equipment,Repair/Maintenance,medium,"Opened BOP and monitored well on trip tank, static.",Productive/Monitoring,
15_9_F_15_D_2016-07-24,15_9_F_15_D,24-07-2016,13,08:15,08:30,interruption,repair,ok,NPT - Downhole Equipment,Failure,medium,RIH w/ milling BHA from surface to 135m.,NPT - Downhole Equipment/Fishing,
15_9_F_15_D_2016-07-24,15_9_F_15_D,24-07-2016,18,11:00,13:00,interruption,repair,ok,NPT - Downhole Equipment,Failure,medium,L/D milling BHA,NPT - Downhole Equipment/Fishing,
15_9_F_1_B_2014-02-14,15_9_F_1_B,14-02-2014,20,14:00,14:15,interruption,repair,ok,NPT - Surface Equipment,Repair/Maintenance,medium,Changed from aft PRS to forward PRS due to encoder problem.,agreed,
15_9_F_1_B_2014-02-16,15_9_F_1_B,16-02-2014,1,00:00,01:30,interruption,repair,ok,NPT - Surface Equipment,Repair/Maintenance,medium,Continued repairing leaking hose on PRS.,agreed,
15_9_F_1_B_2014-02-17,15_9_F_1_B,17-02-2014,15,09:45,11:00,interruption,repair,ok,NPT - Surface Equipment,Repair/Maintenance,medium,"Trouble shot issues with casing door function. Changed out tong.
Coupling between Tong and IRN failed.",agreed,
15_9_F_1_C_2014-03-12,15_9_F_1_C,12-03-2014,26,17:45,18:00,interruption,repair,ok,NPT - Surface Equipment,Repair/Maintenance,medium,Removed RA sources.,NPT - Downhole Equipment/Failure,BHA laydown during the AutoTrak RSS change-out (rows 10–11 and the earlier RSS failure). Part of that failure cycle
15_9_F_1_C_2014-03-12,15_9_F_1_C,12-03-2014,29,19:45,20:30,interruption,repair,ok,NPT - Downhole Equipment,Failure,medium,"POOH to surface. B/O bit using rig tongs. B/O AutoTrak using IRN, L/D same.",agreed,
15_9_F_1_C_2014-03-13,15_9_F_1_C,13-03-2014,4,02:30,04:00,interruption,repair,ok,NPT - Downhole Equipment,Failure,medium,"RIH w/ 8 1/2"" BHA on 5 1/2"" DP from 1018 m to 2030 m. Avg. tripping speed 690 m/hr.",agreed,
15_9_F_1_C_2014-04-01,15_9_F_1_C,01-04-2014,5,10:00,10:15,interruption,repair,ok,NPT - Surface Equipment,Repair/Maintenance,medium,Held TBT for rigging down casing equipment.,Productive/ Casing/Cementing,
15_9_F_1_C_2014-04-01,15_9_F_1_C,01-04-2014,14,14:15,14:30,interruption,repair,ok,NPT - Surface Equipment,Repair/Maintenance,medium,Opened V/V on WH below test tool.,Productive/BOP/Wellhead,
15_9_F_1_C_2014-04-02,15_9_F_1_C,02-04-2014,10,13:30,14:15,interruption,repair,ok,NPT - Surface Equipment,Repair/Maintenance,medium,"RIH with camera on 5 1/2"" DP to 139 m.",NPT - Downhole Equipment/Failure,
15_9_F_1_C_2014-04-02,15_9_F_1_C,02-04-2014,23,23:15,00:00,interruption,repair,ok,NPT - Surface Equipment,Repair/Maintenance,medium,"P/U and RIH 10 3/4"" Tieback Adapter and joint to 15 m. Checked Adapter.",Productive/ Casing/Cementing,
15_9_F_1_C_2014-04-03,15_9_F_1_C,03-04-2014,2,01:45,02:30,interruption,repair,ok,NPT - Surface Equipment,Repair/Maintenance,medium,"P/U and inspected adjustable Sub assy.
Removed guides in slips and RIH with assy to 119 m.",Productive/ Casing/Cementing,
15_9_F_1_C_2014-04-03,15_9_F_1_C,03-04-2014,4,03:30,04:00,interruption,repair,ok,NPT - Surface Equipment,Repair/Maintenance,medium,Landed tie back adapter and sat off weight. Visuallly inspected color marking seen at Annulus valve at multi bowl. Orange seen. Evaluated situation and pulled up and re-landed two times. Yellow color seen.,NPT - Downhole Equipment/Failure,
15_9_F_1_C_2014-04-03,15_9_F_1_C,03-04-2014,21,14:15,14:30,interruption,repair,ok,NPT - Surface Equipment,Repair/Maintenance,medium,"Closed annular, applied 20 bar on annulus. Stripped out to 19 m with 3 ton over pull. Bleed off pressure and opened annular.",NPT - Downhole Equipment/Failure,
15_9_F_1_C_2016-06-24,15_9_F_1_C,24-06-2016,12,14:00,14:30,interruption,repair,ok,NPT - Surface Equipment,Repair/Maintenance,medium,R/U slings and load cell to test the PRS shaft for any damage (Pull Test),NPT - Surface Equipment/Repair/Maintenance,
15_9_F_9_2008-09-04,15_9_F_9,04-09-2008,19,19:30,23:00,interruption,repair,ok,NPT - Surface Equipment,Repair/Maintenance,medium,Held tool box talk and retrived diverter.,Productive/BOP/Wellhead,
15_9_F_9_A_2015-02-01,15_9_F_9_A,01-02-2015,10,06:00,07:30,interruption,repair,ok,NPT - Surface Equipment,Repair/Maintenance,medium,R/U for pulling diverter. Held TBT with new crew.,Productive/BOP/Wellhead,
15_9_F_9_A_2015-02-02,15_9_F_9_A,02-02-2015,6,03:30,04:15,interruption,repair,ok,NPT - Surface Equipment,Repair/Maintenance,medium,"Performed TBT for installing boreprotector. M/U RT to DP stand and attached boreprotector to same. RIH and installed boreprotector in WH. POOH with RT, B/O and L/D same.",Productive/BOP/Wellhead,
15_9_F_9_A_2015-02-03,15_9_F_9_A,03-02-2015,12,09:15,09:45,interruption,repair,ok,NPT - Surface Equipment,Repair/Maintenance,medium,Troubleshot fault on PRS.,NPT - Surface Equipment/Repair/Maintenance,
15_9_F_9_A_2016-09-30,15_9_F_9_A,30-09-2016,28,23:15,00:00,interruption,repair,ok,NPT - Downhole Equipment,Failure,medium,POOH w/ junk mill BHA. L/D same,NPT - Downhole Equipment/Fishing,
15_9_F_1_C_2014-03-12,15_9_F_1_C,12-03-2014,3,01:30,02:00,formation evaluation,rft/fit,ok,Productive,Formation Evaluation,high,Spaced out string and closed UPR. Lined up to pump down DP and annulus.,,
15_9_F_4_2008-02-10,15_9_F_4,10-02-2008,8,08:00,09:00,formation evaluation,rft/fit,ok,Productive,Formation Evaluation,high,Pulled back into the shoe. Racked back one std. Installed side entry sub and CMT hose. Confirmed line up from CMT unit to drill floor. Leak tested line to 100 bars 10 min.,,
15_9_19_BT2_1998-01-09,15_9_19_BT2,09-01-1998,2,04:30,05:00,formation evaluation,rig up/down,ok,Rig Move / Mobilization,Mobilization,high,L/D CORE #4. RECOVERED 19M. RACKED BACK CORE BARREL.,,
15_9_F_12_2009-03-15,15_9_F_12,15-03-2009,6,06:00,06:30,workover,rig up/down,ok,Productive,Workover,high,Closed MMV to establish if it was HMV or PWV that was leaking. Re-attempted to test XMT cross without sucess.,,
15_9_F_12_2009-03-16,15_9_F_12,16-03-2009,5,05:30,06:00,workover,rig up/down,ok,Productive,Workover,high,Closed SV partly and verified toolstring out of hole. Recorded SIWHP 81 bar. Closed HMV and bled down pressure above to 5 bar.,,
15_9_F_14_2009-03-09,15_9_F_14,09-03-2009,8,23:30,00:00,workover,rig up/down,ok,Productive,Workover,high,Installed cap on WL riser. Lined up and filled WL riser with MEG from cement unit. Filled riser until fluid returns through needle valve on riser cap.,,
15_9_19_S_1992-12-15,15_9_19_S,15-12-1992,9,07:30,08:00,interruption,sidetrack,ok,Productive,Sidetrack (Planned),medium,"PUMPED 4 M3 HI-VIS 1,5 SG KCL MUD.  DISPLACED SAME WITH 19,5 M3 MUD.",agreed,
15_9_19_S_1992-12-15,15_9_19_S,15-12-1992,16,17:00,19:00,interruption,sidetrack,ok,Productive,Sidetrack (Planned),medium,POOH,agreed,
15_9_19_S_1992-12-16,15_9_19_S,16-12-1992,2,02:00,03:00,interruption,sidetrack,fail,NPT - Wellbore,Sidetrack (Corrective),medium,FILLED PIPE. WASHED/REAMED FROM 1400M TO 1493M. PIPE STUCK AT 1493M WITHOUT ANY WARNING SIGNS. KEPT FULL CIRCULATION.,NPT-Wellbore/Hole Instability,
15_9_19_S_1992-12-17,15_9_19_S,17-12-1992,5,04:00,05:00,interruption,sidetrack,ok,Productive,Sidetrack (Planned),medium,DISCONNECTED CEMENT HOSE AND RACKED BACK CEMENT HEAD. PULLED BACK TO 1400M.,agreed,
15_9_19_S_1992-12-19,15_9_19_S,19-12-1992,2,02:30,04:00,interruption,sidetrack,ok,Productive,Sidetrack (Planned),medium,"PULLED BACK TO 1400M.  CIRCULATED UP TO 2600 LPM, FULL RETURNS.",agreed,
15_9_19_S_1992-12-19,15_9_19_S,19-12-1992,4,06:00,10:00,interruption,sidetrack,ok,Productive,Sidetrack (Planned),medium,WASHED/REAMED TO 1486M.  DRILLED CEMENT FROM 1486M TO 1493M.,agreed,
15_9_19_ST2_1992-12-20,15_9_19_ST2,20-12-1992,5,12:30,13:30,interruption,sidetrack,ok,Productive,Sidetrack (Planned),medium,CIRCULATED BOTTOMS UP.,agreed,
15_9_19_ST2_1992-12-26,15_9_19_ST2,26-12-1992,3,05:30,06:00,interruption,sidetrack,ok,Productive,Sidetrack (Planned),medium,BACKREAMED OUT OF HOLE FROM 2963M TO 2941M.,agreed,
15_9_19_ST2_1992-12-28,15_9_19_ST2,28-12-1992,2,00:30,02:30,interruption,sidetrack,ok,Productive,Sidetrack (Planned),medium,CIRCULATED BOTTOMS UP WHILE WORKING PIPE BETWEEN 2939M AND 2910M.,agreed,
15_9_19_ST2_1992-12-28,15_9_19_ST2,28-12-1992,4,06:00,07:00,interruption,sidetrack,ok,Productive,Sidetrack (Planned),medium,BACKREAMED FROM 2850M TO 2837M. WORKED PIPE DUE TO TIGHT HOLE.,agreed,
15_9_19_ST2_1992-12-31,15_9_19_ST2,31-12-1992,6,13:00,19:30,interruption,sidetrack,ok,Productive,Sidetrack (Planned),medium,"DRILLED 12 1/4"" HOLE FROM 3043M TO 3050M WITH LIMITED PENETRATION- RATE. VARIED DRILLING PARAMETRES WITHOUT ANY APPARENT GAIN.",agreed,
15_9_19_ST2_1993-01-06,15_9_19_ST2,06-01-1993,5,04:30,05:00,interruption,sidetrack,ok,Productive,Sidetrack (Planned),medium,TOOK SURVEY AT 3143M. HAD PROBLEMS WITH MWD SIGNAL.,agreed,
15_9_19_ST2_1993-01-07,15_9_19_ST2,07-01-1993,6,08:30,11:30,interruption,sidetrack,ok,Productive,Sidetrack (Planned),medium,"ORIENTATED 12 1/4"" HOLE FROM 3214M TO 3215M. HAVING SYNCHRONIZING PROBLEMS WITH MWD AND BIT STALLING OUT.",agreed,
15_9_19_ST2_1993-01-10,15_9_19_ST2,10-01-1993,5,23:30,00:00,interruption,sidetrack,ok,Productive,Sidetrack (Planned),medium,"CIRCULATED HOLE CLEAN, PUMPING 2270 LPM WITH 172 RPM AND 260 BAR.",agreed,
15_9_F_1_B_2014-01-31,15_9_F_1_B,31-01-2014,13,19:00,19:15,moving,skid,ok,Rig Move / Mobilization,Mobilization,high,Performed TBT prior to skidding cantilever.,,
15_9_19_A_1997-08-04,15_9_19_A,04-08-1997,4,06:00,11:00,drilling,trip,ok,Productive,Tripping,high,RIH TO 2160M. ESTABLISHED CIRC WITH 2500 LPM AND ORIENTED TOOLFACE. RUN THROUGH WINDOW WITH NO ROTATION OR CIRCULATION AND CONTINUED RIH WITH NO PROBLEMS. WASHED LAST STAND TO TD.,,
15_9_19_A_1997-08-14,15_9_19_A,14-08-1997,8,19:00,22:00,formation evaluation,trip,ok,Productive,Tripping,high,CONTINUED RIH TO 3830M. BREAK CIRC.,,
15_9_19_BT2_1997-12-20,15_9_19_BT2,20-12-1997,5,10:00,11:30,drilling,trip,ok,Productive,Tripping,high,"BACKREAMED TO INTO 7"" LINER SHOE.",,
15_9_19_BT2_1998-01-24,15_9_19_BT2,24-01-1998,3,03:30,06:00,plug abandon,trip,ok,Productive,Tripping,high,"MU 5 7/8"" BIT & BHA FOR TESTING OF PLUG NUMBER 3. RAN 4 STANDS 3 1/2"" DRILLPIPE TO 293 M - PLACING DRILLPIPE ACROSS UPPER ANNULAR PREVENTER. RATE OF LOSS TO HOLE VIA TRIP TANK REMAINED CONSTANT - APPROXIMATELY 2 M3/HOUR.",,
15_9_19_ST2_1993-03-10,15_9_19_ST2,10-03-1993,4,06:30,08:30,formation evaluation,trip,ok,Productive,Tripping,high,CONTINUED POOH WITH CORE NO.3 TO 1260M.  MONITORED 11 PPM H2S INSIDE THE PIPE.  PREPARED H2S EQUIPMENT. CONTINUED POOH TO 717M.  H2S IN PIPE FROM 9 PPM TO 17 PPM.,,
15_9_F_1_2013-07-23,15_9_F_1,23-07-2013,12,20:00,20:15,drilling,trip,ok,Productive,Tripping,high,Washed down from 212 m and tagged TOC at 217 m with 2 MT.,,
15_9_F_1_2013-08-21,15_9_F_1,21-08-2013,8,06:00,07:15,drilling,trip,ok,Productive,Tripping,high,Continued laying down BHA from 43 m to surface,,
15_9_F_10_2009-05-11,15_9_F_10,11-05-2009,8,16:15,17:15,drilling,trip,ok,Productive,Tripping,high,"POOH wet with 12 1/4"" BHA from 2875 m to 2595 m inside 13 3/8"" shoe. No obstruction in rest of OH and shoe area.",,
15_9_F_10_2009-06-09,15_9_F_10,09-06-2009,10,10:30,11:00,plug abandon,trip,ok,Productive,Tripping,high,"POOH with 13 3/8"" EZSV plug RT from 1590m to 1536m MD. Pumped slug, filled trip tank.",,
15_9_F_11_T2_2013-04-20,15_9_F_11_T2,20-04-2013,3,17:00,19:00,drilling,trip,ok,Productive,Tripping,high,"Held TBT. RIH on 5 1/2""  DP from 1308 m to 1950 m.

Meanwhile:
Back loaded cuttings to supply vessel",,
15_9_F_14_2016-08-07,15_9_F_14,07-08-2016,20,21:30,22:30,plug abandon,trip,ok,Productive,Tripping,high,"Washed down  from 2335m to 2420m with 560l/min 7,4 bar. Did not encounter hard cemtent. 60m left to go before hitting minimum length of plug (at 2480m). 
When making connections observed back flow from DP indicating heavier fluid in annulus",,
15_9_F_5_2008-07-25,15_9_F_5,25-07-2008,7,12:30,12:45,drilling,trip,ok,Productive,Tripping,high,"Held tool box talk prior to M/U 8Â½"" BHA.",,
15_9_19_A_1997-08-15,15_9_19_A,15-08-1997,8,15:30,16:00,formation evaluation,wait,ok,NPT - Other,HSE/Permits,medium,"HELD SAFETY MEETING WITH ALL PERSONNEL WITH H2S GAS, GAS PROCEDYRES AND CONTINGENCIES.",Productive/Formation Evaluation,
15_9_19_A_1997-08-27,15_9_19_A,27-08-1997,6,19:00,23:00,formation evaluation,wait,ok,NPT - Other,Unspecified Wait,low,OPERATIONS SUSPENDED DUE TO INDUSTRIAL ACTION.,NPT-Other/HSE/Permits,
15_9_19_A_1997-08-28,15_9_19_A,28-08-1997,3,08:00,00:00,formation evaluation,wait,ok,NPT - Other,Unspecified Wait,low,"OPERATIONS SUSPENDED DUE TO INDUSTRIAL ACTION. MEANWHILE CIRCULATED AT SLOW RATE - 330 LPM, 15 BAR.",NPT-Other/HSE/Permits,
15_9_19_A_1997-08-29,15_9_19_A,29-08-1997,1,00:00,06:00,formation evaluation,wait,ok,NPT - Other,Unspecified Wait,low,"OPERATIONS SUSPENDED DUE TO INDUSTRIAL ACTION. CONTINUED CIRCULATING AT 330 LPM, 15 BAR.",NPT-Other/HSE/Permits,
15_9_19_A_1997-08-29,15_9_19_A,29-08-1997,2,06:00,12:00,formation evaluation,wait,ok,NPT - Other,Unspecified Wait,low,"OPERATIONS SUSPENDED DUE TO INDUSTRIAL ACTION. CIRCULATED AT 330 LPM, 15 BAR.",NPT-Other/HSE/Permits,
15_9_19_A_1997-09-04,15_9_19_A,04-09-1997,5,13:00,15:00,interruption,wait,ok,NPT - Other,Unspecified Wait,low,DISPLACED RISER TO SEAWATER. RU SPIDER & MU DIVERTER RUNNING TOOL.,Productive/BOP/Wellhead,
15_9_19_A_1997-10-05,15_9_19_A,05-10-1997,3,17:00,19:00,interruption,wait,ok,NPT - Other,Unspecified Wait,low,LAID OUT DIVERTER RUNNING TOOL AND SPIDER.,Productive/BOP/Wellhead,
15_9_19_ST2_1993-01-11,15_9_19_ST2,11-01-1993,6,19:00,19:30,drilling,wait,ok,NPT - Other,Unspecified Wait,low,SECURED EXLOG HOSE TO KELLY HOSE.,Productive/Completion,
15_9_19_ST2_1993-03-29,15_9_19_ST2,29-03-1993,2,04:00,06:00,interruption,wait,ok,NPT - Other,Unspecified Wait,low,CLEANED MUD PITS AND ALL LINES TO PREPARE FOR COMPLETION FLUID. CLEANED DERRICK AND RIG FLOOR. PRESS TESTED K/C MANIFOLD WHILE CLEANING RIG.,Productive/Completion,
15_9_19_ST2_1993-03-29,15_9_19_ST2,29-03-1993,3,06:00,00:00,interruption,wait,ok,NPT - Other,Unspecified Wait,low,"CONTINUED CLEANING UNDERNEATH RIGFLOOR, PITS AND ALL LINES TO PREPARE FOR COMPLETION FLUID. OPENED UP PLUGGED DRAINS. WHILE CLEANING PRESS TESTED RIG CHOKE MANIFOLD, STAND PIPE TO 35 BAR 5 MIN AND 345 BAR/10 MIN.",Productive/Completion,
15_9_19_ST2_1993-03-30,15_9_19_ST2,30-03-1993,1,00:00,04:30,interruption,wait,ok,NPT - Other,Unspecified Wait,low,CONTINUED CLEANING RIG FLOOR AND PITS.,Productive/Completion,
15_9_19_ST2_1993-03-30,15_9_19_ST2,30-03-1993,4,09:00,10:00,interruption,wait,ok,NPT - Other,Unspecified Wait,low,CLEANED RIG FLOOR. HELD MEETING ON RIG FLOOR WITH PERSONEL INVOLVED IN BHA RUNNING OPERATION. PREPARED TO RUN TCP GUNS.,Productive/Completion,
15_9_19_ST2_1993-03-31,15_9_19_ST2,31-03-1993,5,18:30,19:30,interruption,wait,ok,NPT - Other,Unspecified Wait,low,INSTALLED X-OVER ON TEST STANDPIPE,Productive/Formation Evaluation,
15_9_F_1_2013-08-13,15_9_F_1,13-08-2013,11,18:00,00:00,interruption,wait,ok,NPT - Other,Unspecified Wait,low,"Waited on cement.

Meanwhile;

Performed planned maintenence on TDS and travelling block.

Restarted V-ICIS.

Replaced wash pipe.

Measured TDS / dolly alignment using laser equipment.

Replaced solenoid valve on aft PRS",Productive/ Casing/Cementing,
15_9_F_1_2013-08-14,15_9_F_1,14-08-2013,1,00:00,01:45,interruption,wait,ok,NPT - Other,Unspecified Wait,low,"Waited on cement.

Meanwhile;
Pressure tested manifolds to 20 / 345 bar - 5 / 10 minutes.
Performed planned maintenence on TDS and travelling block.
Installed BHA Wash Tool.",Productive/ Casing/Cementing,
15_9_F_10_2009-05-07,15_9_F_10,07-05-2009,14,20:45,21:00,interruption,wait,ok,NPT - Other,Unspecified Wait,low,Shut down rig power for generator maintenance.,NPT - Surface Equipment/Repair/Maintenance,
15_9_F_10_2009-05-15,15_9_F_10,15-05-2009,2,00:15,01:45,interruption,wait,ok,NPT - Other,Unspecified Wait,low,Monitored well on trip tank while repairing ESD system on rig. Initial losses 100 l/hr.,NPT - Surface Equipment/Repair/Maintenance,
15_9_F_10_2009-06-13,15_9_F_10,13-06-2009,23,17:45,23:15,plug abandon,wait,ok,NPT - Other,Unspecified Wait,low,Waited on cement to set up. meanwhile troubleshot malfunction on HTS conveyor belt.,Productive/plug & Abandon,
15_9_F_10_2009-06-14,15_9_F_10,14-06-2009,7,05:30,06:00,plug abandon,wait,ok,NPT - Other,Unspecified Wait,low,Waited on cement to set up. Meanwhile performed rig maintenance.,Productive/plug & Abandon,
15_9_F_11_2013-03-15,15_9_F_11,15-03-2013,2,02:00,02:30,interruption,wait,ok,NPT - Other,Unspecified Wait,low,"ROV verified 30"" conductor setting depth with Digiquartz hydrostatic depth measure and inclinometer roll / pitch readings. Final depth of top of 30"" conductor housing= 140.1 mRKB. 
Note: F-12 top of 30"" conductor housing 140.2 mRKB.

Digiquartz readings:               Inclinometer:
F-12(m)     F-11(m)                 roll / pitch
87.717       87.624                  0.00/0.07
87.700       87.599                  0.02/0.06   
87 697       87.604                  0.04/0.08",Productive/ Casing/Cementing,
15_9_F_11_2013-03-15,15_9_F_11,15-03-2013,3,02:30,06:00,interruption,wait,ok,NPT - Other,Unspecified Wait,low,"Waiting on cement.

Meanwhile: Visibility at template improved and ROV observed that cement was at seabed at 04:10 hrs. ROV checked 30"" conductor setting depth. 

Digiquartz readings:               Inclinometer:
F-12(m)     F-11(m)                 roll / pitch
87.117       87.055                  0.01/0.07
87.175       87.033                  0.01/0.07   
87 179       87.035                  0.00/0.06",Productive/ Casing/Cementing,
15_9_F_11_2013-03-15,15_9_F_11,15-03-2013,4,06:00,15:30,interruption,wait,ok,NPT - Other,Unspecified Wait,low,"WOC, Meanwhile prepared to release 30"" conductor running tool from 30"" conductor and POOH running string.",Productive/ Casing/Cementing,
15_9_F_11_A_2013-05-23,15_9_F_11_A,23-05-2013,1,00:00,03:00,interruption,wait,ok,NPT - Other,Unspecified Wait,low,"Waited prior to take new pressure points.

Meanwhile:
Circulated bottoms up with 1000 liter/min, 36 bar.
Cleaned and tidied on drillfloor.
Prepared maintenance work on drilling equipment.",NPT - Other / Unspecified Wait,
15_9_F_11_A_2013-05-23,15_9_F_11_A,23-05-2013,2,03:00,04:00,interruption,wait,ok,NPT - Other,Unspecified Wait,low,"Waited prior to take new pressure points.

Meanwhile:
Flow checked well, ok.
Cleaned and tidied on drillfloor.
Prepared maintenance work on drilling equipment.",NPT - Other / Unspecified Wait,
15_9_F_11_A_2013-05-23,15_9_F_11_A,23-05-2013,3,04:00,00:00,interruption,wait,ok,NPT - Other,Unspecified Wait,low,"Waited prior to take new pressure points.

Monitored well on trip tank.

Meanwhile:
Cleaned and tidied on drillfloor and in all drilling areas.
Performed maintenance work on drawworks.
Replaced Bypass Actuator Valve for downlink system.
Worked with 5 yearly maintenance on stand pipe valve S6.
Performed toubleshooting and maintenance jobs on TDS.
Worked with installation of BHA Wash Tool control system.
Circulated well every 6th hour with 1100 liter/min, 43-46 bar.",NPT - Other / Unspecified Wait,
15_9_F_11_A_2013-05-24,15_9_F_11_A,24-05-2013,1,00:00,12:00,interruption,wait,ok,NPT - Other,Unspecified Wait,low,"Waited prior to take new pressure points.

Monitored well on trip tank.

Meanwhile:
Cleaned and tidied on drillfloor and in all drilling areas.
Worked with 5 yearly maintenance on stand pipe valve S6 and S9. Completed valve S6.
Performed toubleshooting and maintenance jobs on TDS, VFD faults.
Worked with installation of BHA Wash Tool control system.
Circulated well every 6th hour with 1100 liter/min, 43-46 bar.",NPT - Other / Unspecified Wait,
15_9_F_11_A_2013-05-24,15_9_F_11_A,24-05-2013,2,12:00,15:30,interruption,wait,ok,NPT - Other,Unspecified Wait,low,"RIH with 8 1/2"" BHA from 2494 m MD to 3746 m MD.
Filled pipe at 3020 meter.",Productive/Tripping,
15_9_F_11_A_2013-05-24,15_9_F_11_A,24-05-2013,3,15:30,16:30,interruption,wait,ok,NPT - Other,Unspecified Wait,low,"Washed down from 3746 m MD to 3762 m MD with 2220 liter/min, 194 bar, 20 rpm, 13-17 kNm.
Tagged bottom at 3762 m MD.",Productive/Tripping,
15_9_F_11_A_2013-05-24,15_9_F_11_A,24-05-2013,4,16:30,18:00,interruption,wait,ok,NPT - Other,Unspecified Wait,low,"Circulated and conditioned mud with 2300 liter/min, 2160 bar, 100 rpm 16-20 kNm, max gas 0,43%.
Performed sticky test with string static for 20 minutes, no overpull observed.

Meanwhile:
Held pre-job meeting prior to take pressure points.",Productive/ Circulating,
15_9_F_11_A_2013-05-24,15_9_F_11_A,24-05-2013,5,18:00,20:30,interruption,wait,ok,NPT - Other,Unspecified Wait,low,"Recorded pressure points in interval between 3681 m MD and 3602 m MD
Total pressure points recorded, 5.",Productive/Formation Evaluation,
15_9_F_11_A_2013-05-24,15_9_F_11_A,24-05-2013,6,20:30,00:00,interruption,wait,ok,NPT - Other,Unspecified Wait,low,"Pumped OOH with 8 1/2"" BHA on 5 1/2"" DP from 3602 m MD to 2896 m MD at 1000 liter/min, 48-50 bar.",Productive/Tripping,
15_9_F_11_A_2013-05-25,15_9_F_11_A,25-05-2013,1,00:00,01:30,interruption,wait,ok,NPT - Other,Unspecified Wait,low,"Pumped OOH with 8 1/2"" BHA on 5 1/2"" DP from 2896 m MD to 2563 m MD at 1000 liter/min, 48-50 bar.",Productive/Tripping,
15_9_F_11_A_2013-05-26,15_9_F_11_A,26-05-2013,5,07:00,07:30,interruption,wait,ok,NPT - Other,Unspecified Wait,low,"Waited on cement.

Meanwhile:
POOH wet with 3 1/2"" stinger from 3325 m MD to 3080 m MD.",Productive/ Casing/Cementing,
15_9_F_11_A_2013-05-26,15_9_F_11_A,26-05-2013,6,07:30,09:00,interruption,wait,ok,NPT - Other,Unspecified Wait,low,"Waited on cement.

Meanwhile:
Circulated out remaining spacer with 2450 liter/min, 217 bar, 50 rpm, 11 kNm, reciprocated string from 3080 m MD to 3040 m MD. Observed spacer in returns.",Productive/ Casing/Cementing,
15_9_F_11_A_2013-05-26,15_9_F_11_A,26-05-2013,7,09:00,10:30,interruption,wait,ok,NPT - Other,Unspecified Wait,low,"Waited on cement.

Meanwhile:
POOH wet with 3 1/2"" stinger from 3040 m MD to 2370 m MD.
Cleaned and cleared drillfloor.",Productive/ Casing/Cementing,
15_9_F_11_A_2013-05-26,15_9_F_11_A,26-05-2013,8,10:30,11:30,interruption,wait,ok,NPT - Other,Unspecified Wait,low,"Waited on cement.

Meanwhile:
Cleaned and cleared drillfloor.
Removed PS-21 power slips and installed master bushings.
Picked up and made up BOP test tool.",Productive/ Casing/Cementing,
15_9_F_11_A_2013-05-26,15_9_F_11_A,26-05-2013,9,11:30,12:30,interruption,wait,ok,NPT - Other,Unspecified Wait,low,"Waited on cement.

Meanwhile:
RIH with BOP test tool from surface to 139,2 meter.
Landed BOP test tool in wellhead.",Productive/ Casing/Cementing,
15_9_F_11_A_2013-05-26,15_9_F_11_A,26-05-2013,10,12:30,19:00,interruption,wait,ok,NPT - Other,Unspecified Wait,low,"Waited on cement.

Meanwhile:
Tested BOP pipe rams and annular preventers to 20 bar / 5 min and 345 bar / 10 min.
Tested kelly hose, upper / lower IBOP's, kill and choke lines to 20 bar / 5 min and 345 bar / 10 min.",Productive/ Casing/Cementing,
15_9_F_11_A_2013-05-26,15_9_F_11_A,26-05-2013,11,19:00,20:30,interruption,wait,ok,NPT - Other,Unspecified Wait,low,"Waited on cement.

Meanwhile:
POOH with BOP test tool from 139,2 m MD to surface and laid down same.",Productive/ Casing/Cementing,
15_9_F_11_A_2013-05-26,15_9_F_11_A,26-05-2013,12,20:30,21:30,interruption,wait,ok,NPT - Other,Unspecified Wait,low,"Waited on cement.

Meanwhile:
RIH with 3 1/2"" stinger from 2370 m MD to 3280 m MD.
Average tripping speed 910 meter/hour.",Productive/ Casing/Cementing,
15_9_F_11_A_2013-05-26,15_9_F_11_A,26-05-2013,13,21:30,00:00,interruption,wait,ok,NPT - Other,Unspecified Wait,low,"Waited on cement.

Meanwhile:
Circulated and reduced MW from 1,32 sg to 1,28 sg with 2500-2941 liter/min, 225-282 bar, 61 rpm, 7-10 kNm, reciprocated pipe from 3280 m MD to 3242 m MD.",Productive/ Casing/Cementing,
15_9_F_11_B_2013-06-04,15_9_F_11_B,04-06-2013,6,08:00,10:30,interruption,wait,ok,NPT - Other,Unspecified Wait,low,"L/D cement head and checked for back flow. Observed flow from string 
Closed FOSV and installed circulation swedge. Lined up surface lines to cement unit and applied 32 bar monitoring for pressure build-up. Recorded 35 bar pressure build-up to 67 bar. Pressured up to 69 bar and held back pressure.",Productive/ Casing/Cementing,
15_9_F_11_B_2013-06-04,15_9_F_11_B,04-06-2013,7,10:30,18:00,interruption,wait,ok,NPT - Other,Unspecified Wait,low,Performed general rig floor maintenance and serviced drilling equipment.,Productive/ Casing/Cementing,
15_9_F_11_B_2013-06-04,15_9_F_11_B,04-06-2013,8,18:00,18:30,interruption,wait,ok,NPT - Other,Unspecified Wait,low,Bled off pressure and monitored for pressure build-up. No pressure build-up observed.,Productive/Monitoring,
15_9_F_11_B_2013-06-04,15_9_F_11_B,04-06-2013,9,18:30,00:00,interruption,wait,ok,NPT - Other,Unspecified Wait,low,Performed general rig floor maintenance and serviced drilling equipment.,Productive/ Casing/Cementing,
15_9_F_11_B_2013-06-05,15_9_F_11_B,05-06-2013,1,00:00,03:00,interruption,wait,ok,NPT - Other,Unspecified Wait,low,Performed general rig floor maintenance and serviced drilling equipment.,Productive/ Casing/Cementing,
15_9_F_11_B_2013-06-05,15_9_F_11_B,05-06-2013,2,03:00,05:45,interruption,wait,ok,NPT - Other,Unspecified Wait,low,"Rigged up, slipped and cut 44 m drill line. Cleaned and cleared rig floor.",NPT - Surface Equipment/Repair/Maintenance,
15_9_F_11_B_2015-10-27,15_9_F_11_B,27-10-2015,6,07:00,11:00,interruption,wait,ok,NPT - Other,Unspecified Wait,low,"Waited on production to complete shutting inn and inflow test well.
Meanwhile performed toolbox talk for changing hatch and rigging up. Altus and Schlumberger tested toolstring.",NPT-Other/HSE/Permits,
15_9_F_11_B_2015-11-03,15_9_F_11_B,03-11-2015,14,18:45,19:30,interruption,wait,ok,NPT - Other,Unspecified Wait,low,Had to wait due to skidding from F-11B to F-5.,Rig Move / Mobilization,
15_9_F_11_B_2016-04-17,15_9_F_11_B,17-04-2016,7,06:00,09:00,interruption,wait,ok,NPT - Other,Unspecified Wait,low,Waited while production department tested well barriers prior to handover.,NPT-Other/HSE/Permits,
15_9_F_11_B_2016-04-21,15_9_F_11_B,21-04-2016,4,12:15,16:30,interruption,wait,ok,NPT - Other,Unspecified Wait,low,"Waited while production department prepared well for handover.

Meanwhile, cleaned and tidy rig floor and pipe deck.",NPT-Other/HSE/Permits,
15_9_F_11_B_2016-09-19,15_9_F_11_B,19-09-2016,4,07:00,12:00,interruption,wait,ok,NPT - Other,Unspecified Wait,low,"Removed production flow line from F11B. Meanwhile L/D HPDR to cantilever, R/D diverter chains and installed elevators, spotted WL equipment on rig floor, prepared for R/U manifolds and hoses to XT",Productive/BOP/Wellhead,
15_9_F_11_B_2016-09-28,15_9_F_11_B,28-09-2016,6,05:00,07:00,interruption,wait,ok,NPT - Other,Unspecified Wait,low,WOC (from 01:20). Meanwhile isolated both PRSs and carried out 3 monthly PMS,Productive/ Casing/Cementing,
15_9_F_11_B_2016-09-28,15_9_F_11_B,28-09-2016,7,07:00,10:00,interruption,wait,ok,NPT - Other,Unspecified Wait,low,"WOC. Meanwhile started with maintenance on forward and aft PRS. Meanwhile continued w/ pumping drilling slop batch#5 on F-4. Total preflush pumped of 70m3 (before batch#5), started pumping drilling slop, Batch#5, 1000l/min - 145bar",Productive/ Casing/Cementing,
15_9_F_11_B_2016-09-28,15_9_F_11_B,28-09-2016,8,10:00,12:30,interruption,wait,ok,NPT - Other,Unspecified Wait,low,WOC. Meanwhile continued to perform maintenance on forward and aft PRS,Productive/ Casing/Cementing,
15_9_F_11_B_2016-09-28,15_9_F_11_B,28-09-2016,9,12:30,15:00,interruption,wait,ok,NPT - Other,Unspecified Wait,low,WOC. Work aloft suspended due to wind speed above 50 knots. Gusting upto 60 knots. Performed high wind checks. Meanwhile performed rig PMs and maintenance,Productive/ Casing/Cementing,
15_9_F_11_B_2016-09-28,15_9_F_11_B,28-09-2016,10,15:00,16:30,interruption,wait,ok,NPT - Other,Unspecified Wait,low,"WOC. Wind speed 52-59 knots. Continued rig floor maintenance and PMs. Prepared to clean mud pits. Hooked up line from F-09 to rig choke manifold to bleed off gas. Meanwhile finished w/ pumping postflush after batch#5 of drilling slop on F-4. Total drilling slop pumped for batch#5 of 170m3, postflush pumped of 140m3 (after batch#5), 1000l/min - 145bar",Productive/ Casing/Cementing,
15_9_F_11_B_2016-09-28,15_9_F_11_B,28-09-2016,11,16:30,17:30,interruption,wait,ok,NPT - Other,Unspecified Wait,low,"WOC. Wind speed now below 48 knots, continued to work on aft PRS. Continued to hook up line from F-09 to rig choke manifold. Started cleaning in mud pit No. 5",Productive/ Casing/Cementing,
15_9_F_11_B_2016-09-28,15_9_F_11_B,28-09-2016,12,17:30,19:00,interruption,wait,ok,NPT - Other,Unspecified Wait,low,WOC. Performed maintenance on TDS. Continued to hook up line from F-09 to rig choke manifold. Continued cleaning in mud pit No. 5,Productive/ Casing/Cementing,
15_9_F_11_B_2016-09-28,15_9_F_11_B,28-09-2016,13,19:00,19:15,interruption,wait,ok,NPT - Other,Unspecified Wait,low,Deisolated TDS,Productive/ Casing/Cementing,
15_9_F_11_T2_2013-04-07,15_9_F_11_T2,07-04-2013,6,12:00,17:30,interruption,wait,ok,NPT - Other,Unspecified Wait,low,"Not able to make up flange between riser joints due to studs too long.
Technical Team fabricated spacer washer for shimming hydraulic jacks.

Meanwhile:
Rigged up wires for guide line system in moonpool.
Prepared next riser joints on cantilever deck.",NPT - Surface Equipment/Repair/Maintenance,
15_9_F_11_T2_2013-04-08,15_9_F_11_T2,08-04-2013,6,12:00,18:00,interruption,wait,ok,NPT - Other,Unspecified Wait,low,"Broke out connection between riser joints #6 and #3 and inspected same.
Found o-ring missing.
Installed o-ring in outer groove.
Made up connection between riser joints #6 and #3 and re-tested same to 35 bar, test ok.",NPT - Surface Equipment/Repair/Maintenance,
15_9_F_11_T2_2013-04-08,15_9_F_11_T2,08-04-2013,9,22:00,00:00,interruption,wait,ok,NPT - Other,Unspecified Wait,low,"Broke out connection between riser joints #6 and #7 and inspected same.
Replaced o-ring.",NPT - Surface Equipment/Repair/Maintenance,
15_9_F_11_T2_2013-04-09,15_9_F_11_T2,09-04-2013,1,00:00,00:30,interruption,wait,ok,NPT - Other,Unspecified Wait,low,"Made up connection between riser joints #6 and #7 and re-tested same to 35 bar, test ok.",NPT - Surface Equipment/Repair/Maintenance,
15_9_F_11_T2_2013-05-12,15_9_F_11_T2,12-05-2013,3,02:45,06:15,interruption,wait,ok,NPT - Other,Unspecified Wait,low,"Pulled out of hole with 3 1/2"" cement stinger on 5 1/2"" drill pipe from 4023m MD to 2571m MD.",Productive/ Casing/Cementing,
15_9_F_11_T2_2013-05-12,15_9_F_11_T2,12-05-2013,4,06:15,08:30,interruption,wait,ok,NPT - Other,Unspecified Wait,low,"Waited on cement.

Meanwhile: Pulled out of hole with 3 1/2"" cement stinger on 5 1/2"" drill pipe from 2571m MD to 2310m MD.",Productive/ Casing/Cementing,
15_9_F_11_T2_2013-05-12,15_9_F_11_T2,12-05-2013,5,08:30,09:00,interruption,wait,ok,NPT - Other,Unspecified Wait,low,"Waited on cement.

Meanwhile: Cleaned and cleared rig floor prior to BOP test.",Productive/ Casing/Cementing,
15_9_F_11_T2_2013-05-12,15_9_F_11_T2,12-05-2013,6,09:00,21:15,interruption,wait,ok,NPT - Other,Unspecified Wait,low,"Waited on cement.

Meanwhlie: Performed prejob meeting prior to pick up and make up BOP test tool. Removed PS21 slips and installed master bushings. Picked up and made up BOP test tool, removed protective tape and inspected seals. Ran in hole with BOP test tool on 5 1/2"" drill pipe to wellhead at 138m MD. Displaced riser and surface lines to sea water.

Pressure tested BOP to 345 bar.  Pressure tested standpipe manifold to 345 bar.

Displaced BOP to surface to 1.32 sg OBM. Pulled out of hole with BOP test tool on 5 1/2"" drill pipe from 138 m MD. Broke out and laid down same.

Troubleshooting on top drive encoder. Function tested same. Function tested 3 1/2"" auto slips. Performed general maintanence and housekeeping.",Productive/ Casing/Cementing,
15_9_F_11_T2_2013-05-13,15_9_F_11_T2,13-05-2013,15,23:45,00:00,interruption,wait,ok,NPT - Other,Unspecified Wait,low,"Installed two sponge balls and circulated out spacer and excess cement at 2569m MD with 2500 lpm, 162 bar and 60 rpm.",Productive/ Circulating,
15_9_F_12_2007-06-23,15_9_F_12,23-06-2007,11,17:30,00:00,drilling,wait,ok,NPT - Other,Unspecified Wait,low,"Raw water pumpe failed and left rig with only 1 out of 3 pumpes available. Due to the criticality of the pump delivering firewater, cooling water etc the drilling operation is postphoned until the pump is replaced. 

-Meanwhile held tool box meeting to install diverter elements. Removed master bushing and  replaced torn 22"" outer diverter elements by new 18"" elements.
-Meanwhile held tool box meeting prior to POOH. POOH with 8 1/2"" BHA from 212 m to 32 m.
-Meanwhile cleared rig floor before handling radioactive sources. Removed batteries.
- Meanwhile continued POOH to 17 m.",NPT - Surface Equipment/Repair/Maintenance,
15_9_F_12_2007-06-24,15_9_F_12,24-06-2007,4,12:00,00:00,drilling,wait,ok,NPT - Other,Unspecified Wait,low,"Waiting on trouble-shooting of raw water pump failure.

-Meanwhile removed master busing, installed 18"" and 10"" diverter inserts and re-installed master bushing.
-Meanwhile worked with mechanic on TDS.
-Meanwhile observed leak rate of 250 l/hour. Found leaking valve on flowline valve. Actuator misaligned and unable to fully close flowline 
-Meanwhile dumped pit 6 (active) and filled with fresh seawater. Dressed all 6 shakers with 20/80 mesh screens.",NPT - Surface Equipment/Repair/Maintenance,
15_9_F_12_2007-06-25,15_9_F_12,25-06-2007,1,00:00,06:00,drilling,wait,ok,NPT - Other,Unspecified Wait,low,Waiting on trouble-shooting of raw water pump failure. Meanwhile worked on flowline valve and actuator and stopped observed leakage.,NPT - Surface Equipment/Repair/Maintenance,
15_9_F_12_2007-06-25,15_9_F_12,25-06-2007,2,06:00,19:00,drilling,wait,ok,NPT - Other,Unspecified Wait,low,"Waiting of raw water pump repair. 

-Meanwhile performed rig maintenance, performed dropped object survey punch items and prepared equipment for 26"" section.
- Meanwhile monitored well on trip tank. Loss rate of approx. 100 l/hour recorded.
- Meanwhile performed man ride service on TDS  and 2 PRS and changed out valve on diverter system.
-Meanwhile had derrick inspection.",NPT - Surface Equipment/Repair/Maintenance,
15_9_F_12_2007-06-25,15_9_F_12,25-06-2007,3,19:00,00:00,drilling,wait,ok,NPT - Other,Unspecified Wait,low,"Waiting of raw water pump repair. Meanwhile PU and RIH with 8 1/2"" pilot hole BHA to 246 m. Schlumberger fitted fresh batteries and loaded RA source.",NPT - Surface Equipment/Repair/Maintenance,
15_9_F_12_2007-06-26,15_9_F_12,26-06-2007,1,00:00,00:15,drilling,wait,ok,NPT - Other,Unspecified Wait,low,"Waiting of raw water pump repair. Meanwhile PU and RIH with 8 1/2"" pilot hole BHA from 246 to 251 m.",NPT - Surface Equipment/Repair/Maintenance,
15_9_F_12_2007-07-05,15_9_F_12,05-07-2007,6,09:00,23:00,drilling,wait,ok,NPT - Other,Unspecified Wait,low,POOH with cement stinger to shoe at 251 m due to upcoming other activity on rig: Waited on Siemens software downloading for process module due to by-passed ESD systems.,NPT-Other/HSE/Permits,
15_9_F_12_2007-07-05,15_9_F_12,05-07-2007,7,23:00,00:00,drilling,wait,ok,NPT - Other,Unspecified Wait,low,"MU and RIH with 3 1/2"" cement stinger. Had a few tight spots, observed with ROV.",Productive/ Casing/Cementing,
15_9_F_12_2007-07-06,15_9_F_12,06-07-2007,1,00:00,01:30,drilling,wait,ok,NPT - Other,Unspecified Wait,low,"Crossed over to 5 1/2"" DP and continued MU and RIH with cement stinger. Installed side-entry sub with Lo-torque valve.",Productive/ Casing/Cementing,
15_9_F_12_2007-07-06,15_9_F_12,06-07-2007,2,01:30,02:00,drilling,wait,ok,NPT - Other,Unspecified Wait,low,Pumped btms up to clean well. Meanwhile held pre-job meeting with crew before cement job.,Productive/ Casing/Cementing,
15_9_F_12_2007-07-06,15_9_F_12,06-07-2007,13,17:30,20:30,drilling,wait,ok,NPT - Other,Unspecified Wait,low,Terminated operation due to Siemens uploading of Software,NPT-Other/HSE/Permits,
15_9_F_12_2007-07-07,15_9_F_12,07-07-2007,4,10:00,13:45,drilling,wait,ok,NPT - Other,Unspecified Wait,low,Pulled out of hole to 225m. Stand-by due to prioity of Siemens to upgrads software. Meanwhile perform check of TDS for loose items.,NPT-Other/HSE/Permits,
15_9_F_12_2007-09-13,15_9_F_12,13-09-2007,3,03:00,04:00,drilling,wait,ok,NPT - Other,Unspecified Wait,low,Not allowed access in wellhead module due to ongoing pressure testing on gas lift system. Discussed situation and adjusted barriers accordingly. Meanwhile mounted cherry picker on drillfloor.,NPT-Other/HSE/Permits,
15_9_F_12_2014-11-25,15_9_F_12,25-11-2014,8,13:30,19:30,interruption,wait,ok,NPT - Other,Unspecified Wait,low,"Waited on production to obtain good test on XMT valves. Not able to obtain good test. Had to grease HMV and MMV.
Meanwhile preapred cablehead and tested Halliburton toolstring.",NPT-Other/HSE/Permits,
15_9_F_12_2014-11-25,15_9_F_12,25-11-2014,11,20:30,22:15,interruption,wait,ok,NPT - Other,Unspecified Wait,low,"Had to wait for WP to be approved for rigging of WL equipment.
Meanwhile prepared manifold and chicksan on wellhead.",NPT-Other/HSE/Permits,
15_9_F_12_2014-11-26,15_9_F_12,26-11-2014,2,01:30,02:00,interruption,wait,ok,NPT - Other,Unspecified Wait,low,"Checked valves and inlets into XMT cross for possible leaks, together with production operator. Found that valve for MEG pump was leaking into XMT cross. Closed another valve on the MEG inlet line. Bled off pressure.",NPT - Surface Equipment/Repair/Maintenance,
15_9_F_12_2014-11-27,15_9_F_12,27-11-2014,9,10:45,11:30,interruption,wait,ok,NPT - Other,Unspecified Wait,low,"Closed SV. Had to wait on production department for bleeding of, due to problems with a gas compressor.",NPT-Other/HSE/Permits,
15_9_F_12_2016-08-27,15_9_F_12,27-08-2016,33,20:00,00:00,interruption,wait,ok,NPT - Other,Unspecified Wait,low,"WOC
Meanwhile: Maintenance
- Replaced alignment cylinders on TDS
- Performed PM inspection on drawworks
- Performed PM check on FWD PRS",Productive/plug & Abandon,
15_9_F_12_2016-08-28,15_9_F_12,28-08-2016,1,00:00,07:00,interruption,wait,ok,NPT - Other,Unspecified Wait,low,"WOC
Meanwhile: Performed maintenance
- Inspected flowline cover
- Performed maintenance and housekeeping in pump room and shakers
- Flushed chiksan hoses on WH
- Continued PMs on TDS
- Prepared and started to check out points on skidding checklist
- Prepared tools to N/D BOP",Productive/plug & Abandon,
15_9_F_12_2016-08-28,15_9_F_12,28-08-2016,2,07:00,08:00,interruption,wait,ok,NPT - Other,Unspecified Wait,low,"WOC
De-isolated drawworks, TDS and both PRSs.
Meanwhile: Prepared equipment and tools required to N/D BOP. DFO prepared pits for injection.",Productive/plug & Abandon,
15_9_F_12_2016-08-28,15_9_F_12,28-08-2016,3,08:00,13:15,interruption,wait,ok,NPT - Other,Unspecified Wait,low,"WOC
Carried out maintenance on TDS. Changed out alignment cylinder and aligned TDS to well center.
Visually checked both PRSs for damages on hydraulic hoses and performed general inspection.
Meanwhile: Continued with skidding checklist and prepared equipment required for next well.",Productive/plug & Abandon,
15_9_F_12_2016-08-28,15_9_F_12,28-08-2016,4,13:15,13:30,interruption,wait,ok,NPT - Other,Unspecified Wait,low,P/U and M/U EZSV RT.,Productive/plug & Abandon,
15_9_F_12_2016-08-28,15_9_F_12,28-08-2016,5,13:30,14:00,interruption,wait,ok,NPT - Other,Unspecified Wait,low,"RIH w/ EZSV RT on 5 1/2""  DP from surface to 42 m.",Productive/plug & Abandon,
15_9_F_14_2008-06-03,15_9_F_14,03-06-2008,11,20:15,20:30,interruption,wait,ok,NPT - Other,Unspecified Wait,low,"Waited on production to confirme valve status.

Meanwhile installed hatch on F-15.",NPT-Other/HSE/Permits,
15_9_F_14_2008-06-03,15_9_F_14,03-06-2008,13,21:30,21:45,interruption,wait,ok,NPT - Other,Unspecified Wait,low,Waited for production to verify that DHSV was open and bled off pressure to choke manifold.,NPT-Other/HSE/Permits,
15_9_F_14_2012-01-29,15_9_F_14,29-01-2012,7,07:30,08:00,interruption,wait,ok,NPT - Other,Unspecified Wait,low,Held platform muster drill. Everybody attended.,NPT-Other/HSE/Permits,
15_9_F_14_2012-01-29,15_9_F_14,29-01-2012,10,19:00,19:30,interruption,wait,ok,NPT - Other,Unspecified Wait,low,Held platform muster drill. Everybody attended.,NPT-Other/HSE/Permits,
15_9_F_14_2012-01-30,15_9_F_14,30-01-2012,3,03:35,06:00,interruption,wait,ok,NPT - Other,Unspecified Wait,low,"Closed in well to prepare for handover.
Meanwhile: Tided area and completed check lists.",Productive/BOP/Wellhead,
15_9_F_14_2012-01-30,15_9_F_14,30-01-2012,4,06:00,10:15,interruption,wait,ok,NPT - Other,Unspecified Wait,low,Waited for Production Department to prepare well for handover.,NPT-Other/HSE/Permits,
15_9_F_14_2016-08-01,15_9_F_14,01-08-2016,1,00:00,03:30,interruption,wait,ok,NPT - Other,Unspecified Wait,low,"WOC.
Closed SV and bled off pressure on cement unit and surface lines.
Monitored pressure in XT cross from prod. control room.
Meanwhile: Flushed lines from cement unit. Performed maintenance on BOP. Prepared to change out wires on FWD PRS.

Bled off pressure in XT cross from 100 bar to 55 bar at 02:00.",Productive/plug & Abandon,
15_9_F_14_2016-08-01,15_9_F_14,01-08-2016,2,03:30,07:00,interruption,wait,ok,NPT - Other,Unspecified Wait,low,"WOC
Continued performing maintenance on BOP and FWD PRS.

Bled off pressure in XT cross from 100 bar to 56 bar at 03:45
Bled off pressure in XT cross from 100 bar to 54 bar at 06:10",Productive/plug & Abandon,
15_9_F_14_2016-08-01,15_9_F_14,01-08-2016,3,07:00,12:00,interruption,wait,ok,NPT - Other,Unspecified Wait,low,"WOC
Continued maintenance on BOP and FWD PRS.
Tested kill manifold to 20/310bar for 5/10min.

Bled off pressure in XT cross from 97 bar to 55 bar at 10:40.",Productive/plug & Abandon,
15_9_F_14_2016-09-14,15_9_F_14,14-09-2016,8,04:00,07:00,interruption,wait,ok,NPT - Other,Unspecified Wait,low,"WOC
Meanwhile: Serviced drilling equipment.",Productive/plug & Abandon,
15_9_F_14_2016-09-14,15_9_F_14,14-09-2016,9,07:00,10:30,interruption,wait,ok,NPT - Other,Unspecified Wait,low,"WOC
Meanwhile:
- Serviced drilling equipment and prepared fishing tools
- Removed masterbushing and inspected diverter and BOP for lost centralizer piece. No findings.
- Performed periodic maintenace on drilling equipment",Productive/plug & Abandon,
15_9_F_14_2016-09-14,15_9_F_14,14-09-2016,10,10:30,10:45,interruption,wait,ok,NPT - Other,Unspecified Wait,low,"WOC
Meanwhile:
Performed TBT for building magnet BHA and retrieving centralizer piece.",Productive/plug & Abandon,
15_9_F_14_2016-09-14,15_9_F_14,14-09-2016,11,10:45,12:15,interruption,wait,ok,NPT - Other,Unspecified Wait,low,"WOC
Meanwhile:
P/U casing hanger mill assy. B/O string magnet, L/D milling assy.
Installed bitsub and flat bottom magnet in fox hole.
M/U magnet BHA in rotary.",Productive/plug & Abandon,
15_9_F_14_2016-09-14,15_9_F_14,14-09-2016,12,12:15,12:30,interruption,wait,ok,NPT - Other,Unspecified Wait,low,"WOC
Meanwhile:
Removed master bushing. Installed PS-12 slips",Productive/plug & Abandon,
15_9_F_14_2016-09-14,15_9_F_14,14-09-2016,13,12:30,14:15,interruption,wait,ok,NPT - Other,Unspecified Wait,low,"WOC
Meanwhile:
RIH w/ magnet BHA on 5 1/2"" DP from 7 m to 879m. Restricted running speed 2 min/std.",Productive/plug & Abandon,
15_9_F_14_2016-09-14,15_9_F_14,14-09-2016,14,14:15,14:30,interruption,wait,ok,NPT - Other,Unspecified Wait,low,"WOC
Meanwhile:
Recorded up/down weight 95/89 ton.
Continued RIH, took 12 ton weight 2,5 m shallower than EZSV plug at 889m
Observed WOB decreased, possibly soft cement on top of EZSV plug.",Productive/plug & Abandon,
15_9_F_14_2016-09-14,15_9_F_14,14-09-2016,15,14:30,15:45,interruption,wait,ok,NPT - Other,Unspecified Wait,low,"WOC
Meanwhile:
POOH w/ magnet BHA on 5 1/2"" DP from 889 m to 47 m. Restricted pulling speed 2 min/std.",Productive/plug & Abandon,
15_9_F_14_2016-09-14,15_9_F_14,14-09-2016,16,15:45,16:00,interruption,wait,ok,NPT - Other,Unspecified Wait,low,"WOC
Meanwhile:
Removed PS-21 slips. Installed master bushing.",Productive/plug & Abandon,
15_9_F_14_2016-09-14,15_9_F_14,14-09-2016,17,16:00,16:15,interruption,wait,ok,NPT - Other,Unspecified Wait,low,"WOC
Meanwhile:
POOH w/ magnet BHA on 5 1/2"" DP from 47 m to 7 m.",Productive/plug & Abandon,
15_9_F_14_2016-09-14,15_9_F_14,14-09-2016,18,16:15,16:30,interruption,wait,ok,NPT - Other,Unspecified Wait,low,"WOC
Meanwhile:
Insptected magnets, no centralizer piece found. Found cement residues on bottom magnet.",Productive/plug & Abandon,
15_9_F_14_2016-09-14,15_9_F_14,14-09-2016,19,16:30,16:45,interruption,wait,ok,NPT - Other,Unspecified Wait,low,"WOC
Meanwhile:
B/O bitsub and flat bottom magnet. L/D BHA.",Productive/plug & Abandon,
15_9_F_14_2016-09-14,15_9_F_14,14-09-2016,20,16:45,17:15,interruption,wait,ok,NPT - Other,Unspecified Wait,low,"WOC
Meanwhile:
R/U equipment for handling guns.",Productive/plug & Abandon,
15_9_F_14_2016-09-14,15_9_F_14,14-09-2016,21,17:15,17:30,interruption,wait,ok,NPT - Other,Unspecified Wait,low,"WOC
Meanwhile:
Performed TBT for handling explosives",Productive/plug & Abandon,
15_9_F_14_2016-09-14,15_9_F_14,14-09-2016,22,17:30,18:30,interruption,wait,ok,NPT - Other,Unspecified Wait,low,"WOC
Meanwhile:
P/U and M/U 14"" perforation guns.",Productive/plug & Abandon,
15_9_F_14_2016-09-14,15_9_F_14,14-09-2016,23,18:30,19:00,interruption,wait,ok,NPT - Other,Unspecified Wait,low,"WOC
Meanwhile:
RIH w/ 14"" guns on 5 1/2"" DP to 108m",Productive/plug & Abandon,
15_9_F_14_2016-09-14,15_9_F_14,14-09-2016,24,19:00,19:15,interruption,wait,ok,NPT - Other,Unspecified Wait,low,"WOC
Meanwhile:
Performed TBT with ongoing crew",Productive/plug & Abandon,
15_9_F_14_2016-09-14,15_9_F_14,14-09-2016,25,19:15,19:30,interruption,wait,ok,NPT - Other,Unspecified Wait,low,"WOC
Meanwhile:
Continued RIH w/ 14"" guns on 5 1/2"" DP from 108 m to 147,5 m.
Recorded up/down weight 71/67 ton.
P/U XO and M/U TDS",Productive/plug & Abandon,
15_9_F_14_2016-09-14,15_9_F_14,14-09-2016,26,19:30,20:00,interruption,wait,ok,NPT - Other,Unspecified Wait,low,"WOC
Meanwhile:
Filled well from trip tank. No losses observed.
Closed UPR
Confirmed line-up and filled pipe.",Productive/plug & Abandon,
15_9_F_14_2016-09-14,15_9_F_14,14-09-2016,27,20:00,20:45,interruption,wait,ok,NPT - Other,Unspecified Wait,low,"WOC
Meanwhile:
Opened UPR and B/O TDS.
Dropped ball.
M/U TDS and closed UPR.
Pumped with 160 lpm. Guns fired at 132 bar SPP, perforation interval: 144,5m - 147,5m.
Continued to circulate w/ 160 lpm / 3 bar.
Increased flow rate in steps to 1000 lpm / 10 bar. Observed losses.
Reduced rate to 750 lpm / 6 bar, loss rate 12 m3/hr. Max 0,65% gas during circulation in gas trap.
Circulated 2,5 x B/U, until decreasing gas trend.",Productive/plug & Abandon,
15_9_F_14_2016-09-14,15_9_F_14,14-09-2016,28,20:45,21:00,interruption,wait,ok,NPT - Other,Unspecified Wait,low,"WOC
Meanwhile:
Opened UPR
Flowchecked well for 10 min, static losses 12 m3/hr.",Productive/Monitoring,
15_9_F_15_2008-09-07,15_9_F_15,07-09-2008,12,22:00,23:30,drilling,wait,ok,NPT - Other,Unspecified Wait,low,Waited for production to bleed off pressure in water injector F-4 and F-5 flow lines.,NPT-Other/HSE/Permits,
15_9_F_15_2008-09-08,15_9_F_15,08-09-2008,4,08:45,09:00,drilling,wait,ok,NPT - Other,Unspecified Wait,low,"Entered the water splash zone. To much movement, pulled HPDR out of the water.",NPT - External/Weather,
15_9_F_15_2008-09-08,15_9_F_15,08-09-2008,5,09:00,11:45,drilling,wait,ok,NPT - Other,Unspecified Wait,low,Waited for sea to calm down to be able to run in with HPDR.,NPT - External/Weather,
15_9_F_15_2008-11-23,15_9_F_15,23-11-2008,5,11:15,12:15,drilling,wait,ok,NPT - Other,Unspecified Wait,low,"Left drill floor due to exhaust (CO levels @ 60 ppm), monitor area until clear reading on sensors.",NPT-Other/HSE/Permits,
15_9_F_15_2008-12-04,15_9_F_15,04-12-2008,1,00:00,00:30,plug abandon,wait,ok,NPT - Other,Unspecified Wait,low,Drill crew supplied with stretcher team to carry person from hospital to the hellideck. Meanwhile slowly pumped out of open hole w/2500 LPM.,NPT-Other/HSE/Permits,
15_9_F_15_2008-12-05,15_9_F_15,05-12-2008,21,12:45,13:00,plug abandon,wait,ok,NPT - Other,Unspecified Wait,low,Waited on cement. Meanwhile held toolbox talk for removal of diverter.,Productive/plug & Abandon,
15_9_F_15_2008-12-05,15_9_F_15,05-12-2008,22,13:00,13:30,plug abandon,wait,ok,NPT - Other,Unspecified Wait,low,Waited on cement. Meanwhile prepared for pulling diverter. Removed autoslips from RT. Picked up diverter pullling tool. Prepared diverter inserts.,Productive/plug & Abandon,
15_9_F_15_2008-12-05,15_9_F_15,05-12-2008,23,13:30,15:00,plug abandon,wait,ok,NPT - Other,Unspecified Wait,low,Waited on cement. Meanwhile disengaged diverter overshot mechanical seal. Installed 18 inch and 10 inch inserts in diverter. Engaged pulling tool and pulled diveter.,Productive/plug & Abandon,
15_9_F_15_2008-12-05,15_9_F_15,05-12-2008,24,15:00,16:30,plug abandon,wait,ok,NPT - Other,Unspecified Wait,low,Waited on cement. Meanwhile laid down diverter horizontally.,Productive/plug & Abandon,
15_9_F_15_2008-12-05,15_9_F_15,05-12-2008,25,16:30,18:00,plug abandon,wait,ok,NPT - Other,Unspecified Wait,low,Waited on cement. Meanwhile changed primary seal in diverter overshot.,Productive/plug & Abandon,
15_9_F_15_2008-12-05,15_9_F_15,05-12-2008,26,18:00,22:00,plug abandon,wait,ok,NPT - Other,Unspecified Wait,low,Changed primary seal in diverter overshot. Meanwhile waited on cement.,Productive/plug & Abandon,
15_9_F_15_2008-12-10,15_9_F_15,10-12-2008,2,00:15,04:30,plug abandon,wait,ok,NPT - Other,Unspecified Wait,low,"Waited on cement to set up. Meanwhile tested FOSV. Re-arranged stands of 9 5/8"" casing racked back in derrick. Moved stands to aft setback area, doped box end of stands.",Productive/plug & Abandon,
15_9_F_15_C_2009-01-29,15_9_F_15_C,29-01-2009,10,14:30,15:30,drilling,wait,ok,NPT - Other,Unspecified Wait,low,"Waited on production to shut in and bleed off wells F-14, F-4 and F-5.",NPT-Other/HSE/Permits,
15_9_F_15_D_2013-11-27,15_9_F_15_D,27-11-2013,7,06:30,07:30,interruption,wait,ok,NPT - Other,Unspecified Wait,low,"POOH with 5 1/2"" HWDP landing string and RT from 140 m to surface.",Productive/BOP/Wellhead,
15_9_F_15_D_2013-11-27,15_9_F_15_D,27-11-2013,8,07:30,08:00,interruption,wait,ok,NPT - Other,Unspecified Wait,low,Removed seal assembly from PADPRT and L/O same. No damage on seal assembly. Cleaned rig floor.,Productive/BOP/Wellhead,
15_9_F_15_D_2013-11-27,15_9_F_15_D,27-11-2013,9,08:00,08:15,interruption,wait,ok,NPT - Other,Unspecified Wait,low,M/U jetting sub assembly and RIH from surface to 40 m.,Productive/BOP/Wellhead,
15_9_F_15_D_2013-11-27,15_9_F_15_D,27-11-2013,10,08:15,09:00,interruption,wait,ok,NPT - Other,Unspecified Wait,low,P/U and M/U wearbushing and wearbushing running/retrieval tool (WBRRT). RIH from surface to 140 m and landed wearbushing. POOH to surface with running tool.,Productive/BOP/Wellhead,
15_9_F_15_D_2013-11-27,15_9_F_15_D,27-11-2013,11,09:00,09:45,interruption,wait,ok,NPT - Other,Unspecified Wait,low,Layed out WBRRT. Cleaned and cleared rig floor.,Productive/BOP/Wellhead,
15_9_F_15_D_2013-11-27,15_9_F_15_D,27-11-2013,12,09:45,10:45,interruption,wait,ok,NPT - Other,Unspecified Wait,low,P/U BOP isolation test tool (ITT). Changed seals on tool.,Productive/BOP/Wellhead,
15_9_F_15_D_2013-11-27,15_9_F_15_D,27-11-2013,13,10:45,11:15,interruption,wait,ok,NPT - Other,Unspecified Wait,low,RIH w/ test tool. M/U TDS and landed BOP test tool in wellhead as per GE Vetco instructions.,Productive/BOP/Wellhead,
15_9_F_15_D_2013-11-27,15_9_F_15_D,27-11-2013,14,11:15,11:30,interruption,wait,ok,NPT - Other,Unspecified Wait,low,Flushed drill floor manifolds to water.,Productive/BOP/Wellhead,
15_9_F_15_D_2013-11-27,15_9_F_15_D,27-11-2013,15,11:30,11:45,interruption,wait,ok,NPT - Other,Unspecified Wait,low,Attempted to test BOP. Observed fluid coming up string.,NPT - Downhole Equipment/Failure,
15_9_F_15_D_2013-11-27,15_9_F_15_D,27-11-2013,16,11:45,13:00,interruption,wait,ok,NPT - Other,Unspecified Wait,low,Released test tool and POOH. Inspected and L/D same.,NPT - Downhole Equipment/Failure,
15_9_F_15_D_2013-11-27,15_9_F_15_D,27-11-2013,17,13:00,14:15,interruption,wait,ok,NPT - Other,Unspecified Wait,low,"P/U WBRRT, RIH and pulled wearbushing w/ 40 t overpull. Jetted WH area with 1800 l/min, 17 bar.
POOH from 140 m to surface.",NPT - Downhole Equipment/Failure,
15_9_F_15_D_2013-11-27,15_9_F_15_D,27-11-2013,18,14:15,15:15,interruption,wait,ok,NPT - Other,Unspecified Wait,low,"Attempted to release wearbushing from RT, no success. Layed out in one piece.",NPT - Downhole Equipment/Failure,
15_9_F_15_D_2013-11-27,15_9_F_15_D,27-11-2013,19,15:15,16:30,interruption,wait,ok,NPT - Other,Unspecified Wait,low,"P/U PADPRT, installed seal assembly. RIH and landed tool at 140 m in 10 3/4"" hanger.",NPT - Downhole Equipment/Failure,
15_9_F_15_D_2013-12-09,15_9_F_15_D,09-12-2013,5,04:30,06:00,interruption,wait,ok,NPT - Other,Unspecified Wait,low,"Waited on cement.
Performed general rig service.",Productive/ Casing/Cementing,
15_9_F_15_D_2013-12-09,15_9_F_15_D,09-12-2013,6,06:00,09:45,interruption,wait,ok,NPT - Other,Unspecified Wait,low,"Waited on cement.
Performed preventive maintenance on drill floor equipment.",Productive/ Casing/Cementing,
15_9_F_15_D_2014-01-07,15_9_F_15_D,07-01-2014,1,00:00,00:15,interruption,wait,ok,NPT - Other,Unspecified Wait,low,"Well handed over to Production at 00:00 hrs.
Meanwhile continued instrumentation work on XMT",Productive/Completion,
15_9_F_15_D_2014-01-07,15_9_F_15_D,07-01-2014,2,00:15,06:00,interruption,wait,ok,NPT - Other,Unspecified Wait,low,"Production performing commisioning of XMT.
Meanwhile finalized rigup for testing with cement unit and performed maintenance.",NPT-Other/HSE/Permits,
15_9_F_15_D_2014-01-07,15_9_F_15_D,07-01-2014,3,06:00,14:45,interruption,wait,ok,NPT - Other,Unspecified Wait,low,"Production performing commisioning of XMT.
Meanwhile spotted WL BOP in moonpool and brought WL equipment to rig floor. Built riser and lubrictaor sections for WL.",NPT-Other/HSE/Permits,
15_9_F_15_D_2016-07-18,15_9_F_15_D,18-07-2016,14,08:00,09:00,interruption,wait,ok,NPT - Other,Unspecified Wait,low,"Discussed situation with land organization
Meanwhile: Prepared 9 1/2"" Taper mill",NPT- Other/ Unclassified,
15_9_F_15_D_2016-07-27,15_9_F_15_D,27-07-2016,15,11:00,11:45,interruption,wait,ok,NPT - Other,Unspecified Wait,low,"WOC
Meanwhile: P/U Wellbore fishing assembly. B/O and L/O XO and jetting sub.",Productive/plug & Abandon,
15_9_F_15_D_2016-07-27,15_9_F_15_D,27-07-2016,16,11:45,12:15,interruption,wait,ok,NPT - Other,Unspecified Wait,low,"WOC
Meanwhile:
Function tested shear ram.
RIH with jetting sub, spaced out and function tested all BOP rams.
M/U to TDS and jetted BOP 3 x passes.
POOH with jet sub.",Productive/plug & Abandon,
15_9_F_15_D_2016-07-27,15_9_F_15_D,27-07-2016,17,12:15,19:00,interruption,wait,ok,NPT - Other,Unspecified Wait,low,"WOC
Meanwhile:
Isolated drilling equipment and performed maintenance.
Pressure tested AFT PRS Hyd hoses.
Performed PMs and inspections on FWD PRS
Performed PMs on TDS traveling equipment
Prepared equipment for changing out PRS wires.",Productive/plug & Abandon,
15_9_F_15_D_2016-07-27,15_9_F_15_D,27-07-2016,18,19:00,00:00,interruption,wait,ok,NPT - Other,Unspecified Wait,low,"WOC
Meanwhile:
Continued performing rig maintenance.
Performed PMs and inspections on FWD PRS.
Performed PMs on foxhole.
Megger tested TDS from switch board room.
Removed pop off on stand pipe manifold and pressure tested stand pipe drag chain hoses to 520 bar.
Prepared for N/D diverter and BOP",Productive/plug & Abandon,
15_9_F_15_D_2016-07-28,15_9_F_15_D,28-07-2016,1,00:00,00:15,interruption,wait,ok,NPT - Other,Unspecified Wait,low,Continued performing rig maintenance.,Productive/plug & Abandon,
15_9_F_15_D_2016-07-28,15_9_F_15_D,28-07-2016,4,00:45,02:30,interruption,wait,ok,NPT - Other,Unspecified Wait,low,"WOC for 2 hours.
Meanwhile: Performed drops inspection on FWD PRS and performed PMs.",Productive/plug & Abandon,
15_9_F_1_B_2013-09-28,15_9_F_1_B,28-09-2013,11,23:15,00:00,interruption,wait,ok,NPT - Other,Unspecified Wait,low,"Performed housekeeping and maintenance on drill floor. 
Worked with termination and test of control lines for DHSV and DHPG.",Productive/Completion,
15_9_F_1_B_2013-10-06,15_9_F_1_B,06-10-2013,1,00:00,07:00,interruption,wait,ok,NPT - Other,Unspecified Wait,low,"Waited on new seal rings for perforation toolstring.

Meanwhile performed general rig maintenance.
Prepared BOP for pressure testing.
Performed pressure testing of standpipe manifold and BOP.",NPT - External/Materials/Logistics,
15_9_F_1_B_2014-02-20,15_9_F_1_B,20-02-2014,30,21:00,21:15,interruption,wait,ok,NPT - Other,Unspecified Wait,low,"WOC.
Performed pre-job meeting prior to M/U 17 1/2"" drilling assembly.",Productive/ Casing/Cementing,
15_9_F_1_B_2014-02-20,15_9_F_1_B,20-02-2014,31,21:15,22:30,interruption,wait,ok,NPT - Other,Unspecified Wait,low,"WOC.
M/U 17 1/2"" drilling assembly to 23 m.",Productive/ Casing/Cementing,
15_9_F_1_B_2014-02-20,15_9_F_1_B,20-02-2014,32,22:30,23:45,interruption,wait,ok,NPT - Other,Unspecified Wait,low,"WOC.
Pulled back to 15 m. Plugged into MWD and uploaded MWD.",Productive/ Casing/Cementing,
15_9_F_1_B_2014-02-20,15_9_F_1_B,20-02-2014,33,23:45,00:00,interruption,wait,ok,NPT - Other,Unspecified Wait,low,"WOC.
M/U 17 1/2"" drilling assembly to 62 m.",Productive/ Casing/Cementing,
15_9_F_1_B_2014-02-21,15_9_F_1_B,21-02-2014,1,00:00,01:30,interruption,wait,ok,NPT - Other,Unspecified Wait,low,"WOC.
M/U 17 1/2"" drilling assembly to 109 m.",Productive/ Casing/Cementing,
15_9_F_1_B_2014-02-21,15_9_F_1_B,21-02-2014,2,01:30,01:45,interruption,wait,ok,NPT - Other,Unspecified Wait,low,"WOC.
Removed master bushing and installed auto slips in rotary.",Productive/ Casing/Cementing,
15_9_F_1_B_2014-02-21,15_9_F_1_B,21-02-2014,3,01:45,02:00,interruption,wait,ok,NPT - Other,Unspecified Wait,low,"WOC.
Continued to M/U 17 1/2"" drilling assembly to 231 m.",Productive/ Casing/Cementing,
15_9_F_1_B_2014-02-21,15_9_F_1_B,21-02-2014,4,02:00,03:30,interruption,wait,ok,NPT - Other,Unspecified Wait,low,"WOC.
RIH 17 1/2"" drilling assembly on 5 1/2"" DP from 231 m to 1200 m.
Filled string @ 700 and 1200 m.",Productive/ Casing/Cementing,
15_9_F_1_B_2014-02-21,15_9_F_1_B,21-02-2014,5,03:30,05:15,interruption,wait,ok,NPT - Other,Unspecified Wait,low,"WOC. 
Prepared to P/U and M/U casing.
Changed damaged hose on PRS.",Productive/ Casing/Cementing,
15_9_F_1_B_2014-02-21,15_9_F_1_B,21-02-2014,6,05:15,06:00,interruption,wait,ok,NPT - Other,Unspecified Wait,low,"WOC.
Started to wash down from 1200 m to 1270 m with 2000 lpm, 66 bar.",Productive/ Casing/Cementing,
15_9_F_1_B_2014-02-21,15_9_F_1_B,21-02-2014,7,06:00,06:30,interruption,wait,ok,NPT - Other,Unspecified Wait,low,"WOC.
Continued to wash down from 1270 m with 2000 lpm, 66 bar, tagged cement at 1293 m with 6 ton.",Productive/ Casing/Cementing,
15_9_F_1_B_2014-02-21,15_9_F_1_B,21-02-2014,8,06:30,07:30,interruption,wait,ok,NPT - Other,Unspecified Wait,low,"WOC.
Drill/clean out soft cement from 1293 m to 1302 m with 3500 lpm, 198 bar, 60 rpm, 4-7 kNm.",Productive/ Casing/Cementing,
15_9_F_1_B_2014-02-21,15_9_F_1_B,21-02-2014,9,07:30,09:45,interruption,wait,ok,NPT - Other,Unspecified Wait,low,"WOC.
Circulated btm's up and clean. Started to wait on cement.",Productive/ Casing/Cementing,
15_9_F_1_B_2014-02-21,15_9_F_1_B,21-02-2014,10,09:45,10:00,interruption,wait,ok,NPT - Other,Unspecified Wait,low,"WOC.
B/O TDS and R/B stand to 1282 m.",Productive/ Casing/Cementing,
15_9_F_1_B_2014-02-21,15_9_F_1_B,21-02-2014,11,10:00,10:30,interruption,wait,ok,NPT - Other,Unspecified Wait,low,"WOC.
Flow checked well for 30 min. Well static.",Productive/ Casing/Cementing,
15_9_F_1_B_2014-02-21,15_9_F_1_B,21-02-2014,12,10:30,13:00,interruption,wait,ok,NPT - Other,Unspecified Wait,low,"WOC.
Closed BOP. Monitored well on choke gauge and trip tank.
M/U 13 3/8"" casing and set same back in derrick.
Replaced BOP control system PSVs.",Productive/ Casing/Cementing,
15_9_F_1_C_2014-03-09,15_9_F_1_C,09-03-2014,3,01:00,07:00,interruption,wait,ok,NPT - Other,Unspecified Wait,low,"WOC to bullhead B-annulus to brine.

Meanwhile R/D casing running equipment and performed maintenance on drilling equipment.",Productive/ Casing/Cementing,
15_9_F_1_C_2014-03-25,15_9_F_1_C,25-03-2014,23,19:45,20:00,interruption,wait,ok,NPT - Other,Unspecified Wait,low,Deck crew on helideck.,NPT - External/Materials/Logistics,
15_9_F_1_C_2014-11-29,15_9_F_1_C,29-11-2014,3,01:30,02:00,interruption,wait,ok,NPT - Other,Unspecified Wait,low,Drilling had som issues with elevator. Fixed prior to start building lubricator.,NPT - Surface Equipment/Repair/Maintenance,
15_9_F_1_C_2014-11-29,15_9_F_1_C,29-11-2014,8,07:15,07:45,interruption,wait,ok,NPT - Other,Unspecified Wait,low,Waited on production for pumping MEG for equalizing pressure above DHSV.,NPT-Other/HSE/Permits,
15_9_F_1_C_2014-12-03,15_9_F_1_C,03-12-2014,15,14:20,14:45,interruption,wait,ok,NPT - Other,Unspecified Wait,low,Waited on production department for measuring benzene.,NPT-Other/HSE/Permits,
15_9_F_1_C_2014-12-06,15_9_F_1_C,06-12-2014,8,19:25,20:45,interruption,wait,ok,NPT - Other,Unspecified Wait,low,Waited for crane.,NPT - External/Materials/Logistics,
15_9_F_1_C_2016-07-05,15_9_F_1_C,05-07-2016,4,06:00,11:15,interruption,wait,ok,NPT - Other,Unspecified Wait,low,"WOC, meanwhile worked on Wellbore assemblies, prepared for the next run. Performed rig floor inspection and maintenance",Productive/plug & Abandon,
15_9_F_4_2007-10-26,15_9_F_4,26-10-2007,6,12:00,00:00,drilling,wait,ok,NPT - Other,Unspecified Wait,low,"Waiting on Siemens software update. Meanwhile: 

- Flow checked well before POOH (static).
- POOH from 1750 m to 1530 m. Up weight 140 MT / Down weight 124 MT. Monitored well on trip tank at 1530 m. Ok.
- POOH from 1530 to inside csg shoe at 1340 m MD.
- Continued with PMs and housekeeping/cleaning.
- Continued injecting cuttings into F-12 and flushed with 2 x annulus volumes of water.
- Repaired Barite hopper B.",NPT-Other/HSE/Permits,
15_9_F_4_2007-10-27,15_9_F_4,27-10-2007,1,00:00,00:30,drilling,wait,ok,NPT - Other,Unspecified Wait,low,Waiting on Siemens software update.,NPT-Other/HSE/Permits,
15_9_F_4_2007-10-27,15_9_F_4,27-10-2007,2,00:30,03:30,drilling,wait,ok,NPT - Other,Unspecified Wait,low,"Removed TIW valve. RIH with 12 1/4"" drilling BHA from 1340 m to 1706 m MD. Made up TDS and washed down from 1706 m to 1750 m MD with 2500 lpm / 98 bar. Took up/down weight 143/121 MT.",NPT-Other/HSE/Permits,
15_9_F_4_2008-02-17,15_9_F_4,17-02-2008,11,10:00,10:15,drilling,wait,ok,NPT - Other,Unspecified Wait,low,General muster alarm. Crews mustered according to list. Non critical alarm.,NPT-Other/HSE/Permits,
15_9_F_4_2008-03-18,15_9_F_4,18-03-2008,3,06:00,07:00,interruption,wait,ok,NPT - Other,Unspecified Wait,low,Continued waiting due to exhaust fumes blowing into the rig floor.,NPT-Other/HSE/Permits,
15_9_F_4_2008-03-18,15_9_F_4,18-03-2008,6,11:15,15:45,interruption,wait,ok,NPT - Other,Unspecified Wait,low,"Shut down operation due to exhaust fumes blowing into the rig floor. Meanwhile held tool box talk prior to installation of the GTV plug. 
Meanwhile continued making up the flow line at WH for F-7. Prepared for nippling of BOP.",NPT-Other/HSE/Permits,
15_9_F_4_2008-03-18,15_9_F_4,18-03-2008,10,17:15,20:30,interruption,wait,ok,NPT - Other,Unspecified Wait,low,Shut down operation due to exhaust fumes blowing into the rig floor.,NPT-Other/HSE/Permits,
15_9_F_4_2008-03-18,15_9_F_4,18-03-2008,12,21:00,21:30,interruption,wait,ok,NPT - Other,Unspecified Wait,low,Shut down operation due to exhaust fumes blowing into the rig floor.,NPT-Other/HSE/Permits,
15_9_F_4_2008-03-18,15_9_F_4,18-03-2008,14,23:45,00:00,interruption,wait,ok,NPT - Other,Unspecified Wait,low,Shut down operation due to exhaust fumes blowing into the rig floor.,NPT-Other/HSE/Permits,
15_9_F_4_2008-03-19,15_9_F_4,19-03-2008,1,00:00,01:45,interruption,wait,ok,NPT - Other,Unspecified Wait,low,Shut down operation due to exhaust fumes blowing into the rig floor.,NPT-Other/HSE/Permits,
15_9_F_4_2008-03-19,15_9_F_4,19-03-2008,17,12:45,13:15,interruption,wait,ok,NPT - Other,Unspecified Wait,low,Operation suspended due to exhaust fumes blowing into the rig floor.,NPT-Other/HSE/Permits,
15_9_F_4_2008-03-19,15_9_F_4,19-03-2008,19,14:00,16:45,interruption,wait,ok,NPT - Other,Unspecified Wait,low,Operation suspended due to exhaust fumes blowing into the rig floor.,NPT-Other/HSE/Permits,
15_9_F_4_2008-03-19,15_9_F_4,19-03-2008,21,18:00,00:00,interruption,wait,ok,NPT - Other,Unspecified Wait,low,"Operation suspended due to exhaust fumes blowing into the rig floor. Meanwhile cleaned the moon pool, pit room and pump room.",NPT-Other/HSE/Permits,
15_9_F_4_2008-03-20,15_9_F_4,20-03-2008,1,00:00,06:00,interruption,wait,ok,NPT - Other,Unspecified Wait,low,"Operation suspended due to exhaust fumes blowing into the rig floor. Meanwhile cleaned the moon pool, pit room and pump room.",NPT-Other/HSE/Permits,
15_9_F_4_2008-03-20,15_9_F_4,20-03-2008,2,06:00,15:45,interruption,wait,ok,NPT - Other,Unspecified Wait,low,"Operation suspended due to exhaust fumes blowing into the rig floor. Meanwhile cleaned the moon pool, pit room, pump room and general maintenance.",NPT-Other/HSE/Permits,
15_9_F_4_2008-03-29,15_9_F_4,29-03-2008,2,01:30,02:30,drilling,wait,ok,NPT - Other,Unspecified Wait,low,"Due to findings made by production department, halted operation for inspection in wellhead area. A support bracket on the F-12 flowline/piping was found to be ripped off. MÃ¦rsk rig management decided not to start production due to the circumstances. Further investigation/assessment needed before starting production.",NPT-Other/HSE/Permits,
15_9_F_4_2008-04-13,15_9_F_4,13-04-2008,8,13:15,14:00,interruption,wait,ok,NPT - Other,Unspecified Wait,low,Waited on production  to shut in well. Meanwhile removed 2 HP hoses connected to WH.,NPT-Other/HSE/Permits,
15_9_F_4_2008-04-14,15_9_F_4,14-04-2008,11,15:30,16:15,interruption,wait,ok,NPT - Other,Unspecified Wait,low,Waited on production to shut in well.,NPT-Other/HSE/Permits,
15_9_F_4_2008-04-15,15_9_F_4,15-04-2008,1,00:00,02:45,interruption,wait,ok,NPT - Other,Unspecified Wait,low,Postphoned XMT tests to assist production to start up F-12. Lined up from CMT onto F-12 kill valve. Lined up over choke manifold to equalize above TRSCSSV. Tested lines. Equalized TRSCSSV and opened same. Started production from F-12.,NPT-Other/HSE/Permits,
15_9_F_4_2008-04-15,15_9_F_4,15-04-2008,4,07:30,08:15,interruption,wait,ok,NPT - Other,Unspecified Wait,low,Exhaust fumes in well head area. Abandoned WH. Shud down on of the gas turbines to reduce exhaust fumes.,NPT-Other/HSE/Permits,
15_9_F_4_2008-04-16,15_9_F_4,16-04-2008,3,04:00,06:00,interruption,wait,ok,NPT - Other,Unspecified Wait,low,"Commisioned XMT.

Meanwhile worked on varco bolts on AFT PRS and installed tension cylinders on F-14.",Productive/Completion,
15_9_F_4_2008-04-16,15_9_F_4,16-04-2008,5,12:00,12:45,interruption,wait,ok,NPT - Other,Unspecified Wait,low,Waited on production to restart after production shut-down.,NPT-Other/HSE/Permits,
15_9_F_4_2012-09-13,15_9_F_4,13-09-2012,1,00:00,06:00,interruption,wait,ok,NPT - Other,Unspecified Wait,low,"Waited on Mearsk electrician, prior to hook up all wireline units. Electrician busy with other jobs.
Meanwhile lifted BOP down to BOP deck through hatch on drill floor and prepared wireline equipment.",NPT - External/Materials/Logistics,
15_9_F_4_2012-09-13,15_9_F_4,13-09-2012,2,06:00,09:00,interruption,wait,ok,NPT - Other,Unspecified Wait,low,"Waited on Mearsk electrician, prior to hook up all wireline units. Electrician busy with other jobs.
Meanwhile prepared wireline equipment.",NPT - External/Materials/Logistics,
15_9_F_4_2012-09-13,15_9_F_4,13-09-2012,6,17:00,21:00,interruption,wait,ok,NPT - Other,Unspecified Wait,low,"Waited for Production Department to prepare well for handover. Meanwhile built cable head and megged same. Tried to connect logging unit to internet, no success.",NPT-Other/HSE/Permits,
15_9_F_4_2012-09-13,15_9_F_4,13-09-2012,7,21:00,21:30,interruption,wait,ok,NPT - Other,Unspecified Wait,low,Waited for Production Department to prepare well for handover. Meanwhile held start up meeting with night crew.,NPT-Other/HSE/Permits,
15_9_F_4_2012-09-13,15_9_F_4,13-09-2012,8,21:30,00:00,interruption,wait,ok,NPT - Other,Unspecified Wait,low,Waited for Production Department to prepare well for handover. Meanwhile tested counter system and RST tool.,NPT-Other/HSE/Permits,
15_9_F_4_2012-09-14,15_9_F_4,14-09-2012,1,00:00,06:00,interruption,wait,ok,NPT - Other,Unspecified Wait,low,Waited for Production Department to prepare well for handover. Meanwhile tested RST tool.,NPT-Other/HSE/Permits,
15_9_F_4_2012-09-14,15_9_F_4,14-09-2012,2,06:00,10:30,interruption,wait,ok,NPT - Other,Unspecified Wait,low,Waited for Production Department to prepare well for handover. Meanwhile tested RST tool.,NPT-Other/HSE/Permits,
15_9_F_4_2016-10-07,15_9_F_4,07-10-2016,2,02:00,02:30,interruption,wait,ok,NPT - Other,Unspecified Wait,low,"Waited for cement, total of 2 hours from 1st tagging attempt",Productive/ Casing/Cementing,
15_9_F_5_2008-07-11,15_9_F_5,11-07-2008,2,19:45,21:15,interruption,wait,ok,NPT - Other,Unspecified Wait,low,"Continued skidding cantiliver from F-14 to F-5. 
Meanwhile performed line test against KWV on F-14 30/345 bar 5/10 min. Equalized and opened HMV and DHSV by pressuring up to 67 bar using baseoil and cmt unit according to F-14 initial start up procedure.",Rig Move / Mobilization,
15_9_F_5_2008-07-12,15_9_F_5,12-07-2008,3,01:30,02:15,interruption,wait,ok,NPT - Other,Unspecified Wait,low,Equalized and opened HMV and DHSV by pressuring up to 63 bar using baseoil and cmt unit to start up on F-14 after shut-down.,NPT-Other/HSE/Permits,
15_9_F_5_2008-07-12,15_9_F_5,12-07-2008,8,10:00,13:00,interruption,wait,ok,NPT - Other,Unspecified Wait,low,"Waited on production to bean up F-14. 

Meanwhile:
- lifted tension cylinders for F-9 to rig floor and placed them next to riser spider for easy acess when lifting them down to WH.
- pressure tested standpipe manifolds
- PU and MU drill collars from deck.",NPT-Other/HSE/Permits,
15_9_F_5_2008-07-12,15_9_F_5,12-07-2008,9,13:00,14:45,interruption,wait,ok,NPT - Other,Unspecified Wait,low,"Waited on production to stop production on F-14 and F-12 for heavy lift. 

Meanwhile continued PU and MU drill collars from deck and pressure testing standpipe manifolds.",NPT-Other/HSE/Permits,
15_9_F_5_2008-07-13,15_9_F_5,13-07-2008,9,19:15,20:00,interruption,wait,ok,NPT - Other,Unspecified Wait,low,"Waited for production operator to transfer weight from HPDR to tension cylinders.

Meanwhile carried out housekeeping on centralizer deck.",NPT-Other/HSE/Permits,
15_9_F_5_2008-07-15,15_9_F_5,15-07-2008,3,05:45,06:00,interruption,wait,ok,NPT - Other,Unspecified Wait,low,Rig shut down. Waiting on production to free electrican to re-set drill floor equipment.,NPT-Other/HSE/Permits,
15_9_F_5_2008-07-15,15_9_F_5,15-07-2008,4,06:00,07:00,interruption,wait,ok,NPT - Other,Unspecified Wait,low,Waiting on production to free electrican to re-set drill floor equipment.,NPT-Other/HSE/Permits,
15_9_F_5_2008-07-15,15_9_F_5,15-07-2008,6,07:45,08:00,interruption,wait,ok,NPT - Other,Unspecified Wait,low,Held tool box meeting prior to equalizing and opening HMV on F-14.,NPT-Other/HSE/Permits,
15_9_F_5_2008-10-06,15_9_F_5,06-10-2008,1,20:15,20:16,interruption,wait,ok,NPT - Other,Unspecified Wait,low,"Top section of fwd PRS moved forward (along top-most track) until drive section released/broke off and fell over to the side, resting against the upper part of the derrick at midnight the 1. October on F-15S. 
F-5 frac job will be performed partly in parallell with MÃ¦rsk sorting out the situation with the fwd PRS.",NPT - Surface Equipment/Repair/Maintenance,Major structural failure of the pipe racker. Serious HSE incident: a heavy dropped-object event in the derrick. The F-5 frac job continued in parallel
15_9_F_5_2015-11-03,15_9_F_5,03-11-2015,3,22:00,00:00,interruption,wait,ok,NPT - Other,Unspecified Wait,low,"Had to wait for rigging on XMT due to leak in header valve on water injection line.
Meanwhile rigged up new add-on drum and changed to wireline hatch.",NPT-Other/HSE/Permits,
15_9_F_5_2015-11-04,15_9_F_5,04-11-2015,1,00:00,01:30,interruption,wait,ok,NPT - Other,Unspecified Wait,low,"Waited on production department to isolate injection line.
Meanwhile rigged up new add on drum.",NPT-Other/HSE/Permits,
15_9_F_5_2015-11-04,15_9_F_5,04-11-2015,11,12:40,13:00,interruption,wait,ok,NPT - Other,Unspecified Wait,low,Waited on Production for pumping and equalizing pressure over DHSV.,NPT-Other/HSE/Permits,
15_9_F_5_2016-08-30,15_9_F_5,30-08-2016,20,22:30,00:00,interruption,wait,ok,NPT - Other,Unspecified Wait,low,"WOC
Closed SV and bled off pressure in cement spool to closed drain.
Meanwhile: Monitored pressure in XT cross from control room.",Productive/plug & Abandon,
15_9_F_5_2016-08-31,15_9_F_5,31-08-2016,1,00:00,01:00,interruption,wait,ok,NPT - Other,Unspecified Wait,low,"WOC
Inspected and prepared BOP for pressure testing.
Meanwhile: Monitored pressure in XT cross from control room. Bled off pressure in XT cross from 133 bar to 96 bar.",Productive/plug & Abandon,
15_9_F_5_2016-08-31,15_9_F_5,31-08-2016,2,01:00,02:00,interruption,wait,ok,NPT - Other,Unspecified Wait,low,"WOC
Continued inspection of BOP. Prepared for pressure testing BOP and manifold. Unable to achieve pressure test of cement unit.
Meanwhile: Monitored pressure in XT cross from control room. Bled off pressure in XT cross from 133 bar to 96 bar. Started to change out PRS wires.",Productive/plug & Abandon,
15_9_F_5_2016-08-31,15_9_F_5,31-08-2016,3,02:00,04:00,interruption,wait,ok,NPT - Other,Unspecified Wait,low,"WOC
N/U NT2 connector on BOP. Troubleshot leak on cement unit.
Meanwhile: Monitored pressure in XT cross from control room. Bled off pressure in XT cross from 137 bar to 96 bar. Continued changing PRS wires.",Productive/plug & Abandon,
15_9_F_5_2016-08-31,15_9_F_5,31-08-2016,4,04:00,06:00,interruption,wait,ok,NPT - Other,Unspecified Wait,low,"WOC
Prepared BOP test mandrel. Performed TBT for BOP test.
Started BOP test. Pressure tested kill manifold to 20/345 bar for 5/10 min.
Lined up and flushed BOP.
Meanwhile: Monitored pressure in XT cross from control room. Bled off pressure in XT cross from 136 bar to 96 bar",Productive/plug & Abandon,
15_9_F_5_2016-08-31,15_9_F_5,31-08-2016,5,06:00,07:00,interruption,wait,ok,NPT - Other,Unspecified Wait,low,"WOC
Pressure tested LPR to 20/345 bar for 5/10 min with SW.",Productive/plug & Abandon,
15_9_F_5_2016-08-31,15_9_F_5,31-08-2016,6,07:00,09:00,interruption,wait,ok,NPT - Other,Unspecified Wait,low,"WOC
Performed TBT for pressure testing BOP with onging crew.
Continued BOP test.",Productive/plug & Abandon,
15_9_F_5_2016-09-08,15_9_F_5,08-09-2016,35,22:00,00:00,interruption,wait,ok,NPT - Other,Unspecified Wait,low,"WOC
Meanwhile: Serviced TDS. Removed casing tong for pulling 7"" tubing. Installed casing tong for pulling 10 3/4"" casing in fox hole.",Productive/plug & Abandon,
15_9_F_5_2016-09-09,15_9_F_5,09-09-2016,1,00:00,06:30,interruption,wait,ok,NPT - Other,Unspecified Wait,low,"WOC
Meanwhile:
- Continued working on TDS, aligned saver sub.
- Changed hydraulic hose on TDS retract system
- Inspected saver sub
- Prepared and measured upcoming BHAs
- Bled off B-annulus. 2 bar trapped, bled off all pressure
- Performed PMs
- Performed housekeeping at WH deck",Productive/plug & Abandon,
15_9_F_5_2016-09-09,15_9_F_5,09-09-2016,7,09:45,11:30,interruption,wait,ok,NPT - Other,Unspecified Wait,low,WOC while circulating at 500 lpm / 10 bar.,Productive/plug & Abandon,
15_9_F_9_2007-12-01,15_9_F_9,01-12-2007,7,06:00,07:00,drilling,wait,ok,NPT - Other,Unspecified Wait,low,Waited for visiblity to improve for engaging hotstab.,NPT - External/Weather,
15_9_F_9_2007-12-13,15_9_F_9,13-12-2007,4,06:00,10:00,drilling,wait,ok,NPT - Other,Unspecified Wait,low,"Waited on daylight for close standby to be able to remove scaffolding below centralizer deck in WH module.

Meanwhile performed torque test on TDS and serviced equipment on drillfloor.",NPT-Other/HSE/Permits,
15_9_F_9_2008-09-01,15_9_F_9,01-09-2008,18,19:30,20:00,interruption,wait,ok,NPT - Other,Unspecified Wait,low,Performed well control drill. Focused on how to set off the deluge system on rig floor and in cantiliver.,Productive/Drilling,
15_9_F_9_2009-06-29,15_9_F_9,29-06-2009,7,06:00,07:00,plug abandon,wait,ok,NPT - Other,Unspecified Wait,low,"Changed handling equipment and picked up 12-1/4"" mill assembly and ran in hole to 7m.",Productive/plug & Abandon,
15_9_F_9_2009-06-29,15_9_F_9,29-06-2009,8,07:00,07:15,plug abandon,wait,ok,NPT - Other,Unspecified Wait,low,"Tool box talk with new crew prior to running 12-1/4"" mill assembly",Productive/plug & Abandon,
15_9_F_9_2009-06-29,15_9_F_9,29-06-2009,9,07:15,10:00,plug abandon,wait,ok,NPT - Other,Unspecified Wait,low,"Continued to make 12-1/4"" millling BHA. - changed out master bushing to PS-21 slips",Productive/plug & Abandon,
15_9_F_9_2009-06-29,15_9_F_9,29-06-2009,10,10:00,10:45,plug abandon,wait,ok,NPT - Other,Unspecified Wait,low,Ran in to 480 m and observed no obstructions while running in.,Productive/plug & Abandon,
15_9_F_9_2009-06-29,15_9_F_9,29-06-2009,11,10:45,11:30,plug abandon,wait,ok,NPT - Other,Unspecified Wait,low,Pulled out of hole from 480 m to 131 m - broke circulation and observed clean returns.,Productive/plug & Abandon,
15_9_F_9_2009-06-29,15_9_F_9,29-06-2009,12,11:30,13:30,plug abandon,wait,ok,NPT - Other,Unspecified Wait,low,"Changed PS-21 slips to master bushing- laid out and rack milling BHA.
Note: Cement fully set up at 13:30 hrs",Productive/plug & Abandon,
15_9_F_9_A_2015-01-28,15_9_F_9_A,28-01-2015,6,02:45,03:00,interruption,wait,ok,NPT - Other,Unspecified Wait,low,Stop in operation due to call from Production dept regarding possible leak on well F-14. Waited until Production dept verified no leak.,NPT-Other/HSE/Permits,
15_9_F_9_A_2015-01-29,15_9_F_9_A,29-01-2015,8,11:00,15:30,interruption,wait,ok,NPT - Other,Unspecified Wait,low,"Secured drillfloor. Stop in operation due to crew change.
Meanwhile observed missing armor on ESP cable pulled out of hole.",NPT - External/Materials/Logistics,
15_9_F_9_A_2015-02-04,15_9_F_9_A,04-02-2015,18,15:00,15:15,interruption,wait,ok,NPT - Other,Unspecified Wait,low,Stopped operation on drill floor due to exhaust fumes. Production switched over to generators and turned off turbines.,NPT-Other/HSE/Permits,
15_9_19_B_1997-11-21,15_9_19_B,21-11-1997,1,00:00,06:00,interruption,waiting on weather,fail,NPT - External,Weather,high,"CONTINUED WAITING ON WEATHER DUE TO HIGH WIND, 20-30 M/S RIG HEAVE 4,9-7,9 M.",,
15_9_19_BT2_1998-02-04,15_9_19_BT2,04-02-1998,1,00:00,03:30,interruption,waiting on weather,ok,NPT - External,Weather,high,"CONTINUED WAIT ON WEATHER; 0100 HRS: 14 M/S  DIRECTION 340, 4-6 M WAVE                            0200 HRS; 15 M/S  DIRECTION 340, 4-6 M WAVE                            0300 HRS; 16 M/S  DIRECTION 340, 4-6 M WAVE",,
15_9_19_A_1997-10-17,15_9_19_A,17-10-1997,4,06:00,06:30,workover,wire line,ok,Productive,Workover,high,FINISHED TESTING MDT.,,
15_9_F_11_B_2015-10-28,15_9_F_11_B,28-10-2015,3,01:30,02:00,workover,wire line,ok,Productive,Workover,high,Lifted middle lubricator section and connected same to BOP. Lifted top lubricator.,,
15_9_F_12_2008-02-02,15_9_F_12,02-02-2008,12,17:30,19:45,workover,wire line,ok,Productive,Workover,high,"Opened the WL-BOP Blind Rams, and Shear Blind rams. RIH with the NPR plug GS retrieving tool. At 2950 m weight up/down 730/370 kg HW 670 kg. RIH to 3050 m weight up/down 750/370 kg HW 370 kg. Drifted back to 2963m without no obstruction.",,
15_9_F_14_2010-09-17,15_9_F_14,17-09-2010,11,06:45,07:00,workover,wire line,ok,Productive,Workover,high,RIH with tractor activated to 3200 m.,,
15_9_F_15_C_2013-10-08,15_9_F_15_C,08-10-2013,12,13:30,14:00,workover,wire line,ok,Productive,Workover,high,"Opened DHSV, POOH with drift run to above Xmas tree. Opened KWV.
Commenced bleeding down WHP from 130 - 95 bar to trip tank. Stopped bleed down due to low H2S alarm in trip tank.",,
15_9_F_15_C_2013-10-09,15_9_F_15_C,09-10-2013,8,19:00,20:30,workover,wire line,ok,Productive,Workover,high,"Installed AWS pump in sub on W/L riser, connected hose for returns to trip tank.
SLB built rope socket/cable head and prepared tools on deck for W/L run #3 USIT/CBL.",,
15_9_F_1_C_2014-11-29,15_9_F_1_C,29-11-2014,29,23:45,00:00,workover,wire line,ok,Productive,Workover,high,"Continued to log IC pass from 3660 to 3480 m at 0,5 m/min.",,
15_9_F_1_C_2014-12-02,15_9_F_1_C,02-12-2014,3,10:00,13:00,workover,wire line,ok,Productive,Workover,high,Decision made to POOH with PLT string. POOH from 3459 m to surface while logging X/Y caliper.,,
15_9_F_4_2008-04-20,15_9_F_4,20-04-2008,3,03:00,04:00,workover,wire line,ok,Productive,Workover,high,RIH and latched GS pulling tool into NPR plug at 2649.7 m. Jared down to equalize ports in the plug. Waited 15 min for pressure across plug to equalize. Pressure dropped to 10 bar. Bleed off pressure. Released NPR plug by jaring up once. Got 150 kg increase in string weight. Waited 30 min to allow elements to retract.,,
15_9_F_4_2012-09-15,15_9_F_4,15-09-2012,13,23:30,00:00,workover,wire line,ok,Productive,Workover,high,"Logged RST-D in IC mode pass#3 from 3410 to 3380 m at 0,5 m/min.",,
